en_sentence	target_sentence
People travel long distances to visit religious sites.	لوک مذہبی تھانواں دیکھن کیتے لمبیاں دوریاں طے کریندے نیں۔
Traditional music is important for our heritage.	روایتی موسیقی سادی ورثے کیتے اہم اے۔
Children learn best when they are interested.	بچے بہترین سکھدے نیں جدوں اوہ دلچسپی رکھدے نیں۔
Online shopping has become popular.	آن لائن خریداری مقبول تھی گئی اے۔
Handicrafts showcase artistic traditions.	ہتھکاریاں فنکارانہ روایات دکھیندیاں نیں۔
Traditional music is important for our heritage.	روایتی موسیقی سادی ورثے کیتے اہم اے۔
Teachers shape young minds.	استاد نوجوان ذہناں کوں شکل دیندے نیں۔
People travel long distances to visit religious sites.	لوک مذہبی تھانواں دیکھن کیتے لمبیاں دوریاں طے کریندے نیں۔
After finishing his work, he sat down.	اپنا کم مکمل کرن دے بعد، او بیٹھ گیا۔
Cooking together brings family members closer.	گڈے کھان پکاون خاندان دے ممبراں کوں نیڑے لیندے۔
Smartphones have changed how people communicate.	اسمارٹ فوناں نے لوکاں دے رابطے دے طریقے کوں تبدیل کیتا اے۔
She received a scholarship to study medicine.	اوں طب دی تعلیم کیتے اسکالرشپ حاصل کیتی۔
Spices add flavor to traditional dishes.	مصالحے روایتی کھاناں وچ ذائقہ ودیندے نیں۔
Respecting elders is an important value.	بزرگاں دا احترام ہک اہم قدر اے۔
Farmers wake up early to tend to crops.	کسان فصلاں دی سنبھال کیتے جلدی اٹھدے نیں۔
Pollution in cities has become a serious problem.	شہراں وچ آلودگی ہک سنجیدہ مسئلہ بن گئی اے۔
Train journeys offer scenic views.	ریل دے سفر منظراں دے نظارے پیش کریندے نیں۔
Farmers wake up early to tend to crops.	کسان فصلاں دی سنبھال کیتے جلدی اٹھدے نیں۔
Smartphones have changed how people communicate.	اسمارٹ فوناں نے لوکاں دے رابطے دے طریقے کوں تبدیل کیتا اے۔
Train journeys offer scenic views.	ریل دے سفر منظراں دے نظارے پیش کریندے نیں۔
The bus arrived late.	بس ڈیر نال پہنچی۔
The internet connects people across continents.	انٹرنیٹ براعظماں وچ لوکاں کوں جوڑیندے۔
Storytelling preserves culture and knowledge.	کہانی سناون ثقافت تے علم کوں محفوظ رکھیندے۔
The professor wrote equations on the blackboard.	پروفیسر تختے تے مساوات لکھیاں۔
Handicrafts showcase artistic traditions.	ہتھکاریاں فنکارانہ روایات دکھیندیاں نیں۔
Education opens doors to opportunities.	تعلیم موقعاں دے دروازے کولیندی اے۔
Family members support each other during difficult times.	خاندان دے ممبر مشکل وختاں وچ ہک دوجھے دی مدد کریندے نیں۔
Smartphones have changed how people communicate.	اسمارٹ فوناں نے لوکاں دے رابطے دے طریقے کوں تبدیل کیتا اے۔
Digital payments have made transactions faster.	ڈیجیٹل ادائیگیاں معاملات تیز کیتے نیں۔
Pollution in cities has become a serious problem.	شہراں وچ آلودگی ہک سنجیدہ مسئلہ بن گئی اے۔
The school organized a science fair.	سکول نے سائنس میلہ منظم کیتا۔
Family members support each other during difficult times.	خاندان دے ممبر مشکل وختاں وچ ہک دوجھے دی مدد کریندے نیں۔
Tea is served to guests as a gesture of hospitality.	مہماناں کوں مہمان نوازی دی نشانی دے طور تے چاہ پیش کیتی ویندی اے۔
My grandmother told me stories.	میری دادی نے مینوں کہانیاں سنایاں۔
She received a scholarship to study medicine.	اوں طب دی تعلیم کیتے اسکالرشپ حاصل کیتی۔
The professor wrote equations on the blackboard.	پروفیسر تختے تے مساوات لکھیاں۔
The professor wrote equations on the blackboard.	پروفیسر تختے تے مساوات لکھیاں۔
Online shopping has become popular.	آن لائن خریداری مقبول تھی گئی اے۔
Learning a new language requires practice.	نوی زبان سکھن کیتے مشق دی لوڑ اے۔
She cooked delicious biryani for the family.	اوں خاندان کیتے مزیدار بریانی پکائی۔
She walked slowly through the garden.	اوں باغ وچ آہستہ آہستہ ٹردی۔
The school organized a science fair.	سکول نے سائنس میلہ منظم کیتا۔
After finishing his work, he sat down.	اپنا کم مکمل کرن دے بعد، او بیٹھ گیا۔
Children were playing cricket in the street.	بچے سڑک تے کرکٹ کھیڈدے پئے ہن۔
Train journeys offer scenic views.	ریل دے سفر منظراں دے نظارے پیش کریندے نیں۔
Parents sacrifice their own needs for children.	والدین بچیاں کیتے اپنیاں ضرورتاں قربان کریندے نیں۔
Regular exercise helps maintain good health.	منظم ورزش چنگی صحت برقرار رکھن وچ مدد کریندی اے۔
The wedding ceremony lasted three days.	شادی دی تقریب ترئے دینہہ چلی۔
Sports teach teamwork and discipline.	کھیڈاں ٹیم ورک تے نظم و ضبط سکھیندیاں نیں۔
Storytelling preserves culture and knowledge.	کہانی سناون ثقافت تے علم کوں محفوظ رکھیندے۔
The school organized a science fair.	سکول نے سائنس میلہ منظم کیتا۔
Teachers shape young minds.	استاد نوجوان ذہناں کوں شکل دیندے نیں۔
Children were playing cricket in the street.	بچے سڑک تے کرکٹ کھیڈدے پئے ہن۔
The forest is home to many wild animals.	جنگل گھنے جنگلی جانوراں دا گھر اے۔
Birds were chirping in the trees.	پنچھی رکھاں وچ چہچہا رہے ہن۔
Small businesses create employment opportunities.	نکیاں کاروبار روزگار دے موقعے پیدا کریندے نیں۔
The bus arrived late.	بس ڈیر نال پہنچی۔
The forest is home to many wild animals.	جنگل گھنے جنگلی جانوراں دا گھر اے۔
She cooked delicious biryani for the family.	اوں خاندان کیتے مزیدار بریانی پکائی۔
Eating fresh fruits provides essential vitamins.	تازہ پھل کھان ضروری وٹامن فراہم کریندے۔
Children learn best when they are interested.	بچے بہترین سکھدے نیں جدوں اوہ دلچسپی رکھدے نیں۔
Learning a new language requires practice.	نوی زبان سکھن کیتے مشق دی لوڑ اے۔
Respecting elders is an important value.	بزرگاں دا احترام ہک اہم قدر اے۔
Online shopping has become popular.	آن لائن خریداری مقبول تھی گئی اے۔
Teachers shape young minds.	استاد نوجوان ذہناں کوں شکل دیندے نیں۔
People travel long distances to visit religious sites.	لوک مذہبی تھانواں دیکھن کیتے لمبیاں دوریاں طے کریندے نیں۔
The professor wrote equations on the blackboard.	پروفیسر تختے تے مساوات لکھیاں۔
Family members support each other during difficult times.	خاندان دے ممبر مشکل وختاں وچ ہک دوجھے دی مدد کریندے نیں۔
The school organized a science fair.	سکول نے سائنس میلہ منظم کیتا۔
The bus arrived late.	بس ڈیر نال پہنچی۔
Tourism brings revenue to regions with historical sites.	سیاحت تاریخی تھانواں والے علاقیاں کوں آمدنی لیندی اے۔
The bus arrived late.	بس ڈیر نال پہنچی۔
The school organized a science fair.	سکول نے سائنس میلہ منظم کیتا۔
The wedding ceremony lasted three days.	شادی دی تقریب ترئے دینہہ چلی۔
She received a scholarship to study medicine.	اوں طب دی تعلیم کیتے اسکالرشپ حاصل کیتی۔
Online shopping has become popular.	آن لائن خریداری مقبول تھی گئی اے۔
People travel long distances to visit religious sites.	لوک مذہبی تھانواں دیکھن کیتے لمبیاں دوریاں طے کریندے نیں۔
Tea is served to guests as a gesture of hospitality.	مہماناں کوں مہمان نوازی دی نشانی دے طور تے چاہ پیش کیتی ویندی اے۔
Farmers planted rice in the flooded fields.	کسان پانی والے کھیتراں وچ چاول پوکے۔
After finishing his work, he sat down.	اپنا کم مکمل کرن دے بعد، او بیٹھ گیا۔
Regular exercise helps maintain good health.	منظم ورزش چنگی صحت برقرار رکھن وچ مدد کریندی اے۔
She received a scholarship to study medicine.	اوں طب دی تعلیم کیتے اسکالرشپ حاصل کیتی۔
The school organized a science fair.	سکول نے سائنس میلہ منظم کیتا۔
Small businesses create employment opportunities.	نکیاں کاروبار روزگار دے موقعے پیدا کریندے نیں۔
Education opens doors to opportunities.	تعلیم موقعاں دے دروازے کولیندی اے۔
People travel long distances to visit religious sites.	لوک مذہبی تھانواں دیکھن کیتے لمبیاں دوریاں طے کریندے نیں۔
Sports teach teamwork and discipline.	کھیڈاں ٹیم ورک تے نظم و ضبط سکھیندیاں نیں۔
Respecting elders is an important value.	بزرگاں دا احترام ہک اہم قدر اے۔
Cricket is a popular sport.	کرکٹ ہک مقبول کھیڈ اے۔
The river flows peacefully through the valley.	دریا وادی وچ پرامن طریقے نال وہندی اے۔
Tea is served to guests as a gesture of hospitality.	مہماناں کوں مہمان نوازی دی نشانی دے طور تے چاہ پیش کیتی ویندی اے۔
Learning a new language requires practice.	نوی زبان سکھن کیتے مشق دی لوڑ اے۔
Parents sacrifice their own needs for children.	والدین بچیاں کیتے اپنیاں ضرورتاں قربان کریندے نیں۔
Farmers wake up early to tend to crops.	کسان فصلاں دی سنبھال کیتے جلدی اٹھدے نیں۔
People celebrate festivals with great joy.	لوک ودی خوشی نال میلے منیندے نیں۔
Cooking together brings family members closer.	گڈے کھان پکاون خاندان دے ممبراں کوں نیڑے لیندے۔
Cooking together brings family members closer.	گڈے کھان پکاون خاندان دے ممبراں کوں نیڑے لیندے۔
Spices add flavor to traditional dishes.	مصالحے روایتی کھاناں وچ ذائقہ ودیندے نیں۔
The forest is home to many wild animals.	جنگل گھنے جنگلی جانوراں دا گھر اے۔
Parents sacrifice their own needs for children.	والدین بچیاں کیتے اپنیاں ضرورتاں قربان کریندے نیں۔
Children learn best when they are interested.	بچے بہترین سکھدے نیں جدوں اوہ دلچسپی رکھدے نیں۔
Online shopping has become popular.	آن لائن خریداری مقبول تھی گئی اے۔
Teachers shape young minds.	استاد نوجوان ذہناں کوں شکل دیندے نیں۔
Students gathered in the library.	طالب علم لائبریری وچ گڈے تھئے۔
Tourism brings revenue to regions with historical sites.	سیاحت تاریخی تھانواں والے علاقیاں کوں آمدنی لیندی اے۔
Eating fresh fruits provides essential vitamins.	تازہ پھل کھان ضروری وٹامن فراہم کریندے۔
Regular exercise helps maintain good health.	منظم ورزش چنگی صحت برقرار رکھن وچ مدد کریندی اے۔
The professor wrote equations on the blackboard.	پروفیسر تختے تے مساوات لکھیاں۔
Storytelling preserves culture and knowledge.	کہانی سناون ثقافت تے علم کوں محفوظ رکھیندے۔
Agriculture remains the primary source of income.	زراعت آمدنی دا بنیادی ذریعہ رہندی اے۔
She walked slowly through the garden.	اوں باغ وچ آہستہ آہستہ ٹردی۔
Cricket is a popular sport.	کرکٹ ہک مقبول کھیڈ اے۔
Learning a new language requires practice.	نوی زبان سکھن کیتے مشق دی لوڑ اے۔
Digital payments have made transactions faster.	ڈیجیٹل ادائیگیاں معاملات تیز کیتے نیں۔
Cooking together brings family members closer.	گڈے کھان پکاون خاندان دے ممبراں کوں نیڑے لیندے۔
Clear communication prevents misunderstandings.	صاف رابطہ غلط فہمیاں کوں روکیندے۔
Storytelling preserves culture and knowledge.	کہانی سناون ثقافت تے علم کوں محفوظ رکھیندے۔
Cooking together brings family members closer.	گڈے کھان پکاون خاندان دے ممبراں کوں نیڑے لیندے۔
The forest is home to many wild animals.	جنگل گھنے جنگلی جانوراں دا گھر اے۔
Reading books improves vocabulary.	کتاباں پڑھن ذخیرہ الفاظ بہتر بنیندے۔
The internet connects people across continents.	انٹرنیٹ براعظماں وچ لوکاں کوں جوڑیندے۔
People travel long distances to visit religious sites.	لوک مذہبی تھانواں دیکھن کیتے لمبیاں دوریاں طے کریندے نیں۔
Small businesses create employment opportunities.	نکیاں کاروبار روزگار دے موقعے پیدا کریندے نیں۔
People travel long distances to visit religious sites.	لوک مذہبی تھانواں دیکھن کیتے لمبیاں دوریاں طے کریندے نیں۔
Learning a new language requires practice.	نوی زبان سکھن کیتے مشق دی لوڑ اے۔
We decided to visit the old temple.	اساں پرانے مندر دیکھن دا فیصلہ کیتا۔
Tea is served to guests as a gesture of hospitality.	مہماناں کوں مہمان نوازی دی نشانی دے طور تے چاہ پیش کیتی ویندی اے۔
Handicrafts showcase artistic traditions.	ہتھکاریاں فنکارانہ روایات دکھیندیاں نیں۔
The wedding ceremony lasted three days.	شادی دی تقریب ترئے دینہہ چلی۔
Reading books improves vocabulary.	کتاباں پڑھن ذخیرہ الفاظ بہتر بنیندے۔
Sports teach teamwork and discipline.	کھیڈاں ٹیم ورک تے نظم و ضبط سکھیندیاں نیں۔
Elderly people share wisdom and stories.	بزرگ لوک حکمت تے کہانیاں سانجھیاں کریندے نیں۔
The wedding ceremony lasted three days.	شادی دی تقریب ترئے دینہہ چلی۔
Tourism brings revenue to regions with historical sites.	سیاحت تاریخی تھانواں والے علاقیاں کوں آمدنی لیندی اے۔
Cooking together brings family members closer.	گڈے کھان پکاون خاندان دے ممبراں کوں نیڑے لیندے۔
Children learn best when they are interested.	بچے بہترین سکھدے نیں جدوں اوہ دلچسپی رکھدے نیں۔
Storytelling preserves culture and knowledge.	کہانی سناون ثقافت تے علم کوں محفوظ رکھیندے۔
I woke up early this morning.	من اڄ صبح جلدی اٹھیا۔
The wedding ceremony lasted three days.	شادی دی تقریب ترئے دینہہ چلی۔
Teachers shape young minds.	استاد نوجوان ذہناں کوں شکل دیندے نیں۔
Respecting elders is an important value.	بزرگاں دا احترام ہک اہم قدر اے۔
The bus arrived late.	بس ڈیر نال پہنچی۔
I woke up early this morning.	من اڄ صبح جلدی اٹھیا۔
Traditional music is important for our heritage.	روایتی موسیقی سادی ورثے کیتے اہم اے۔
People celebrate festivals with great joy.	لوک ودی خوشی نال میلے منیندے نیں۔
Farmers wake up early to tend to crops.	کسان فصلاں دی سنبھال کیتے جلدی اٹھدے نیں۔
Traditional music is important for our heritage.	روایتی موسیقی سادی ورثے کیتے اہم اے۔
Tea is served to guests as a gesture of hospitality.	مہماناں کوں مہمان نوازی دی نشانی دے طور تے چاہ پیش کیتی ویندی اے۔
Spices add flavor to traditional dishes.	مصالحے روایتی کھاناں وچ ذائقہ ودیندے نیں۔
After finishing his work, he sat down.	اپنا کم مکمل کرن دے بعد، او بیٹھ گیا۔
The river flows peacefully through the valley.	دریا وادی وچ پرامن طریقے نال وہندی اے۔
Education opens doors to opportunities.	تعلیم موقعاں دے دروازے کولیندی اے۔
Storytelling preserves culture and knowledge.	کہانی سناون ثقافت تے علم کوں محفوظ رکھیندے۔
The teacher explained the lesson patiently.	استاد صبر نال سبق سمجھایا۔
Farmers planted rice in the flooded fields.	کسان پانی والے کھیتراں وچ چاول پوکے۔
The forest is home to many wild animals.	جنگل گھنے جنگلی جانوراں دا گھر اے۔
Children were playing cricket in the street.	بچے سڑک تے کرکٹ کھیڈدے پئے ہن۔
Children were playing cricket in the street.	بچے سڑک تے کرکٹ کھیڈدے پئے ہن۔
The school organized a science fair.	سکول نے سائنس میلہ منظم کیتا۔
Parents sacrifice their own needs for children.	والدین بچیاں کیتے اپنیاں ضرورتاں قربان کریندے نیں۔
After finishing his work, he sat down.	اپنا کم مکمل کرن دے بعد، او بیٹھ گیا۔
Students gathered in the library.	طالب علم لائبریری وچ گڈے تھئے۔
Farmers wake up early to tend to crops.	کسان فصلاں دی سنبھال کیتے جلدی اٹھدے نیں۔
Digital payments have made transactions faster.	ڈیجیٹل ادائیگیاں معاملات تیز کیتے نیں۔
Regular exercise helps maintain good health.	منظم ورزش چنگی صحت برقرار رکھن وچ مدد کریندی اے۔
The professor wrote equations on the blackboard.	پروفیسر تختے تے مساوات لکھیاں۔
Cricket is a popular sport.	کرکٹ ہک مقبول کھیڈ اے۔
She walked slowly through the garden.	اوں باغ وچ آہستہ آہستہ ٹردی۔
Small businesses create employment opportunities.	نکیاں کاروبار روزگار دے موقعے پیدا کریندے نیں۔
Cricket is a popular sport.	کرکٹ ہک مقبول کھیڈ اے۔
We decided to visit the old temple.	اساں پرانے مندر دیکھن دا فیصلہ کیتا۔
Smartphones have changed how people communicate.	اسمارٹ فوناں نے لوکاں دے رابطے دے طریقے کوں تبدیل کیتا اے۔
The teacher explained the lesson patiently.	استاد صبر نال سبق سمجھایا۔
She cooked delicious biryani for the family.	اوں خاندان کیتے مزیدار بریانی پکائی۔
The internet connects people across continents.	انٹرنیٹ براعظماں وچ لوکاں کوں جوڑیندے۔
The forest is home to many wild animals.	جنگل گھنے جنگلی جانوراں دا گھر اے۔
The school organized a science fair.	سکول نے سائنس میلہ منظم کیتا۔
Clear communication prevents misunderstandings.	صاف رابطہ غلط فہمیاں کوں روکیندے۔
Teachers shape young minds.	استاد نوجوان ذہناں کوں شکل دیندے نیں۔
Spices add flavor to traditional dishes.	مصالحے روایتی کھاناں وچ ذائقہ ودیندے نیں۔
Agriculture remains the primary source of income.	زراعت آمدنی دا بنیادی ذریعہ رہندی اے۔
Cooking together brings family members closer.	گڈے کھان پکاون خاندان دے ممبراں کوں نیڑے لیندے۔
The forest is home to many wild animals.	جنگل گھنے جنگلی جانوراں دا گھر اے۔
Online shopping has become popular.	آن لائن خریداری مقبول تھی گئی اے۔
Digital payments have made transactions faster.	ڈیجیٹل ادائیگیاں معاملات تیز کیتے نیں۔
Smartphones have changed how people communicate.	اسمارٹ فوناں نے لوکاں دے رابطے دے طریقے کوں تبدیل کیتا اے۔
She walked slowly through the garden.	اوں باغ وچ آہستہ آہستہ ٹردی۔
Pollution in cities has become a serious problem.	شہراں وچ آلودگی ہک سنجیدہ مسئلہ بن گئی اے۔
After finishing his work, he sat down.	اپنا کم مکمل کرن دے بعد، او بیٹھ گیا۔
Elderly people share wisdom and stories.	بزرگ لوک حکمت تے کہانیاں سانجھیاں کریندے نیں۔
Cricket is a popular sport.	کرکٹ ہک مقبول کھیڈ اے۔
Elderly people share wisdom and stories.	بزرگ لوک حکمت تے کہانیاں سانجھیاں کریندے نیں۔
Tourism brings revenue to regions with historical sites.	سیاحت تاریخی تھانواں والے علاقیاں کوں آمدنی لیندی اے۔
The market was crowded with people.	بازار لوکاں نال بھریا ہویا ہا۔
She received a scholarship to study medicine.	اوں طب دی تعلیم کیتے اسکالرشپ حاصل کیتی۔
The wedding ceremony lasted three days.	شادی دی تقریب ترئے دینہہ چلی۔
Sports teach teamwork and discipline.	کھیڈاں ٹیم ورک تے نظم و ضبط سکھیندیاں نیں۔
Storytelling preserves culture and knowledge.	کہانی سناون ثقافت تے علم کوں محفوظ رکھیندے۔
Storytelling preserves culture and knowledge.	کہانی سناون ثقافت تے علم کوں محفوظ رکھیندے۔
Regular exercise helps maintain good health.	منظم ورزش چنگی صحت برقرار رکھن وچ مدد کریندی اے۔
Doctors work long hours to treat patients.	ڈاکٹر مریضاں دا علاج کرن کیتے لمبیاں گھڑیاں کم کریندے نیں۔
Doctors work long hours to treat patients.	ڈاکٹر مریضاں دا علاج کرن کیتے لمبیاں گھڑیاں کم کریندے نیں۔
Reading books improves vocabulary.	کتاباں پڑھن ذخیرہ الفاظ بہتر بنیندے۔
Handicrafts showcase artistic traditions.	ہتھکاریاں فنکارانہ روایات دکھیندیاں نیں۔
The bus arrived late.	بس ڈیر نال پہنچی۔
Smartphones have changed how people communicate.	اسمارٹ فوناں نے لوکاں دے رابطے دے طریقے کوں تبدیل کیتا اے۔
Train journeys offer scenic views.	ریل دے سفر منظراں دے نظارے پیش کریندے نیں۔
Students gathered in the library.	طالب علم لائبریری وچ گڈے تھئے۔
Respecting elders is an important value.	بزرگاں دا احترام ہک اہم قدر اے۔
Online shopping has become popular.	آن لائن خریداری مقبول تھی گئی اے۔
Smartphones have changed how people communicate.	اسمارٹ فوناں نے لوکاں دے رابطے دے طریقے کوں تبدیل کیتا اے۔
Education opens doors to opportunities.	تعلیم موقعاں دے دروازے کولیندی اے۔
The internet connects people across continents.	انٹرنیٹ براعظماں وچ لوکاں کوں جوڑیندے۔
Clear communication prevents misunderstandings.	صاف رابطہ غلط فہمیاں کوں روکیندے۔
The school organized a science fair.	سکول نے سائنس میلہ منظم کیتا۔
I woke up early this morning.	من اڄ صبح جلدی اٹھیا۔
Agriculture remains the primary source of income.	زراعت آمدنی دا بنیادی ذریعہ رہندی اے۔
Parents sacrifice their own needs for children.	والدین بچیاں کیتے اپنیاں ضرورتاں قربان کریندے نیں۔
The forest is home to many wild animals.	جنگل گھنے جنگلی جانوراں دا گھر اے۔
Elderly people share wisdom and stories.	بزرگ لوک حکمت تے کہانیاں سانجھیاں کریندے نیں۔
After finishing his work, he sat down.	اپنا کم مکمل کرن دے بعد، او بیٹھ گیا۔
Reading books improves vocabulary.	کتاباں پڑھن ذخیرہ الفاظ بہتر بنیندے۔
Education opens doors to opportunities.	تعلیم موقعاں دے دروازے کولیندی اے۔
Eating fresh fruits provides essential vitamins.	تازہ پھل کھان ضروری وٹامن فراہم کریندے۔
The bus arrived late.	بس ڈیر نال پہنچی۔
Clear communication prevents misunderstandings.	صاف رابطہ غلط فہمیاں کوں روکیندے۔
Teachers shape young minds.	استاد نوجوان ذہناں کوں شکل دیندے نیں۔
The market was crowded with people.	بازار لوکاں نال بھریا ہویا ہا۔
People celebrate festivals with great joy.	لوک ودی خوشی نال میلے منیندے نیں۔
Education opens doors to opportunities.	تعلیم موقعاں دے دروازے کولیندی اے۔
Smartphones have changed how people communicate.	اسمارٹ فوناں نے لوکاں دے رابطے دے طریقے کوں تبدیل کیتا اے۔
The forest is home to many wild animals.	جنگل گھنے جنگلی جانوراں دا گھر اے۔
The bus arrived late.	بس ڈیر نال پہنچی۔
Agriculture remains the primary source of income.	زراعت آمدنی دا بنیادی ذریعہ رہندی اے۔
Cooking together brings family members closer.	گڈے کھان پکاون خاندان دے ممبراں کوں نیڑے لیندے۔
Doctors recommend drinking plenty of water.	ڈاکٹر گھنے پانی پیون دی صلاح دیندے نیں۔
Eating fresh fruits provides essential vitamins.	تازہ پھل کھان ضروری وٹامن فراہم کریندے۔
Sports teach teamwork and discipline.	کھیڈاں ٹیم ورک تے نظم و ضبط سکھیندیاں نیں۔
The internet connects people across continents.	انٹرنیٹ براعظماں وچ لوکاں کوں جوڑیندے۔
Traditional music is important for our heritage.	روایتی موسیقی سادی ورثے کیتے اہم اے۔
Reading books improves vocabulary.	کتاباں پڑھن ذخیرہ الفاظ بہتر بنیندے۔
The teacher explained the lesson patiently.	استاد صبر نال سبق سمجھایا۔
She received a scholarship to study medicine.	اوں طب دی تعلیم کیتے اسکالرشپ حاصل کیتی۔
Eating fresh fruits provides essential vitamins.	تازہ پھل کھان ضروری وٹامن فراہم کریندے۔
Traditional music is important for our heritage.	روایتی موسیقی سادی ورثے کیتے اہم اے۔
Clear communication prevents misunderstandings.	صاف رابطہ غلط فہمیاں کوں روکیندے۔
Train journeys offer scenic views.	ریل دے سفر منظراں دے نظارے پیش کریندے نیں۔
Digital payments have made transactions faster.	ڈیجیٹل ادائیگیاں معاملات تیز کیتے نیں۔
Elderly people share wisdom and stories.	بزرگ لوک حکمت تے کہانیاں سانجھیاں کریندے نیں۔
The market was crowded with people.	بازار لوکاں نال بھریا ہویا ہا۔
Pollution in cities has become a serious problem.	شہراں وچ آلودگی ہک سنجیدہ مسئلہ بن گئی اے۔
Parents sacrifice their own needs for children.	والدین بچیاں کیتے اپنیاں ضرورتاں قربان کریندے نیں۔
Children learn best when they are interested.	بچے بہترین سکھدے نیں جدوں اوہ دلچسپی رکھدے نیں۔
Sports teach teamwork and discipline.	کھیڈاں ٹیم ورک تے نظم و ضبط سکھیندیاں نیں۔
Spices add flavor to traditional dishes.	مصالحے روایتی کھاناں وچ ذائقہ ودیندے نیں۔
People celebrate festivals with great joy.	لوک ودی خوشی نال میلے منیندے نیں۔
The river flows peacefully through the valley.	دریا وادی وچ پرامن طریقے نال وہندی اے۔
Elderly people share wisdom and stories.	بزرگ لوک حکمت تے کہانیاں سانجھیاں کریندے نیں۔
Students gathered in the library.	طالب علم لائبریری وچ گڈے تھئے۔
Cooking together brings family members closer.	گڈے کھان پکاون خاندان دے ممبراں کوں نیڑے لیندے۔
Eating fresh fruits provides essential vitamins.	تازہ پھل کھان ضروری وٹامن فراہم کریندے۔
My grandmother told me stories.	میری دادی نے مینوں کہانیاں سنایاں۔
Children learn best when they are interested.	بچے بہترین سکھدے نیں جدوں اوہ دلچسپی رکھدے نیں۔
Small businesses create employment opportunities.	نکیاں کاروبار روزگار دے موقعے پیدا کریندے نیں۔
Teachers shape young minds.	استاد نوجوان ذہناں کوں شکل دیندے نیں۔
Clear communication prevents misunderstandings.	صاف رابطہ غلط فہمیاں کوں روکیندے۔
The school organized a science fair.	سکول نے سائنس میلہ منظم کیتا۔
Reading books improves vocabulary.	کتاباں پڑھن ذخیرہ الفاظ بہتر بنیندے۔
People celebrate festivals with great joy.	لوک ودی خوشی نال میلے منیندے نیں۔
Agriculture remains the primary source of income.	زراعت آمدنی دا بنیادی ذریعہ رہندی اے۔
Sports teach teamwork and discipline.	کھیڈاں ٹیم ورک تے نظم و ضبط سکھیندیاں نیں۔
Farmers planted rice in the flooded fields.	کسان پانی والے کھیتراں وچ چاول پوکے۔
Handicrafts showcase artistic traditions.	ہتھکاریاں فنکارانہ روایات دکھیندیاں نیں۔
Farmers planted rice in the flooded fields.	کسان پانی والے کھیتراں وچ چاول پوکے۔
Respecting elders is an important value.	بزرگاں دا احترام ہک اہم قدر اے۔
She walked slowly through the garden.	اوں باغ وچ آہستہ آہستہ ٹردی۔
The wedding ceremony lasted three days.	شادی دی تقریب ترئے دینہہ چلی۔
The forest is home to many wild animals.	جنگل گھنے جنگلی جانوراں دا گھر اے۔
Teachers shape young minds.	استاد نوجوان ذہناں کوں شکل دیندے نیں۔
We decided to visit the old temple.	اساں پرانے مندر دیکھن دا فیصلہ کیتا۔
Small businesses create employment opportunities.	نکیاں کاروبار روزگار دے موقعے پیدا کریندے نیں۔
Education opens doors to opportunities.	تعلیم موقعاں دے دروازے کولیندی اے۔
Pollution in cities has become a serious problem.	شہراں وچ آلودگی ہک سنجیدہ مسئلہ بن گئی اے۔
We decided to visit the old temple.	اساں پرانے مندر دیکھن دا فیصلہ کیتا۔
Digital payments have made transactions faster.	ڈیجیٹل ادائیگیاں معاملات تیز کیتے نیں۔
The professor wrote equations on the blackboard.	پروفیسر تختے تے مساوات لکھیاں۔
She walked slowly through the garden.	اوں باغ وچ آہستہ آہستہ ٹردی۔
The internet connects people across continents.	انٹرنیٹ براعظماں وچ لوکاں کوں جوڑیندے۔
Tea is served to guests as a gesture of hospitality.	مہماناں کوں مہمان نوازی دی نشانی دے طور تے چاہ پیش کیتی ویندی اے۔
People celebrate festivals with great joy.	لوک ودی خوشی نال میلے منیندے نیں۔
The teacher explained the lesson patiently.	استاد صبر نال سبق سمجھایا۔
Traditional music is important for our heritage.	روایتی موسیقی سادی ورثے کیتے اہم اے۔
Storytelling preserves culture and knowledge.	کہانی سناون ثقافت تے علم کوں محفوظ رکھیندے۔
She cooked delicious biryani for the family.	اوں خاندان کیتے مزیدار بریانی پکائی۔
She walked slowly through the garden.	اوں باغ وچ آہستہ آہستہ ٹردی۔
Pollution in cities has become a serious problem.	شہراں وچ آلودگی ہک سنجیدہ مسئلہ بن گئی اے۔
Students gathered in the library.	طالب علم لائبریری وچ گڈے تھئے۔
Cooking together brings family members closer.	گڈے کھان پکاون خاندان دے ممبراں کوں نیڑے لیندے۔
People travel long distances to visit religious sites.	لوک مذہبی تھانواں دیکھن کیتے لمبیاں دوریاں طے کریندے نیں۔
We decided to visit the old temple.	اساں پرانے مندر دیکھن دا فیصلہ کیتا۔
Smartphones have changed how people communicate.	اسمارٹ فوناں نے لوکاں دے رابطے دے طریقے کوں تبدیل کیتا اے۔
Education opens doors to opportunities.	تعلیم موقعاں دے دروازے کولیندی اے۔
Doctors recommend drinking plenty of water.	ڈاکٹر گھنے پانی پیون دی صلاح دیندے نیں۔
Regular exercise helps maintain good health.	منظم ورزش چنگی صحت برقرار رکھن وچ مدد کریندی اے۔
Traditional music is important for our heritage.	روایتی موسیقی سادی ورثے کیتے اہم اے۔
My grandmother told me stories.	میری دادی نے مینوں کہانیاں سنایاں۔
The bus arrived late.	بس ڈیر نال پہنچی۔
Reading books improves vocabulary.	کتاباں پڑھن ذخیرہ الفاظ بہتر بنیندے۔
She received a scholarship to study medicine.	اوں طب دی تعلیم کیتے اسکالرشپ حاصل کیتی۔
Cooking together brings family members closer.	گڈے کھان پکاون خاندان دے ممبراں کوں نیڑے لیندے۔
Handicrafts showcase artistic traditions.	ہتھکاریاں فنکارانہ روایات دکھیندیاں نیں۔
Pollution in cities has become a serious problem.	شہراں وچ آلودگی ہک سنجیدہ مسئلہ بن گئی اے۔
The teacher explained the lesson patiently.	استاد صبر نال سبق سمجھایا۔
Train journeys offer scenic views.	ریل دے سفر منظراں دے نظارے پیش کریندے نیں۔
Cricket is a popular sport.	کرکٹ ہک مقبول کھیڈ اے۔
Small businesses create employment opportunities.	نکیاں کاروبار روزگار دے موقعے پیدا کریندے نیں۔
People celebrate festivals with great joy.	لوک ودی خوشی نال میلے منیندے نیں۔
She received a scholarship to study medicine.	اوں طب دی تعلیم کیتے اسکالرشپ حاصل کیتی۔
Clear communication prevents misunderstandings.	صاف رابطہ غلط فہمیاں کوں روکیندے۔
Small businesses create employment opportunities.	نکیاں کاروبار روزگار دے موقعے پیدا کریندے نیں۔
Reading books improves vocabulary.	کتاباں پڑھن ذخیرہ الفاظ بہتر بنیندے۔
The market was crowded with people.	بازار لوکاں نال بھریا ہویا ہا۔
Smartphones have changed how people communicate.	اسمارٹ فوناں نے لوکاں دے رابطے دے طریقے کوں تبدیل کیتا اے۔
Regular exercise helps maintain good health.	منظم ورزش چنگی صحت برقرار رکھن وچ مدد کریندی اے۔
Reading books improves vocabulary.	کتاباں پڑھن ذخیرہ الفاظ بہتر بنیندے۔
The school organized a science fair.	سکول نے سائنس میلہ منظم کیتا۔
Handicrafts showcase artistic traditions.	ہتھکاریاں فنکارانہ روایات دکھیندیاں نیں۔
Cricket is a popular sport.	کرکٹ ہک مقبول کھیڈ اے۔
Farmers planted rice in the flooded fields.	کسان پانی والے کھیتراں وچ چاول پوکے۔
Sports teach teamwork and discipline.	کھیڈاں ٹیم ورک تے نظم و ضبط سکھیندیاں نیں۔
She cooked delicious biryani for the family.	اوں خاندان کیتے مزیدار بریانی پکائی۔
Parents sacrifice their own needs for children.	والدین بچیاں کیتے اپنیاں ضرورتاں قربان کریندے نیں۔
Children were playing cricket in the street.	بچے سڑک تے کرکٹ کھیڈدے پئے ہن۔
Children were playing cricket in the street.	بچے سڑک تے کرکٹ کھیڈدے پئے ہن۔
People celebrate festivals with great joy.	لوک ودی خوشی نال میلے منیندے نیں۔
People travel long distances to visit religious sites.	لوک مذہبی تھانواں دیکھن کیتے لمبیاں دوریاں طے کریندے نیں۔
Children were playing cricket in the street.	بچے سڑک تے کرکٹ کھیڈدے پئے ہن۔
Learning a new language requires practice.	نوی زبان سکھن کیتے مشق دی لوڑ اے۔
After finishing his work, he sat down.	اپنا کم مکمل کرن دے بعد، او بیٹھ گیا۔
Children were playing cricket in the street.	بچے سڑک تے کرکٹ کھیڈدے پئے ہن۔
The professor wrote equations on the blackboard.	پروفیسر تختے تے مساوات لکھیاں۔
The school organized a science fair.	سکول نے سائنس میلہ منظم کیتا۔
Tourism brings revenue to regions with historical sites.	سیاحت تاریخی تھانواں والے علاقیاں کوں آمدنی لیندی اے۔
My grandmother told me stories.	میری دادی نے مینوں کہانیاں سنایاں۔
Online shopping has become popular.	آن لائن خریداری مقبول تھی گئی اے۔
The bus arrived late.	بس ڈیر نال پہنچی۔
Traditional music is important for our heritage.	روایتی موسیقی سادی ورثے کیتے اہم اے۔
Agriculture remains the primary source of income.	زراعت آمدنی دا بنیادی ذریعہ رہندی اے۔
Children were playing cricket in the street.	بچے سڑک تے کرکٹ کھیڈدے پئے ہن۔
Storytelling preserves culture and knowledge.	کہانی سناون ثقافت تے علم کوں محفوظ رکھیندے۔
Small businesses create employment opportunities.	نکیاں کاروبار روزگار دے موقعے پیدا کریندے نیں۔
The river flows peacefully through the valley.	دریا وادی وچ پرامن طریقے نال وہندی اے۔
People celebrate festivals with great joy.	لوک ودی خوشی نال میلے منیندے نیں۔
Family members support each other during difficult times.	خاندان دے ممبر مشکل وختاں وچ ہک دوجھے دی مدد کریندے نیں۔
We decided to visit the old temple.	اساں پرانے مندر دیکھن دا فیصلہ کیتا۔
Parents sacrifice their own needs for children.	والدین بچیاں کیتے اپنیاں ضرورتاں قربان کریندے نیں۔
Farmers wake up early to tend to crops.	کسان فصلاں دی سنبھال کیتے جلدی اٹھدے نیں۔
Storytelling preserves culture and knowledge.	کہانی سناون ثقافت تے علم کوں محفوظ رکھیندے۔
The teacher explained the lesson patiently.	استاد صبر نال سبق سمجھایا۔
Education opens doors to opportunities.	تعلیم موقعاں دے دروازے کولیندی اے۔
Farmers planted rice in the flooded fields.	کسان پانی والے کھیتراں وچ چاول پوکے۔
Tourism brings revenue to regions with historical sites.	سیاحت تاریخی تھانواں والے علاقیاں کوں آمدنی لیندی اے۔
She walked slowly through the garden.	اوں باغ وچ آہستہ آہستہ ٹردی۔
People travel long distances to visit religious sites.	لوک مذہبی تھانواں دیکھن کیتے لمبیاں دوریاں طے کریندے نیں۔
Traditional music is important for our heritage.	روایتی موسیقی سادی ورثے کیتے اہم اے۔
The forest is home to many wild animals.	جنگل گھنے جنگلی جانوراں دا گھر اے۔
She walked slowly through the garden.	اوں باغ وچ آہستہ آہستہ ٹردی۔
Tourism brings revenue to regions with historical sites.	سیاحت تاریخی تھانواں والے علاقیاں کوں آمدنی لیندی اے۔
After finishing his work, he sat down.	اپنا کم مکمل کرن دے بعد، او بیٹھ گیا۔
Education opens doors to opportunities.	تعلیم موقعاں دے دروازے کولیندی اے۔
The internet connects people across continents.	انٹرنیٹ براعظماں وچ لوکاں کوں جوڑیندے۔
Traditional music is important for our heritage.	روایتی موسیقی سادی ورثے کیتے اہم اے۔
Farmers wake up early to tend to crops.	کسان فصلاں دی سنبھال کیتے جلدی اٹھدے نیں۔
She received a scholarship to study medicine.	اوں طب دی تعلیم کیتے اسکالرشپ حاصل کیتی۔
The teacher explained the lesson patiently.	استاد صبر نال سبق سمجھایا۔
We decided to visit the old temple.	اساں پرانے مندر دیکھن دا فیصلہ کیتا۔
Eating fresh fruits provides essential vitamins.	تازہ پھل کھان ضروری وٹامن فراہم کریندے۔
Small businesses create employment opportunities.	نکیاں کاروبار روزگار دے موقعے پیدا کریندے نیں۔
Family members support each other during difficult times.	خاندان دے ممبر مشکل وختاں وچ ہک دوجھے دی مدد کریندے نیں۔
Birds were chirping in the trees.	پنچھی رکھاں وچ چہچہا رہے ہن۔
The river flows peacefully through the valley.	دریا وادی وچ پرامن طریقے نال وہندی اے۔
Learning a new language requires practice.	نوی زبان سکھن کیتے مشق دی لوڑ اے۔
Cooking together brings family members closer.	گڈے کھان پکاون خاندان دے ممبراں کوں نیڑے لیندے۔
The professor wrote equations on the blackboard.	پروفیسر تختے تے مساوات لکھیاں۔
Farmers planted rice in the flooded fields.	کسان پانی والے کھیتراں وچ چاول پوکے۔
Farmers wake up early to tend to crops.	کسان فصلاں دی سنبھال کیتے جلدی اٹھدے نیں۔
Pollution in cities has become a serious problem.	شہراں وچ آلودگی ہک سنجیدہ مسئلہ بن گئی اے۔
Farmers planted rice in the flooded fields.	کسان پانی والے کھیتراں وچ چاول پوکے۔
The market was crowded with people.	بازار لوکاں نال بھریا ہویا ہا۔
Cooking together brings family members closer.	گڈے کھان پکاون خاندان دے ممبراں کوں نیڑے لیندے۔
Doctors recommend drinking plenty of water.	ڈاکٹر گھنے پانی پیون دی صلاح دیندے نیں۔
Elderly people share wisdom and stories.	بزرگ لوک حکمت تے کہانیاں سانجھیاں کریندے نیں۔
The professor wrote equations on the blackboard.	پروفیسر تختے تے مساوات لکھیاں۔
After finishing his work, he sat down.	اپنا کم مکمل کرن دے بعد، او بیٹھ گیا۔
The professor wrote equations on the blackboard.	پروفیسر تختے تے مساوات لکھیاں۔
Pollution in cities has become a serious problem.	شہراں وچ آلودگی ہک سنجیدہ مسئلہ بن گئی اے۔
I woke up early this morning.	من اڄ صبح جلدی اٹھیا۔
Learning a new language requires practice.	نوی زبان سکھن کیتے مشق دی لوڑ اے۔
Teachers shape young minds.	استاد نوجوان ذہناں کوں شکل دیندے نیں۔
She walked slowly through the garden.	اوں باغ وچ آہستہ آہستہ ٹردی۔
Education opens doors to opportunities.	تعلیم موقعاں دے دروازے کولیندی اے۔
The internet connects people across continents.	انٹرنیٹ براعظماں وچ لوکاں کوں جوڑیندے۔
Tea is served to guests as a gesture of hospitality.	مہماناں کوں مہمان نوازی دی نشانی دے طور تے چاہ پیش کیتی ویندی اے۔
Tourism brings revenue to regions with historical sites.	سیاحت تاریخی تھانواں والے علاقیاں کوں آمدنی لیندی اے۔
Respecting elders is an important value.	بزرگاں دا احترام ہک اہم قدر اے۔
Small businesses create employment opportunities.	نکیاں کاروبار روزگار دے موقعے پیدا کریندے نیں۔
Tea is served to guests as a gesture of hospitality.	مہماناں کوں مہمان نوازی دی نشانی دے طور تے چاہ پیش کیتی ویندی اے۔
Cricket is a popular sport.	کرکٹ ہک مقبول کھیڈ اے۔
Learning a new language requires practice.	نوی زبان سکھن کیتے مشق دی لوڑ اے۔
Respecting elders is an important value.	بزرگاں دا احترام ہک اہم قدر اے۔
After finishing his work, he sat down.	اپنا کم مکمل کرن دے بعد، او بیٹھ گیا۔
Birds were chirping in the trees.	پنچھی رکھاں وچ چہچہا رہے ہن۔
The market was crowded with people.	بازار لوکاں نال بھریا ہویا ہا۔
Spices add flavor to traditional dishes.	مصالحے روایتی کھاناں وچ ذائقہ ودیندے نیں۔
The professor wrote equations on the blackboard.	پروفیسر تختے تے مساوات لکھیاں۔
Train journeys offer scenic views.	ریل دے سفر منظراں دے نظارے پیش کریندے نیں۔
The bus arrived late.	بس ڈیر نال پہنچی۔
Cooking together brings family members closer.	گڈے کھان پکاون خاندان دے ممبراں کوں نیڑے لیندے۔
People travel long distances to visit religious sites.	لوک مذہبی تھانواں دیکھن کیتے لمبیاں دوریاں طے کریندے نیں۔
Small businesses create employment opportunities.	نکیاں کاروبار روزگار دے موقعے پیدا کریندے نیں۔
Tea is served to guests as a gesture of hospitality.	مہماناں کوں مہمان نوازی دی نشانی دے طور تے چاہ پیش کیتی ویندی اے۔
Elderly people share wisdom and stories.	بزرگ لوک حکمت تے کہانیاں سانجھیاں کریندے نیں۔
Doctors recommend drinking plenty of water.	ڈاکٹر گھنے پانی پیون دی صلاح دیندے نیں۔
Farmers wake up early to tend to crops.	کسان فصلاں دی سنبھال کیتے جلدی اٹھدے نیں۔
Cricket is a popular sport.	کرکٹ ہک مقبول کھیڈ اے۔
People travel long distances to visit religious sites.	لوک مذہبی تھانواں دیکھن کیتے لمبیاں دوریاں طے کریندے نیں۔
Train journeys offer scenic views.	ریل دے سفر منظراں دے نظارے پیش کریندے نیں۔
Birds were chirping in the trees.	پنچھی رکھاں وچ چہچہا رہے ہن۔
The school organized a science fair.	سکول نے سائنس میلہ منظم کیتا۔
Cricket is a popular sport.	کرکٹ ہک مقبول کھیڈ اے۔
She received a scholarship to study medicine.	اوں طب دی تعلیم کیتے اسکالرشپ حاصل کیتی۔
Education opens doors to opportunities.	تعلیم موقعاں دے دروازے کولیندی اے۔
Online shopping has become popular.	آن لائن خریداری مقبول تھی گئی اے۔
My grandmother told me stories.	میری دادی نے مینوں کہانیاں سنایاں۔
Parents sacrifice their own needs for children.	والدین بچیاں کیتے اپنیاں ضرورتاں قربان کریندے نیں۔
She received a scholarship to study medicine.	اوں طب دی تعلیم کیتے اسکالرشپ حاصل کیتی۔
Family members support each other during difficult times.	خاندان دے ممبر مشکل وختاں وچ ہک دوجھے دی مدد کریندے نیں۔
Elderly people share wisdom and stories.	بزرگ لوک حکمت تے کہانیاں سانجھیاں کریندے نیں۔
Students gathered in the library.	طالب علم لائبریری وچ گڈے تھئے۔
Education opens doors to opportunities.	تعلیم موقعاں دے دروازے کولیندی اے۔
Reading books improves vocabulary.	کتاباں پڑھن ذخیرہ الفاظ بہتر بنیندے۔
Doctors recommend drinking plenty of water.	ڈاکٹر گھنے پانی پیون دی صلاح دیندے نیں۔
Regular exercise helps maintain good health.	منظم ورزش چنگی صحت برقرار رکھن وچ مدد کریندی اے۔
Agriculture remains the primary source of income.	زراعت آمدنی دا بنیادی ذریعہ رہندی اے۔
Digital payments have made transactions faster.	ڈیجیٹل ادائیگیاں معاملات تیز کیتے نیں۔
Agriculture remains the primary source of income.	زراعت آمدنی دا بنیادی ذریعہ رہندی اے۔
Handicrafts showcase artistic traditions.	ہتھکاریاں فنکارانہ روایات دکھیندیاں نیں۔
The professor wrote equations on the blackboard.	پروفیسر تختے تے مساوات لکھیاں۔
Farmers planted rice in the flooded fields.	کسان پانی والے کھیتراں وچ چاول پوکے۔
The wedding ceremony lasted three days.	شادی دی تقریب ترئے دینہہ چلی۔
Eating fresh fruits provides essential vitamins.	تازہ پھل کھان ضروری وٹامن فراہم کریندے۔
Clear communication prevents misunderstandings.	صاف رابطہ غلط فہمیاں کوں روکیندے۔
She walked slowly through the garden.	اوں باغ وچ آہستہ آہستہ ٹردی۔
Small businesses create employment opportunities.	نکیاں کاروبار روزگار دے موقعے پیدا کریندے نیں۔
People celebrate festivals with great joy.	لوک ودی خوشی نال میلے منیندے نیں۔
She received a scholarship to study medicine.	اوں طب دی تعلیم کیتے اسکالرشپ حاصل کیتی۔
Doctors recommend drinking plenty of water.	ڈاکٹر گھنے پانی پیون دی صلاح دیندے نیں۔
The teacher explained the lesson patiently.	استاد صبر نال سبق سمجھایا۔
Farmers planted rice in the flooded fields.	کسان پانی والے کھیتراں وچ چاول پوکے۔
Handicrafts showcase artistic traditions.	ہتھکاریاں فنکارانہ روایات دکھیندیاں نیں۔
Spices add flavor to traditional dishes.	مصالحے روایتی کھاناں وچ ذائقہ ودیندے نیں۔
Sports teach teamwork and discipline.	کھیڈاں ٹیم ورک تے نظم و ضبط سکھیندیاں نیں۔
Family members support each other during difficult times.	خاندان دے ممبر مشکل وختاں وچ ہک دوجھے دی مدد کریندے نیں۔
Cooking together brings family members closer.	گڈے کھان پکاون خاندان دے ممبراں کوں نیڑے لیندے۔
Parents sacrifice their own needs for children.	والدین بچیاں کیتے اپنیاں ضرورتاں قربان کریندے نیں۔
Children learn best when they are interested.	بچے بہترین سکھدے نیں جدوں اوہ دلچسپی رکھدے نیں۔
Children learn best when they are interested.	بچے بہترین سکھدے نیں جدوں اوہ دلچسپی رکھدے نیں۔
The professor wrote equations on the blackboard.	پروفیسر تختے تے مساوات لکھیاں۔
She received a scholarship to study medicine.	اوں طب دی تعلیم کیتے اسکالرشپ حاصل کیتی۔
Handicrafts showcase artistic traditions.	ہتھکاریاں فنکارانہ روایات دکھیندیاں نیں۔
Sports teach teamwork and discipline.	کھیڈاں ٹیم ورک تے نظم و ضبط سکھیندیاں نیں۔
People travel long distances to visit religious sites.	لوک مذہبی تھانواں دیکھن کیتے لمبیاں دوریاں طے کریندے نیں۔
The internet connects people across continents.	انٹرنیٹ براعظماں وچ لوکاں کوں جوڑیندے۔
Online shopping has become popular.	آن لائن خریداری مقبول تھی گئی اے۔
Doctors recommend drinking plenty of water.	ڈاکٹر گھنے پانی پیون دی صلاح دیندے نیں۔
My grandmother told me stories.	میری دادی نے مینوں کہانیاں سنایاں۔
My grandmother told me stories.	میری دادی نے مینوں کہانیاں سنایاں۔
Elderly people share wisdom and stories.	بزرگ لوک حکمت تے کہانیاں سانجھیاں کریندے نیں۔
Learning a new language requires practice.	نوی زبان سکھن کیتے مشق دی لوڑ اے۔
Teachers shape young minds.	استاد نوجوان ذہناں کوں شکل دیندے نیں۔
Reading books improves vocabulary.	کتاباں پڑھن ذخیرہ الفاظ بہتر بنیندے۔
The internet connects people across continents.	انٹرنیٹ براعظماں وچ لوکاں کوں جوڑیندے۔
Clear communication prevents misunderstandings.	صاف رابطہ غلط فہمیاں کوں روکیندے۔
Storytelling preserves culture and knowledge.	کہانی سناون ثقافت تے علم کوں محفوظ رکھیندے۔
The forest is home to many wild animals.	جنگل گھنے جنگلی جانوراں دا گھر اے۔
Regular exercise helps maintain good health.	منظم ورزش چنگی صحت برقرار رکھن وچ مدد کریندی اے۔
Train journeys offer scenic views.	ریل دے سفر منظراں دے نظارے پیش کریندے نیں۔
Train journeys offer scenic views.	ریل دے سفر منظراں دے نظارے پیش کریندے نیں۔
Education opens doors to opportunities.	تعلیم موقعاں دے دروازے کولیندی اے۔
Storytelling preserves culture and knowledge.	کہانی سناون ثقافت تے علم کوں محفوظ رکھیندے۔
Digital payments have made transactions faster.	ڈیجیٹل ادائیگیاں معاملات تیز کیتے نیں۔
The teacher explained the lesson patiently.	استاد صبر نال سبق سمجھایا۔
Clear communication prevents misunderstandings.	صاف رابطہ غلط فہمیاں کوں روکیندے۔
Teachers shape young minds.	استاد نوجوان ذہناں کوں شکل دیندے نیں۔
Digital payments have made transactions faster.	ڈیجیٹل ادائیگیاں معاملات تیز کیتے نیں۔
Students gathered in the library.	طالب علم لائبریری وچ گڈے تھئے۔
Cricket is a popular sport.	کرکٹ ہک مقبول کھیڈ اے۔
Farmers planted rice in the flooded fields.	کسان پانی والے کھیتراں وچ چاول پوکے۔
Handicrafts showcase artistic traditions.	ہتھکاریاں فنکارانہ روایات دکھیندیاں نیں۔
Tourism brings revenue to regions with historical sites.	سیاحت تاریخی تھانواں والے علاقیاں کوں آمدنی لیندی اے۔
The teacher explained the lesson patiently.	استاد صبر نال سبق سمجھایا۔
The river flows peacefully through the valley.	دریا وادی وچ پرامن طریقے نال وہندی اے۔
Eating fresh fruits provides essential vitamins.	تازہ پھل کھان ضروری وٹامن فراہم کریندے۔
Small businesses create employment opportunities.	نکیاں کاروبار روزگار دے موقعے پیدا کریندے نیں۔
Clear communication prevents misunderstandings.	صاف رابطہ غلط فہمیاں کوں روکیندے۔
Children learn best when they are interested.	بچے بہترین سکھدے نیں جدوں اوہ دلچسپی رکھدے نیں۔
Children were playing cricket in the street.	بچے سڑک تے کرکٹ کھیڈدے پئے ہن۔
The professor wrote equations on the blackboard.	پروفیسر تختے تے مساوات لکھیاں۔
The teacher explained the lesson patiently.	استاد صبر نال سبق سمجھایا۔
Tourism brings revenue to regions with historical sites.	سیاحت تاریخی تھانواں والے علاقیاں کوں آمدنی لیندی اے۔
Education opens doors to opportunities.	تعلیم موقعاں دے دروازے کولیندی اے۔
Agriculture remains the primary source of income.	زراعت آمدنی دا بنیادی ذریعہ رہندی اے۔
Birds were chirping in the trees.	پنچھی رکھاں وچ چہچہا رہے ہن۔
Family members support each other during difficult times.	خاندان دے ممبر مشکل وختاں وچ ہک دوجھے دی مدد کریندے نیں۔
I woke up early this morning.	من اڄ صبح جلدی اٹھیا۔
Cricket is a popular sport.	کرکٹ ہک مقبول کھیڈ اے۔
Spices add flavor to traditional dishes.	مصالحے روایتی کھاناں وچ ذائقہ ودیندے نیں۔
Parents sacrifice their own needs for children.	والدین بچیاں کیتے اپنیاں ضرورتاں قربان کریندے نیں۔
Storytelling preserves culture and knowledge.	کہانی سناون ثقافت تے علم کوں محفوظ رکھیندے۔
Tourism brings revenue to regions with historical sites.	سیاحت تاریخی تھانواں والے علاقیاں کوں آمدنی لیندی اے۔
Smartphones have changed how people communicate.	اسمارٹ فوناں نے لوکاں دے رابطے دے طریقے کوں تبدیل کیتا اے۔
Agriculture remains the primary source of income.	زراعت آمدنی دا بنیادی ذریعہ رہندی اے۔
Parents sacrifice their own needs for children.	والدین بچیاں کیتے اپنیاں ضرورتاں قربان کریندے نیں۔
Elderly people share wisdom and stories.	بزرگ لوک حکمت تے کہانیاں سانجھیاں کریندے نیں۔
Digital payments have made transactions faster.	ڈیجیٹل ادائیگیاں معاملات تیز کیتے نیں۔
Respecting elders is an important value.	بزرگاں دا احترام ہک اہم قدر اے۔
Spices add flavor to traditional dishes.	مصالحے روایتی کھاناں وچ ذائقہ ودیندے نیں۔
Smartphones have changed how people communicate.	اسمارٹ فوناں نے لوکاں دے رابطے دے طریقے کوں تبدیل کیتا اے۔
Tea is served to guests as a gesture of hospitality.	مہماناں کوں مہمان نوازی دی نشانی دے طور تے چاہ پیش کیتی ویندی اے۔
Small businesses create employment opportunities.	نکیاں کاروبار روزگار دے موقعے پیدا کریندے نیں۔
Birds were chirping in the trees.	پنچھی رکھاں وچ چہچہا رہے ہن۔
Birds were chirping in the trees.	پنچھی رکھاں وچ چہچہا رہے ہن۔
Doctors work long hours to treat patients.	ڈاکٹر مریضاں دا علاج کرن کیتے لمبیاں گھڑیاں کم کریندے نیں۔
Cricket is a popular sport.	کرکٹ ہک مقبول کھیڈ اے۔
Train journeys offer scenic views.	ریل دے سفر منظراں دے نظارے پیش کریندے نیں۔
She received a scholarship to study medicine.	اوں طب دی تعلیم کیتے اسکالرشپ حاصل کیتی۔
She received a scholarship to study medicine.	اوں طب دی تعلیم کیتے اسکالرشپ حاصل کیتی۔
Agriculture remains the primary source of income.	زراعت آمدنی دا بنیادی ذریعہ رہندی اے۔
Spices add flavor to traditional dishes.	مصالحے روایتی کھاناں وچ ذائقہ ودیندے نیں۔
Small businesses create employment opportunities.	نکیاں کاروبار روزگار دے موقعے پیدا کریندے نیں۔
The river flows peacefully through the valley.	دریا وادی وچ پرامن طریقے نال وہندی اے۔
Tourism brings revenue to regions with historical sites.	سیاحت تاریخی تھانواں والے علاقیاں کوں آمدنی لیندی اے۔
Tea is served to guests as a gesture of hospitality.	مہماناں کوں مہمان نوازی دی نشانی دے طور تے چاہ پیش کیتی ویندی اے۔
Storytelling preserves culture and knowledge.	کہانی سناون ثقافت تے علم کوں محفوظ رکھیندے۔
Digital payments have made transactions faster.	ڈیجیٹل ادائیگیاں معاملات تیز کیتے نیں۔
Doctors recommend drinking plenty of water.	ڈاکٹر گھنے پانی پیون دی صلاح دیندے نیں۔
Birds were chirping in the trees.	پنچھی رکھاں وچ چہچہا رہے ہن۔
Storytelling preserves culture and knowledge.	کہانی سناون ثقافت تے علم کوں محفوظ رکھیندے۔
My grandmother told me stories.	میری دادی نے مینوں کہانیاں سنایاں۔
The internet connects people across continents.	انٹرنیٹ براعظماں وچ لوکاں کوں جوڑیندے۔
I woke up early this morning.	من اڄ صبح جلدی اٹھیا۔
Education opens doors to opportunities.	تعلیم موقعاں دے دروازے کولیندی اے۔
Agriculture remains the primary source of income.	زراعت آمدنی دا بنیادی ذریعہ رہندی اے۔
People celebrate festivals with great joy.	لوک ودی خوشی نال میلے منیندے نیں۔
The school organized a science fair.	سکول نے سائنس میلہ منظم کیتا۔
She cooked delicious biryani for the family.	اوں خاندان کیتے مزیدار بریانی پکائی۔
Online shopping has become popular.	آن لائن خریداری مقبول تھی گئی اے۔
Family members support each other during difficult times.	خاندان دے ممبر مشکل وختاں وچ ہک دوجھے دی مدد کریندے نیں۔
Sports teach teamwork and discipline.	کھیڈاں ٹیم ورک تے نظم و ضبط سکھیندیاں نیں۔
Storytelling preserves culture and knowledge.	کہانی سناون ثقافت تے علم کوں محفوظ رکھیندے۔
Clear communication prevents misunderstandings.	صاف رابطہ غلط فہمیاں کوں روکیندے۔
Reading books improves vocabulary.	کتاباں پڑھن ذخیرہ الفاظ بہتر بنیندے۔
Education opens doors to opportunities.	تعلیم موقعاں دے دروازے کولیندی اے۔
Sports teach teamwork and discipline.	کھیڈاں ٹیم ورک تے نظم و ضبط سکھیندیاں نیں۔
The internet connects people across continents.	انٹرنیٹ براعظماں وچ لوکاں کوں جوڑیندے۔
Smartphones have changed how people communicate.	اسمارٹ فوناں نے لوکاں دے رابطے دے طریقے کوں تبدیل کیتا اے۔
Respecting elders is an important value.	بزرگاں دا احترام ہک اہم قدر اے۔
The river flows peacefully through the valley.	دریا وادی وچ پرامن طریقے نال وہندی اے۔
The market was crowded with people.	بازار لوکاں نال بھریا ہویا ہا۔
We decided to visit the old temple.	اساں پرانے مندر دیکھن دا فیصلہ کیتا۔
Doctors work long hours to treat patients.	ڈاکٹر مریضاں دا علاج کرن کیتے لمبیاں گھڑیاں کم کریندے نیں۔
Tea is served to guests as a gesture of hospitality.	مہماناں کوں مہمان نوازی دی نشانی دے طور تے چاہ پیش کیتی ویندی اے۔
She walked slowly through the garden.	اوں باغ وچ آہستہ آہستہ ٹردی۔
Family members support each other during difficult times.	خاندان دے ممبر مشکل وختاں وچ ہک دوجھے دی مدد کریندے نیں۔
Children learn best when they are interested.	بچے بہترین سکھدے نیں جدوں اوہ دلچسپی رکھدے نیں۔
Clear communication prevents misunderstandings.	صاف رابطہ غلط فہمیاں کوں روکیندے۔
The wedding ceremony lasted three days.	شادی دی تقریب ترئے دینہہ چلی۔
The internet connects people across continents.	انٹرنیٹ براعظماں وچ لوکاں کوں جوڑیندے۔
Handicrafts showcase artistic traditions.	ہتھکاریاں فنکارانہ روایات دکھیندیاں نیں۔
Learning a new language requires practice.	نوی زبان سکھن کیتے مشق دی لوڑ اے۔
People celebrate festivals with great joy.	لوک ودی خوشی نال میلے منیندے نیں۔
Pollution in cities has become a serious problem.	شہراں وچ آلودگی ہک سنجیدہ مسئلہ بن گئی اے۔
The market was crowded with people.	بازار لوکاں نال بھریا ہویا ہا۔
The forest is home to many wild animals.	جنگل گھنے جنگلی جانوراں دا گھر اے۔
Children learn best when they are interested.	بچے بہترین سکھدے نیں جدوں اوہ دلچسپی رکھدے نیں۔
Parents sacrifice their own needs for children.	والدین بچیاں کیتے اپنیاں ضرورتاں قربان کریندے نیں۔
Sports teach teamwork and discipline.	کھیڈاں ٹیم ورک تے نظم و ضبط سکھیندیاں نیں۔
Doctors work long hours to treat patients.	ڈاکٹر مریضاں دا علاج کرن کیتے لمبیاں گھڑیاں کم کریندے نیں۔
Smartphones have changed how people communicate.	اسمارٹ فوناں نے لوکاں دے رابطے دے طریقے کوں تبدیل کیتا اے۔
We decided to visit the old temple.	اساں پرانے مندر دیکھن دا فیصلہ کیتا۔
The teacher explained the lesson patiently.	استاد صبر نال سبق سمجھایا۔
Farmers planted rice in the flooded fields.	کسان پانی والے کھیتراں وچ چاول پوکے۔
She received a scholarship to study medicine.	اوں طب دی تعلیم کیتے اسکالرشپ حاصل کیتی۔
Traditional music is important for our heritage.	روایتی موسیقی سادی ورثے کیتے اہم اے۔
Clear communication prevents misunderstandings.	صاف رابطہ غلط فہمیاں کوں روکیندے۔
The forest is home to many wild animals.	جنگل گھنے جنگلی جانوراں دا گھر اے۔
I woke up early this morning.	من اڄ صبح جلدی اٹھیا۔
Handicrafts showcase artistic traditions.	ہتھکاریاں فنکارانہ روایات دکھیندیاں نیں۔
Reading books improves vocabulary.	کتاباں پڑھن ذخیرہ الفاظ بہتر بنیندے۔
Doctors recommend drinking plenty of water.	ڈاکٹر گھنے پانی پیون دی صلاح دیندے نیں۔
She cooked delicious biryani for the family.	اوں خاندان کیتے مزیدار بریانی پکائی۔
She cooked delicious biryani for the family.	اوں خاندان کیتے مزیدار بریانی پکائی۔
After finishing his work, he sat down.	اپنا کم مکمل کرن دے بعد، او بیٹھ گیا۔
I woke up early this morning.	من اڄ صبح جلدی اٹھیا۔
She walked slowly through the garden.	اوں باغ وچ آہستہ آہستہ ٹردی۔
Cricket is a popular sport.	کرکٹ ہک مقبول کھیڈ اے۔
Doctors work long hours to treat patients.	ڈاکٹر مریضاں دا علاج کرن کیتے لمبیاں گھڑیاں کم کریندے نیں۔
Storytelling preserves culture and knowledge.	کہانی سناون ثقافت تے علم کوں محفوظ رکھیندے۔
Sports teach teamwork and discipline.	کھیڈاں ٹیم ورک تے نظم و ضبط سکھیندیاں نیں۔
Agriculture remains the primary source of income.	زراعت آمدنی دا بنیادی ذریعہ رہندی اے۔
Online shopping has become popular.	آن لائن خریداری مقبول تھی گئی اے۔
Farmers planted rice in the flooded fields.	کسان پانی والے کھیتراں وچ چاول پوکے۔
We decided to visit the old temple.	اساں پرانے مندر دیکھن دا فیصلہ کیتا۔
The market was crowded with people.	بازار لوکاں نال بھریا ہویا ہا۔
She walked slowly through the garden.	اوں باغ وچ آہستہ آہستہ ٹردی۔
Traditional music is important for our heritage.	روایتی موسیقی سادی ورثے کیتے اہم اے۔
The bus arrived late.	بس ڈیر نال پہنچی۔
My grandmother told me stories.	میری دادی نے مینوں کہانیاں سنایاں۔
Smartphones have changed how people communicate.	اسمارٹ فوناں نے لوکاں دے رابطے دے طریقے کوں تبدیل کیتا اے۔
Children were playing cricket in the street.	بچے سڑک تے کرکٹ کھیڈدے پئے ہن۔
Students gathered in the library.	طالب علم لائبریری وچ گڈے تھئے۔
Spices add flavor to traditional dishes.	مصالحے روایتی کھاناں وچ ذائقہ ودیندے نیں۔
The market was crowded with people.	بازار لوکاں نال بھریا ہویا ہا۔
Elderly people share wisdom and stories.	بزرگ لوک حکمت تے کہانیاں سانجھیاں کریندے نیں۔
Doctors work long hours to treat patients.	ڈاکٹر مریضاں دا علاج کرن کیتے لمبیاں گھڑیاں کم کریندے نیں۔
Tourism brings revenue to regions with historical sites.	سیاحت تاریخی تھانواں والے علاقیاں کوں آمدنی لیندی اے۔
Online shopping has become popular.	آن لائن خریداری مقبول تھی گئی اے۔
Parents sacrifice their own needs for children.	والدین بچیاں کیتے اپنیاں ضرورتاں قربان کریندے نیں۔
Doctors work long hours to treat patients.	ڈاکٹر مریضاں دا علاج کرن کیتے لمبیاں گھڑیاں کم کریندے نیں۔
Cricket is a popular sport.	کرکٹ ہک مقبول کھیڈ اے۔
Clear communication prevents misunderstandings.	صاف رابطہ غلط فہمیاں کوں روکیندے۔
Regular exercise helps maintain good health.	منظم ورزش چنگی صحت برقرار رکھن وچ مدد کریندی اے۔
Tourism brings revenue to regions with historical sites.	سیاحت تاریخی تھانواں والے علاقیاں کوں آمدنی لیندی اے۔
The wedding ceremony lasted three days.	شادی دی تقریب ترئے دینہہ چلی۔
Farmers wake up early to tend to crops.	کسان فصلاں دی سنبھال کیتے جلدی اٹھدے نیں۔
Cricket is a popular sport.	کرکٹ ہک مقبول کھیڈ اے۔
Pollution in cities has become a serious problem.	شہراں وچ آلودگی ہک سنجیدہ مسئلہ بن گئی اے۔
Storytelling preserves culture and knowledge.	کہانی سناون ثقافت تے علم کوں محفوظ رکھیندے۔
Storytelling preserves culture and knowledge.	کہانی سناون ثقافت تے علم کوں محفوظ رکھیندے۔
Learning a new language requires practice.	نوی زبان سکھن کیتے مشق دی لوڑ اے۔
The river flows peacefully through the valley.	دریا وادی وچ پرامن طریقے نال وہندی اے۔
Traditional music is important for our heritage.	روایتی موسیقی سادی ورثے کیتے اہم اے۔
My grandmother told me stories.	میری دادی نے مینوں کہانیاں سنایاں۔
Digital payments have made transactions faster.	ڈیجیٹل ادائیگیاں معاملات تیز کیتے نیں۔
People travel long distances to visit religious sites.	لوک مذہبی تھانواں دیکھن کیتے لمبیاں دوریاں طے کریندے نیں۔
Farmers planted rice in the flooded fields.	کسان پانی والے کھیتراں وچ چاول پوکے۔
The school organized a science fair.	سکول نے سائنس میلہ منظم کیتا۔
Traditional music is important for our heritage.	روایتی موسیقی سادی ورثے کیتے اہم اے۔
Regular exercise helps maintain good health.	منظم ورزش چنگی صحت برقرار رکھن وچ مدد کریندی اے۔
Online shopping has become popular.	آن لائن خریداری مقبول تھی گئی اے۔
The professor wrote equations on the blackboard.	پروفیسر تختے تے مساوات لکھیاں۔
Doctors work long hours to treat patients.	ڈاکٹر مریضاں دا علاج کرن کیتے لمبیاں گھڑیاں کم کریندے نیں۔
Traditional music is important for our heritage.	روایتی موسیقی سادی ورثے کیتے اہم اے۔
She received a scholarship to study medicine.	اوں طب دی تعلیم کیتے اسکالرشپ حاصل کیتی۔
She walked slowly through the garden.	اوں باغ وچ آہستہ آہستہ ٹردی۔
Parents sacrifice their own needs for children.	والدین بچیاں کیتے اپنیاں ضرورتاں قربان کریندے نیں۔
Storytelling preserves culture and knowledge.	کہانی سناون ثقافت تے علم کوں محفوظ رکھیندے۔
The bus arrived late.	بس ڈیر نال پہنچی۔
Elderly people share wisdom and stories.	بزرگ لوک حکمت تے کہانیاں سانجھیاں کریندے نیں۔
Small businesses create employment opportunities.	نکیاں کاروبار روزگار دے موقعے پیدا کریندے نیں۔
She cooked delicious biryani for the family.	اوں خاندان کیتے مزیدار بریانی پکائی۔
Doctors recommend drinking plenty of water.	ڈاکٹر گھنے پانی پیون دی صلاح دیندے نیں۔
People travel long distances to visit religious sites.	لوک مذہبی تھانواں دیکھن کیتے لمبیاں دوریاں طے کریندے نیں۔
She received a scholarship to study medicine.	اوں طب دی تعلیم کیتے اسکالرشپ حاصل کیتی۔
Eating fresh fruits provides essential vitamins.	تازہ پھل کھان ضروری وٹامن فراہم کریندے۔
Spices add flavor to traditional dishes.	مصالحے روایتی کھاناں وچ ذائقہ ودیندے نیں۔
She received a scholarship to study medicine.	اوں طب دی تعلیم کیتے اسکالرشپ حاصل کیتی۔
Birds were chirping in the trees.	پنچھی رکھاں وچ چہچہا رہے ہن۔
The river flows peacefully through the valley.	دریا وادی وچ پرامن طریقے نال وہندی اے۔
We decided to visit the old temple.	اساں پرانے مندر دیکھن دا فیصلہ کیتا۔
Farmers wake up early to tend to crops.	کسان فصلاں دی سنبھال کیتے جلدی اٹھدے نیں۔
The forest is home to many wild animals.	جنگل گھنے جنگلی جانوراں دا گھر اے۔
Traditional music is important for our heritage.	روایتی موسیقی سادی ورثے کیتے اہم اے۔
Eating fresh fruits provides essential vitamins.	تازہ پھل کھان ضروری وٹامن فراہم کریندے۔
Education opens doors to opportunities.	تعلیم موقعاں دے دروازے کولیندی اے۔
The river flows peacefully through the valley.	دریا وادی وچ پرامن طریقے نال وہندی اے۔
People travel long distances to visit religious sites.	لوک مذہبی تھانواں دیکھن کیتے لمبیاں دوریاں طے کریندے نیں۔
Eating fresh fruits provides essential vitamins.	تازہ پھل کھان ضروری وٹامن فراہم کریندے۔
Spices add flavor to traditional dishes.	مصالحے روایتی کھاناں وچ ذائقہ ودیندے نیں۔
Doctors work long hours to treat patients.	ڈاکٹر مریضاں دا علاج کرن کیتے لمبیاں گھڑیاں کم کریندے نیں۔
After finishing his work, he sat down.	اپنا کم مکمل کرن دے بعد، او بیٹھ گیا۔
She received a scholarship to study medicine.	اوں طب دی تعلیم کیتے اسکالرشپ حاصل کیتی۔
The wedding ceremony lasted three days.	شادی دی تقریب ترئے دینہہ چلی۔
She cooked delicious biryani for the family.	اوں خاندان کیتے مزیدار بریانی پکائی۔
People travel long distances to visit religious sites.	لوک مذہبی تھانواں دیکھن کیتے لمبیاں دوریاں طے کریندے نیں۔
She cooked delicious biryani for the family.	اوں خاندان کیتے مزیدار بریانی پکائی۔
She received a scholarship to study medicine.	اوں طب دی تعلیم کیتے اسکالرشپ حاصل کیتی۔
The professor wrote equations on the blackboard.	پروفیسر تختے تے مساوات لکھیاں۔
Tourism brings revenue to regions with historical sites.	سیاحت تاریخی تھانواں والے علاقیاں کوں آمدنی لیندی اے۔
Cooking together brings family members closer.	گڈے کھان پکاون خاندان دے ممبراں کوں نیڑے لیندے۔
Farmers wake up early to tend to crops.	کسان فصلاں دی سنبھال کیتے جلدی اٹھدے نیں۔
Children were playing cricket in the street.	بچے سڑک تے کرکٹ کھیڈدے پئے ہن۔
Sports teach teamwork and discipline.	کھیڈاں ٹیم ورک تے نظم و ضبط سکھیندیاں نیں۔
Children were playing cricket in the street.	بچے سڑک تے کرکٹ کھیڈدے پئے ہن۔
Doctors recommend drinking plenty of water.	ڈاکٹر گھنے پانی پیون دی صلاح دیندے نیں۔
The market was crowded with people.	بازار لوکاں نال بھریا ہویا ہا۔
Digital payments have made transactions faster.	ڈیجیٹل ادائیگیاں معاملات تیز کیتے نیں۔
Smartphones have changed how people communicate.	اسمارٹ فوناں نے لوکاں دے رابطے دے طریقے کوں تبدیل کیتا اے۔
She cooked delicious biryani for the family.	اوں خاندان کیتے مزیدار بریانی پکائی۔
People travel long distances to visit religious sites.	لوک مذہبی تھانواں دیکھن کیتے لمبیاں دوریاں طے کریندے نیں۔
Respecting elders is an important value.	بزرگاں دا احترام ہک اہم قدر اے۔
Family members support each other during difficult times.	خاندان دے ممبر مشکل وختاں وچ ہک دوجھے دی مدد کریندے نیں۔
Farmers wake up early to tend to crops.	کسان فصلاں دی سنبھال کیتے جلدی اٹھدے نیں۔
Tourism brings revenue to regions with historical sites.	سیاحت تاریخی تھانواں والے علاقیاں کوں آمدنی لیندی اے۔
She received a scholarship to study medicine.	اوں طب دی تعلیم کیتے اسکالرشپ حاصل کیتی۔
Learning a new language requires practice.	نوی زبان سکھن کیتے مشق دی لوڑ اے۔
Handicrafts showcase artistic traditions.	ہتھکاریاں فنکارانہ روایات دکھیندیاں نیں۔
Elderly people share wisdom and stories.	بزرگ لوک حکمت تے کہانیاں سانجھیاں کریندے نیں۔
Train journeys offer scenic views.	ریل دے سفر منظراں دے نظارے پیش کریندے نیں۔
Farmers wake up early to tend to crops.	کسان فصلاں دی سنبھال کیتے جلدی اٹھدے نیں۔
Farmers planted rice in the flooded fields.	کسان پانی والے کھیتراں وچ چاول پوکے۔
Cooking together brings family members closer.	گڈے کھان پکاون خاندان دے ممبراں کوں نیڑے لیندے۔
Elderly people share wisdom and stories.	بزرگ لوک حکمت تے کہانیاں سانجھیاں کریندے نیں۔
Small businesses create employment opportunities.	نکیاں کاروبار روزگار دے موقعے پیدا کریندے نیں۔
Reading books improves vocabulary.	کتاباں پڑھن ذخیرہ الفاظ بہتر بنیندے۔
She cooked delicious biryani for the family.	اوں خاندان کیتے مزیدار بریانی پکائی۔
Birds were chirping in the trees.	پنچھی رکھاں وچ چہچہا رہے ہن۔
Agriculture remains the primary source of income.	زراعت آمدنی دا بنیادی ذریعہ رہندی اے۔
The forest is home to many wild animals.	جنگل گھنے جنگلی جانوراں دا گھر اے۔
The river flows peacefully through the valley.	دریا وادی وچ پرامن طریقے نال وہندی اے۔
Farmers wake up early to tend to crops.	کسان فصلاں دی سنبھال کیتے جلدی اٹھدے نیں۔
My grandmother told me stories.	میری دادی نے مینوں کہانیاں سنایاں۔
People celebrate festivals with great joy.	لوک ودی خوشی نال میلے منیندے نیں۔
Tourism brings revenue to regions with historical sites.	سیاحت تاریخی تھانواں والے علاقیاں کوں آمدنی لیندی اے۔
Pollution in cities has become a serious problem.	شہراں وچ آلودگی ہک سنجیدہ مسئلہ بن گئی اے۔
Regular exercise helps maintain good health.	منظم ورزش چنگی صحت برقرار رکھن وچ مدد کریندی اے۔
Students gathered in the library.	طالب علم لائبریری وچ گڈے تھئے۔
I woke up early this morning.	من اڄ صبح جلدی اٹھیا۔
Spices add flavor to traditional dishes.	مصالحے روایتی کھاناں وچ ذائقہ ودیندے نیں۔
Students gathered in the library.	طالب علم لائبریری وچ گڈے تھئے۔
Doctors work long hours to treat patients.	ڈاکٹر مریضاں دا علاج کرن کیتے لمبیاں گھڑیاں کم کریندے نیں۔
Pollution in cities has become a serious problem.	شہراں وچ آلودگی ہک سنجیدہ مسئلہ بن گئی اے۔
Regular exercise helps maintain good health.	منظم ورزش چنگی صحت برقرار رکھن وچ مدد کریندی اے۔
Small businesses create employment opportunities.	نکیاں کاروبار روزگار دے موقعے پیدا کریندے نیں۔
She walked slowly through the garden.	اوں باغ وچ آہستہ آہستہ ٹردی۔
Students gathered in the library.	طالب علم لائبریری وچ گڈے تھئے۔
Train journeys offer scenic views.	ریل دے سفر منظراں دے نظارے پیش کریندے نیں۔
Family members support each other during difficult times.	خاندان دے ممبر مشکل وختاں وچ ہک دوجھے دی مدد کریندے نیں۔
Children were playing cricket in the street.	بچے سڑک تے کرکٹ کھیڈدے پئے ہن۔
Eating fresh fruits provides essential vitamins.	تازہ پھل کھان ضروری وٹامن فراہم کریندے۔
The river flows peacefully through the valley.	دریا وادی وچ پرامن طریقے نال وہندی اے۔
Birds were chirping in the trees.	پنچھی رکھاں وچ چہچہا رہے ہن۔
Farmers planted rice in the flooded fields.	کسان پانی والے کھیتراں وچ چاول پوکے۔
She received a scholarship to study medicine.	اوں طب دی تعلیم کیتے اسکالرشپ حاصل کیتی۔
Teachers shape young minds.	استاد نوجوان ذہناں کوں شکل دیندے نیں۔
Online shopping has become popular.	آن لائن خریداری مقبول تھی گئی اے۔
Cooking together brings family members closer.	گڈے کھان پکاون خاندان دے ممبراں کوں نیڑے لیندے۔
We decided to visit the old temple.	اساں پرانے مندر دیکھن دا فیصلہ کیتا۔
Children were playing cricket in the street.	بچے سڑک تے کرکٹ کھیڈدے پئے ہن۔
She cooked delicious biryani for the family.	اوں خاندان کیتے مزیدار بریانی پکائی۔
Storytelling preserves culture and knowledge.	کہانی سناون ثقافت تے علم کوں محفوظ رکھیندے۔
Eating fresh fruits provides essential vitamins.	تازہ پھل کھان ضروری وٹامن فراہم کریندے۔
Learning a new language requires practice.	نوی زبان سکھن کیتے مشق دی لوڑ اے۔
The internet connects people across continents.	انٹرنیٹ براعظماں وچ لوکاں کوں جوڑیندے۔
The wedding ceremony lasted three days.	شادی دی تقریب ترئے دینہہ چلی۔
Education opens doors to opportunities.	تعلیم موقعاں دے دروازے کولیندی اے۔
The wedding ceremony lasted three days.	شادی دی تقریب ترئے دینہہ چلی۔
Doctors recommend drinking plenty of water.	ڈاکٹر گھنے پانی پیون دی صلاح دیندے نیں۔
Small businesses create employment opportunities.	نکیاں کاروبار روزگار دے موقعے پیدا کریندے نیں۔
Elderly people share wisdom and stories.	بزرگ لوک حکمت تے کہانیاں سانجھیاں کریندے نیں۔
The school organized a science fair.	سکول نے سائنس میلہ منظم کیتا۔
Respecting elders is an important value.	بزرگاں دا احترام ہک اہم قدر اے۔
People travel long distances to visit religious sites.	لوک مذہبی تھانواں دیکھن کیتے لمبیاں دوریاں طے کریندے نیں۔
Clear communication prevents misunderstandings.	صاف رابطہ غلط فہمیاں کوں روکیندے۔
Digital payments have made transactions faster.	ڈیجیٹل ادائیگیاں معاملات تیز کیتے نیں۔
The market was crowded with people.	بازار لوکاں نال بھریا ہویا ہا۔
The wedding ceremony lasted three days.	شادی دی تقریب ترئے دینہہ چلی۔
We decided to visit the old temple.	اساں پرانے مندر دیکھن دا فیصلہ کیتا۔
Agriculture remains the primary source of income.	زراعت آمدنی دا بنیادی ذریعہ رہندی اے۔
Birds were chirping in the trees.	پنچھی رکھاں وچ چہچہا رہے ہن۔
Farmers planted rice in the flooded fields.	کسان پانی والے کھیتراں وچ چاول پوکے۔
Traditional music is important for our heritage.	روایتی موسیقی سادی ورثے کیتے اہم اے۔
Students gathered in the library.	طالب علم لائبریری وچ گڈے تھئے۔
Children learn best when they are interested.	بچے بہترین سکھدے نیں جدوں اوہ دلچسپی رکھدے نیں۔
She cooked delicious biryani for the family.	اوں خاندان کیتے مزیدار بریانی پکائی۔
Eating fresh fruits provides essential vitamins.	تازہ پھل کھان ضروری وٹامن فراہم کریندے۔
Regular exercise helps maintain good health.	منظم ورزش چنگی صحت برقرار رکھن وچ مدد کریندی اے۔
The wedding ceremony lasted three days.	شادی دی تقریب ترئے دینہہ چلی۔
People travel long distances to visit religious sites.	لوک مذہبی تھانواں دیکھن کیتے لمبیاں دوریاں طے کریندے نیں۔
The internet connects people across continents.	انٹرنیٹ براعظماں وچ لوکاں کوں جوڑیندے۔
Family members support each other during difficult times.	خاندان دے ممبر مشکل وختاں وچ ہک دوجھے دی مدد کریندے نیں۔
The internet connects people across continents.	انٹرنیٹ براعظماں وچ لوکاں کوں جوڑیندے۔
Tea is served to guests as a gesture of hospitality.	مہماناں کوں مہمان نوازی دی نشانی دے طور تے چاہ پیش کیتی ویندی اے۔
People celebrate festivals with great joy.	لوک ودی خوشی نال میلے منیندے نیں۔
Handicrafts showcase artistic traditions.	ہتھکاریاں فنکارانہ روایات دکھیندیاں نیں۔
Farmers planted rice in the flooded fields.	کسان پانی والے کھیتراں وچ چاول پوکے۔
Traditional music is important for our heritage.	روایتی موسیقی سادی ورثے کیتے اہم اے۔
After finishing his work, he sat down.	اپنا کم مکمل کرن دے بعد، او بیٹھ گیا۔
My grandmother told me stories.	میری دادی نے مینوں کہانیاں سنایاں۔
My grandmother told me stories.	میری دادی نے مینوں کہانیاں سنایاں۔
Agriculture remains the primary source of income.	زراعت آمدنی دا بنیادی ذریعہ رہندی اے۔
People celebrate festivals with great joy.	لوک ودی خوشی نال میلے منیندے نیں۔
Storytelling preserves culture and knowledge.	کہانی سناون ثقافت تے علم کوں محفوظ رکھیندے۔
I woke up early this morning.	من اڄ صبح جلدی اٹھیا۔
Online shopping has become popular.	آن لائن خریداری مقبول تھی گئی اے۔
I woke up early this morning.	من اڄ صبح جلدی اٹھیا۔
Farmers planted rice in the flooded fields.	کسان پانی والے کھیتراں وچ چاول پوکے۔
Eating fresh fruits provides essential vitamins.	تازہ پھل کھان ضروری وٹامن فراہم کریندے۔
Cooking together brings family members closer.	گڈے کھان پکاون خاندان دے ممبراں کوں نیڑے لیندے۔
The river flows peacefully through the valley.	دریا وادی وچ پرامن طریقے نال وہندی اے۔
Pollution in cities has become a serious problem.	شہراں وچ آلودگی ہک سنجیدہ مسئلہ بن گئی اے۔
Farmers planted rice in the flooded fields.	کسان پانی والے کھیتراں وچ چاول پوکے۔
My grandmother told me stories.	میری دادی نے مینوں کہانیاں سنایاں۔
The market was crowded with people.	بازار لوکاں نال بھریا ہویا ہا۔
We decided to visit the old temple.	اساں پرانے مندر دیکھن دا فیصلہ کیتا۔
I woke up early this morning.	من اڄ صبح جلدی اٹھیا۔
Agriculture remains the primary source of income.	زراعت آمدنی دا بنیادی ذریعہ رہندی اے۔
She received a scholarship to study medicine.	اوں طب دی تعلیم کیتے اسکالرشپ حاصل کیتی۔
Handicrafts showcase artistic traditions.	ہتھکاریاں فنکارانہ روایات دکھیندیاں نیں۔
People travel long distances to visit religious sites.	لوک مذہبی تھانواں دیکھن کیتے لمبیاں دوریاں طے کریندے نیں۔
Eating fresh fruits provides essential vitamins.	تازہ پھل کھان ضروری وٹامن فراہم کریندے۔
The forest is home to many wild animals.	جنگل گھنے جنگلی جانوراں دا گھر اے۔
After finishing his work, he sat down.	اپنا کم مکمل کرن دے بعد، او بیٹھ گیا۔
Elderly people share wisdom and stories.	بزرگ لوک حکمت تے کہانیاں سانجھیاں کریندے نیں۔
Smartphones have changed how people communicate.	اسمارٹ فوناں نے لوکاں دے رابطے دے طریقے کوں تبدیل کیتا اے۔
Handicrafts showcase artistic traditions.	ہتھکاریاں فنکارانہ روایات دکھیندیاں نیں۔
Agriculture remains the primary source of income.	زراعت آمدنی دا بنیادی ذریعہ رہندی اے۔
Agriculture remains the primary source of income.	زراعت آمدنی دا بنیادی ذریعہ رہندی اے۔
Handicrafts showcase artistic traditions.	ہتھکاریاں فنکارانہ روایات دکھیندیاں نیں۔
Doctors work long hours to treat patients.	ڈاکٹر مریضاں دا علاج کرن کیتے لمبیاں گھڑیاں کم کریندے نیں۔
The internet connects people across continents.	انٹرنیٹ براعظماں وچ لوکاں کوں جوڑیندے۔
Cricket is a popular sport.	کرکٹ ہک مقبول کھیڈ اے۔
Birds were chirping in the trees.	پنچھی رکھاں وچ چہچہا رہے ہن۔
Cricket is a popular sport.	کرکٹ ہک مقبول کھیڈ اے۔
Pollution in cities has become a serious problem.	شہراں وچ آلودگی ہک سنجیدہ مسئلہ بن گئی اے۔
Traditional music is important for our heritage.	روایتی موسیقی سادی ورثے کیتے اہم اے۔
The wedding ceremony lasted three days.	شادی دی تقریب ترئے دینہہ چلی۔
Respecting elders is an important value.	بزرگاں دا احترام ہک اہم قدر اے۔
Eating fresh fruits provides essential vitamins.	تازہ پھل کھان ضروری وٹامن فراہم کریندے۔
Reading books improves vocabulary.	کتاباں پڑھن ذخیرہ الفاظ بہتر بنیندے۔
Regular exercise helps maintain good health.	منظم ورزش چنگی صحت برقرار رکھن وچ مدد کریندی اے۔
Tourism brings revenue to regions with historical sites.	سیاحت تاریخی تھانواں والے علاقیاں کوں آمدنی لیندی اے۔
Family members support each other during difficult times.	خاندان دے ممبر مشکل وختاں وچ ہک دوجھے دی مدد کریندے نیں۔
Students gathered in the library.	طالب علم لائبریری وچ گڈے تھئے۔
Parents sacrifice their own needs for children.	والدین بچیاں کیتے اپنیاں ضرورتاں قربان کریندے نیں۔
Eating fresh fruits provides essential vitamins.	تازہ پھل کھان ضروری وٹامن فراہم کریندے۔
Regular exercise helps maintain good health.	منظم ورزش چنگی صحت برقرار رکھن وچ مدد کریندی اے۔
Children learn best when they are interested.	بچے بہترین سکھدے نیں جدوں اوہ دلچسپی رکھدے نیں۔
Train journeys offer scenic views.	ریل دے سفر منظراں دے نظارے پیش کریندے نیں۔
Students gathered in the library.	طالب علم لائبریری وچ گڈے تھئے۔
Train journeys offer scenic views.	ریل دے سفر منظراں دے نظارے پیش کریندے نیں۔
After finishing his work, he sat down.	اپنا کم مکمل کرن دے بعد، او بیٹھ گیا۔
Parents sacrifice their own needs for children.	والدین بچیاں کیتے اپنیاں ضرورتاں قربان کریندے نیں۔
People travel long distances to visit religious sites.	لوک مذہبی تھانواں دیکھن کیتے لمبیاں دوریاں طے کریندے نیں۔
Respecting elders is an important value.	بزرگاں دا احترام ہک اہم قدر اے۔
The market was crowded with people.	بازار لوکاں نال بھریا ہویا ہا۔
The forest is home to many wild animals.	جنگل گھنے جنگلی جانوراں دا گھر اے۔
Farmers planted rice in the flooded fields.	کسان پانی والے کھیتراں وچ چاول پوکے۔
Elderly people share wisdom and stories.	بزرگ لوک حکمت تے کہانیاں سانجھیاں کریندے نیں۔
She walked slowly through the garden.	اوں باغ وچ آہستہ آہستہ ٹردی۔
Regular exercise helps maintain good health.	منظم ورزش چنگی صحت برقرار رکھن وچ مدد کریندی اے۔
We decided to visit the old temple.	اساں پرانے مندر دیکھن دا فیصلہ کیتا۔
She cooked delicious biryani for the family.	اوں خاندان کیتے مزیدار بریانی پکائی۔
After finishing his work, he sat down.	اپنا کم مکمل کرن دے بعد، او بیٹھ گیا۔
Agriculture remains the primary source of income.	زراعت آمدنی دا بنیادی ذریعہ رہندی اے۔
The internet connects people across continents.	انٹرنیٹ براعظماں وچ لوکاں کوں جوڑیندے۔
The forest is home to many wild animals.	جنگل گھنے جنگلی جانوراں دا گھر اے۔
Children were playing cricket in the street.	بچے سڑک تے کرکٹ کھیڈدے پئے ہن۔
Doctors recommend drinking plenty of water.	ڈاکٹر گھنے پانی پیون دی صلاح دیندے نیں۔
Regular exercise helps maintain good health.	منظم ورزش چنگی صحت برقرار رکھن وچ مدد کریندی اے۔
Teachers shape young minds.	استاد نوجوان ذہناں کوں شکل دیندے نیں۔
Online shopping has become popular.	آن لائن خریداری مقبول تھی گئی اے۔
Small businesses create employment opportunities.	نکیاں کاروبار روزگار دے موقعے پیدا کریندے نیں۔
Spices add flavor to traditional dishes.	مصالحے روایتی کھاناں وچ ذائقہ ودیندے نیں۔
Farmers wake up early to tend to crops.	کسان فصلاں دی سنبھال کیتے جلدی اٹھدے نیں۔
The professor wrote equations on the blackboard.	پروفیسر تختے تے مساوات لکھیاں۔
After finishing his work, he sat down.	اپنا کم مکمل کرن دے بعد، او بیٹھ گیا۔
Handicrafts showcase artistic traditions.	ہتھکاریاں فنکارانہ روایات دکھیندیاں نیں۔
Clear communication prevents misunderstandings.	صاف رابطہ غلط فہمیاں کوں روکیندے۔
The bus arrived late.	بس ڈیر نال پہنچی۔
The forest is home to many wild animals.	جنگل گھنے جنگلی جانوراں دا گھر اے۔
Digital payments have made transactions faster.	ڈیجیٹل ادائیگیاں معاملات تیز کیتے نیں۔
People travel long distances to visit religious sites.	لوک مذہبی تھانواں دیکھن کیتے لمبیاں دوریاں طے کریندے نیں۔
Traditional music is important for our heritage.	روایتی موسیقی سادی ورثے کیتے اہم اے۔
The school organized a science fair.	سکول نے سائنس میلہ منظم کیتا۔
The wedding ceremony lasted three days.	شادی دی تقریب ترئے دینہہ چلی۔
Regular exercise helps maintain good health.	منظم ورزش چنگی صحت برقرار رکھن وچ مدد کریندی اے۔
Family members support each other during difficult times.	خاندان دے ممبر مشکل وختاں وچ ہک دوجھے دی مدد کریندے نیں۔
Doctors recommend drinking plenty of water.	ڈاکٹر گھنے پانی پیون دی صلاح دیندے نیں۔
Children were playing cricket in the street.	بچے سڑک تے کرکٹ کھیڈدے پئے ہن۔
Birds were chirping in the trees.	پنچھی رکھاں وچ چہچہا رہے ہن۔
Teachers shape young minds.	استاد نوجوان ذہناں کوں شکل دیندے نیں۔
People travel long distances to visit religious sites.	لوک مذہبی تھانواں دیکھن کیتے لمبیاں دوریاں طے کریندے نیں۔
Cricket is a popular sport.	کرکٹ ہک مقبول کھیڈ اے۔
The river flows peacefully through the valley.	دریا وادی وچ پرامن طریقے نال وہندی اے۔
Regular exercise helps maintain good health.	منظم ورزش چنگی صحت برقرار رکھن وچ مدد کریندی اے۔
She received a scholarship to study medicine.	اوں طب دی تعلیم کیتے اسکالرشپ حاصل کیتی۔
Teachers shape young minds.	استاد نوجوان ذہناں کوں شکل دیندے نیں۔
Storytelling preserves culture and knowledge.	کہانی سناون ثقافت تے علم کوں محفوظ رکھیندے۔
The internet connects people across continents.	انٹرنیٹ براعظماں وچ لوکاں کوں جوڑیندے۔
Handicrafts showcase artistic traditions.	ہتھکاریاں فنکارانہ روایات دکھیندیاں نیں۔
Children learn best when they are interested.	بچے بہترین سکھدے نیں جدوں اوہ دلچسپی رکھدے نیں۔
We decided to visit the old temple.	اساں پرانے مندر دیکھن دا فیصلہ کیتا۔
Learning a new language requires practice.	نوی زبان سکھن کیتے مشق دی لوڑ اے۔
She walked slowly through the garden.	اوں باغ وچ آہستہ آہستہ ٹردی۔
Online shopping has become popular.	آن لائن خریداری مقبول تھی گئی اے۔
Online shopping has become popular.	آن لائن خریداری مقبول تھی گئی اے۔
Respecting elders is an important value.	بزرگاں دا احترام ہک اہم قدر اے۔
The bus arrived late.	بس ڈیر نال پہنچی۔
Spices add flavor to traditional dishes.	مصالحے روایتی کھاناں وچ ذائقہ ودیندے نیں۔
People celebrate festivals with great joy.	لوک ودی خوشی نال میلے منیندے نیں۔
People celebrate festivals with great joy.	لوک ودی خوشی نال میلے منیندے نیں۔
Respecting elders is an important value.	بزرگاں دا احترام ہک اہم قدر اے۔
The teacher explained the lesson patiently.	استاد صبر نال سبق سمجھایا۔
The teacher explained the lesson patiently.	استاد صبر نال سبق سمجھایا۔
Teachers shape young minds.	استاد نوجوان ذہناں کوں شکل دیندے نیں۔
Farmers planted rice in the flooded fields.	کسان پانی والے کھیتراں وچ چاول پوکے۔
Doctors work long hours to treat patients.	ڈاکٹر مریضاں دا علاج کرن کیتے لمبیاں گھڑیاں کم کریندے نیں۔
Learning a new language requires practice.	نوی زبان سکھن کیتے مشق دی لوڑ اے۔
Farmers planted rice in the flooded fields.	کسان پانی والے کھیتراں وچ چاول پوکے۔
Elderly people share wisdom and stories.	بزرگ لوک حکمت تے کہانیاں سانجھیاں کریندے نیں۔
Students gathered in the library.	طالب علم لائبریری وچ گڈے تھئے۔
Students gathered in the library.	طالب علم لائبریری وچ گڈے تھئے۔
Doctors work long hours to treat patients.	ڈاکٹر مریضاں دا علاج کرن کیتے لمبیاں گھڑیاں کم کریندے نیں۔
She received a scholarship to study medicine.	اوں طب دی تعلیم کیتے اسکالرشپ حاصل کیتی۔
Children learn best when they are interested.	بچے بہترین سکھدے نیں جدوں اوہ دلچسپی رکھدے نیں۔
Cooking together brings family members closer.	گڈے کھان پکاون خاندان دے ممبراں کوں نیڑے لیندے۔
Regular exercise helps maintain good health.	منظم ورزش چنگی صحت برقرار رکھن وچ مدد کریندی اے۔
Regular exercise helps maintain good health.	منظم ورزش چنگی صحت برقرار رکھن وچ مدد کریندی اے۔
She cooked delicious biryani for the family.	اوں خاندان کیتے مزیدار بریانی پکائی۔
The professor wrote equations on the blackboard.	پروفیسر تختے تے مساوات لکھیاں۔
Regular exercise helps maintain good health.	منظم ورزش چنگی صحت برقرار رکھن وچ مدد کریندی اے۔
Children learn best when they are interested.	بچے بہترین سکھدے نیں جدوں اوہ دلچسپی رکھدے نیں۔
Handicrafts showcase artistic traditions.	ہتھکاریاں فنکارانہ روایات دکھیندیاں نیں۔
Farmers planted rice in the flooded fields.	کسان پانی والے کھیتراں وچ چاول پوکے۔
Birds were chirping in the trees.	پنچھی رکھاں وچ چہچہا رہے ہن۔
She received a scholarship to study medicine.	اوں طب دی تعلیم کیتے اسکالرشپ حاصل کیتی۔
The internet connects people across continents.	انٹرنیٹ براعظماں وچ لوکاں کوں جوڑیندے۔
She cooked delicious biryani for the family.	اوں خاندان کیتے مزیدار بریانی پکائی۔
Education opens doors to opportunities.	تعلیم موقعاں دے دروازے کولیندی اے۔
Reading books improves vocabulary.	کتاباں پڑھن ذخیرہ الفاظ بہتر بنیندے۔
People travel long distances to visit religious sites.	لوک مذہبی تھانواں دیکھن کیتے لمبیاں دوریاں طے کریندے نیں۔
We decided to visit the old temple.	اساں پرانے مندر دیکھن دا فیصلہ کیتا۔
Parents sacrifice their own needs for children.	والدین بچیاں کیتے اپنیاں ضرورتاں قربان کریندے نیں۔
Handicrafts showcase artistic traditions.	ہتھکاریاں فنکارانہ روایات دکھیندیاں نیں۔
I woke up early this morning.	من اڄ صبح جلدی اٹھیا۔
Agriculture remains the primary source of income.	زراعت آمدنی دا بنیادی ذریعہ رہندی اے۔
Tea is served to guests as a gesture of hospitality.	مہماناں کوں مہمان نوازی دی نشانی دے طور تے چاہ پیش کیتی ویندی اے۔
Tea is served to guests as a gesture of hospitality.	مہماناں کوں مہمان نوازی دی نشانی دے طور تے چاہ پیش کیتی ویندی اے۔
The professor wrote equations on the blackboard.	پروفیسر تختے تے مساوات لکھیاں۔
Sports teach teamwork and discipline.	کھیڈاں ٹیم ورک تے نظم و ضبط سکھیندیاں نیں۔
Tourism brings revenue to regions with historical sites.	سیاحت تاریخی تھانواں والے علاقیاں کوں آمدنی لیندی اے۔
Pollution in cities has become a serious problem.	شہراں وچ آلودگی ہک سنجیدہ مسئلہ بن گئی اے۔
The professor wrote equations on the blackboard.	پروفیسر تختے تے مساوات لکھیاں۔
Children were playing cricket in the street.	بچے سڑک تے کرکٹ کھیڈدے پئے ہن۔
Traditional music is important for our heritage.	روایتی موسیقی سادی ورثے کیتے اہم اے۔
The forest is home to many wild animals.	جنگل گھنے جنگلی جانوراں دا گھر اے۔
The wedding ceremony lasted three days.	شادی دی تقریب ترئے دینہہ چلی۔
Tea is served to guests as a gesture of hospitality.	مہماناں کوں مہمان نوازی دی نشانی دے طور تے چاہ پیش کیتی ویندی اے۔
My grandmother told me stories.	میری دادی نے مینوں کہانیاں سنایاں۔
The bus arrived late.	بس ڈیر نال پہنچی۔
Spices add flavor to traditional dishes.	مصالحے روایتی کھاناں وچ ذائقہ ودیندے نیں۔
Digital payments have made transactions faster.	ڈیجیٹل ادائیگیاں معاملات تیز کیتے نیں۔
Parents sacrifice their own needs for children.	والدین بچیاں کیتے اپنیاں ضرورتاں قربان کریندے نیں۔
Spices add flavor to traditional dishes.	مصالحے روایتی کھاناں وچ ذائقہ ودیندے نیں۔
Students gathered in the library.	طالب علم لائبریری وچ گڈے تھئے۔
She walked slowly through the garden.	اوں باغ وچ آہستہ آہستہ ٹردی۔
Clear communication prevents misunderstandings.	صاف رابطہ غلط فہمیاں کوں روکیندے۔
Train journeys offer scenic views.	ریل دے سفر منظراں دے نظارے پیش کریندے نیں۔
Handicrafts showcase artistic traditions.	ہتھکاریاں فنکارانہ روایات دکھیندیاں نیں۔
Storytelling preserves culture and knowledge.	کہانی سناون ثقافت تے علم کوں محفوظ رکھیندے۔
The school organized a science fair.	سکول نے سائنس میلہ منظم کیتا۔
She received a scholarship to study medicine.	اوں طب دی تعلیم کیتے اسکالرشپ حاصل کیتی۔
The school organized a science fair.	سکول نے سائنس میلہ منظم کیتا۔
She cooked delicious biryani for the family.	اوں خاندان کیتے مزیدار بریانی پکائی۔
Sports teach teamwork and discipline.	کھیڈاں ٹیم ورک تے نظم و ضبط سکھیندیاں نیں۔
Digital payments have made transactions faster.	ڈیجیٹل ادائیگیاں معاملات تیز کیتے نیں۔
Learning a new language requires practice.	نوی زبان سکھن کیتے مشق دی لوڑ اے۔
Doctors work long hours to treat patients.	ڈاکٹر مریضاں دا علاج کرن کیتے لمبیاں گھڑیاں کم کریندے نیں۔
Handicrafts showcase artistic traditions.	ہتھکاریاں فنکارانہ روایات دکھیندیاں نیں۔
Elderly people share wisdom and stories.	بزرگ لوک حکمت تے کہانیاں سانجھیاں کریندے نیں۔
Online shopping has become popular.	آن لائن خریداری مقبول تھی گئی اے۔
We decided to visit the old temple.	اساں پرانے مندر دیکھن دا فیصلہ کیتا۔
Cricket is a popular sport.	کرکٹ ہک مقبول کھیڈ اے۔
Eating fresh fruits provides essential vitamins.	تازہ پھل کھان ضروری وٹامن فراہم کریندے۔
Pollution in cities has become a serious problem.	شہراں وچ آلودگی ہک سنجیدہ مسئلہ بن گئی اے۔
Train journeys offer scenic views.	ریل دے سفر منظراں دے نظارے پیش کریندے نیں۔
The wedding ceremony lasted three days.	شادی دی تقریب ترئے دینہہ چلی۔
Regular exercise helps maintain good health.	منظم ورزش چنگی صحت برقرار رکھن وچ مدد کریندی اے۔
Teachers shape young minds.	استاد نوجوان ذہناں کوں شکل دیندے نیں۔
Doctors recommend drinking plenty of water.	ڈاکٹر گھنے پانی پیون دی صلاح دیندے نیں۔
My grandmother told me stories.	میری دادی نے مینوں کہانیاں سنایاں۔
I woke up early this morning.	من اڄ صبح جلدی اٹھیا۔
Students gathered in the library.	طالب علم لائبریری وچ گڈے تھئے۔
Clear communication prevents misunderstandings.	صاف رابطہ غلط فہمیاں کوں روکیندے۔
Children were playing cricket in the street.	بچے سڑک تے کرکٹ کھیڈدے پئے ہن۔
Traditional music is important for our heritage.	روایتی موسیقی سادی ورثے کیتے اہم اے۔
Family members support each other during difficult times.	خاندان دے ممبر مشکل وختاں وچ ہک دوجھے دی مدد کریندے نیں۔
People celebrate festivals with great joy.	لوک ودی خوشی نال میلے منیندے نیں۔
Teachers shape young minds.	استاد نوجوان ذہناں کوں شکل دیندے نیں۔
Students gathered in the library.	طالب علم لائبریری وچ گڈے تھئے۔
Parents sacrifice their own needs for children.	والدین بچیاں کیتے اپنیاں ضرورتاں قربان کریندے نیں۔
Smartphones have changed how people communicate.	اسمارٹ فوناں نے لوکاں دے رابطے دے طریقے کوں تبدیل کیتا اے۔
The internet connects people across continents.	انٹرنیٹ براعظماں وچ لوکاں کوں جوڑیندے۔
Farmers wake up early to tend to crops.	کسان فصلاں دی سنبھال کیتے جلدی اٹھدے نیں۔
The internet connects people across continents.	انٹرنیٹ براعظماں وچ لوکاں کوں جوڑیندے۔
Birds were chirping in the trees.	پنچھی رکھاں وچ چہچہا رہے ہن۔
Online shopping has become popular.	آن لائن خریداری مقبول تھی گئی اے۔
Sports teach teamwork and discipline.	کھیڈاں ٹیم ورک تے نظم و ضبط سکھیندیاں نیں۔
The professor wrote equations on the blackboard.	پروفیسر تختے تے مساوات لکھیاں۔
Pollution in cities has become a serious problem.	شہراں وچ آلودگی ہک سنجیدہ مسئلہ بن گئی اے۔
Agriculture remains the primary source of income.	زراعت آمدنی دا بنیادی ذریعہ رہندی اے۔
Train journeys offer scenic views.	ریل دے سفر منظراں دے نظارے پیش کریندے نیں۔
Traditional music is important for our heritage.	روایتی موسیقی سادی ورثے کیتے اہم اے۔
Farmers wake up early to tend to crops.	کسان فصلاں دی سنبھال کیتے جلدی اٹھدے نیں۔
Children were playing cricket in the street.	بچے سڑک تے کرکٹ کھیڈدے پئے ہن۔
I woke up early this morning.	من اڄ صبح جلدی اٹھیا۔
Children learn best when they are interested.	بچے بہترین سکھدے نیں جدوں اوہ دلچسپی رکھدے نیں۔
Digital payments have made transactions faster.	ڈیجیٹل ادائیگیاں معاملات تیز کیتے نیں۔
Farmers wake up early to tend to crops.	کسان فصلاں دی سنبھال کیتے جلدی اٹھدے نیں۔
Regular exercise helps maintain good health.	منظم ورزش چنگی صحت برقرار رکھن وچ مدد کریندی اے۔
Spices add flavor to traditional dishes.	مصالحے روایتی کھاناں وچ ذائقہ ودیندے نیں۔
The bus arrived late.	بس ڈیر نال پہنچی۔
The professor wrote equations on the blackboard.	پروفیسر تختے تے مساوات لکھیاں۔
Train journeys offer scenic views.	ریل دے سفر منظراں دے نظارے پیش کریندے نیں۔
Tea is served to guests as a gesture of hospitality.	مہماناں کوں مہمان نوازی دی نشانی دے طور تے چاہ پیش کیتی ویندی اے۔
Respecting elders is an important value.	بزرگاں دا احترام ہک اہم قدر اے۔
She walked slowly through the garden.	اوں باغ وچ آہستہ آہستہ ٹردی۔
The river flows peacefully through the valley.	دریا وادی وچ پرامن طریقے نال وہندی اے۔
Train journeys offer scenic views.	ریل دے سفر منظراں دے نظارے پیش کریندے نیں۔
The school organized a science fair.	سکول نے سائنس میلہ منظم کیتا۔
Children learn best when they are interested.	بچے بہترین سکھدے نیں جدوں اوہ دلچسپی رکھدے نیں۔
The professor wrote equations on the blackboard.	پروفیسر تختے تے مساوات لکھیاں۔
The wedding ceremony lasted three days.	شادی دی تقریب ترئے دینہہ چلی۔
Farmers wake up early to tend to crops.	کسان فصلاں دی سنبھال کیتے جلدی اٹھدے نیں۔
Online shopping has become popular.	آن لائن خریداری مقبول تھی گئی اے۔
Elderly people share wisdom and stories.	بزرگ لوک حکمت تے کہانیاں سانجھیاں کریندے نیں۔
Teachers shape young minds.	استاد نوجوان ذہناں کوں شکل دیندے نیں۔
Farmers wake up early to tend to crops.	کسان فصلاں دی سنبھال کیتے جلدی اٹھدے نیں۔
Respecting elders is an important value.	بزرگاں دا احترام ہک اہم قدر اے۔
The market was crowded with people.	بازار لوکاں نال بھریا ہویا ہا۔
Farmers planted rice in the flooded fields.	کسان پانی والے کھیتراں وچ چاول پوکے۔
Children learn best when they are interested.	بچے بہترین سکھدے نیں جدوں اوہ دلچسپی رکھدے نیں۔
Family members support each other during difficult times.	خاندان دے ممبر مشکل وختاں وچ ہک دوجھے دی مدد کریندے نیں۔
Pollution in cities has become a serious problem.	شہراں وچ آلودگی ہک سنجیدہ مسئلہ بن گئی اے۔
Traditional music is important for our heritage.	روایتی موسیقی سادی ورثے کیتے اہم اے۔
Farmers wake up early to tend to crops.	کسان فصلاں دی سنبھال کیتے جلدی اٹھدے نیں۔
My grandmother told me stories.	میری دادی نے مینوں کہانیاں سنایاں۔
Eating fresh fruits provides essential vitamins.	تازہ پھل کھان ضروری وٹامن فراہم کریندے۔
Learning a new language requires practice.	نوی زبان سکھن کیتے مشق دی لوڑ اے۔
Clear communication prevents misunderstandings.	صاف رابطہ غلط فہمیاں کوں روکیندے۔
The school organized a science fair.	سکول نے سائنس میلہ منظم کیتا۔
Reading books improves vocabulary.	کتاباں پڑھن ذخیرہ الفاظ بہتر بنیندے۔
After finishing his work, he sat down.	اپنا کم مکمل کرن دے بعد، او بیٹھ گیا۔
Doctors work long hours to treat patients.	ڈاکٹر مریضاں دا علاج کرن کیتے لمبیاں گھڑیاں کم کریندے نیں۔
She cooked delicious biryani for the family.	اوں خاندان کیتے مزیدار بریانی پکائی۔
She walked slowly through the garden.	اوں باغ وچ آہستہ آہستہ ٹردی۔
Traditional music is important for our heritage.	روایتی موسیقی سادی ورثے کیتے اہم اے۔
Reading books improves vocabulary.	کتاباں پڑھن ذخیرہ الفاظ بہتر بنیندے۔
She received a scholarship to study medicine.	اوں طب دی تعلیم کیتے اسکالرشپ حاصل کیتی۔
Elderly people share wisdom and stories.	بزرگ لوک حکمت تے کہانیاں سانجھیاں کریندے نیں۔
Farmers planted rice in the flooded fields.	کسان پانی والے کھیتراں وچ چاول پوکے۔
Parents sacrifice their own needs for children.	والدین بچیاں کیتے اپنیاں ضرورتاں قربان کریندے نیں۔
Handicrafts showcase artistic traditions.	ہتھکاریاں فنکارانہ روایات دکھیندیاں نیں۔
Parents sacrifice their own needs for children.	والدین بچیاں کیتے اپنیاں ضرورتاں قربان کریندے نیں۔
The market was crowded with people.	بازار لوکاں نال بھریا ہویا ہا۔
Birds were chirping in the trees.	پنچھی رکھاں وچ چہچہا رہے ہن۔
Farmers wake up early to tend to crops.	کسان فصلاں دی سنبھال کیتے جلدی اٹھدے نیں۔
Family members support each other during difficult times.	خاندان دے ممبر مشکل وختاں وچ ہک دوجھے دی مدد کریندے نیں۔
The bus arrived late.	بس ڈیر نال پہنچی۔
Elderly people share wisdom and stories.	بزرگ لوک حکمت تے کہانیاں سانجھیاں کریندے نیں۔
Reading books improves vocabulary.	کتاباں پڑھن ذخیرہ الفاظ بہتر بنیندے۔
Children were playing cricket in the street.	بچے سڑک تے کرکٹ کھیڈدے پئے ہن۔
Agriculture remains the primary source of income.	زراعت آمدنی دا بنیادی ذریعہ رہندی اے۔
Respecting elders is an important value.	بزرگاں دا احترام ہک اہم قدر اے۔
Children were playing cricket in the street.	بچے سڑک تے کرکٹ کھیڈدے پئے ہن۔
The market was crowded with people.	بازار لوکاں نال بھریا ہویا ہا۔
Students gathered in the library.	طالب علم لائبریری وچ گڈے تھئے۔
The professor wrote equations on the blackboard.	پروفیسر تختے تے مساوات لکھیاں۔
My grandmother told me stories.	میری دادی نے مینوں کہانیاں سنایاں۔
She cooked delicious biryani for the family.	اوں خاندان کیتے مزیدار بریانی پکائی۔
Farmers wake up early to tend to crops.	کسان فصلاں دی سنبھال کیتے جلدی اٹھدے نیں۔
People celebrate festivals with great joy.	لوک ودی خوشی نال میلے منیندے نیں۔
Cricket is a popular sport.	کرکٹ ہک مقبول کھیڈ اے۔
Small businesses create employment opportunities.	نکیاں کاروبار روزگار دے موقعے پیدا کریندے نیں۔
Eating fresh fruits provides essential vitamins.	تازہ پھل کھان ضروری وٹامن فراہم کریندے۔
Digital payments have made transactions faster.	ڈیجیٹل ادائیگیاں معاملات تیز کیتے نیں۔
We decided to visit the old temple.	اساں پرانے مندر دیکھن دا فیصلہ کیتا۔
Birds were chirping in the trees.	پنچھی رکھاں وچ چہچہا رہے ہن۔
The bus arrived late.	بس ڈیر نال پہنچی۔
Students gathered in the library.	طالب علم لائبریری وچ گڈے تھئے۔
Online shopping has become popular.	آن لائن خریداری مقبول تھی گئی اے۔
The river flows peacefully through the valley.	دریا وادی وچ پرامن طریقے نال وہندی اے۔
The wedding ceremony lasted three days.	شادی دی تقریب ترئے دینہہ چلی۔
She walked slowly through the garden.	اوں باغ وچ آہستہ آہستہ ٹردی۔
My grandmother told me stories.	میری دادی نے مینوں کہانیاں سنایاں۔
Pollution in cities has become a serious problem.	شہراں وچ آلودگی ہک سنجیدہ مسئلہ بن گئی اے۔
Farmers wake up early to tend to crops.	کسان فصلاں دی سنبھال کیتے جلدی اٹھدے نیں۔
The school organized a science fair.	سکول نے سائنس میلہ منظم کیتا۔
Parents sacrifice their own needs for children.	والدین بچیاں کیتے اپنیاں ضرورتاں قربان کریندے نیں۔
Doctors recommend drinking plenty of water.	ڈاکٹر گھنے پانی پیون دی صلاح دیندے نیں۔
Children learn best when they are interested.	بچے بہترین سکھدے نیں جدوں اوہ دلچسپی رکھدے نیں۔
Small businesses create employment opportunities.	نکیاں کاروبار روزگار دے موقعے پیدا کریندے نیں۔
Eating fresh fruits provides essential vitamins.	تازہ پھل کھان ضروری وٹامن فراہم کریندے۔
Learning a new language requires practice.	نوی زبان سکھن کیتے مشق دی لوڑ اے۔
Farmers planted rice in the flooded fields.	کسان پانی والے کھیتراں وچ چاول پوکے۔
Farmers planted rice in the flooded fields.	کسان پانی والے کھیتراں وچ چاول پوکے۔
Smartphones have changed how people communicate.	اسمارٹ فوناں نے لوکاں دے رابطے دے طریقے کوں تبدیل کیتا اے۔
Storytelling preserves culture and knowledge.	کہانی سناون ثقافت تے علم کوں محفوظ رکھیندے۔
Farmers wake up early to tend to crops.	کسان فصلاں دی سنبھال کیتے جلدی اٹھدے نیں۔
Students gathered in the library.	طالب علم لائبریری وچ گڈے تھئے۔
Doctors work long hours to treat patients.	ڈاکٹر مریضاں دا علاج کرن کیتے لمبیاں گھڑیاں کم کریندے نیں۔
Parents sacrifice their own needs for children.	والدین بچیاں کیتے اپنیاں ضرورتاں قربان کریندے نیں۔
Clear communication prevents misunderstandings.	صاف رابطہ غلط فہمیاں کوں روکیندے۔
Parents sacrifice their own needs for children.	والدین بچیاں کیتے اپنیاں ضرورتاں قربان کریندے نیں۔
Train journeys offer scenic views.	ریل دے سفر منظراں دے نظارے پیش کریندے نیں۔
Sports teach teamwork and discipline.	کھیڈاں ٹیم ورک تے نظم و ضبط سکھیندیاں نیں۔
My grandmother told me stories.	میری دادی نے مینوں کہانیاں سنایاں۔
Tourism brings revenue to regions with historical sites.	سیاحت تاریخی تھانواں والے علاقیاں کوں آمدنی لیندی اے۔
Education opens doors to opportunities.	تعلیم موقعاں دے دروازے کولیندی اے۔
The internet connects people across continents.	انٹرنیٹ براعظماں وچ لوکاں کوں جوڑیندے۔
Traditional music is important for our heritage.	روایتی موسیقی سادی ورثے کیتے اہم اے۔
The wedding ceremony lasted three days.	شادی دی تقریب ترئے دینہہ چلی۔
Spices add flavor to traditional dishes.	مصالحے روایتی کھاناں وچ ذائقہ ودیندے نیں۔
Smartphones have changed how people communicate.	اسمارٹ فوناں نے لوکاں دے رابطے دے طریقے کوں تبدیل کیتا اے۔
The teacher explained the lesson patiently.	استاد صبر نال سبق سمجھایا۔
The school organized a science fair.	سکول نے سائنس میلہ منظم کیتا۔
The wedding ceremony lasted three days.	شادی دی تقریب ترئے دینہہ چلی۔
She walked slowly through the garden.	اوں باغ وچ آہستہ آہستہ ٹردی۔
Parents sacrifice their own needs for children.	والدین بچیاں کیتے اپنیاں ضرورتاں قربان کریندے نیں۔
Eating fresh fruits provides essential vitamins.	تازہ پھل کھان ضروری وٹامن فراہم کریندے۔
Education opens doors to opportunities.	تعلیم موقعاں دے دروازے کولیندی اے۔
We decided to visit the old temple.	اساں پرانے مندر دیکھن دا فیصلہ کیتا۔
She cooked delicious biryani for the family.	اوں خاندان کیتے مزیدار بریانی پکائی۔
Education opens doors to opportunities.	تعلیم موقعاں دے دروازے کولیندی اے۔
She walked slowly through the garden.	اوں باغ وچ آہستہ آہستہ ٹردی۔
Train journeys offer scenic views.	ریل دے سفر منظراں دے نظارے پیش کریندے نیں۔
Sports teach teamwork and discipline.	کھیڈاں ٹیم ورک تے نظم و ضبط سکھیندیاں نیں۔
The internet connects people across continents.	انٹرنیٹ براعظماں وچ لوکاں کوں جوڑیندے۔
Storytelling preserves culture and knowledge.	کہانی سناون ثقافت تے علم کوں محفوظ رکھیندے۔
Parents sacrifice their own needs for children.	والدین بچیاں کیتے اپنیاں ضرورتاں قربان کریندے نیں۔
Tourism brings revenue to regions with historical sites.	سیاحت تاریخی تھانواں والے علاقیاں کوں آمدنی لیندی اے۔
I woke up early this morning.	من اڄ صبح جلدی اٹھیا۔
The professor wrote equations on the blackboard.	پروفیسر تختے تے مساوات لکھیاں۔
Train journeys offer scenic views.	ریل دے سفر منظراں دے نظارے پیش کریندے نیں۔
Storytelling preserves culture and knowledge.	کہانی سناون ثقافت تے علم کوں محفوظ رکھیندے۔
The market was crowded with people.	بازار لوکاں نال بھریا ہویا ہا۔
I woke up early this morning.	من اڄ صبح جلدی اٹھیا۔
Learning a new language requires practice.	نوی زبان سکھن کیتے مشق دی لوڑ اے۔
Doctors recommend drinking plenty of water.	ڈاکٹر گھنے پانی پیون دی صلاح دیندے نیں۔
Smartphones have changed how people communicate.	اسمارٹ فوناں نے لوکاں دے رابطے دے طریقے کوں تبدیل کیتا اے۔
Farmers wake up early to tend to crops.	کسان فصلاں دی سنبھال کیتے جلدی اٹھدے نیں۔
The teacher explained the lesson patiently.	استاد صبر نال سبق سمجھایا۔
The wedding ceremony lasted three days.	شادی دی تقریب ترئے دینہہ چلی۔
Elderly people share wisdom and stories.	بزرگ لوک حکمت تے کہانیاں سانجھیاں کریندے نیں۔
Cricket is a popular sport.	کرکٹ ہک مقبول کھیڈ اے۔
Clear communication prevents misunderstandings.	صاف رابطہ غلط فہمیاں کوں روکیندے۔
Students gathered in the library.	طالب علم لائبریری وچ گڈے تھئے۔
People travel long distances to visit religious sites.	لوک مذہبی تھانواں دیکھن کیتے لمبیاں دوریاں طے کریندے نیں۔
Parents sacrifice their own needs for children.	والدین بچیاں کیتے اپنیاں ضرورتاں قربان کریندے نیں۔
Agriculture remains the primary source of income.	زراعت آمدنی دا بنیادی ذریعہ رہندی اے۔
The professor wrote equations on the blackboard.	پروفیسر تختے تے مساوات لکھیاں۔
Tea is served to guests as a gesture of hospitality.	مہماناں کوں مہمان نوازی دی نشانی دے طور تے چاہ پیش کیتی ویندی اے۔
People celebrate festivals with great joy.	لوک ودی خوشی نال میلے منیندے نیں۔
My grandmother told me stories.	میری دادی نے مینوں کہانیاں سنایاں۔
Tea is served to guests as a gesture of hospitality.	مہماناں کوں مہمان نوازی دی نشانی دے طور تے چاہ پیش کیتی ویندی اے۔
Reading books improves vocabulary.	کتاباں پڑھن ذخیرہ الفاظ بہتر بنیندے۔
Parents sacrifice their own needs for children.	والدین بچیاں کیتے اپنیاں ضرورتاں قربان کریندے نیں۔
Traditional music is important for our heritage.	روایتی موسیقی سادی ورثے کیتے اہم اے۔
Teachers shape young minds.	استاد نوجوان ذہناں کوں شکل دیندے نیں۔
Respecting elders is an important value.	بزرگاں دا احترام ہک اہم قدر اے۔
Doctors recommend drinking plenty of water.	ڈاکٹر گھنے پانی پیون دی صلاح دیندے نیں۔
The school organized a science fair.	سکول نے سائنس میلہ منظم کیتا۔
Digital payments have made transactions faster.	ڈیجیٹل ادائیگیاں معاملات تیز کیتے نیں۔
Students gathered in the library.	طالب علم لائبریری وچ گڈے تھئے۔
After finishing his work, he sat down.	اپنا کم مکمل کرن دے بعد، او بیٹھ گیا۔
Education opens doors to opportunities.	تعلیم موقعاں دے دروازے کولیندی اے۔
Children learn best when they are interested.	بچے بہترین سکھدے نیں جدوں اوہ دلچسپی رکھدے نیں۔
Children learn best when they are interested.	بچے بہترین سکھدے نیں جدوں اوہ دلچسپی رکھدے نیں۔
Small businesses create employment opportunities.	نکیاں کاروبار روزگار دے موقعے پیدا کریندے نیں۔
Doctors recommend drinking plenty of water.	ڈاکٹر گھنے پانی پیون دی صلاح دیندے نیں۔
Train journeys offer scenic views.	ریل دے سفر منظراں دے نظارے پیش کریندے نیں۔
The internet connects people across continents.	انٹرنیٹ براعظماں وچ لوکاں کوں جوڑیندے۔
We decided to visit the old temple.	اساں پرانے مندر دیکھن دا فیصلہ کیتا۔
Doctors work long hours to treat patients.	ڈاکٹر مریضاں دا علاج کرن کیتے لمبیاں گھڑیاں کم کریندے نیں۔
People celebrate festivals with great joy.	لوک ودی خوشی نال میلے منیندے نیں۔
The professor wrote equations on the blackboard.	پروفیسر تختے تے مساوات لکھیاں۔
Cooking together brings family members closer.	گڈے کھان پکاون خاندان دے ممبراں کوں نیڑے لیندے۔
Smartphones have changed how people communicate.	اسمارٹ فوناں نے لوکاں دے رابطے دے طریقے کوں تبدیل کیتا اے۔
Farmers wake up early to tend to crops.	کسان فصلاں دی سنبھال کیتے جلدی اٹھدے نیں۔
Reading books improves vocabulary.	کتاباں پڑھن ذخیرہ الفاظ بہتر بنیندے۔
The bus arrived late.	بس ڈیر نال پہنچی۔
The wedding ceremony lasted three days.	شادی دی تقریب ترئے دینہہ چلی۔
Online shopping has become popular.	آن لائن خریداری مقبول تھی گئی اے۔
The market was crowded with people.	بازار لوکاں نال بھریا ہویا ہا۔
The river flows peacefully through the valley.	دریا وادی وچ پرامن طریقے نال وہندی اے۔
Digital payments have made transactions faster.	ڈیجیٹل ادائیگیاں معاملات تیز کیتے نیں۔
Pollution in cities has become a serious problem.	شہراں وچ آلودگی ہک سنجیدہ مسئلہ بن گئی اے۔
The market was crowded with people.	بازار لوکاں نال بھریا ہویا ہا۔
After finishing his work, he sat down.	اپنا کم مکمل کرن دے بعد، او بیٹھ گیا۔
Pollution in cities has become a serious problem.	شہراں وچ آلودگی ہک سنجیدہ مسئلہ بن گئی اے۔
Digital payments have made transactions faster.	ڈیجیٹل ادائیگیاں معاملات تیز کیتے نیں۔
The forest is home to many wild animals.	جنگل گھنے جنگلی جانوراں دا گھر اے۔
Tea is served to guests as a gesture of hospitality.	مہماناں کوں مہمان نوازی دی نشانی دے طور تے چاہ پیش کیتی ویندی اے۔
Cricket is a popular sport.	کرکٹ ہک مقبول کھیڈ اے۔
Students gathered in the library.	طالب علم لائبریری وچ گڈے تھئے۔
Cricket is a popular sport.	کرکٹ ہک مقبول کھیڈ اے۔
Cricket is a popular sport.	کرکٹ ہک مقبول کھیڈ اے۔
Digital payments have made transactions faster.	ڈیجیٹل ادائیگیاں معاملات تیز کیتے نیں۔
Smartphones have changed how people communicate.	اسمارٹ فوناں نے لوکاں دے رابطے دے طریقے کوں تبدیل کیتا اے۔
Tourism brings revenue to regions with historical sites.	سیاحت تاریخی تھانواں والے علاقیاں کوں آمدنی لیندی اے۔
The bus arrived late.	بس ڈیر نال پہنچی۔
Family members support each other during difficult times.	خاندان دے ممبر مشکل وختاں وچ ہک دوجھے دی مدد کریندے نیں۔
The wedding ceremony lasted three days.	شادی دی تقریب ترئے دینہہ چلی۔
Regular exercise helps maintain good health.	منظم ورزش چنگی صحت برقرار رکھن وچ مدد کریندی اے۔
Online shopping has become popular.	آن لائن خریداری مقبول تھی گئی اے۔
Pollution in cities has become a serious problem.	شہراں وچ آلودگی ہک سنجیدہ مسئلہ بن گئی اے۔
Reading books improves vocabulary.	کتاباں پڑھن ذخیرہ الفاظ بہتر بنیندے۔
Birds were chirping in the trees.	پنچھی رکھاں وچ چہچہا رہے ہن۔
Doctors work long hours to treat patients.	ڈاکٹر مریضاں دا علاج کرن کیتے لمبیاں گھڑیاں کم کریندے نیں۔
Birds were chirping in the trees.	پنچھی رکھاں وچ چہچہا رہے ہن۔
Education opens doors to opportunities.	تعلیم موقعاں دے دروازے کولیندی اے۔
The school organized a science fair.	سکول نے سائنس میلہ منظم کیتا۔
Reading books improves vocabulary.	کتاباں پڑھن ذخیرہ الفاظ بہتر بنیندے۔
Cooking together brings family members closer.	گڈے کھان پکاون خاندان دے ممبراں کوں نیڑے لیندے۔
The wedding ceremony lasted three days.	شادی دی تقریب ترئے دینہہ چلی۔
The bus arrived late.	بس ڈیر نال پہنچی۔
Eating fresh fruits provides essential vitamins.	تازہ پھل کھان ضروری وٹامن فراہم کریندے۔
Parents sacrifice their own needs for children.	والدین بچیاں کیتے اپنیاں ضرورتاں قربان کریندے نیں۔
Clear communication prevents misunderstandings.	صاف رابطہ غلط فہمیاں کوں روکیندے۔
The forest is home to many wild animals.	جنگل گھنے جنگلی جانوراں دا گھر اے۔
The river flows peacefully through the valley.	دریا وادی وچ پرامن طریقے نال وہندی اے۔
Farmers wake up early to tend to crops.	کسان فصلاں دی سنبھال کیتے جلدی اٹھدے نیں۔
Clear communication prevents misunderstandings.	صاف رابطہ غلط فہمیاں کوں روکیندے۔
Farmers planted rice in the flooded fields.	کسان پانی والے کھیتراں وچ چاول پوکے۔
My grandmother told me stories.	میری دادی نے مینوں کہانیاں سنایاں۔
The school organized a science fair.	سکول نے سائنس میلہ منظم کیتا۔
Farmers wake up early to tend to crops.	کسان فصلاں دی سنبھال کیتے جلدی اٹھدے نیں۔
Pollution in cities has become a serious problem.	شہراں وچ آلودگی ہک سنجیدہ مسئلہ بن گئی اے۔
My grandmother told me stories.	میری دادی نے مینوں کہانیاں سنایاں۔
Clear communication prevents misunderstandings.	صاف رابطہ غلط فہمیاں کوں روکیندے۔
The forest is home to many wild animals.	جنگل گھنے جنگلی جانوراں دا گھر اے۔
The market was crowded with people.	بازار لوکاں نال بھریا ہویا ہا۔
My grandmother told me stories.	میری دادی نے مینوں کہانیاں سنایاں۔
People celebrate festivals with great joy.	لوک ودی خوشی نال میلے منیندے نیں۔
People celebrate festivals with great joy.	لوک ودی خوشی نال میلے منیندے نیں۔
Learning a new language requires practice.	نوی زبان سکھن کیتے مشق دی لوڑ اے۔
The forest is home to many wild animals.	جنگل گھنے جنگلی جانوراں دا گھر اے۔
Doctors recommend drinking plenty of water.	ڈاکٹر گھنے پانی پیون دی صلاح دیندے نیں۔
The teacher explained the lesson patiently.	استاد صبر نال سبق سمجھایا۔
Traditional music is important for our heritage.	روایتی موسیقی سادی ورثے کیتے اہم اے۔
Small businesses create employment opportunities.	نکیاں کاروبار روزگار دے موقعے پیدا کریندے نیں۔
People celebrate festivals with great joy.	لوک ودی خوشی نال میلے منیندے نیں۔
Respecting elders is an important value.	بزرگاں دا احترام ہک اہم قدر اے۔
I woke up early this morning.	من اڄ صبح جلدی اٹھیا۔
Birds were chirping in the trees.	پنچھی رکھاں وچ چہچہا رہے ہن۔
Learning a new language requires practice.	نوی زبان سکھن کیتے مشق دی لوڑ اے۔
The bus arrived late.	بس ڈیر نال پہنچی۔
The forest is home to many wild animals.	جنگل گھنے جنگلی جانوراں دا گھر اے۔
People celebrate festivals with great joy.	لوک ودی خوشی نال میلے منیندے نیں۔
Learning a new language requires practice.	نوی زبان سکھن کیتے مشق دی لوڑ اے۔
Doctors work long hours to treat patients.	ڈاکٹر مریضاں دا علاج کرن کیتے لمبیاں گھڑیاں کم کریندے نیں۔
She cooked delicious biryani for the family.	اوں خاندان کیتے مزیدار بریانی پکائی۔
She received a scholarship to study medicine.	اوں طب دی تعلیم کیتے اسکالرشپ حاصل کیتی۔
Doctors recommend drinking plenty of water.	ڈاکٹر گھنے پانی پیون دی صلاح دیندے نیں۔
Spices add flavor to traditional dishes.	مصالحے روایتی کھاناں وچ ذائقہ ودیندے نیں۔
The school organized a science fair.	سکول نے سائنس میلہ منظم کیتا۔
She received a scholarship to study medicine.	اوں طب دی تعلیم کیتے اسکالرشپ حاصل کیتی۔
I woke up early this morning.	من اڄ صبح جلدی اٹھیا۔
Tourism brings revenue to regions with historical sites.	سیاحت تاریخی تھانواں والے علاقیاں کوں آمدنی لیندی اے۔
The bus arrived late.	بس ڈیر نال پہنچی۔
Parents sacrifice their own needs for children.	والدین بچیاں کیتے اپنیاں ضرورتاں قربان کریندے نیں۔
Family members support each other during difficult times.	خاندان دے ممبر مشکل وختاں وچ ہک دوجھے دی مدد کریندے نیں۔
Farmers planted rice in the flooded fields.	کسان پانی والے کھیتراں وچ چاول پوکے۔
Teachers shape young minds.	استاد نوجوان ذہناں کوں شکل دیندے نیں۔
Children were playing cricket in the street.	بچے سڑک تے کرکٹ کھیڈدے پئے ہن۔
Spices add flavor to traditional dishes.	مصالحے روایتی کھاناں وچ ذائقہ ودیندے نیں۔
Tea is served to guests as a gesture of hospitality.	مہماناں کوں مہمان نوازی دی نشانی دے طور تے چاہ پیش کیتی ویندی اے۔
After finishing his work, he sat down.	اپنا کم مکمل کرن دے بعد، او بیٹھ گیا۔
After finishing his work, he sat down.	اپنا کم مکمل کرن دے بعد، او بیٹھ گیا۔
Train journeys offer scenic views.	ریل دے سفر منظراں دے نظارے پیش کریندے نیں۔
Train journeys offer scenic views.	ریل دے سفر منظراں دے نظارے پیش کریندے نیں۔
Reading books improves vocabulary.	کتاباں پڑھن ذخیرہ الفاظ بہتر بنیندے۔
Doctors recommend drinking plenty of water.	ڈاکٹر گھنے پانی پیون دی صلاح دیندے نیں۔
Eating fresh fruits provides essential vitamins.	تازہ پھل کھان ضروری وٹامن فراہم کریندے۔
Students gathered in the library.	طالب علم لائبریری وچ گڈے تھئے۔
Education opens doors to opportunities.	تعلیم موقعاں دے دروازے کولیندی اے۔
The school organized a science fair.	سکول نے سائنس میلہ منظم کیتا۔
The river flows peacefully through the valley.	دریا وادی وچ پرامن طریقے نال وہندی اے۔
Children learn best when they are interested.	بچے بہترین سکھدے نیں جدوں اوہ دلچسپی رکھدے نیں۔
Birds were chirping in the trees.	پنچھی رکھاں وچ چہچہا رہے ہن۔
Storytelling preserves culture and knowledge.	کہانی سناون ثقافت تے علم کوں محفوظ رکھیندے۔
Cricket is a popular sport.	کرکٹ ہک مقبول کھیڈ اے۔
The teacher explained the lesson patiently.	استاد صبر نال سبق سمجھایا۔
Cooking together brings family members closer.	گڈے کھان پکاون خاندان دے ممبراں کوں نیڑے لیندے۔
People celebrate festivals with great joy.	لوک ودی خوشی نال میلے منیندے نیں۔
The internet connects people across continents.	انٹرنیٹ براعظماں وچ لوکاں کوں جوڑیندے۔
The school organized a science fair.	سکول نے سائنس میلہ منظم کیتا۔
The school organized a science fair.	سکول نے سائنس میلہ منظم کیتا۔
Family members support each other during difficult times.	خاندان دے ممبر مشکل وختاں وچ ہک دوجھے دی مدد کریندے نیں۔
Tourism brings revenue to regions with historical sites.	سیاحت تاریخی تھانواں والے علاقیاں کوں آمدنی لیندی اے۔
Smartphones have changed how people communicate.	اسمارٹ فوناں نے لوکاں دے رابطے دے طریقے کوں تبدیل کیتا اے۔
Small businesses create employment opportunities.	نکیاں کاروبار روزگار دے موقعے پیدا کریندے نیں۔
Pollution in cities has become a serious problem.	شہراں وچ آلودگی ہک سنجیدہ مسئلہ بن گئی اے۔
Students gathered in the library.	طالب علم لائبریری وچ گڈے تھئے۔
The bus arrived late.	بس ڈیر نال پہنچی۔
She received a scholarship to study medicine.	اوں طب دی تعلیم کیتے اسکالرشپ حاصل کیتی۔
Respecting elders is an important value.	بزرگاں دا احترام ہک اہم قدر اے۔
After finishing his work, he sat down.	اپنا کم مکمل کرن دے بعد، او بیٹھ گیا۔
People travel long distances to visit religious sites.	لوک مذہبی تھانواں دیکھن کیتے لمبیاں دوریاں طے کریندے نیں۔
Children learn best when they are interested.	بچے بہترین سکھدے نیں جدوں اوہ دلچسپی رکھدے نیں۔
Farmers wake up early to tend to crops.	کسان فصلاں دی سنبھال کیتے جلدی اٹھدے نیں۔
Doctors recommend drinking plenty of water.	ڈاکٹر گھنے پانی پیون دی صلاح دیندے نیں۔
The wedding ceremony lasted three days.	شادی دی تقریب ترئے دینہہ چلی۔
Agriculture remains the primary source of income.	زراعت آمدنی دا بنیادی ذریعہ رہندی اے۔
Sports teach teamwork and discipline.	کھیڈاں ٹیم ورک تے نظم و ضبط سکھیندیاں نیں۔
Birds were chirping in the trees.	پنچھی رکھاں وچ چہچہا رہے ہن۔
The teacher explained the lesson patiently.	استاد صبر نال سبق سمجھایا۔
The wedding ceremony lasted three days.	شادی دی تقریب ترئے دینہہ چلی۔
Respecting elders is an important value.	بزرگاں دا احترام ہک اہم قدر اے۔
Education opens doors to opportunities.	تعلیم موقعاں دے دروازے کولیندی اے۔
Clear communication prevents misunderstandings.	صاف رابطہ غلط فہمیاں کوں روکیندے۔
Elderly people share wisdom and stories.	بزرگ لوک حکمت تے کہانیاں سانجھیاں کریندے نیں۔
Reading books improves vocabulary.	کتاباں پڑھن ذخیرہ الفاظ بہتر بنیندے۔
The market was crowded with people.	بازار لوکاں نال بھریا ہویا ہا۔
Students gathered in the library.	طالب علم لائبریری وچ گڈے تھئے۔
Elderly people share wisdom and stories.	بزرگ لوک حکمت تے کہانیاں سانجھیاں کریندے نیں۔
I woke up early this morning.	من اڄ صبح جلدی اٹھیا۔
People travel long distances to visit religious sites.	لوک مذہبی تھانواں دیکھن کیتے لمبیاں دوریاں طے کریندے نیں۔
My grandmother told me stories.	میری دادی نے مینوں کہانیاں سنایاں۔
She walked slowly through the garden.	اوں باغ وچ آہستہ آہستہ ٹردی۔
Family members support each other during difficult times.	خاندان دے ممبر مشکل وختاں وچ ہک دوجھے دی مدد کریندے نیں۔
My grandmother told me stories.	میری دادی نے مینوں کہانیاں سنایاں۔
Teachers shape young minds.	استاد نوجوان ذہناں کوں شکل دیندے نیں۔
Cooking together brings family members closer.	گڈے کھان پکاون خاندان دے ممبراں کوں نیڑے لیندے۔
The wedding ceremony lasted three days.	شادی دی تقریب ترئے دینہہ چلی۔
After finishing his work, he sat down.	اپنا کم مکمل کرن دے بعد، او بیٹھ گیا۔
The teacher explained the lesson patiently.	استاد صبر نال سبق سمجھایا۔
Farmers planted rice in the flooded fields.	کسان پانی والے کھیتراں وچ چاول پوکے۔
Tourism brings revenue to regions with historical sites.	سیاحت تاریخی تھانواں والے علاقیاں کوں آمدنی لیندی اے۔
Train journeys offer scenic views.	ریل دے سفر منظراں دے نظارے پیش کریندے نیں۔
The internet connects people across continents.	انٹرنیٹ براعظماں وچ لوکاں کوں جوڑیندے۔
Doctors work long hours to treat patients.	ڈاکٹر مریضاں دا علاج کرن کیتے لمبیاں گھڑیاں کم کریندے نیں۔
Respecting elders is an important value.	بزرگاں دا احترام ہک اہم قدر اے۔
Small businesses create employment opportunities.	نکیاں کاروبار روزگار دے موقعے پیدا کریندے نیں۔
People celebrate festivals with great joy.	لوک ودی خوشی نال میلے منیندے نیں۔
She cooked delicious biryani for the family.	اوں خاندان کیتے مزیدار بریانی پکائی۔
People celebrate festivals with great joy.	لوک ودی خوشی نال میلے منیندے نیں۔
Birds were chirping in the trees.	پنچھی رکھاں وچ چہچہا رہے ہن۔
Traditional music is important for our heritage.	روایتی موسیقی سادی ورثے کیتے اہم اے۔
Farmers wake up early to tend to crops.	کسان فصلاں دی سنبھال کیتے جلدی اٹھدے نیں۔
She received a scholarship to study medicine.	اوں طب دی تعلیم کیتے اسکالرشپ حاصل کیتی۔
Family members support each other during difficult times.	خاندان دے ممبر مشکل وختاں وچ ہک دوجھے دی مدد کریندے نیں۔
Digital payments have made transactions faster.	ڈیجیٹل ادائیگیاں معاملات تیز کیتے نیں۔
Handicrafts showcase artistic traditions.	ہتھکاریاں فنکارانہ روایات دکھیندیاں نیں۔
Reading books improves vocabulary.	کتاباں پڑھن ذخیرہ الفاظ بہتر بنیندے۔
She cooked delicious biryani for the family.	اوں خاندان کیتے مزیدار بریانی پکائی۔
Education opens doors to opportunities.	تعلیم موقعاں دے دروازے کولیندی اے۔
Family members support each other during difficult times.	خاندان دے ممبر مشکل وختاں وچ ہک دوجھے دی مدد کریندے نیں۔
Teachers shape young minds.	استاد نوجوان ذہناں کوں شکل دیندے نیں۔
Handicrafts showcase artistic traditions.	ہتھکاریاں فنکارانہ روایات دکھیندیاں نیں۔
Farmers planted rice in the flooded fields.	کسان پانی والے کھیتراں وچ چاول پوکے۔
She walked slowly through the garden.	اوں باغ وچ آہستہ آہستہ ٹردی۔
She received a scholarship to study medicine.	اوں طب دی تعلیم کیتے اسکالرشپ حاصل کیتی۔
Respecting elders is an important value.	بزرگاں دا احترام ہک اہم قدر اے۔
Reading books improves vocabulary.	کتاباں پڑھن ذخیرہ الفاظ بہتر بنیندے۔
Eating fresh fruits provides essential vitamins.	تازہ پھل کھان ضروری وٹامن فراہم کریندے۔
Farmers planted rice in the flooded fields.	کسان پانی والے کھیتراں وچ چاول پوکے۔
The market was crowded with people.	بازار لوکاں نال بھریا ہویا ہا۔
Respecting elders is an important value.	بزرگاں دا احترام ہک اہم قدر اے۔
Digital payments have made transactions faster.	ڈیجیٹل ادائیگیاں معاملات تیز کیتے نیں۔
Parents sacrifice their own needs for children.	والدین بچیاں کیتے اپنیاں ضرورتاں قربان کریندے نیں۔
After finishing his work, he sat down.	اپنا کم مکمل کرن دے بعد، او بیٹھ گیا۔
I woke up early this morning.	من اڄ صبح جلدی اٹھیا۔
Family members support each other during difficult times.	خاندان دے ممبر مشکل وختاں وچ ہک دوجھے دی مدد کریندے نیں۔
The bus arrived late.	بس ڈیر نال پہنچی۔
She walked slowly through the garden.	اوں باغ وچ آہستہ آہستہ ٹردی۔
Sports teach teamwork and discipline.	کھیڈاں ٹیم ورک تے نظم و ضبط سکھیندیاں نیں۔
Storytelling preserves culture and knowledge.	کہانی سناون ثقافت تے علم کوں محفوظ رکھیندے۔
Cricket is a popular sport.	کرکٹ ہک مقبول کھیڈ اے۔
Elderly people share wisdom and stories.	بزرگ لوک حکمت تے کہانیاں سانجھیاں کریندے نیں۔
The professor wrote equations on the blackboard.	پروفیسر تختے تے مساوات لکھیاں۔
Tea is served to guests as a gesture of hospitality.	مہماناں کوں مہمان نوازی دی نشانی دے طور تے چاہ پیش کیتی ویندی اے۔
Traditional music is important for our heritage.	روایتی موسیقی سادی ورثے کیتے اہم اے۔
She walked slowly through the garden.	اوں باغ وچ آہستہ آہستہ ٹردی۔
The professor wrote equations on the blackboard.	پروفیسر تختے تے مساوات لکھیاں۔
Farmers planted rice in the flooded fields.	کسان پانی والے کھیتراں وچ چاول پوکے۔
Tea is served to guests as a gesture of hospitality.	مہماناں کوں مہمان نوازی دی نشانی دے طور تے چاہ پیش کیتی ویندی اے۔
Doctors work long hours to treat patients.	ڈاکٹر مریضاں دا علاج کرن کیتے لمبیاں گھڑیاں کم کریندے نیں۔
Small businesses create employment opportunities.	نکیاں کاروبار روزگار دے موقعے پیدا کریندے نیں۔
We decided to visit the old temple.	اساں پرانے مندر دیکھن دا فیصلہ کیتا۔
Clear communication prevents misunderstandings.	صاف رابطہ غلط فہمیاں کوں روکیندے۔
My grandmother told me stories.	میری دادی نے مینوں کہانیاں سنایاں۔
People celebrate festivals with great joy.	لوک ودی خوشی نال میلے منیندے نیں۔
After finishing his work, he sat down.	اپنا کم مکمل کرن دے بعد، او بیٹھ گیا۔
Spices add flavor to traditional dishes.	مصالحے روایتی کھاناں وچ ذائقہ ودیندے نیں۔
Teachers shape young minds.	استاد نوجوان ذہناں کوں شکل دیندے نیں۔
The professor wrote equations on the blackboard.	پروفیسر تختے تے مساوات لکھیاں۔
Train journeys offer scenic views.	ریل دے سفر منظراں دے نظارے پیش کریندے نیں۔
She walked slowly through the garden.	اوں باغ وچ آہستہ آہستہ ٹردی۔
Train journeys offer scenic views.	ریل دے سفر منظراں دے نظارے پیش کریندے نیں۔
Children were playing cricket in the street.	بچے سڑک تے کرکٹ کھیڈدے پئے ہن۔
Handicrafts showcase artistic traditions.	ہتھکاریاں فنکارانہ روایات دکھیندیاں نیں۔
Clear communication prevents misunderstandings.	صاف رابطہ غلط فہمیاں کوں روکیندے۔
Farmers wake up early to tend to crops.	کسان فصلاں دی سنبھال کیتے جلدی اٹھدے نیں۔
The bus arrived late.	بس ڈیر نال پہنچی۔
Respecting elders is an important value.	بزرگاں دا احترام ہک اہم قدر اے۔
Agriculture remains the primary source of income.	زراعت آمدنی دا بنیادی ذریعہ رہندی اے۔
We decided to visit the old temple.	اساں پرانے مندر دیکھن دا فیصلہ کیتا۔
She received a scholarship to study medicine.	اوں طب دی تعلیم کیتے اسکالرشپ حاصل کیتی۔
Reading books improves vocabulary.	کتاباں پڑھن ذخیرہ الفاظ بہتر بنیندے۔
Birds were chirping in the trees.	پنچھی رکھاں وچ چہچہا رہے ہن۔
Doctors recommend drinking plenty of water.	ڈاکٹر گھنے پانی پیون دی صلاح دیندے نیں۔
Digital payments have made transactions faster.	ڈیجیٹل ادائیگیاں معاملات تیز کیتے نیں۔
Pollution in cities has become a serious problem.	شہراں وچ آلودگی ہک سنجیدہ مسئلہ بن گئی اے۔
Reading books improves vocabulary.	کتاباں پڑھن ذخیرہ الفاظ بہتر بنیندے۔
Respecting elders is an important value.	بزرگاں دا احترام ہک اہم قدر اے۔
She walked slowly through the garden.	اوں باغ وچ آہستہ آہستہ ٹردی۔
The school organized a science fair.	سکول نے سائنس میلہ منظم کیتا۔
Farmers planted rice in the flooded fields.	کسان پانی والے کھیتراں وچ چاول پوکے۔
Birds were chirping in the trees.	پنچھی رکھاں وچ چہچہا رہے ہن۔
Doctors work long hours to treat patients.	ڈاکٹر مریضاں دا علاج کرن کیتے لمبیاں گھڑیاں کم کریندے نیں۔
Sports teach teamwork and discipline.	کھیڈاں ٹیم ورک تے نظم و ضبط سکھیندیاں نیں۔
Family members support each other during difficult times.	خاندان دے ممبر مشکل وختاں وچ ہک دوجھے دی مدد کریندے نیں۔
Teachers shape young minds.	استاد نوجوان ذہناں کوں شکل دیندے نیں۔
Farmers wake up early to tend to crops.	کسان فصلاں دی سنبھال کیتے جلدی اٹھدے نیں۔
Education opens doors to opportunities.	تعلیم موقعاں دے دروازے کولیندی اے۔
She walked slowly through the garden.	اوں باغ وچ آہستہ آہستہ ٹردی۔
The forest is home to many wild animals.	جنگل گھنے جنگلی جانوراں دا گھر اے۔
Elderly people share wisdom and stories.	بزرگ لوک حکمت تے کہانیاں سانجھیاں کریندے نیں۔
Tourism brings revenue to regions with historical sites.	سیاحت تاریخی تھانواں والے علاقیاں کوں آمدنی لیندی اے۔
Traditional music is important for our heritage.	روایتی موسیقی سادی ورثے کیتے اہم اے۔
The professor wrote equations on the blackboard.	پروفیسر تختے تے مساوات لکھیاں۔
Reading books improves vocabulary.	کتاباں پڑھن ذخیرہ الفاظ بہتر بنیندے۔
Small businesses create employment opportunities.	نکیاں کاروبار روزگار دے موقعے پیدا کریندے نیں۔
Tourism brings revenue to regions with historical sites.	سیاحت تاریخی تھانواں والے علاقیاں کوں آمدنی لیندی اے۔
The professor wrote equations on the blackboard.	پروفیسر تختے تے مساوات لکھیاں۔
Digital payments have made transactions faster.	ڈیجیٹل ادائیگیاں معاملات تیز کیتے نیں۔
Handicrafts showcase artistic traditions.	ہتھکاریاں فنکارانہ روایات دکھیندیاں نیں۔
The wedding ceremony lasted three days.	شادی دی تقریب ترئے دینہہ چلی۔
Regular exercise helps maintain good health.	منظم ورزش چنگی صحت برقرار رکھن وچ مدد کریندی اے۔
Regular exercise helps maintain good health.	منظم ورزش چنگی صحت برقرار رکھن وچ مدد کریندی اے۔
Tourism brings revenue to regions with historical sites.	سیاحت تاریخی تھانواں والے علاقیاں کوں آمدنی لیندی اے۔
Tea is served to guests as a gesture of hospitality.	مہماناں کوں مہمان نوازی دی نشانی دے طور تے چاہ پیش کیتی ویندی اے۔
We decided to visit the old temple.	اساں پرانے مندر دیکھن دا فیصلہ کیتا۔
Respecting elders is an important value.	بزرگاں دا احترام ہک اہم قدر اے۔
Doctors work long hours to treat patients.	ڈاکٹر مریضاں دا علاج کرن کیتے لمبیاں گھڑیاں کم کریندے نیں۔
Teachers shape young minds.	استاد نوجوان ذہناں کوں شکل دیندے نیں۔
We decided to visit the old temple.	اساں پرانے مندر دیکھن دا فیصلہ کیتا۔
Teachers shape young minds.	استاد نوجوان ذہناں کوں شکل دیندے نیں۔
Cricket is a popular sport.	کرکٹ ہک مقبول کھیڈ اے۔
Students gathered in the library.	طالب علم لائبریری وچ گڈے تھئے۔
Small businesses create employment opportunities.	نکیاں کاروبار روزگار دے موقعے پیدا کریندے نیں۔
Birds were chirping in the trees.	پنچھی رکھاں وچ چہچہا رہے ہن۔
The river flows peacefully through the valley.	دریا وادی وچ پرامن طریقے نال وہندی اے۔
Doctors recommend drinking plenty of water.	ڈاکٹر گھنے پانی پیون دی صلاح دیندے نیں۔
The internet connects people across continents.	انٹرنیٹ براعظماں وچ لوکاں کوں جوڑیندے۔
She received a scholarship to study medicine.	اوں طب دی تعلیم کیتے اسکالرشپ حاصل کیتی۔
Agriculture remains the primary source of income.	زراعت آمدنی دا بنیادی ذریعہ رہندی اے۔
The river flows peacefully through the valley.	دریا وادی وچ پرامن طریقے نال وہندی اے۔
Teachers shape young minds.	استاد نوجوان ذہناں کوں شکل دیندے نیں۔
Farmers planted rice in the flooded fields.	کسان پانی والے کھیتراں وچ چاول پوکے۔
The forest is home to many wild animals.	جنگل گھنے جنگلی جانوراں دا گھر اے۔
Clear communication prevents misunderstandings.	صاف رابطہ غلط فہمیاں کوں روکیندے۔
My grandmother told me stories.	میری دادی نے مینوں کہانیاں سنایاں۔
The river flows peacefully through the valley.	دریا وادی وچ پرامن طریقے نال وہندی اے۔
Eating fresh fruits provides essential vitamins.	تازہ پھل کھان ضروری وٹامن فراہم کریندے۔
After finishing his work, he sat down.	اپنا کم مکمل کرن دے بعد، او بیٹھ گیا۔
The professor wrote equations on the blackboard.	پروفیسر تختے تے مساوات لکھیاں۔
Eating fresh fruits provides essential vitamins.	تازہ پھل کھان ضروری وٹامن فراہم کریندے۔
Handicrafts showcase artistic traditions.	ہتھکاریاں فنکارانہ روایات دکھیندیاں نیں۔
Children were playing cricket in the street.	بچے سڑک تے کرکٹ کھیڈدے پئے ہن۔
Tourism brings revenue to regions with historical sites.	سیاحت تاریخی تھانواں والے علاقیاں کوں آمدنی لیندی اے۔
Tea is served to guests as a gesture of hospitality.	مہماناں کوں مہمان نوازی دی نشانی دے طور تے چاہ پیش کیتی ویندی اے۔
Train journeys offer scenic views.	ریل دے سفر منظراں دے نظارے پیش کریندے نیں۔
Spices add flavor to traditional dishes.	مصالحے روایتی کھاناں وچ ذائقہ ودیندے نیں۔
The bus arrived late.	بس ڈیر نال پہنچی۔
Children learn best when they are interested.	بچے بہترین سکھدے نیں جدوں اوہ دلچسپی رکھدے نیں۔
Children learn best when they are interested.	بچے بہترین سکھدے نیں جدوں اوہ دلچسپی رکھدے نیں۔
Elderly people share wisdom and stories.	بزرگ لوک حکمت تے کہانیاں سانجھیاں کریندے نیں۔
Cricket is a popular sport.	کرکٹ ہک مقبول کھیڈ اے۔
Traditional music is important for our heritage.	روایتی موسیقی سادی ورثے کیتے اہم اے۔
Traditional music is important for our heritage.	روایتی موسیقی سادی ورثے کیتے اہم اے۔
Clear communication prevents misunderstandings.	صاف رابطہ غلط فہمیاں کوں روکیندے۔
We decided to visit the old temple.	اساں پرانے مندر دیکھن دا فیصلہ کیتا۔
Online shopping has become popular.	آن لائن خریداری مقبول تھی گئی اے۔
Traditional music is important for our heritage.	روایتی موسیقی سادی ورثے کیتے اہم اے۔
Parents sacrifice their own needs for children.	والدین بچیاں کیتے اپنیاں ضرورتاں قربان کریندے نیں۔
Digital payments have made transactions faster.	ڈیجیٹل ادائیگیاں معاملات تیز کیتے نیں۔
Train journeys offer scenic views.	ریل دے سفر منظراں دے نظارے پیش کریندے نیں۔
Train journeys offer scenic views.	ریل دے سفر منظراں دے نظارے پیش کریندے نیں۔
The teacher explained the lesson patiently.	استاد صبر نال سبق سمجھایا۔
Tea is served to guests as a gesture of hospitality.	مہماناں کوں مہمان نوازی دی نشانی دے طور تے چاہ پیش کیتی ویندی اے۔
Sports teach teamwork and discipline.	کھیڈاں ٹیم ورک تے نظم و ضبط سکھیندیاں نیں۔
The market was crowded with people.	بازار لوکاں نال بھریا ہویا ہا۔
Cooking together brings family members closer.	گڈے کھان پکاون خاندان دے ممبراں کوں نیڑے لیندے۔
Storytelling preserves culture and knowledge.	کہانی سناون ثقافت تے علم کوں محفوظ رکھیندے۔
The forest is home to many wild animals.	جنگل گھنے جنگلی جانوراں دا گھر اے۔
Reading books improves vocabulary.	کتاباں پڑھن ذخیرہ الفاظ بہتر بنیندے۔
Farmers wake up early to tend to crops.	کسان فصلاں دی سنبھال کیتے جلدی اٹھدے نیں۔
The teacher explained the lesson patiently.	استاد صبر نال سبق سمجھایا۔
Small businesses create employment opportunities.	نکیاں کاروبار روزگار دے موقعے پیدا کریندے نیں۔
The professor wrote equations on the blackboard.	پروفیسر تختے تے مساوات لکھیاں۔
She walked slowly through the garden.	اوں باغ وچ آہستہ آہستہ ٹردی۔
Cricket is a popular sport.	کرکٹ ہک مقبول کھیڈ اے۔
She cooked delicious biryani for the family.	اوں خاندان کیتے مزیدار بریانی پکائی۔
Doctors recommend drinking plenty of water.	ڈاکٹر گھنے پانی پیون دی صلاح دیندے نیں۔
Agriculture remains the primary source of income.	زراعت آمدنی دا بنیادی ذریعہ رہندی اے۔
My grandmother told me stories.	میری دادی نے مینوں کہانیاں سنایاں۔
Teachers shape young minds.	استاد نوجوان ذہناں کوں شکل دیندے نیں۔
My grandmother told me stories.	میری دادی نے مینوں کہانیاں سنایاں۔
Birds were chirping in the trees.	پنچھی رکھاں وچ چہچہا رہے ہن۔
Sports teach teamwork and discipline.	کھیڈاں ٹیم ورک تے نظم و ضبط سکھیندیاں نیں۔
Online shopping has become popular.	آن لائن خریداری مقبول تھی گئی اے۔
Elderly people share wisdom and stories.	بزرگ لوک حکمت تے کہانیاں سانجھیاں کریندے نیں۔
The market was crowded with people.	بازار لوکاں نال بھریا ہویا ہا۔
Train journeys offer scenic views.	ریل دے سفر منظراں دے نظارے پیش کریندے نیں۔
Storytelling preserves culture and knowledge.	کہانی سناون ثقافت تے علم کوں محفوظ رکھیندے۔
Parents sacrifice their own needs for children.	والدین بچیاں کیتے اپنیاں ضرورتاں قربان کریندے نیں۔
Reading books improves vocabulary.	کتاباں پڑھن ذخیرہ الفاظ بہتر بنیندے۔
Tourism brings revenue to regions with historical sites.	سیاحت تاریخی تھانواں والے علاقیاں کوں آمدنی لیندی اے۔
Parents sacrifice their own needs for children.	والدین بچیاں کیتے اپنیاں ضرورتاں قربان کریندے نیں۔
Parents sacrifice their own needs for children.	والدین بچیاں کیتے اپنیاں ضرورتاں قربان کریندے نیں۔
The school organized a science fair.	سکول نے سائنس میلہ منظم کیتا۔
Children were playing cricket in the street.	بچے سڑک تے کرکٹ کھیڈدے پئے ہن۔
Regular exercise helps maintain good health.	منظم ورزش چنگی صحت برقرار رکھن وچ مدد کریندی اے۔
The market was crowded with people.	بازار لوکاں نال بھریا ہویا ہا۔
I woke up early this morning.	من اڄ صبح جلدی اٹھیا۔
After finishing his work, he sat down.	اپنا کم مکمل کرن دے بعد، او بیٹھ گیا۔
Cricket is a popular sport.	کرکٹ ہک مقبول کھیڈ اے۔
Tourism brings revenue to regions with historical sites.	سیاحت تاریخی تھانواں والے علاقیاں کوں آمدنی لیندی اے۔
Eating fresh fruits provides essential vitamins.	تازہ پھل کھان ضروری وٹامن فراہم کریندے۔
Agriculture remains the primary source of income.	زراعت آمدنی دا بنیادی ذریعہ رہندی اے۔
Clear communication prevents misunderstandings.	صاف رابطہ غلط فہمیاں کوں روکیندے۔
Children were playing cricket in the street.	بچے سڑک تے کرکٹ کھیڈدے پئے ہن۔
Clear communication prevents misunderstandings.	صاف رابطہ غلط فہمیاں کوں روکیندے۔
Doctors work long hours to treat patients.	ڈاکٹر مریضاں دا علاج کرن کیتے لمبیاں گھڑیاں کم کریندے نیں۔
She cooked delicious biryani for the family.	اوں خاندان کیتے مزیدار بریانی پکائی۔
The school organized a science fair.	سکول نے سائنس میلہ منظم کیتا۔
Parents sacrifice their own needs for children.	والدین بچیاں کیتے اپنیاں ضرورتاں قربان کریندے نیں۔
The internet connects people across continents.	انٹرنیٹ براعظماں وچ لوکاں کوں جوڑیندے۔
Handicrafts showcase artistic traditions.	ہتھکاریاں فنکارانہ روایات دکھیندیاں نیں۔
People travel long distances to visit religious sites.	لوک مذہبی تھانواں دیکھن کیتے لمبیاں دوریاں طے کریندے نیں۔
People travel long distances to visit religious sites.	لوک مذہبی تھانواں دیکھن کیتے لمبیاں دوریاں طے کریندے نیں۔
Family members support each other during difficult times.	خاندان دے ممبر مشکل وختاں وچ ہک دوجھے دی مدد کریندے نیں۔
She walked slowly through the garden.	اوں باغ وچ آہستہ آہستہ ٹردی۔
Teachers shape young minds.	استاد نوجوان ذہناں کوں شکل دیندے نیں۔
Birds were chirping in the trees.	پنچھی رکھاں وچ چہچہا رہے ہن۔
She walked slowly through the garden.	اوں باغ وچ آہستہ آہستہ ٹردی۔
Digital payments have made transactions faster.	ڈیجیٹل ادائیگیاں معاملات تیز کیتے نیں۔
Agriculture remains the primary source of income.	زراعت آمدنی دا بنیادی ذریعہ رہندی اے۔
Learning a new language requires practice.	نوی زبان سکھن کیتے مشق دی لوڑ اے۔
Elderly people share wisdom and stories.	بزرگ لوک حکمت تے کہانیاں سانجھیاں کریندے نیں۔
She cooked delicious biryani for the family.	اوں خاندان کیتے مزیدار بریانی پکائی۔
Tea is served to guests as a gesture of hospitality.	مہماناں کوں مہمان نوازی دی نشانی دے طور تے چاہ پیش کیتی ویندی اے۔
She cooked delicious biryani for the family.	اوں خاندان کیتے مزیدار بریانی پکائی۔
Parents sacrifice their own needs for children.	والدین بچیاں کیتے اپنیاں ضرورتاں قربان کریندے نیں۔
Respecting elders is an important value.	بزرگاں دا احترام ہک اہم قدر اے۔
The bus arrived late.	بس ڈیر نال پہنچی۔
She cooked delicious biryani for the family.	اوں خاندان کیتے مزیدار بریانی پکائی۔
Storytelling preserves culture and knowledge.	کہانی سناون ثقافت تے علم کوں محفوظ رکھیندے۔
Traditional music is important for our heritage.	روایتی موسیقی سادی ورثے کیتے اہم اے۔
Children were playing cricket in the street.	بچے سڑک تے کرکٹ کھیڈدے پئے ہن۔
Cricket is a popular sport.	کرکٹ ہک مقبول کھیڈ اے۔
The internet connects people across continents.	انٹرنیٹ براعظماں وچ لوکاں کوں جوڑیندے۔
Small businesses create employment opportunities.	نکیاں کاروبار روزگار دے موقعے پیدا کریندے نیں۔
My grandmother told me stories.	میری دادی نے مینوں کہانیاں سنایاں۔
Handicrafts showcase artistic traditions.	ہتھکاریاں فنکارانہ روایات دکھیندیاں نیں۔
She walked slowly through the garden.	اوں باغ وچ آہستہ آہستہ ٹردی۔
Train journeys offer scenic views.	ریل دے سفر منظراں دے نظارے پیش کریندے نیں۔
Pollution in cities has become a serious problem.	شہراں وچ آلودگی ہک سنجیدہ مسئلہ بن گئی اے۔
Sports teach teamwork and discipline.	کھیڈاں ٹیم ورک تے نظم و ضبط سکھیندیاں نیں۔
The forest is home to many wild animals.	جنگل گھنے جنگلی جانوراں دا گھر اے۔
My grandmother told me stories.	میری دادی نے مینوں کہانیاں سنایاں۔
My grandmother told me stories.	میری دادی نے مینوں کہانیاں سنایاں۔
The wedding ceremony lasted three days.	شادی دی تقریب ترئے دینہہ چلی۔
The internet connects people across continents.	انٹرنیٹ براعظماں وچ لوکاں کوں جوڑیندے۔
Students gathered in the library.	طالب علم لائبریری وچ گڈے تھئے۔
Handicrafts showcase artistic traditions.	ہتھکاریاں فنکارانہ روایات دکھیندیاں نیں۔
Tea is served to guests as a gesture of hospitality.	مہماناں کوں مہمان نوازی دی نشانی دے طور تے چاہ پیش کیتی ویندی اے۔
Traditional music is important for our heritage.	روایتی موسیقی سادی ورثے کیتے اہم اے۔
People travel long distances to visit religious sites.	لوک مذہبی تھانواں دیکھن کیتے لمبیاں دوریاں طے کریندے نیں۔
The professor wrote equations on the blackboard.	پروفیسر تختے تے مساوات لکھیاں۔
Storytelling preserves culture and knowledge.	کہانی سناون ثقافت تے علم کوں محفوظ رکھیندے۔
The bus arrived late.	بس ڈیر نال پہنچی۔
People celebrate festivals with great joy.	لوک ودی خوشی نال میلے منیندے نیں۔
I woke up early this morning.	من اڄ صبح جلدی اٹھیا۔
People celebrate festivals with great joy.	لوک ودی خوشی نال میلے منیندے نیں۔
Regular exercise helps maintain good health.	منظم ورزش چنگی صحت برقرار رکھن وچ مدد کریندی اے۔
Education opens doors to opportunities.	تعلیم موقعاں دے دروازے کولیندی اے۔
Train journeys offer scenic views.	ریل دے سفر منظراں دے نظارے پیش کریندے نیں۔
Cricket is a popular sport.	کرکٹ ہک مقبول کھیڈ اے۔
Traditional music is important for our heritage.	روایتی موسیقی سادی ورثے کیتے اہم اے۔
The bus arrived late.	بس ڈیر نال پہنچی۔
Smartphones have changed how people communicate.	اسمارٹ فوناں نے لوکاں دے رابطے دے طریقے کوں تبدیل کیتا اے۔
The market was crowded with people.	بازار لوکاں نال بھریا ہویا ہا۔
People travel long distances to visit religious sites.	لوک مذہبی تھانواں دیکھن کیتے لمبیاں دوریاں طے کریندے نیں۔
Train journeys offer scenic views.	ریل دے سفر منظراں دے نظارے پیش کریندے نیں۔
The forest is home to many wild animals.	جنگل گھنے جنگلی جانوراں دا گھر اے۔
Doctors recommend drinking plenty of water.	ڈاکٹر گھنے پانی پیون دی صلاح دیندے نیں۔
After finishing his work, he sat down.	اپنا کم مکمل کرن دے بعد، او بیٹھ گیا۔
Teachers shape young minds.	استاد نوجوان ذہناں کوں شکل دیندے نیں۔
The internet connects people across continents.	انٹرنیٹ براعظماں وچ لوکاں کوں جوڑیندے۔
Teachers shape young minds.	استاد نوجوان ذہناں کوں شکل دیندے نیں۔
The professor wrote equations on the blackboard.	پروفیسر تختے تے مساوات لکھیاں۔
Train journeys offer scenic views.	ریل دے سفر منظراں دے نظارے پیش کریندے نیں۔
Handicrafts showcase artistic traditions.	ہتھکاریاں فنکارانہ روایات دکھیندیاں نیں۔
Train journeys offer scenic views.	ریل دے سفر منظراں دے نظارے پیش کریندے نیں۔
Eating fresh fruits provides essential vitamins.	تازہ پھل کھان ضروری وٹامن فراہم کریندے۔
Students gathered in the library.	طالب علم لائبریری وچ گڈے تھئے۔
Farmers planted rice in the flooded fields.	کسان پانی والے کھیتراں وچ چاول پوکے۔
Handicrafts showcase artistic traditions.	ہتھکاریاں فنکارانہ روایات دکھیندیاں نیں۔
Regular exercise helps maintain good health.	منظم ورزش چنگی صحت برقرار رکھن وچ مدد کریندی اے۔
Smartphones have changed how people communicate.	اسمارٹ فوناں نے لوکاں دے رابطے دے طریقے کوں تبدیل کیتا اے۔
The teacher explained the lesson patiently.	استاد صبر نال سبق سمجھایا۔
Handicrafts showcase artistic traditions.	ہتھکاریاں فنکارانہ روایات دکھیندیاں نیں۔
Small businesses create employment opportunities.	نکیاں کاروبار روزگار دے موقعے پیدا کریندے نیں۔
People travel long distances to visit religious sites.	لوک مذہبی تھانواں دیکھن کیتے لمبیاں دوریاں طے کریندے نیں۔
Eating fresh fruits provides essential vitamins.	تازہ پھل کھان ضروری وٹامن فراہم کریندے۔
Children learn best when they are interested.	بچے بہترین سکھدے نیں جدوں اوہ دلچسپی رکھدے نیں۔
The school organized a science fair.	سکول نے سائنس میلہ منظم کیتا۔
Birds were chirping in the trees.	پنچھی رکھاں وچ چہچہا رہے ہن۔
Handicrafts showcase artistic traditions.	ہتھکاریاں فنکارانہ روایات دکھیندیاں نیں۔
The internet connects people across continents.	انٹرنیٹ براعظماں وچ لوکاں کوں جوڑیندے۔
Children learn best when they are interested.	بچے بہترین سکھدے نیں جدوں اوہ دلچسپی رکھدے نیں۔
Doctors work long hours to treat patients.	ڈاکٹر مریضاں دا علاج کرن کیتے لمبیاں گھڑیاں کم کریندے نیں۔
Respecting elders is an important value.	بزرگاں دا احترام ہک اہم قدر اے۔
Farmers planted rice in the flooded fields.	کسان پانی والے کھیتراں وچ چاول پوکے۔
Family members support each other during difficult times.	خاندان دے ممبر مشکل وختاں وچ ہک دوجھے دی مدد کریندے نیں۔
We decided to visit the old temple.	اساں پرانے مندر دیکھن دا فیصلہ کیتا۔
Reading books improves vocabulary.	کتاباں پڑھن ذخیرہ الفاظ بہتر بنیندے۔
Birds were chirping in the trees.	پنچھی رکھاں وچ چہچہا رہے ہن۔
Online shopping has become popular.	آن لائن خریداری مقبول تھی گئی اے۔
Small businesses create employment opportunities.	نکیاں کاروبار روزگار دے موقعے پیدا کریندے نیں۔
She cooked delicious biryani for the family.	اوں خاندان کیتے مزیدار بریانی پکائی۔
Spices add flavor to traditional dishes.	مصالحے روایتی کھاناں وچ ذائقہ ودیندے نیں۔
Storytelling preserves culture and knowledge.	کہانی سناون ثقافت تے علم کوں محفوظ رکھیندے۔
People celebrate festivals with great joy.	لوک ودی خوشی نال میلے منیندے نیں۔
Smartphones have changed how people communicate.	اسمارٹ فوناں نے لوکاں دے رابطے دے طریقے کوں تبدیل کیتا اے۔
The market was crowded with people.	بازار لوکاں نال بھریا ہویا ہا۔
I woke up early this morning.	من اڄ صبح جلدی اٹھیا۔
Parents sacrifice their own needs for children.	والدین بچیاں کیتے اپنیاں ضرورتاں قربان کریندے نیں۔
Tourism brings revenue to regions with historical sites.	سیاحت تاریخی تھانواں والے علاقیاں کوں آمدنی لیندی اے۔
Education opens doors to opportunities.	تعلیم موقعاں دے دروازے کولیندی اے۔
She walked slowly through the garden.	اوں باغ وچ آہستہ آہستہ ٹردی۔
Sports teach teamwork and discipline.	کھیڈاں ٹیم ورک تے نظم و ضبط سکھیندیاں نیں۔
Respecting elders is an important value.	بزرگاں دا احترام ہک اہم قدر اے۔
People celebrate festivals with great joy.	لوک ودی خوشی نال میلے منیندے نیں۔
The internet connects people across continents.	انٹرنیٹ براعظماں وچ لوکاں کوں جوڑیندے۔
People celebrate festivals with great joy.	لوک ودی خوشی نال میلے منیندے نیں۔
Smartphones have changed how people communicate.	اسمارٹ فوناں نے لوکاں دے رابطے دے طریقے کوں تبدیل کیتا اے۔
Children were playing cricket in the street.	بچے سڑک تے کرکٹ کھیڈدے پئے ہن۔
The internet connects people across continents.	انٹرنیٹ براعظماں وچ لوکاں کوں جوڑیندے۔
The river flows peacefully through the valley.	دریا وادی وچ پرامن طریقے نال وہندی اے۔
She received a scholarship to study medicine.	اوں طب دی تعلیم کیتے اسکالرشپ حاصل کیتی۔
She cooked delicious biryani for the family.	اوں خاندان کیتے مزیدار بریانی پکائی۔
Parents sacrifice their own needs for children.	والدین بچیاں کیتے اپنیاں ضرورتاں قربان کریندے نیں۔
We decided to visit the old temple.	اساں پرانے مندر دیکھن دا فیصلہ کیتا۔
Small businesses create employment opportunities.	نکیاں کاروبار روزگار دے موقعے پیدا کریندے نیں۔
Agriculture remains the primary source of income.	زراعت آمدنی دا بنیادی ذریعہ رہندی اے۔
My grandmother told me stories.	میری دادی نے مینوں کہانیاں سنایاں۔
Doctors work long hours to treat patients.	ڈاکٹر مریضاں دا علاج کرن کیتے لمبیاں گھڑیاں کم کریندے نیں۔
Students gathered in the library.	طالب علم لائبریری وچ گڈے تھئے۔
People celebrate festivals with great joy.	لوک ودی خوشی نال میلے منیندے نیں۔
Elderly people share wisdom and stories.	بزرگ لوک حکمت تے کہانیاں سانجھیاں کریندے نیں۔
She walked slowly through the garden.	اوں باغ وچ آہستہ آہستہ ٹردی۔
Cooking together brings family members closer.	گڈے کھان پکاون خاندان دے ممبراں کوں نیڑے لیندے۔
Online shopping has become popular.	آن لائن خریداری مقبول تھی گئی اے۔
Doctors recommend drinking plenty of water.	ڈاکٹر گھنے پانی پیون دی صلاح دیندے نیں۔
Digital payments have made transactions faster.	ڈیجیٹل ادائیگیاں معاملات تیز کیتے نیں۔
Cooking together brings family members closer.	گڈے کھان پکاون خاندان دے ممبراں کوں نیڑے لیندے۔
Parents sacrifice their own needs for children.	والدین بچیاں کیتے اپنیاں ضرورتاں قربان کریندے نیں۔
The teacher explained the lesson patiently.	استاد صبر نال سبق سمجھایا۔
Children were playing cricket in the street.	بچے سڑک تے کرکٹ کھیڈدے پئے ہن۔
The teacher explained the lesson patiently.	استاد صبر نال سبق سمجھایا۔
Traditional music is important for our heritage.	روایتی موسیقی سادی ورثے کیتے اہم اے۔
Traditional music is important for our heritage.	روایتی موسیقی سادی ورثے کیتے اہم اے۔
Agriculture remains the primary source of income.	زراعت آمدنی دا بنیادی ذریعہ رہندی اے۔
The professor wrote equations on the blackboard.	پروفیسر تختے تے مساوات لکھیاں۔
She cooked delicious biryani for the family.	اوں خاندان کیتے مزیدار بریانی پکائی۔
After finishing his work, he sat down.	اپنا کم مکمل کرن دے بعد، او بیٹھ گیا۔
People celebrate festivals with great joy.	لوک ودی خوشی نال میلے منیندے نیں۔
Cricket is a popular sport.	کرکٹ ہک مقبول کھیڈ اے۔
Spices add flavor to traditional dishes.	مصالحے روایتی کھاناں وچ ذائقہ ودیندے نیں۔
We decided to visit the old temple.	اساں پرانے مندر دیکھن دا فیصلہ کیتا۔
My grandmother told me stories.	میری دادی نے مینوں کہانیاں سنایاں۔
Clear communication prevents misunderstandings.	صاف رابطہ غلط فہمیاں کوں روکیندے۔
The bus arrived late.	بس ڈیر نال پہنچی۔
She walked slowly through the garden.	اوں باغ وچ آہستہ آہستہ ٹردی۔
People celebrate festivals with great joy.	لوک ودی خوشی نال میلے منیندے نیں۔
My grandmother told me stories.	میری دادی نے مینوں کہانیاں سنایاں۔
The wedding ceremony lasted three days.	شادی دی تقریب ترئے دینہہ چلی۔
Tea is served to guests as a gesture of hospitality.	مہماناں کوں مہمان نوازی دی نشانی دے طور تے چاہ پیش کیتی ویندی اے۔
People travel long distances to visit religious sites.	لوک مذہبی تھانواں دیکھن کیتے لمبیاں دوریاں طے کریندے نیں۔
After finishing his work, he sat down.	اپنا کم مکمل کرن دے بعد، او بیٹھ گیا۔
Teachers shape young minds.	استاد نوجوان ذہناں کوں شکل دیندے نیں۔
The river flows peacefully through the valley.	دریا وادی وچ پرامن طریقے نال وہندی اے۔
Children were playing cricket in the street.	بچے سڑک تے کرکٹ کھیڈدے پئے ہن۔
Spices add flavor to traditional dishes.	مصالحے روایتی کھاناں وچ ذائقہ ودیندے نیں۔
Sports teach teamwork and discipline.	کھیڈاں ٹیم ورک تے نظم و ضبط سکھیندیاں نیں۔
Respecting elders is an important value.	بزرگاں دا احترام ہک اہم قدر اے۔
Clear communication prevents misunderstandings.	صاف رابطہ غلط فہمیاں کوں روکیندے۔
Teachers shape young minds.	استاد نوجوان ذہناں کوں شکل دیندے نیں۔
She walked slowly through the garden.	اوں باغ وچ آہستہ آہستہ ٹردی۔
Respecting elders is an important value.	بزرگاں دا احترام ہک اہم قدر اے۔
Teachers shape young minds.	استاد نوجوان ذہناں کوں شکل دیندے نیں۔
Tourism brings revenue to regions with historical sites.	سیاحت تاریخی تھانواں والے علاقیاں کوں آمدنی لیندی اے۔
Family members support each other during difficult times.	خاندان دے ممبر مشکل وختاں وچ ہک دوجھے دی مدد کریندے نیں۔
The forest is home to many wild animals.	جنگل گھنے جنگلی جانوراں دا گھر اے۔
The wedding ceremony lasted three days.	شادی دی تقریب ترئے دینہہ چلی۔
The bus arrived late.	بس ڈیر نال پہنچی۔
Eating fresh fruits provides essential vitamins.	تازہ پھل کھان ضروری وٹامن فراہم کریندے۔
Online shopping has become popular.	آن لائن خریداری مقبول تھی گئی اے۔
Handicrafts showcase artistic traditions.	ہتھکاریاں فنکارانہ روایات دکھیندیاں نیں۔
Clear communication prevents misunderstandings.	صاف رابطہ غلط فہمیاں کوں روکیندے۔
Traditional music is important for our heritage.	روایتی موسیقی سادی ورثے کیتے اہم اے۔
She cooked delicious biryani for the family.	اوں خاندان کیتے مزیدار بریانی پکائی۔
Tourism brings revenue to regions with historical sites.	سیاحت تاریخی تھانواں والے علاقیاں کوں آمدنی لیندی اے۔
She received a scholarship to study medicine.	اوں طب دی تعلیم کیتے اسکالرشپ حاصل کیتی۔
Farmers planted rice in the flooded fields.	کسان پانی والے کھیتراں وچ چاول پوکے۔
Sports teach teamwork and discipline.	کھیڈاں ٹیم ورک تے نظم و ضبط سکھیندیاں نیں۔
People celebrate festivals with great joy.	لوک ودی خوشی نال میلے منیندے نیں۔
The internet connects people across continents.	انٹرنیٹ براعظماں وچ لوکاں کوں جوڑیندے۔
Doctors work long hours to treat patients.	ڈاکٹر مریضاں دا علاج کرن کیتے لمبیاں گھڑیاں کم کریندے نیں۔
Clear communication prevents misunderstandings.	صاف رابطہ غلط فہمیاں کوں روکیندے۔
The teacher explained the lesson patiently.	استاد صبر نال سبق سمجھایا۔
Pollution in cities has become a serious problem.	شہراں وچ آلودگی ہک سنجیدہ مسئلہ بن گئی اے۔
Doctors work long hours to treat patients.	ڈاکٹر مریضاں دا علاج کرن کیتے لمبیاں گھڑیاں کم کریندے نیں۔
Regular exercise helps maintain good health.	منظم ورزش چنگی صحت برقرار رکھن وچ مدد کریندی اے۔
After finishing his work, he sat down.	اپنا کم مکمل کرن دے بعد، او بیٹھ گیا۔
Students gathered in the library.	طالب علم لائبریری وچ گڈے تھئے۔
The market was crowded with people.	بازار لوکاں نال بھریا ہویا ہا۔
Elderly people share wisdom and stories.	بزرگ لوک حکمت تے کہانیاں سانجھیاں کریندے نیں۔
Children were playing cricket in the street.	بچے سڑک تے کرکٹ کھیڈدے پئے ہن۔
Doctors work long hours to treat patients.	ڈاکٹر مریضاں دا علاج کرن کیتے لمبیاں گھڑیاں کم کریندے نیں۔
Doctors work long hours to treat patients.	ڈاکٹر مریضاں دا علاج کرن کیتے لمبیاں گھڑیاں کم کریندے نیں۔
The forest is home to many wild animals.	جنگل گھنے جنگلی جانوراں دا گھر اے۔
I woke up early this morning.	من اڄ صبح جلدی اٹھیا۔
Cricket is a popular sport.	کرکٹ ہک مقبول کھیڈ اے۔
Storytelling preserves culture and knowledge.	کہانی سناون ثقافت تے علم کوں محفوظ رکھیندے۔
The market was crowded with people.	بازار لوکاں نال بھریا ہویا ہا۔
Pollution in cities has become a serious problem.	شہراں وچ آلودگی ہک سنجیدہ مسئلہ بن گئی اے۔
Small businesses create employment opportunities.	نکیاں کاروبار روزگار دے موقعے پیدا کریندے نیں۔
Clear communication prevents misunderstandings.	صاف رابطہ غلط فہمیاں کوں روکیندے۔
Doctors recommend drinking plenty of water.	ڈاکٹر گھنے پانی پیون دی صلاح دیندے نیں۔
Regular exercise helps maintain good health.	منظم ورزش چنگی صحت برقرار رکھن وچ مدد کریندی اے۔
People celebrate festivals with great joy.	لوک ودی خوشی نال میلے منیندے نیں۔
Birds were chirping in the trees.	پنچھی رکھاں وچ چہچہا رہے ہن۔
Teachers shape young minds.	استاد نوجوان ذہناں کوں شکل دیندے نیں۔
Sports teach teamwork and discipline.	کھیڈاں ٹیم ورک تے نظم و ضبط سکھیندیاں نیں۔
Family members support each other during difficult times.	خاندان دے ممبر مشکل وختاں وچ ہک دوجھے دی مدد کریندے نیں۔
The market was crowded with people.	بازار لوکاں نال بھریا ہویا ہا۔
Birds were chirping in the trees.	پنچھی رکھاں وچ چہچہا رہے ہن۔
The forest is home to many wild animals.	جنگل گھنے جنگلی جانوراں دا گھر اے۔
Smartphones have changed how people communicate.	اسمارٹ فوناں نے لوکاں دے رابطے دے طریقے کوں تبدیل کیتا اے۔
The school organized a science fair.	سکول نے سائنس میلہ منظم کیتا۔
The market was crowded with people.	بازار لوکاں نال بھریا ہویا ہا۔
People travel long distances to visit religious sites.	لوک مذہبی تھانواں دیکھن کیتے لمبیاں دوریاں طے کریندے نیں۔
Education opens doors to opportunities.	تعلیم موقعاں دے دروازے کولیندی اے۔
Small businesses create employment opportunities.	نکیاں کاروبار روزگار دے موقعے پیدا کریندے نیں۔
Cricket is a popular sport.	کرکٹ ہک مقبول کھیڈ اے۔
Clear communication prevents misunderstandings.	صاف رابطہ غلط فہمیاں کوں روکیندے۔
Doctors work long hours to treat patients.	ڈاکٹر مریضاں دا علاج کرن کیتے لمبیاں گھڑیاں کم کریندے نیں۔
The bus arrived late.	بس ڈیر نال پہنچی۔
Parents sacrifice their own needs for children.	والدین بچیاں کیتے اپنیاں ضرورتاں قربان کریندے نیں۔
Traditional music is important for our heritage.	روایتی موسیقی سادی ورثے کیتے اہم اے۔
Family members support each other during difficult times.	خاندان دے ممبر مشکل وختاں وچ ہک دوجھے دی مدد کریندے نیں۔
Pollution in cities has become a serious problem.	شہراں وچ آلودگی ہک سنجیدہ مسئلہ بن گئی اے۔
Online shopping has become popular.	آن لائن خریداری مقبول تھی گئی اے۔
Digital payments have made transactions faster.	ڈیجیٹل ادائیگیاں معاملات تیز کیتے نیں۔
Cooking together brings family members closer.	گڈے کھان پکاون خاندان دے ممبراں کوں نیڑے لیندے۔
Tourism brings revenue to regions with historical sites.	سیاحت تاریخی تھانواں والے علاقیاں کوں آمدنی لیندی اے۔
Spices add flavor to traditional dishes.	مصالحے روایتی کھاناں وچ ذائقہ ودیندے نیں۔
After finishing his work, he sat down.	اپنا کم مکمل کرن دے بعد، او بیٹھ گیا۔
The teacher explained the lesson patiently.	استاد صبر نال سبق سمجھایا۔
Sports teach teamwork and discipline.	کھیڈاں ٹیم ورک تے نظم و ضبط سکھیندیاں نیں۔
Traditional music is important for our heritage.	روایتی موسیقی سادی ورثے کیتے اہم اے۔
Learning a new language requires practice.	نوی زبان سکھن کیتے مشق دی لوڑ اے۔
Sports teach teamwork and discipline.	کھیڈاں ٹیم ورک تے نظم و ضبط سکھیندیاں نیں۔
Cooking together brings family members closer.	گڈے کھان پکاون خاندان دے ممبراں کوں نیڑے لیندے۔
Clear communication prevents misunderstandings.	صاف رابطہ غلط فہمیاں کوں روکیندے۔
Reading books improves vocabulary.	کتاباں پڑھن ذخیرہ الفاظ بہتر بنیندے۔
Tourism brings revenue to regions with historical sites.	سیاحت تاریخی تھانواں والے علاقیاں کوں آمدنی لیندی اے۔
Farmers wake up early to tend to crops.	کسان فصلاں دی سنبھال کیتے جلدی اٹھدے نیں۔
Learning a new language requires practice.	نوی زبان سکھن کیتے مشق دی لوڑ اے۔
The market was crowded with people.	بازار لوکاں نال بھریا ہویا ہا۔
Learning a new language requires practice.	نوی زبان سکھن کیتے مشق دی لوڑ اے۔
Traditional music is important for our heritage.	روایتی موسیقی سادی ورثے کیتے اہم اے۔
The river flows peacefully through the valley.	دریا وادی وچ پرامن طریقے نال وہندی اے۔
I woke up early this morning.	من اڄ صبح جلدی اٹھیا۔
Cricket is a popular sport.	کرکٹ ہک مقبول کھیڈ اے۔
Reading books improves vocabulary.	کتاباں پڑھن ذخیرہ الفاظ بہتر بنیندے۔
Learning a new language requires practice.	نوی زبان سکھن کیتے مشق دی لوڑ اے۔
Children learn best when they are interested.	بچے بہترین سکھدے نیں جدوں اوہ دلچسپی رکھدے نیں۔
Digital payments have made transactions faster.	ڈیجیٹل ادائیگیاں معاملات تیز کیتے نیں۔
Train journeys offer scenic views.	ریل دے سفر منظراں دے نظارے پیش کریندے نیں۔
Education opens doors to opportunities.	تعلیم موقعاں دے دروازے کولیندی اے۔
Doctors work long hours to treat patients.	ڈاکٹر مریضاں دا علاج کرن کیتے لمبیاں گھڑیاں کم کریندے نیں۔
Regular exercise helps maintain good health.	منظم ورزش چنگی صحت برقرار رکھن وچ مدد کریندی اے۔
Traditional music is important for our heritage.	روایتی موسیقی سادی ورثے کیتے اہم اے۔
Children learn best when they are interested.	بچے بہترین سکھدے نیں جدوں اوہ دلچسپی رکھدے نیں۔
Teachers shape young minds.	استاد نوجوان ذہناں کوں شکل دیندے نیں۔
Sports teach teamwork and discipline.	کھیڈاں ٹیم ورک تے نظم و ضبط سکھیندیاں نیں۔
The forest is home to many wild animals.	جنگل گھنے جنگلی جانوراں دا گھر اے۔
Online shopping has become popular.	آن لائن خریداری مقبول تھی گئی اے۔
Regular exercise helps maintain good health.	منظم ورزش چنگی صحت برقرار رکھن وچ مدد کریندی اے۔
We decided to visit the old temple.	اساں پرانے مندر دیکھن دا فیصلہ کیتا۔
Reading books improves vocabulary.	کتاباں پڑھن ذخیرہ الفاظ بہتر بنیندے۔
Storytelling preserves culture and knowledge.	کہانی سناون ثقافت تے علم کوں محفوظ رکھیندے۔
The internet connects people across continents.	انٹرنیٹ براعظماں وچ لوکاں کوں جوڑیندے۔
Parents sacrifice their own needs for children.	والدین بچیاں کیتے اپنیاں ضرورتاں قربان کریندے نیں۔
Children learn best when they are interested.	بچے بہترین سکھدے نیں جدوں اوہ دلچسپی رکھدے نیں۔
Smartphones have changed how people communicate.	اسمارٹ فوناں نے لوکاں دے رابطے دے طریقے کوں تبدیل کیتا اے۔
Cooking together brings family members closer.	گڈے کھان پکاون خاندان دے ممبراں کوں نیڑے لیندے۔
The market was crowded with people.	بازار لوکاں نال بھریا ہویا ہا۔
The internet connects people across continents.	انٹرنیٹ براعظماں وچ لوکاں کوں جوڑیندے۔
Learning a new language requires practice.	نوی زبان سکھن کیتے مشق دی لوڑ اے۔
Parents sacrifice their own needs for children.	والدین بچیاں کیتے اپنیاں ضرورتاں قربان کریندے نیں۔
I woke up early this morning.	من اڄ صبح جلدی اٹھیا۔
Clear communication prevents misunderstandings.	صاف رابطہ غلط فہمیاں کوں روکیندے۔
Pollution in cities has become a serious problem.	شہراں وچ آلودگی ہک سنجیدہ مسئلہ بن گئی اے۔
People travel long distances to visit religious sites.	لوک مذہبی تھانواں دیکھن کیتے لمبیاں دوریاں طے کریندے نیں۔
Children were playing cricket in the street.	بچے سڑک تے کرکٹ کھیڈدے پئے ہن۔
Traditional music is important for our heritage.	روایتی موسیقی سادی ورثے کیتے اہم اے۔
Agriculture remains the primary source of income.	زراعت آمدنی دا بنیادی ذریعہ رہندی اے۔
She walked slowly through the garden.	اوں باغ وچ آہستہ آہستہ ٹردی۔
Eating fresh fruits provides essential vitamins.	تازہ پھل کھان ضروری وٹامن فراہم کریندے۔
She cooked delicious biryani for the family.	اوں خاندان کیتے مزیدار بریانی پکائی۔
Sports teach teamwork and discipline.	کھیڈاں ٹیم ورک تے نظم و ضبط سکھیندیاں نیں۔
Learning a new language requires practice.	نوی زبان سکھن کیتے مشق دی لوڑ اے۔
Education opens doors to opportunities.	تعلیم موقعاں دے دروازے کولیندی اے۔
Regular exercise helps maintain good health.	منظم ورزش چنگی صحت برقرار رکھن وچ مدد کریندی اے۔
She received a scholarship to study medicine.	اوں طب دی تعلیم کیتے اسکالرشپ حاصل کیتی۔
Smartphones have changed how people communicate.	اسمارٹ فوناں نے لوکاں دے رابطے دے طریقے کوں تبدیل کیتا اے۔
Cooking together brings family members closer.	گڈے کھان پکاون خاندان دے ممبراں کوں نیڑے لیندے۔
Doctors work long hours to treat patients.	ڈاکٹر مریضاں دا علاج کرن کیتے لمبیاں گھڑیاں کم کریندے نیں۔
Elderly people share wisdom and stories.	بزرگ لوک حکمت تے کہانیاں سانجھیاں کریندے نیں۔
Tourism brings revenue to regions with historical sites.	سیاحت تاریخی تھانواں والے علاقیاں کوں آمدنی لیندی اے۔
I woke up early this morning.	من اڄ صبح جلدی اٹھیا۔
Education opens doors to opportunities.	تعلیم موقعاں دے دروازے کولیندی اے۔
Storytelling preserves culture and knowledge.	کہانی سناون ثقافت تے علم کوں محفوظ رکھیندے۔
The teacher explained the lesson patiently.	استاد صبر نال سبق سمجھایا۔
Online shopping has become popular.	آن لائن خریداری مقبول تھی گئی اے۔
Parents sacrifice their own needs for children.	والدین بچیاں کیتے اپنیاں ضرورتاں قربان کریندے نیں۔
The school organized a science fair.	سکول نے سائنس میلہ منظم کیتا۔
Tourism brings revenue to regions with historical sites.	سیاحت تاریخی تھانواں والے علاقیاں کوں آمدنی لیندی اے۔
Learning a new language requires practice.	نوی زبان سکھن کیتے مشق دی لوڑ اے۔
The teacher explained the lesson patiently.	استاد صبر نال سبق سمجھایا۔
Agriculture remains the primary source of income.	زراعت آمدنی دا بنیادی ذریعہ رہندی اے۔
Online shopping has become popular.	آن لائن خریداری مقبول تھی گئی اے۔
My grandmother told me stories.	میری دادی نے مینوں کہانیاں سنایاں۔
Sports teach teamwork and discipline.	کھیڈاں ٹیم ورک تے نظم و ضبط سکھیندیاں نیں۔
Learning a new language requires practice.	نوی زبان سکھن کیتے مشق دی لوڑ اے۔
The professor wrote equations on the blackboard.	پروفیسر تختے تے مساوات لکھیاں۔
She walked slowly through the garden.	اوں باغ وچ آہستہ آہستہ ٹردی۔
Doctors recommend drinking plenty of water.	ڈاکٹر گھنے پانی پیون دی صلاح دیندے نیں۔
The river flows peacefully through the valley.	دریا وادی وچ پرامن طریقے نال وہندی اے۔
The professor wrote equations on the blackboard.	پروفیسر تختے تے مساوات لکھیاں۔
The bus arrived late.	بس ڈیر نال پہنچی۔
Doctors work long hours to treat patients.	ڈاکٹر مریضاں دا علاج کرن کیتے لمبیاں گھڑیاں کم کریندے نیں۔
The school organized a science fair.	سکول نے سائنس میلہ منظم کیتا۔
We decided to visit the old temple.	اساں پرانے مندر دیکھن دا فیصلہ کیتا۔
Students gathered in the library.	طالب علم لائبریری وچ گڈے تھئے۔
We decided to visit the old temple.	اساں پرانے مندر دیکھن دا فیصلہ کیتا۔
Family members support each other during difficult times.	خاندان دے ممبر مشکل وختاں وچ ہک دوجھے دی مدد کریندے نیں۔
Digital payments have made transactions faster.	ڈیجیٹل ادائیگیاں معاملات تیز کیتے نیں۔
Farmers wake up early to tend to crops.	کسان فصلاں دی سنبھال کیتے جلدی اٹھدے نیں۔
The forest is home to many wild animals.	جنگل گھنے جنگلی جانوراں دا گھر اے۔
Regular exercise helps maintain good health.	منظم ورزش چنگی صحت برقرار رکھن وچ مدد کریندی اے۔
Teachers shape young minds.	استاد نوجوان ذہناں کوں شکل دیندے نیں۔
She walked slowly through the garden.	اوں باغ وچ آہستہ آہستہ ٹردی۔
Reading books improves vocabulary.	کتاباں پڑھن ذخیرہ الفاظ بہتر بنیندے۔
People celebrate festivals with great joy.	لوک ودی خوشی نال میلے منیندے نیں۔
Clear communication prevents misunderstandings.	صاف رابطہ غلط فہمیاں کوں روکیندے۔
Traditional music is important for our heritage.	روایتی موسیقی سادی ورثے کیتے اہم اے۔
Eating fresh fruits provides essential vitamins.	تازہ پھل کھان ضروری وٹامن فراہم کریندے۔
Eating fresh fruits provides essential vitamins.	تازہ پھل کھان ضروری وٹامن فراہم کریندے۔
The market was crowded with people.	بازار لوکاں نال بھریا ہویا ہا۔
We decided to visit the old temple.	اساں پرانے مندر دیکھن دا فیصلہ کیتا۔
People celebrate festivals with great joy.	لوک ودی خوشی نال میلے منیندے نیں۔
Family members support each other during difficult times.	خاندان دے ممبر مشکل وختاں وچ ہک دوجھے دی مدد کریندے نیں۔
We decided to visit the old temple.	اساں پرانے مندر دیکھن دا فیصلہ کیتا۔
She received a scholarship to study medicine.	اوں طب دی تعلیم کیتے اسکالرشپ حاصل کیتی۔
Eating fresh fruits provides essential vitamins.	تازہ پھل کھان ضروری وٹامن فراہم کریندے۔
Elderly people share wisdom and stories.	بزرگ لوک حکمت تے کہانیاں سانجھیاں کریندے نیں۔
Cooking together brings family members closer.	گڈے کھان پکاون خاندان دے ممبراں کوں نیڑے لیندے۔
Children learn best when they are interested.	بچے بہترین سکھدے نیں جدوں اوہ دلچسپی رکھدے نیں۔
The wedding ceremony lasted three days.	شادی دی تقریب ترئے دینہہ چلی۔
Tourism brings revenue to regions with historical sites.	سیاحت تاریخی تھانواں والے علاقیاں کوں آمدنی لیندی اے۔
Pollution in cities has become a serious problem.	شہراں وچ آلودگی ہک سنجیدہ مسئلہ بن گئی اے۔
Parents sacrifice their own needs for children.	والدین بچیاں کیتے اپنیاں ضرورتاں قربان کریندے نیں۔
Respecting elders is an important value.	بزرگاں دا احترام ہک اہم قدر اے۔
Tea is served to guests as a gesture of hospitality.	مہماناں کوں مہمان نوازی دی نشانی دے طور تے چاہ پیش کیتی ویندی اے۔
The school organized a science fair.	سکول نے سائنس میلہ منظم کیتا۔
Parents sacrifice their own needs for children.	والدین بچیاں کیتے اپنیاں ضرورتاں قربان کریندے نیں۔
Regular exercise helps maintain good health.	منظم ورزش چنگی صحت برقرار رکھن وچ مدد کریندی اے۔
The bus arrived late.	بس ڈیر نال پہنچی۔
Doctors work long hours to treat patients.	ڈاکٹر مریضاں دا علاج کرن کیتے لمبیاں گھڑیاں کم کریندے نیں۔
People travel long distances to visit religious sites.	لوک مذہبی تھانواں دیکھن کیتے لمبیاں دوریاں طے کریندے نیں۔
Respecting elders is an important value.	بزرگاں دا احترام ہک اہم قدر اے۔
Sports teach teamwork and discipline.	کھیڈاں ٹیم ورک تے نظم و ضبط سکھیندیاں نیں۔
After finishing his work, he sat down.	اپنا کم مکمل کرن دے بعد، او بیٹھ گیا۔
Birds were chirping in the trees.	پنچھی رکھاں وچ چہچہا رہے ہن۔
Family members support each other during difficult times.	خاندان دے ممبر مشکل وختاں وچ ہک دوجھے دی مدد کریندے نیں۔
The wedding ceremony lasted three days.	شادی دی تقریب ترئے دینہہ چلی۔
Regular exercise helps maintain good health.	منظم ورزش چنگی صحت برقرار رکھن وچ مدد کریندی اے۔
Family members support each other during difficult times.	خاندان دے ممبر مشکل وختاں وچ ہک دوجھے دی مدد کریندے نیں۔
Farmers planted rice in the flooded fields.	کسان پانی والے کھیتراں وچ چاول پوکے۔
Spices add flavor to traditional dishes.	مصالحے روایتی کھاناں وچ ذائقہ ودیندے نیں۔
The forest is home to many wild animals.	جنگل گھنے جنگلی جانوراں دا گھر اے۔
Family members support each other during difficult times.	خاندان دے ممبر مشکل وختاں وچ ہک دوجھے دی مدد کریندے نیں۔
Tea is served to guests as a gesture of hospitality.	مہماناں کوں مہمان نوازی دی نشانی دے طور تے چاہ پیش کیتی ویندی اے۔
She cooked delicious biryani for the family.	اوں خاندان کیتے مزیدار بریانی پکائی۔
People travel long distances to visit religious sites.	لوک مذہبی تھانواں دیکھن کیتے لمبیاں دوریاں طے کریندے نیں۔
Cooking together brings family members closer.	گڈے کھان پکاون خاندان دے ممبراں کوں نیڑے لیندے۔
Farmers wake up early to tend to crops.	کسان فصلاں دی سنبھال کیتے جلدی اٹھدے نیں۔
Parents sacrifice their own needs for children.	والدین بچیاں کیتے اپنیاں ضرورتاں قربان کریندے نیں۔
Train journeys offer scenic views.	ریل دے سفر منظراں دے نظارے پیش کریندے نیں۔
Education opens doors to opportunities.	تعلیم موقعاں دے دروازے کولیندی اے۔
The river flows peacefully through the valley.	دریا وادی وچ پرامن طریقے نال وہندی اے۔
She received a scholarship to study medicine.	اوں طب دی تعلیم کیتے اسکالرشپ حاصل کیتی۔
Family members support each other during difficult times.	خاندان دے ممبر مشکل وختاں وچ ہک دوجھے دی مدد کریندے نیں۔
Cricket is a popular sport.	کرکٹ ہک مقبول کھیڈ اے۔
Regular exercise helps maintain good health.	منظم ورزش چنگی صحت برقرار رکھن وچ مدد کریندی اے۔
The teacher explained the lesson patiently.	استاد صبر نال سبق سمجھایا۔
Pollution in cities has become a serious problem.	شہراں وچ آلودگی ہک سنجیدہ مسئلہ بن گئی اے۔
I woke up early this morning.	من اڄ صبح جلدی اٹھیا۔
Children learn best when they are interested.	بچے بہترین سکھدے نیں جدوں اوہ دلچسپی رکھدے نیں۔
Doctors recommend drinking plenty of water.	ڈاکٹر گھنے پانی پیون دی صلاح دیندے نیں۔
Parents sacrifice their own needs for children.	والدین بچیاں کیتے اپنیاں ضرورتاں قربان کریندے نیں۔
Students gathered in the library.	طالب علم لائبریری وچ گڈے تھئے۔
Agriculture remains the primary source of income.	زراعت آمدنی دا بنیادی ذریعہ رہندی اے۔
She received a scholarship to study medicine.	اوں طب دی تعلیم کیتے اسکالرشپ حاصل کیتی۔
Doctors work long hours to treat patients.	ڈاکٹر مریضاں دا علاج کرن کیتے لمبیاں گھڑیاں کم کریندے نیں۔
Smartphones have changed how people communicate.	اسمارٹ فوناں نے لوکاں دے رابطے دے طریقے کوں تبدیل کیتا اے۔
Agriculture remains the primary source of income.	زراعت آمدنی دا بنیادی ذریعہ رہندی اے۔
The wedding ceremony lasted three days.	شادی دی تقریب ترئے دینہہ چلی۔
Pollution in cities has become a serious problem.	شہراں وچ آلودگی ہک سنجیدہ مسئلہ بن گئی اے۔
Education opens doors to opportunities.	تعلیم موقعاں دے دروازے کولیندی اے۔
Children were playing cricket in the street.	بچے سڑک تے کرکٹ کھیڈدے پئے ہن۔
The wedding ceremony lasted three days.	شادی دی تقریب ترئے دینہہ چلی۔
Teachers shape young minds.	استاد نوجوان ذہناں کوں شکل دیندے نیں۔
The internet connects people across continents.	انٹرنیٹ براعظماں وچ لوکاں کوں جوڑیندے۔
The internet connects people across continents.	انٹرنیٹ براعظماں وچ لوکاں کوں جوڑیندے۔
My grandmother told me stories.	میری دادی نے مینوں کہانیاں سنایاں۔
Tourism brings revenue to regions with historical sites.	سیاحت تاریخی تھانواں والے علاقیاں کوں آمدنی لیندی اے۔
Smartphones have changed how people communicate.	اسمارٹ فوناں نے لوکاں دے رابطے دے طریقے کوں تبدیل کیتا اے۔
Cooking together brings family members closer.	گڈے کھان پکاون خاندان دے ممبراں کوں نیڑے لیندے۔
Small businesses create employment opportunities.	نکیاں کاروبار روزگار دے موقعے پیدا کریندے نیں۔
Traditional music is important for our heritage.	روایتی موسیقی سادی ورثے کیتے اہم اے۔
The river flows peacefully through the valley.	دریا وادی وچ پرامن طریقے نال وہندی اے۔
Spices add flavor to traditional dishes.	مصالحے روایتی کھاناں وچ ذائقہ ودیندے نیں۔
People celebrate festivals with great joy.	لوک ودی خوشی نال میلے منیندے نیں۔
Cricket is a popular sport.	کرکٹ ہک مقبول کھیڈ اے۔
The school organized a science fair.	سکول نے سائنس میلہ منظم کیتا۔
Regular exercise helps maintain good health.	منظم ورزش چنگی صحت برقرار رکھن وچ مدد کریندی اے۔
She walked slowly through the garden.	اوں باغ وچ آہستہ آہستہ ٹردی۔
My grandmother told me stories.	میری دادی نے مینوں کہانیاں سنایاں۔
Agriculture remains the primary source of income.	زراعت آمدنی دا بنیادی ذریعہ رہندی اے۔
Tea is served to guests as a gesture of hospitality.	مہماناں کوں مہمان نوازی دی نشانی دے طور تے چاہ پیش کیتی ویندی اے۔
Doctors recommend drinking plenty of water.	ڈاکٹر گھنے پانی پیون دی صلاح دیندے نیں۔
Students gathered in the library.	طالب علم لائبریری وچ گڈے تھئے۔
Tea is served to guests as a gesture of hospitality.	مہماناں کوں مہمان نوازی دی نشانی دے طور تے چاہ پیش کیتی ویندی اے۔
The bus arrived late.	بس ڈیر نال پہنچی۔
Handicrafts showcase artistic traditions.	ہتھکاریاں فنکارانہ روایات دکھیندیاں نیں۔
Doctors recommend drinking plenty of water.	ڈاکٹر گھنے پانی پیون دی صلاح دیندے نیں۔
Cricket is a popular sport.	کرکٹ ہک مقبول کھیڈ اے۔
Handicrafts showcase artistic traditions.	ہتھکاریاں فنکارانہ روایات دکھیندیاں نیں۔
Farmers wake up early to tend to crops.	کسان فصلاں دی سنبھال کیتے جلدی اٹھدے نیں۔
She cooked delicious biryani for the family.	اوں خاندان کیتے مزیدار بریانی پکائی۔
Cricket is a popular sport.	کرکٹ ہک مقبول کھیڈ اے۔
The river flows peacefully through the valley.	دریا وادی وچ پرامن طریقے نال وہندی اے۔
Farmers wake up early to tend to crops.	کسان فصلاں دی سنبھال کیتے جلدی اٹھدے نیں۔
She cooked delicious biryani for the family.	اوں خاندان کیتے مزیدار بریانی پکائی۔
Children were playing cricket in the street.	بچے سڑک تے کرکٹ کھیڈدے پئے ہن۔
Students gathered in the library.	طالب علم لائبریری وچ گڈے تھئے۔
Doctors recommend drinking plenty of water.	ڈاکٹر گھنے پانی پیون دی صلاح دیندے نیں۔
Tourism brings revenue to regions with historical sites.	سیاحت تاریخی تھانواں والے علاقیاں کوں آمدنی لیندی اے۔
Eating fresh fruits provides essential vitamins.	تازہ پھل کھان ضروری وٹامن فراہم کریندے۔
Family members support each other during difficult times.	خاندان دے ممبر مشکل وختاں وچ ہک دوجھے دی مدد کریندے نیں۔
The river flows peacefully through the valley.	دریا وادی وچ پرامن طریقے نال وہندی اے۔
Teachers shape young minds.	استاد نوجوان ذہناں کوں شکل دیندے نیں۔
Children were playing cricket in the street.	بچے سڑک تے کرکٹ کھیڈدے پئے ہن۔
Doctors work long hours to treat patients.	ڈاکٹر مریضاں دا علاج کرن کیتے لمبیاں گھڑیاں کم کریندے نیں۔
The river flows peacefully through the valley.	دریا وادی وچ پرامن طریقے نال وہندی اے۔
Storytelling preserves culture and knowledge.	کہانی سناون ثقافت تے علم کوں محفوظ رکھیندے۔
Education opens doors to opportunities.	تعلیم موقعاں دے دروازے کولیندی اے۔
Family members support each other during difficult times.	خاندان دے ممبر مشکل وختاں وچ ہک دوجھے دی مدد کریندے نیں۔
Learning a new language requires practice.	نوی زبان سکھن کیتے مشق دی لوڑ اے۔
Train journeys offer scenic views.	ریل دے سفر منظراں دے نظارے پیش کریندے نیں۔
We decided to visit the old temple.	اساں پرانے مندر دیکھن دا فیصلہ کیتا۔
The professor wrote equations on the blackboard.	پروفیسر تختے تے مساوات لکھیاں۔
She walked slowly through the garden.	اوں باغ وچ آہستہ آہستہ ٹردی۔
Children were playing cricket in the street.	بچے سڑک تے کرکٹ کھیڈدے پئے ہن۔
Handicrafts showcase artistic traditions.	ہتھکاریاں فنکارانہ روایات دکھیندیاں نیں۔
Children learn best when they are interested.	بچے بہترین سکھدے نیں جدوں اوہ دلچسپی رکھدے نیں۔
Learning a new language requires practice.	نوی زبان سکھن کیتے مشق دی لوڑ اے۔
Small businesses create employment opportunities.	نکیاں کاروبار روزگار دے موقعے پیدا کریندے نیں۔
We decided to visit the old temple.	اساں پرانے مندر دیکھن دا فیصلہ کیتا۔
Children were playing cricket in the street.	بچے سڑک تے کرکٹ کھیڈدے پئے ہن۔
Children learn best when they are interested.	بچے بہترین سکھدے نیں جدوں اوہ دلچسپی رکھدے نیں۔
Storytelling preserves culture and knowledge.	کہانی سناون ثقافت تے علم کوں محفوظ رکھیندے۔
Education opens doors to opportunities.	تعلیم موقعاں دے دروازے کولیندی اے۔
I woke up early this morning.	من اڄ صبح جلدی اٹھیا۔
Handicrafts showcase artistic traditions.	ہتھکاریاں فنکارانہ روایات دکھیندیاں نیں۔
She walked slowly through the garden.	اوں باغ وچ آہستہ آہستہ ٹردی۔
Tea is served to guests as a gesture of hospitality.	مہماناں کوں مہمان نوازی دی نشانی دے طور تے چاہ پیش کیتی ویندی اے۔
Online shopping has become popular.	آن لائن خریداری مقبول تھی گئی اے۔
Clear communication prevents misunderstandings.	صاف رابطہ غلط فہمیاں کوں روکیندے۔
Agriculture remains the primary source of income.	زراعت آمدنی دا بنیادی ذریعہ رہندی اے۔
Doctors work long hours to treat patients.	ڈاکٹر مریضاں دا علاج کرن کیتے لمبیاں گھڑیاں کم کریندے نیں۔
Students gathered in the library.	طالب علم لائبریری وچ گڈے تھئے۔
Reading books improves vocabulary.	کتاباں پڑھن ذخیرہ الفاظ بہتر بنیندے۔
Cricket is a popular sport.	کرکٹ ہک مقبول کھیڈ اے۔
Sports teach teamwork and discipline.	کھیڈاں ٹیم ورک تے نظم و ضبط سکھیندیاں نیں۔
Respecting elders is an important value.	بزرگاں دا احترام ہک اہم قدر اے۔
The teacher explained the lesson patiently.	استاد صبر نال سبق سمجھایا۔
Parents sacrifice their own needs for children.	والدین بچیاں کیتے اپنیاں ضرورتاں قربان کریندے نیں۔
Cooking together brings family members closer.	گڈے کھان پکاون خاندان دے ممبراں کوں نیڑے لیندے۔
Eating fresh fruits provides essential vitamins.	تازہ پھل کھان ضروری وٹامن فراہم کریندے۔
Reading books improves vocabulary.	کتاباں پڑھن ذخیرہ الفاظ بہتر بنیندے۔
Cooking together brings family members closer.	گڈے کھان پکاون خاندان دے ممبراں کوں نیڑے لیندے۔
Tea is served to guests as a gesture of hospitality.	مہماناں کوں مہمان نوازی دی نشانی دے طور تے چاہ پیش کیتی ویندی اے۔
Students gathered in the library.	طالب علم لائبریری وچ گڈے تھئے۔
The internet connects people across continents.	انٹرنیٹ براعظماں وچ لوکاں کوں جوڑیندے۔
Tourism brings revenue to regions with historical sites.	سیاحت تاریخی تھانواں والے علاقیاں کوں آمدنی لیندی اے۔
The market was crowded with people.	بازار لوکاں نال بھریا ہویا ہا۔
Respecting elders is an important value.	بزرگاں دا احترام ہک اہم قدر اے۔
Doctors recommend drinking plenty of water.	ڈاکٹر گھنے پانی پیون دی صلاح دیندے نیں۔
Doctors work long hours to treat patients.	ڈاکٹر مریضاں دا علاج کرن کیتے لمبیاں گھڑیاں کم کریندے نیں۔
The river flows peacefully through the valley.	دریا وادی وچ پرامن طریقے نال وہندی اے۔
The bus arrived late.	بس ڈیر نال پہنچی۔
Spices add flavor to traditional dishes.	مصالحے روایتی کھاناں وچ ذائقہ ودیندے نیں۔
Smartphones have changed how people communicate.	اسمارٹ فوناں نے لوکاں دے رابطے دے طریقے کوں تبدیل کیتا اے۔
Smartphones have changed how people communicate.	اسمارٹ فوناں نے لوکاں دے رابطے دے طریقے کوں تبدیل کیتا اے۔
Learning a new language requires practice.	نوی زبان سکھن کیتے مشق دی لوڑ اے۔
Children learn best when they are interested.	بچے بہترین سکھدے نیں جدوں اوہ دلچسپی رکھدے نیں۔
Birds were chirping in the trees.	پنچھی رکھاں وچ چہچہا رہے ہن۔
We decided to visit the old temple.	اساں پرانے مندر دیکھن دا فیصلہ کیتا۔
The forest is home to many wild animals.	جنگل گھنے جنگلی جانوراں دا گھر اے۔
Farmers planted rice in the flooded fields.	کسان پانی والے کھیتراں وچ چاول پوکے۔
Cricket is a popular sport.	کرکٹ ہک مقبول کھیڈ اے۔
Teachers shape young minds.	استاد نوجوان ذہناں کوں شکل دیندے نیں۔
The internet connects people across continents.	انٹرنیٹ براعظماں وچ لوکاں کوں جوڑیندے۔
People travel long distances to visit religious sites.	لوک مذہبی تھانواں دیکھن کیتے لمبیاں دوریاں طے کریندے نیں۔
Education opens doors to opportunities.	تعلیم موقعاں دے دروازے کولیندی اے۔
Teachers shape young minds.	استاد نوجوان ذہناں کوں شکل دیندے نیں۔
Education opens doors to opportunities.	تعلیم موقعاں دے دروازے کولیندی اے۔
Doctors recommend drinking plenty of water.	ڈاکٹر گھنے پانی پیون دی صلاح دیندے نیں۔
Parents sacrifice their own needs for children.	والدین بچیاں کیتے اپنیاں ضرورتاں قربان کریندے نیں۔
Train journeys offer scenic views.	ریل دے سفر منظراں دے نظارے پیش کریندے نیں۔
Online shopping has become popular.	آن لائن خریداری مقبول تھی گئی اے۔
Spices add flavor to traditional dishes.	مصالحے روایتی کھاناں وچ ذائقہ ودیندے نیں۔
Students gathered in the library.	طالب علم لائبریری وچ گڈے تھئے۔
I woke up early this morning.	من اڄ صبح جلدی اٹھیا۔
Birds were chirping in the trees.	پنچھی رکھاں وچ چہچہا رہے ہن۔
Children were playing cricket in the street.	بچے سڑک تے کرکٹ کھیڈدے پئے ہن۔
Sports teach teamwork and discipline.	کھیڈاں ٹیم ورک تے نظم و ضبط سکھیندیاں نیں۔
Doctors work long hours to treat patients.	ڈاکٹر مریضاں دا علاج کرن کیتے لمبیاں گھڑیاں کم کریندے نیں۔
Family members support each other during difficult times.	خاندان دے ممبر مشکل وختاں وچ ہک دوجھے دی مدد کریندے نیں۔
Smartphones have changed how people communicate.	اسمارٹ فوناں نے لوکاں دے رابطے دے طریقے کوں تبدیل کیتا اے۔
Respecting elders is an important value.	بزرگاں دا احترام ہک اہم قدر اے۔
She received a scholarship to study medicine.	اوں طب دی تعلیم کیتے اسکالرشپ حاصل کیتی۔
Birds were chirping in the trees.	پنچھی رکھاں وچ چہچہا رہے ہن۔
We decided to visit the old temple.	اساں پرانے مندر دیکھن دا فیصلہ کیتا۔
Tea is served to guests as a gesture of hospitality.	مہماناں کوں مہمان نوازی دی نشانی دے طور تے چاہ پیش کیتی ویندی اے۔
People celebrate festivals with great joy.	لوک ودی خوشی نال میلے منیندے نیں۔
Regular exercise helps maintain good health.	منظم ورزش چنگی صحت برقرار رکھن وچ مدد کریندی اے۔
The professor wrote equations on the blackboard.	پروفیسر تختے تے مساوات لکھیاں۔
The wedding ceremony lasted three days.	شادی دی تقریب ترئے دینہہ چلی۔
The wedding ceremony lasted three days.	شادی دی تقریب ترئے دینہہ چلی۔
Storytelling preserves culture and knowledge.	کہانی سناون ثقافت تے علم کوں محفوظ رکھیندے۔
After finishing his work, he sat down.	اپنا کم مکمل کرن دے بعد، او بیٹھ گیا۔
The bus arrived late.	بس ڈیر نال پہنچی۔
Doctors recommend drinking plenty of water.	ڈاکٹر گھنے پانی پیون دی صلاح دیندے نیں۔
The bus arrived late.	بس ڈیر نال پہنچی۔
Reading books improves vocabulary.	کتاباں پڑھن ذخیرہ الفاظ بہتر بنیندے۔
Online shopping has become popular.	آن لائن خریداری مقبول تھی گئی اے۔
People travel long distances to visit religious sites.	لوک مذہبی تھانواں دیکھن کیتے لمبیاں دوریاں طے کریندے نیں۔
Farmers planted rice in the flooded fields.	کسان پانی والے کھیتراں وچ چاول پوکے۔
The teacher explained the lesson patiently.	استاد صبر نال سبق سمجھایا۔
The internet connects people across continents.	انٹرنیٹ براعظماں وچ لوکاں کوں جوڑیندے۔
Elderly people share wisdom and stories.	بزرگ لوک حکمت تے کہانیاں سانجھیاں کریندے نیں۔
The wedding ceremony lasted three days.	شادی دی تقریب ترئے دینہہ چلی۔
Learning a new language requires practice.	نوی زبان سکھن کیتے مشق دی لوڑ اے۔
Birds were chirping in the trees.	پنچھی رکھاں وچ چہچہا رہے ہن۔
Reading books improves vocabulary.	کتاباں پڑھن ذخیرہ الفاظ بہتر بنیندے۔
She walked slowly through the garden.	اوں باغ وچ آہستہ آہستہ ٹردی۔
The market was crowded with people.	بازار لوکاں نال بھریا ہویا ہا۔
Tea is served to guests as a gesture of hospitality.	مہماناں کوں مہمان نوازی دی نشانی دے طور تے چاہ پیش کیتی ویندی اے۔
People travel long distances to visit religious sites.	لوک مذہبی تھانواں دیکھن کیتے لمبیاں دوریاں طے کریندے نیں۔
My grandmother told me stories.	میری دادی نے مینوں کہانیاں سنایاں۔
We decided to visit the old temple.	اساں پرانے مندر دیکھن دا فیصلہ کیتا۔
Children learn best when they are interested.	بچے بہترین سکھدے نیں جدوں اوہ دلچسپی رکھدے نیں۔
People travel long distances to visit religious sites.	لوک مذہبی تھانواں دیکھن کیتے لمبیاں دوریاں طے کریندے نیں۔
We decided to visit the old temple.	اساں پرانے مندر دیکھن دا فیصلہ کیتا۔
Small businesses create employment opportunities.	نکیاں کاروبار روزگار دے موقعے پیدا کریندے نیں۔
People celebrate festivals with great joy.	لوک ودی خوشی نال میلے منیندے نیں۔
The wedding ceremony lasted three days.	شادی دی تقریب ترئے دینہہ چلی۔
Family members support each other during difficult times.	خاندان دے ممبر مشکل وختاں وچ ہک دوجھے دی مدد کریندے نیں۔
The school organized a science fair.	سکول نے سائنس میلہ منظم کیتا۔
The internet connects people across continents.	انٹرنیٹ براعظماں وچ لوکاں کوں جوڑیندے۔
I woke up early this morning.	من اڄ صبح جلدی اٹھیا۔
Learning a new language requires practice.	نوی زبان سکھن کیتے مشق دی لوڑ اے۔
Children learn best when they are interested.	بچے بہترین سکھدے نیں جدوں اوہ دلچسپی رکھدے نیں۔
The forest is home to many wild animals.	جنگل گھنے جنگلی جانوراں دا گھر اے۔
Cricket is a popular sport.	کرکٹ ہک مقبول کھیڈ اے۔
Pollution in cities has become a serious problem.	شہراں وچ آلودگی ہک سنجیدہ مسئلہ بن گئی اے۔
The school organized a science fair.	سکول نے سائنس میلہ منظم کیتا۔
Students gathered in the library.	طالب علم لائبریری وچ گڈے تھئے۔
Pollution in cities has become a serious problem.	شہراں وچ آلودگی ہک سنجیدہ مسئلہ بن گئی اے۔
Eating fresh fruits provides essential vitamins.	تازہ پھل کھان ضروری وٹامن فراہم کریندے۔
Children learn best when they are interested.	بچے بہترین سکھدے نیں جدوں اوہ دلچسپی رکھدے نیں۔
Eating fresh fruits provides essential vitamins.	تازہ پھل کھان ضروری وٹامن فراہم کریندے۔
Digital payments have made transactions faster.	ڈیجیٹل ادائیگیاں معاملات تیز کیتے نیں۔
Storytelling preserves culture and knowledge.	کہانی سناون ثقافت تے علم کوں محفوظ رکھیندے۔
The internet connects people across continents.	انٹرنیٹ براعظماں وچ لوکاں کوں جوڑیندے۔
Education opens doors to opportunities.	تعلیم موقعاں دے دروازے کولیندی اے۔
Children learn best when they are interested.	بچے بہترین سکھدے نیں جدوں اوہ دلچسپی رکھدے نیں۔
Regular exercise helps maintain good health.	منظم ورزش چنگی صحت برقرار رکھن وچ مدد کریندی اے۔
Elderly people share wisdom and stories.	بزرگ لوک حکمت تے کہانیاں سانجھیاں کریندے نیں۔
She received a scholarship to study medicine.	اوں طب دی تعلیم کیتے اسکالرشپ حاصل کیتی۔
Train journeys offer scenic views.	ریل دے سفر منظراں دے نظارے پیش کریندے نیں۔
Cricket is a popular sport.	کرکٹ ہک مقبول کھیڈ اے۔
Sports teach teamwork and discipline.	کھیڈاں ٹیم ورک تے نظم و ضبط سکھیندیاں نیں۔
Birds were chirping in the trees.	پنچھی رکھاں وچ چہچہا رہے ہن۔
Family members support each other during difficult times.	خاندان دے ممبر مشکل وختاں وچ ہک دوجھے دی مدد کریندے نیں۔
Clear communication prevents misunderstandings.	صاف رابطہ غلط فہمیاں کوں روکیندے۔
Parents sacrifice their own needs for children.	والدین بچیاں کیتے اپنیاں ضرورتاں قربان کریندے نیں۔
Online shopping has become popular.	آن لائن خریداری مقبول تھی گئی اے۔
I woke up early this morning.	من اڄ صبح جلدی اٹھیا۔
Teachers shape young minds.	استاد نوجوان ذہناں کوں شکل دیندے نیں۔
The professor wrote equations on the blackboard.	پروفیسر تختے تے مساوات لکھیاں۔
Sports teach teamwork and discipline.	کھیڈاں ٹیم ورک تے نظم و ضبط سکھیندیاں نیں۔
She received a scholarship to study medicine.	اوں طب دی تعلیم کیتے اسکالرشپ حاصل کیتی۔
My grandmother told me stories.	میری دادی نے مینوں کہانیاں سنایاں۔
The river flows peacefully through the valley.	دریا وادی وچ پرامن طریقے نال وہندی اے۔
Family members support each other during difficult times.	خاندان دے ممبر مشکل وختاں وچ ہک دوجھے دی مدد کریندے نیں۔
Doctors work long hours to treat patients.	ڈاکٹر مریضاں دا علاج کرن کیتے لمبیاں گھڑیاں کم کریندے نیں۔
Train journeys offer scenic views.	ریل دے سفر منظراں دے نظارے پیش کریندے نیں۔
After finishing his work, he sat down.	اپنا کم مکمل کرن دے بعد، او بیٹھ گیا۔
Education opens doors to opportunities.	تعلیم موقعاں دے دروازے کولیندی اے۔
People celebrate festivals with great joy.	لوک ودی خوشی نال میلے منیندے نیں۔
Education opens doors to opportunities.	تعلیم موقعاں دے دروازے کولیندی اے۔
Elderly people share wisdom and stories.	بزرگ لوک حکمت تے کہانیاں سانجھیاں کریندے نیں۔
Handicrafts showcase artistic traditions.	ہتھکاریاں فنکارانہ روایات دکھیندیاں نیں۔
Family members support each other during difficult times.	خاندان دے ممبر مشکل وختاں وچ ہک دوجھے دی مدد کریندے نیں۔
Tourism brings revenue to regions with historical sites.	سیاحت تاریخی تھانواں والے علاقیاں کوں آمدنی لیندی اے۔
The wedding ceremony lasted three days.	شادی دی تقریب ترئے دینہہ چلی۔
Reading books improves vocabulary.	کتاباں پڑھن ذخیرہ الفاظ بہتر بنیندے۔
Eating fresh fruits provides essential vitamins.	تازہ پھل کھان ضروری وٹامن فراہم کریندے۔
Doctors work long hours to treat patients.	ڈاکٹر مریضاں دا علاج کرن کیتے لمبیاں گھڑیاں کم کریندے نیں۔
Agriculture remains the primary source of income.	زراعت آمدنی دا بنیادی ذریعہ رہندی اے۔
Learning a new language requires practice.	نوی زبان سکھن کیتے مشق دی لوڑ اے۔
Cricket is a popular sport.	کرکٹ ہک مقبول کھیڈ اے۔
The internet connects people across continents.	انٹرنیٹ براعظماں وچ لوکاں کوں جوڑیندے۔
Students gathered in the library.	طالب علم لائبریری وچ گڈے تھئے۔
Pollution in cities has become a serious problem.	شہراں وچ آلودگی ہک سنجیدہ مسئلہ بن گئی اے۔
Farmers planted rice in the flooded fields.	کسان پانی والے کھیتراں وچ چاول پوکے۔
The teacher explained the lesson patiently.	استاد صبر نال سبق سمجھایا۔
The market was crowded with people.	بازار لوکاں نال بھریا ہویا ہا۔
Traditional music is important for our heritage.	روایتی موسیقی سادی ورثے کیتے اہم اے۔
Tea is served to guests as a gesture of hospitality.	مہماناں کوں مہمان نوازی دی نشانی دے طور تے چاہ پیش کیتی ویندی اے۔
Education opens doors to opportunities.	تعلیم موقعاں دے دروازے کولیندی اے۔
Farmers wake up early to tend to crops.	کسان فصلاں دی سنبھال کیتے جلدی اٹھدے نیں۔
Reading books improves vocabulary.	کتاباں پڑھن ذخیرہ الفاظ بہتر بنیندے۔
Agriculture remains the primary source of income.	زراعت آمدنی دا بنیادی ذریعہ رہندی اے۔
Tea is served to guests as a gesture of hospitality.	مہماناں کوں مہمان نوازی دی نشانی دے طور تے چاہ پیش کیتی ویندی اے۔
People celebrate festivals with great joy.	لوک ودی خوشی نال میلے منیندے نیں۔
The river flows peacefully through the valley.	دریا وادی وچ پرامن طریقے نال وہندی اے۔
The teacher explained the lesson patiently.	استاد صبر نال سبق سمجھایا۔
Education opens doors to opportunities.	تعلیم موقعاں دے دروازے کولیندی اے۔
Farmers wake up early to tend to crops.	کسان فصلاں دی سنبھال کیتے جلدی اٹھدے نیں۔
Clear communication prevents misunderstandings.	صاف رابطہ غلط فہمیاں کوں روکیندے۔
Birds were chirping in the trees.	پنچھی رکھاں وچ چہچہا رہے ہن۔
Birds were chirping in the trees.	پنچھی رکھاں وچ چہچہا رہے ہن۔
Elderly people share wisdom and stories.	بزرگ لوک حکمت تے کہانیاں سانجھیاں کریندے نیں۔
Doctors work long hours to treat patients.	ڈاکٹر مریضاں دا علاج کرن کیتے لمبیاں گھڑیاں کم کریندے نیں۔
The river flows peacefully through the valley.	دریا وادی وچ پرامن طریقے نال وہندی اے۔
The teacher explained the lesson patiently.	استاد صبر نال سبق سمجھایا۔
She received a scholarship to study medicine.	اوں طب دی تعلیم کیتے اسکالرشپ حاصل کیتی۔
Cooking together brings family members closer.	گڈے کھان پکاون خاندان دے ممبراں کوں نیڑے لیندے۔
Clear communication prevents misunderstandings.	صاف رابطہ غلط فہمیاں کوں روکیندے۔
The market was crowded with people.	بازار لوکاں نال بھریا ہویا ہا۔
Handicrafts showcase artistic traditions.	ہتھکاریاں فنکارانہ روایات دکھیندیاں نیں۔
The wedding ceremony lasted three days.	شادی دی تقریب ترئے دینہہ چلی۔
Respecting elders is an important value.	بزرگاں دا احترام ہک اہم قدر اے۔
Small businesses create employment opportunities.	نکیاں کاروبار روزگار دے موقعے پیدا کریندے نیں۔
Smartphones have changed how people communicate.	اسمارٹ فوناں نے لوکاں دے رابطے دے طریقے کوں تبدیل کیتا اے۔
The wedding ceremony lasted three days.	شادی دی تقریب ترئے دینہہ چلی۔
Farmers wake up early to tend to crops.	کسان فصلاں دی سنبھال کیتے جلدی اٹھدے نیں۔
Tourism brings revenue to regions with historical sites.	سیاحت تاریخی تھانواں والے علاقیاں کوں آمدنی لیندی اے۔
Tourism brings revenue to regions with historical sites.	سیاحت تاریخی تھانواں والے علاقیاں کوں آمدنی لیندی اے۔
She cooked delicious biryani for the family.	اوں خاندان کیتے مزیدار بریانی پکائی۔
Regular exercise helps maintain good health.	منظم ورزش چنگی صحت برقرار رکھن وچ مدد کریندی اے۔
Tea is served to guests as a gesture of hospitality.	مہماناں کوں مہمان نوازی دی نشانی دے طور تے چاہ پیش کیتی ویندی اے۔
I woke up early this morning.	من اڄ صبح جلدی اٹھیا۔
The school organized a science fair.	سکول نے سائنس میلہ منظم کیتا۔
Respecting elders is an important value.	بزرگاں دا احترام ہک اہم قدر اے۔
My grandmother told me stories.	میری دادی نے مینوں کہانیاں سنایاں۔
Cooking together brings family members closer.	گڈے کھان پکاون خاندان دے ممبراں کوں نیڑے لیندے۔
Pollution in cities has become a serious problem.	شہراں وچ آلودگی ہک سنجیدہ مسئلہ بن گئی اے۔
Farmers planted rice in the flooded fields.	کسان پانی والے کھیتراں وچ چاول پوکے۔
She received a scholarship to study medicine.	اوں طب دی تعلیم کیتے اسکالرشپ حاصل کیتی۔
Online shopping has become popular.	آن لائن خریداری مقبول تھی گئی اے۔
The wedding ceremony lasted three days.	شادی دی تقریب ترئے دینہہ چلی۔
Storytelling preserves culture and knowledge.	کہانی سناون ثقافت تے علم کوں محفوظ رکھیندے۔
We decided to visit the old temple.	اساں پرانے مندر دیکھن دا فیصلہ کیتا۔
Digital payments have made transactions faster.	ڈیجیٹل ادائیگیاں معاملات تیز کیتے نیں۔
The market was crowded with people.	بازار لوکاں نال بھریا ہویا ہا۔
Sports teach teamwork and discipline.	کھیڈاں ٹیم ورک تے نظم و ضبط سکھیندیاں نیں۔
I woke up early this morning.	من اڄ صبح جلدی اٹھیا۔
She walked slowly through the garden.	اوں باغ وچ آہستہ آہستہ ٹردی۔
Respecting elders is an important value.	بزرگاں دا احترام ہک اہم قدر اے۔
Smartphones have changed how people communicate.	اسمارٹ فوناں نے لوکاں دے رابطے دے طریقے کوں تبدیل کیتا اے۔
Spices add flavor to traditional dishes.	مصالحے روایتی کھاناں وچ ذائقہ ودیندے نیں۔
Students gathered in the library.	طالب علم لائبریری وچ گڈے تھئے۔
Sports teach teamwork and discipline.	کھیڈاں ٹیم ورک تے نظم و ضبط سکھیندیاں نیں۔
Cooking together brings family members closer.	گڈے کھان پکاون خاندان دے ممبراں کوں نیڑے لیندے۔
Birds were chirping in the trees.	پنچھی رکھاں وچ چہچہا رہے ہن۔
Online shopping has become popular.	آن لائن خریداری مقبول تھی گئی اے۔
Agriculture remains the primary source of income.	زراعت آمدنی دا بنیادی ذریعہ رہندی اے۔
Digital payments have made transactions faster.	ڈیجیٹل ادائیگیاں معاملات تیز کیتے نیں۔
The bus arrived late.	بس ڈیر نال پہنچی۔
Reading books improves vocabulary.	کتاباں پڑھن ذخیرہ الفاظ بہتر بنیندے۔
Handicrafts showcase artistic traditions.	ہتھکاریاں فنکارانہ روایات دکھیندیاں نیں۔
Digital payments have made transactions faster.	ڈیجیٹل ادائیگیاں معاملات تیز کیتے نیں۔
Eating fresh fruits provides essential vitamins.	تازہ پھل کھان ضروری وٹامن فراہم کریندے۔
People celebrate festivals with great joy.	لوک ودی خوشی نال میلے منیندے نیں۔
Doctors recommend drinking plenty of water.	ڈاکٹر گھنے پانی پیون دی صلاح دیندے نیں۔
Traditional music is important for our heritage.	روایتی موسیقی سادی ورثے کیتے اہم اے۔
Respecting elders is an important value.	بزرگاں دا احترام ہک اہم قدر اے۔
Cooking together brings family members closer.	گڈے کھان پکاون خاندان دے ممبراں کوں نیڑے لیندے۔
She received a scholarship to study medicine.	اوں طب دی تعلیم کیتے اسکالرشپ حاصل کیتی۔
Tea is served to guests as a gesture of hospitality.	مہماناں کوں مہمان نوازی دی نشانی دے طور تے چاہ پیش کیتی ویندی اے۔
Family members support each other during difficult times.	خاندان دے ممبر مشکل وختاں وچ ہک دوجھے دی مدد کریندے نیں۔
Regular exercise helps maintain good health.	منظم ورزش چنگی صحت برقرار رکھن وچ مدد کریندی اے۔
Cricket is a popular sport.	کرکٹ ہک مقبول کھیڈ اے۔
Spices add flavor to traditional dishes.	مصالحے روایتی کھاناں وچ ذائقہ ودیندے نیں۔
Storytelling preserves culture and knowledge.	کہانی سناون ثقافت تے علم کوں محفوظ رکھیندے۔
Digital payments have made transactions faster.	ڈیجیٹل ادائیگیاں معاملات تیز کیتے نیں۔
Smartphones have changed how people communicate.	اسمارٹ فوناں نے لوکاں دے رابطے دے طریقے کوں تبدیل کیتا اے۔
Spices add flavor to traditional dishes.	مصالحے روایتی کھاناں وچ ذائقہ ودیندے نیں۔
My grandmother told me stories.	میری دادی نے مینوں کہانیاں سنایاں۔
Elderly people share wisdom and stories.	بزرگ لوک حکمت تے کہانیاں سانجھیاں کریندے نیں۔
Cooking together brings family members closer.	گڈے کھان پکاون خاندان دے ممبراں کوں نیڑے لیندے۔
The teacher explained the lesson patiently.	استاد صبر نال سبق سمجھایا۔
Cricket is a popular sport.	کرکٹ ہک مقبول کھیڈ اے۔
Agriculture remains the primary source of income.	زراعت آمدنی دا بنیادی ذریعہ رہندی اے۔
Birds were chirping in the trees.	پنچھی رکھاں وچ چہچہا رہے ہن۔
We decided to visit the old temple.	اساں پرانے مندر دیکھن دا فیصلہ کیتا۔
Family members support each other during difficult times.	خاندان دے ممبر مشکل وختاں وچ ہک دوجھے دی مدد کریندے نیں۔
She walked slowly through the garden.	اوں باغ وچ آہستہ آہستہ ٹردی۔
The forest is home to many wild animals.	جنگل گھنے جنگلی جانوراں دا گھر اے۔
The forest is home to many wild animals.	جنگل گھنے جنگلی جانوراں دا گھر اے۔
After finishing his work, he sat down.	اپنا کم مکمل کرن دے بعد، او بیٹھ گیا۔
We decided to visit the old temple.	اساں پرانے مندر دیکھن دا فیصلہ کیتا۔
The school organized a science fair.	سکول نے سائنس میلہ منظم کیتا۔
I woke up early this morning.	من اڄ صبح جلدی اٹھیا۔
Students gathered in the library.	طالب علم لائبریری وچ گڈے تھئے۔
Doctors recommend drinking plenty of water.	ڈاکٹر گھنے پانی پیون دی صلاح دیندے نیں۔
Online shopping has become popular.	آن لائن خریداری مقبول تھی گئی اے۔
The internet connects people across continents.	انٹرنیٹ براعظماں وچ لوکاں کوں جوڑیندے۔
The bus arrived late.	بس ڈیر نال پہنچی۔
Teachers shape young minds.	استاد نوجوان ذہناں کوں شکل دیندے نیں۔
She cooked delicious biryani for the family.	اوں خاندان کیتے مزیدار بریانی پکائی۔
Agriculture remains the primary source of income.	زراعت آمدنی دا بنیادی ذریعہ رہندی اے۔
Handicrafts showcase artistic traditions.	ہتھکاریاں فنکارانہ روایات دکھیندیاں نیں۔
Children were playing cricket in the street.	بچے سڑک تے کرکٹ کھیڈدے پئے ہن۔
The school organized a science fair.	سکول نے سائنس میلہ منظم کیتا۔
The wedding ceremony lasted three days.	شادی دی تقریب ترئے دینہہ چلی۔
The market was crowded with people.	بازار لوکاں نال بھریا ہویا ہا۔
Traditional music is important for our heritage.	روایتی موسیقی سادی ورثے کیتے اہم اے۔
Learning a new language requires practice.	نوی زبان سکھن کیتے مشق دی لوڑ اے۔
The internet connects people across continents.	انٹرنیٹ براعظماں وچ لوکاں کوں جوڑیندے۔
Regular exercise helps maintain good health.	منظم ورزش چنگی صحت برقرار رکھن وچ مدد کریندی اے۔
Elderly people share wisdom and stories.	بزرگ لوک حکمت تے کہانیاں سانجھیاں کریندے نیں۔
She walked slowly through the garden.	اوں باغ وچ آہستہ آہستہ ٹردی۔
Tea is served to guests as a gesture of hospitality.	مہماناں کوں مہمان نوازی دی نشانی دے طور تے چاہ پیش کیتی ویندی اے۔
Train journeys offer scenic views.	ریل دے سفر منظراں دے نظارے پیش کریندے نیں۔
Clear communication prevents misunderstandings.	صاف رابطہ غلط فہمیاں کوں روکیندے۔
Students gathered in the library.	طالب علم لائبریری وچ گڈے تھئے۔
Cooking together brings family members closer.	گڈے کھان پکاون خاندان دے ممبراں کوں نیڑے لیندے۔
Farmers wake up early to tend to crops.	کسان فصلاں دی سنبھال کیتے جلدی اٹھدے نیں۔
The river flows peacefully through the valley.	دریا وادی وچ پرامن طریقے نال وہندی اے۔
Handicrafts showcase artistic traditions.	ہتھکاریاں فنکارانہ روایات دکھیندیاں نیں۔
Elderly people share wisdom and stories.	بزرگ لوک حکمت تے کہانیاں سانجھیاں کریندے نیں۔
Pollution in cities has become a serious problem.	شہراں وچ آلودگی ہک سنجیدہ مسئلہ بن گئی اے۔
People celebrate festivals with great joy.	لوک ودی خوشی نال میلے منیندے نیں۔
Eating fresh fruits provides essential vitamins.	تازہ پھل کھان ضروری وٹامن فراہم کریندے۔
Handicrafts showcase artistic traditions.	ہتھکاریاں فنکارانہ روایات دکھیندیاں نیں۔
Handicrafts showcase artistic traditions.	ہتھکاریاں فنکارانہ روایات دکھیندیاں نیں۔
Birds were chirping in the trees.	پنچھی رکھاں وچ چہچہا رہے ہن۔
Children were playing cricket in the street.	بچے سڑک تے کرکٹ کھیڈدے پئے ہن۔
Tourism brings revenue to regions with historical sites.	سیاحت تاریخی تھانواں والے علاقیاں کوں آمدنی لیندی اے۔
Cricket is a popular sport.	کرکٹ ہک مقبول کھیڈ اے۔
Education opens doors to opportunities.	تعلیم موقعاں دے دروازے کولیندی اے۔
People travel long distances to visit religious sites.	لوک مذہبی تھانواں دیکھن کیتے لمبیاں دوریاں طے کریندے نیں۔
Clear communication prevents misunderstandings.	صاف رابطہ غلط فہمیاں کوں روکیندے۔
Eating fresh fruits provides essential vitamins.	تازہ پھل کھان ضروری وٹامن فراہم کریندے۔
Smartphones have changed how people communicate.	اسمارٹ فوناں نے لوکاں دے رابطے دے طریقے کوں تبدیل کیتا اے۔
Respecting elders is an important value.	بزرگاں دا احترام ہک اہم قدر اے۔
Birds were chirping in the trees.	پنچھی رکھاں وچ چہچہا رہے ہن۔
Storytelling preserves culture and knowledge.	کہانی سناون ثقافت تے علم کوں محفوظ رکھیندے۔
Tourism brings revenue to regions with historical sites.	سیاحت تاریخی تھانواں والے علاقیاں کوں آمدنی لیندی اے۔
Smartphones have changed how people communicate.	اسمارٹ فوناں نے لوکاں دے رابطے دے طریقے کوں تبدیل کیتا اے۔
Farmers planted rice in the flooded fields.	کسان پانی والے کھیتراں وچ چاول پوکے۔
Tourism brings revenue to regions with historical sites.	سیاحت تاریخی تھانواں والے علاقیاں کوں آمدنی لیندی اے۔
Digital payments have made transactions faster.	ڈیجیٹل ادائیگیاں معاملات تیز کیتے نیں۔
Sports teach teamwork and discipline.	کھیڈاں ٹیم ورک تے نظم و ضبط سکھیندیاں نیں۔
Train journeys offer scenic views.	ریل دے سفر منظراں دے نظارے پیش کریندے نیں۔
Online shopping has become popular.	آن لائن خریداری مقبول تھی گئی اے۔
Children learn best when they are interested.	بچے بہترین سکھدے نیں جدوں اوہ دلچسپی رکھدے نیں۔
Birds were chirping in the trees.	پنچھی رکھاں وچ چہچہا رہے ہن۔
Eating fresh fruits provides essential vitamins.	تازہ پھل کھان ضروری وٹامن فراہم کریندے۔
Birds were chirping in the trees.	پنچھی رکھاں وچ چہچہا رہے ہن۔
We decided to visit the old temple.	اساں پرانے مندر دیکھن دا فیصلہ کیتا۔
The internet connects people across continents.	انٹرنیٹ براعظماں وچ لوکاں کوں جوڑیندے۔
People travel long distances to visit religious sites.	لوک مذہبی تھانواں دیکھن کیتے لمبیاں دوریاں طے کریندے نیں۔
Children learn best when they are interested.	بچے بہترین سکھدے نیں جدوں اوہ دلچسپی رکھدے نیں۔
Train journeys offer scenic views.	ریل دے سفر منظراں دے نظارے پیش کریندے نیں۔
Farmers planted rice in the flooded fields.	کسان پانی والے کھیتراں وچ چاول پوکے۔
Clear communication prevents misunderstandings.	صاف رابطہ غلط فہمیاں کوں روکیندے۔
Small businesses create employment opportunities.	نکیاں کاروبار روزگار دے موقعے پیدا کریندے نیں۔
Learning a new language requires practice.	نوی زبان سکھن کیتے مشق دی لوڑ اے۔
Spices add flavor to traditional dishes.	مصالحے روایتی کھاناں وچ ذائقہ ودیندے نیں۔
Children learn best when they are interested.	بچے بہترین سکھدے نیں جدوں اوہ دلچسپی رکھدے نیں۔
Online shopping has become popular.	آن لائن خریداری مقبول تھی گئی اے۔
The professor wrote equations on the blackboard.	پروفیسر تختے تے مساوات لکھیاں۔
I woke up early this morning.	من اڄ صبح جلدی اٹھیا۔
Cooking together brings family members closer.	گڈے کھان پکاون خاندان دے ممبراں کوں نیڑے لیندے۔
Regular exercise helps maintain good health.	منظم ورزش چنگی صحت برقرار رکھن وچ مدد کریندی اے۔
Children were playing cricket in the street.	بچے سڑک تے کرکٹ کھیڈدے پئے ہن۔
Family members support each other during difficult times.	خاندان دے ممبر مشکل وختاں وچ ہک دوجھے دی مدد کریندے نیں۔
Children learn best when they are interested.	بچے بہترین سکھدے نیں جدوں اوہ دلچسپی رکھدے نیں۔
Digital payments have made transactions faster.	ڈیجیٹل ادائیگیاں معاملات تیز کیتے نیں۔
People travel long distances to visit religious sites.	لوک مذہبی تھانواں دیکھن کیتے لمبیاں دوریاں طے کریندے نیں۔
Birds were chirping in the trees.	پنچھی رکھاں وچ چہچہا رہے ہن۔
Children were playing cricket in the street.	بچے سڑک تے کرکٹ کھیڈدے پئے ہن۔
The school organized a science fair.	سکول نے سائنس میلہ منظم کیتا۔
Traditional music is important for our heritage.	روایتی موسیقی سادی ورثے کیتے اہم اے۔
Children learn best when they are interested.	بچے بہترین سکھدے نیں جدوں اوہ دلچسپی رکھدے نیں۔
Farmers wake up early to tend to crops.	کسان فصلاں دی سنبھال کیتے جلدی اٹھدے نیں۔
Tourism brings revenue to regions with historical sites.	سیاحت تاریخی تھانواں والے علاقیاں کوں آمدنی لیندی اے۔
Spices add flavor to traditional dishes.	مصالحے روایتی کھاناں وچ ذائقہ ودیندے نیں۔
My grandmother told me stories.	میری دادی نے مینوں کہانیاں سنایاں۔
Parents sacrifice their own needs for children.	والدین بچیاں کیتے اپنیاں ضرورتاں قربان کریندے نیں۔
Farmers planted rice in the flooded fields.	کسان پانی والے کھیتراں وچ چاول پوکے۔
The forest is home to many wild animals.	جنگل گھنے جنگلی جانوراں دا گھر اے۔
Cooking together brings family members closer.	گڈے کھان پکاون خاندان دے ممبراں کوں نیڑے لیندے۔
I woke up early this morning.	من اڄ صبح جلدی اٹھیا۔
Clear communication prevents misunderstandings.	صاف رابطہ غلط فہمیاں کوں روکیندے۔
Farmers planted rice in the flooded fields.	کسان پانی والے کھیتراں وچ چاول پوکے۔
The forest is home to many wild animals.	جنگل گھنے جنگلی جانوراں دا گھر اے۔
She received a scholarship to study medicine.	اوں طب دی تعلیم کیتے اسکالرشپ حاصل کیتی۔
Cooking together brings family members closer.	گڈے کھان پکاون خاندان دے ممبراں کوں نیڑے لیندے۔
Family members support each other during difficult times.	خاندان دے ممبر مشکل وختاں وچ ہک دوجھے دی مدد کریندے نیں۔
Smartphones have changed how people communicate.	اسمارٹ فوناں نے لوکاں دے رابطے دے طریقے کوں تبدیل کیتا اے۔
After finishing his work, he sat down.	اپنا کم مکمل کرن دے بعد، او بیٹھ گیا۔
Reading books improves vocabulary.	کتاباں پڑھن ذخیرہ الفاظ بہتر بنیندے۔
The forest is home to many wild animals.	جنگل گھنے جنگلی جانوراں دا گھر اے۔
Tea is served to guests as a gesture of hospitality.	مہماناں کوں مہمان نوازی دی نشانی دے طور تے چاہ پیش کیتی ویندی اے۔
Family members support each other during difficult times.	خاندان دے ممبر مشکل وختاں وچ ہک دوجھے دی مدد کریندے نیں۔
Regular exercise helps maintain good health.	منظم ورزش چنگی صحت برقرار رکھن وچ مدد کریندی اے۔
Children learn best when they are interested.	بچے بہترین سکھدے نیں جدوں اوہ دلچسپی رکھدے نیں۔
The teacher explained the lesson patiently.	استاد صبر نال سبق سمجھایا۔
Learning a new language requires practice.	نوی زبان سکھن کیتے مشق دی لوڑ اے۔
The professor wrote equations on the blackboard.	پروفیسر تختے تے مساوات لکھیاں۔
I woke up early this morning.	من اڄ صبح جلدی اٹھیا۔
Small businesses create employment opportunities.	نکیاں کاروبار روزگار دے موقعے پیدا کریندے نیں۔
Elderly people share wisdom and stories.	بزرگ لوک حکمت تے کہانیاں سانجھیاں کریندے نیں۔
Traditional music is important for our heritage.	روایتی موسیقی سادی ورثے کیتے اہم اے۔
Online shopping has become popular.	آن لائن خریداری مقبول تھی گئی اے۔
The market was crowded with people.	بازار لوکاں نال بھریا ہویا ہا۔
I woke up early this morning.	من اڄ صبح جلدی اٹھیا۔
Doctors work long hours to treat patients.	ڈاکٹر مریضاں دا علاج کرن کیتے لمبیاں گھڑیاں کم کریندے نیں۔
My grandmother told me stories.	میری دادی نے مینوں کہانیاں سنایاں۔
The school organized a science fair.	سکول نے سائنس میلہ منظم کیتا۔
My grandmother told me stories.	میری دادی نے مینوں کہانیاں سنایاں۔
Teachers shape young minds.	استاد نوجوان ذہناں کوں شکل دیندے نیں۔
Clear communication prevents misunderstandings.	صاف رابطہ غلط فہمیاں کوں روکیندے۔
We decided to visit the old temple.	اساں پرانے مندر دیکھن دا فیصلہ کیتا۔
Train journeys offer scenic views.	ریل دے سفر منظراں دے نظارے پیش کریندے نیں۔
Parents sacrifice their own needs for children.	والدین بچیاں کیتے اپنیاں ضرورتاں قربان کریندے نیں۔
Sports teach teamwork and discipline.	کھیڈاں ٹیم ورک تے نظم و ضبط سکھیندیاں نیں۔
Agriculture remains the primary source of income.	زراعت آمدنی دا بنیادی ذریعہ رہندی اے۔
The market was crowded with people.	بازار لوکاں نال بھریا ہویا ہا۔
Reading books improves vocabulary.	کتاباں پڑھن ذخیرہ الفاظ بہتر بنیندے۔
The wedding ceremony lasted three days.	شادی دی تقریب ترئے دینہہ چلی۔
Small businesses create employment opportunities.	نکیاں کاروبار روزگار دے موقعے پیدا کریندے نیں۔
The teacher explained the lesson patiently.	استاد صبر نال سبق سمجھایا۔
Small businesses create employment opportunities.	نکیاں کاروبار روزگار دے موقعے پیدا کریندے نیں۔
Sports teach teamwork and discipline.	کھیڈاں ٹیم ورک تے نظم و ضبط سکھیندیاں نیں۔
Spices add flavor to traditional dishes.	مصالحے روایتی کھاناں وچ ذائقہ ودیندے نیں۔
Elderly people share wisdom and stories.	بزرگ لوک حکمت تے کہانیاں سانجھیاں کریندے نیں۔
Tea is served to guests as a gesture of hospitality.	مہماناں کوں مہمان نوازی دی نشانی دے طور تے چاہ پیش کیتی ویندی اے۔
The river flows peacefully through the valley.	دریا وادی وچ پرامن طریقے نال وہندی اے۔
I woke up early this morning.	من اڄ صبح جلدی اٹھیا۔
I woke up early this morning.	من اڄ صبح جلدی اٹھیا۔
The internet connects people across continents.	انٹرنیٹ براعظماں وچ لوکاں کوں جوڑیندے۔
Farmers wake up early to tend to crops.	کسان فصلاں دی سنبھال کیتے جلدی اٹھدے نیں۔
The professor wrote equations on the blackboard.	پروفیسر تختے تے مساوات لکھیاں۔
Agriculture remains the primary source of income.	زراعت آمدنی دا بنیادی ذریعہ رہندی اے۔
She received a scholarship to study medicine.	اوں طب دی تعلیم کیتے اسکالرشپ حاصل کیتی۔
Learning a new language requires practice.	نوی زبان سکھن کیتے مشق دی لوڑ اے۔
The river flows peacefully through the valley.	دریا وادی وچ پرامن طریقے نال وہندی اے۔
Clear communication prevents misunderstandings.	صاف رابطہ غلط فہمیاں کوں روکیندے۔
