en_sentence	target_sentence
The wedding ceremony lasted three days.	شادی دی تقریب ترئے دینہہ چلی۔
We decided to visit the old temple.	اساں پرانے مندر دیکھن دا فیصلہ کیتا۔
Parents sacrifice their own needs for children.	والدین بچیاں کیتے اپنیاں ضرورتاں قربان کریندے نیں۔
Sports teach teamwork and discipline.	کھیڈاں ٹیم ورک تے نظم و ضبط سکھیندیاں نیں۔
My grandmother told me stories.	میری دادی نے مینوں کہانیاں سنایاں۔
Children learn best when they are interested.	بچے بہترین سکھدے نیں جدوں اوہ دلچسپی رکھدے نیں۔
Children were playing cricket in the street.	بچے سڑک تے کرکٹ کھیڈدے پئے ہن۔
She walked slowly through the garden.	اوں باغ وچ آہستہ آہستہ ٹردی۔
The bus arrived late.	بس ڈیر نال پہنچی۔
The bus arrived late.	بس ڈیر نال پہنچی۔
Teachers shape young minds.	استاد نوجوان ذہناں کوں شکل دیندے نیں۔
Birds were chirping in the trees.	پنچھی رکھاں وچ چہچہا رہے ہن۔
The teacher explained the lesson patiently.	استاد صبر نال سبق سمجھایا۔
Respecting elders is an important value.	بزرگاں دا احترام ہک اہم قدر اے۔
The bus arrived late.	بس ڈیر نال پہنچی۔
Pollution in cities has become a serious problem.	شہراں وچ آلودگی ہک سنجیدہ مسئلہ بن گئی اے۔
Farmers planted rice in the flooded fields.	کسان پانی والے کھیتراں وچ چاول پوکے۔
The river flows peacefully through the valley.	دریا وادی وچ پرامن طریقے نال وہندی اے۔
Family members support each other during difficult times.	خاندان دے ممبر مشکل وختاں وچ ہک دوجھے دی مدد کریندے نیں۔
Doctors recommend drinking plenty of water.	ڈاکٹر گھنے پانی پیون دی صلاح دیندے نیں۔
She walked slowly through the garden.	اوں باغ وچ آہستہ آہستہ ٹردی۔
She cooked delicious biryani for the family.	اوں خاندان کیتے مزیدار بریانی پکائی۔
Reading books improves vocabulary.	کتاباں پڑھن ذخیرہ الفاظ بہتر بنیندے۔
Elderly people share wisdom and stories.	بزرگ لوک حکمت تے کہانیاں سانجھیاں کریندے نیں۔
Tea is served to guests as a gesture of hospitality.	مہماناں کوں مہمان نوازی دی نشانی دے طور تے چاہ پیش کیتی ویندی اے۔
People celebrate festivals with great joy.	لوک ودی خوشی نال میلے منیندے نیں۔
Teachers shape young minds.	استاد نوجوان ذہناں کوں شکل دیندے نیں۔
Tourism brings revenue to regions with historical sites.	سیاحت تاریخی تھانواں والے علاقیاں کوں آمدنی لیندی اے۔
The wedding ceremony lasted three days.	شادی دی تقریب ترئے دینہہ چلی۔
The forest is home to many wild animals.	جنگل گھنے جنگلی جانوراں دا گھر اے۔
She walked slowly through the garden.	اوں باغ وچ آہستہ آہستہ ٹردی۔
Handicrafts showcase artistic traditions.	ہتھکاریاں فنکارانہ روایات دکھیندیاں نیں۔
The school organized a science fair.	سکول نے سائنس میلہ منظم کیتا۔
Children were playing cricket in the street.	بچے سڑک تے کرکٹ کھیڈدے پئے ہن۔
Train journeys offer scenic views.	ریل دے سفر منظراں دے نظارے پیش کریندے نیں۔
She received a scholarship to study medicine.	اوں طب دی تعلیم کیتے اسکالرشپ حاصل کیتی۔
Children were playing cricket in the street.	بچے سڑک تے کرکٹ کھیڈدے پئے ہن۔
Cooking together brings family members closer.	گڈے کھان پکاون خاندان دے ممبراں کوں نیڑے لیندے۔
People celebrate festivals with great joy.	لوک ودی خوشی نال میلے منیندے نیں۔
The teacher explained the lesson patiently.	استاد صبر نال سبق سمجھایا۔
The teacher explained the lesson patiently.	استاد صبر نال سبق سمجھایا۔
Farmers planted rice in the flooded fields.	کسان پانی والے کھیتراں وچ چاول پوکے۔
The forest is home to many wild animals.	جنگل گھنے جنگلی جانوراں دا گھر اے۔
Birds were chirping in the trees.	پنچھی رکھاں وچ چہچہا رہے ہن۔
Cricket is a popular sport.	کرکٹ ہک مقبول کھیڈ اے۔
She received a scholarship to study medicine.	اوں طب دی تعلیم کیتے اسکالرشپ حاصل کیتی۔
She received a scholarship to study medicine.	اوں طب دی تعلیم کیتے اسکالرشپ حاصل کیتی۔
Traditional music is important for our heritage.	روایتی موسیقی سادی ورثے کیتے اہم اے۔
Tea is served to guests as a gesture of hospitality.	مہماناں کوں مہمان نوازی دی نشانی دے طور تے چاہ پیش کیتی ویندی اے۔
People celebrate festivals with great joy.	لوک ودی خوشی نال میلے منیندے نیں۔
Cooking together brings family members closer.	گڈے کھان پکاون خاندان دے ممبراں کوں نیڑے لیندے۔
The internet connects people across continents.	انٹرنیٹ براعظماں وچ لوکاں کوں جوڑیندے۔
Handicrafts showcase artistic traditions.	ہتھکاریاں فنکارانہ روایات دکھیندیاں نیں۔
Traditional music is important for our heritage.	روایتی موسیقی سادی ورثے کیتے اہم اے۔
Teachers shape young minds.	استاد نوجوان ذہناں کوں شکل دیندے نیں۔
The teacher explained the lesson patiently.	استاد صبر نال سبق سمجھایا۔
Cooking together brings family members closer.	گڈے کھان پکاون خاندان دے ممبراں کوں نیڑے لیندے۔
People celebrate festivals with great joy.	لوک ودی خوشی نال میلے منیندے نیں۔
People travel long distances to visit religious sites.	لوک مذہبی تھانواں دیکھن کیتے لمبیاں دوریاں طے کریندے نیں۔
The forest is home to many wild animals.	جنگل گھنے جنگلی جانوراں دا گھر اے۔
The professor wrote equations on the blackboard.	پروفیسر تختے تے مساوات لکھیاں۔
People celebrate festivals with great joy.	لوک ودی خوشی نال میلے منیندے نیں۔
Elderly people share wisdom and stories.	بزرگ لوک حکمت تے کہانیاں سانجھیاں کریندے نیں۔
Cricket is a popular sport.	کرکٹ ہک مقبول کھیڈ اے۔
Online shopping has become popular.	آن لائن خریداری مقبول تھی گئی اے۔
Farmers planted rice in the flooded fields.	کسان پانی والے کھیتراں وچ چاول پوکے۔
Eating fresh fruits provides essential vitamins.	تازہ پھل کھان ضروری وٹامن فراہم کریندے۔
Cooking together brings family members closer.	گڈے کھان پکاون خاندان دے ممبراں کوں نیڑے لیندے۔
After finishing his work, he sat down.	اپنا کم مکمل کرن دے بعد، او بیٹھ گیا۔
Doctors work long hours to treat patients.	ڈاکٹر مریضاں دا علاج کرن کیتے لمبیاں گھڑیاں کم کریندے نیں۔
Cricket is a popular sport.	کرکٹ ہک مقبول کھیڈ اے۔
Birds were chirping in the trees.	پنچھی رکھاں وچ چہچہا رہے ہن۔
The school organized a science fair.	سکول نے سائنس میلہ منظم کیتا۔
We decided to visit the old temple.	اساں پرانے مندر دیکھن دا فیصلہ کیتا۔
My grandmother told me stories.	میری دادی نے مینوں کہانیاں سنایاں۔
Storytelling preserves culture and knowledge.	کہانی سناون ثقافت تے علم کوں محفوظ رکھیندے۔
Handicrafts showcase artistic traditions.	ہتھکاریاں فنکارانہ روایات دکھیندیاں نیں۔
Children were playing cricket in the street.	بچے سڑک تے کرکٹ کھیڈدے پئے ہن۔
After finishing his work, he sat down.	اپنا کم مکمل کرن دے بعد، او بیٹھ گیا۔
People celebrate festivals with great joy.	لوک ودی خوشی نال میلے منیندے نیں۔
Digital payments have made transactions faster.	ڈیجیٹل ادائیگیاں معاملات تیز کیتے نیں۔
Doctors recommend drinking plenty of water.	ڈاکٹر گھنے پانی پیون دی صلاح دیندے نیں۔
The school organized a science fair.	سکول نے سائنس میلہ منظم کیتا۔
The market was crowded with people.	بازار لوکاں نال بھریا ہویا ہا۔
My grandmother told me stories.	میری دادی نے مینوں کہانیاں سنایاں۔
Students gathered in the library.	طالب علم لائبریری وچ گڈے تھئے۔
The wedding ceremony lasted three days.	شادی دی تقریب ترئے دینہہ چلی۔
Cooking together brings family members closer.	گڈے کھان پکاون خاندان دے ممبراں کوں نیڑے لیندے۔
People celebrate festivals with great joy.	لوک ودی خوشی نال میلے منیندے نیں۔
Train journeys offer scenic views.	ریل دے سفر منظراں دے نظارے پیش کریندے نیں۔
Tourism brings revenue to regions with historical sites.	سیاحت تاریخی تھانواں والے علاقیاں کوں آمدنی لیندی اے۔
Elderly people share wisdom and stories.	بزرگ لوک حکمت تے کہانیاں سانجھیاں کریندے نیں۔
The internet connects people across continents.	انٹرنیٹ براعظماں وچ لوکاں کوں جوڑیندے۔
Learning a new language requires practice.	نوی زبان سکھن کیتے مشق دی لوڑ اے۔
Online shopping has become popular.	آن لائن خریداری مقبول تھی گئی اے۔
The forest is home to many wild animals.	جنگل گھنے جنگلی جانوراں دا گھر اے۔
People celebrate festivals with great joy.	لوک ودی خوشی نال میلے منیندے نیں۔
Tea is served to guests as a gesture of hospitality.	مہماناں کوں مہمان نوازی دی نشانی دے طور تے چاہ پیش کیتی ویندی اے۔
Sports teach teamwork and discipline.	کھیڈاں ٹیم ورک تے نظم و ضبط سکھیندیاں نیں۔
Teachers shape young minds.	استاد نوجوان ذہناں کوں شکل دیندے نیں۔
The school organized a science fair.	سکول نے سائنس میلہ منظم کیتا۔
Cooking together brings family members closer.	گڈے کھان پکاون خاندان دے ممبراں کوں نیڑے لیندے۔
Education opens doors to opportunities.	تعلیم موقعاں دے دروازے کولیندی اے۔
Doctors work long hours to treat patients.	ڈاکٹر مریضاں دا علاج کرن کیتے لمبیاں گھڑیاں کم کریندے نیں۔
Spices add flavor to traditional dishes.	مصالحے روایتی کھاناں وچ ذائقہ ودیندے نیں۔
Eating fresh fruits provides essential vitamins.	تازہ پھل کھان ضروری وٹامن فراہم کریندے۔
Children learn best when they are interested.	بچے بہترین سکھدے نیں جدوں اوہ دلچسپی رکھدے نیں۔
She cooked delicious biryani for the family.	اوں خاندان کیتے مزیدار بریانی پکائی۔
Education opens doors to opportunities.	تعلیم موقعاں دے دروازے کولیندی اے۔
Education opens doors to opportunities.	تعلیم موقعاں دے دروازے کولیندی اے۔
Digital payments have made transactions faster.	ڈیجیٹل ادائیگیاں معاملات تیز کیتے نیں۔
The teacher explained the lesson patiently.	استاد صبر نال سبق سمجھایا۔
Education opens doors to opportunities.	تعلیم موقعاں دے دروازے کولیندی اے۔
The market was crowded with people.	بازار لوکاں نال بھریا ہویا ہا۔
Tea is served to guests as a gesture of hospitality.	مہماناں کوں مہمان نوازی دی نشانی دے طور تے چاہ پیش کیتی ویندی اے۔
Cooking together brings family members closer.	گڈے کھان پکاون خاندان دے ممبراں کوں نیڑے لیندے۔
Online shopping has become popular.	آن لائن خریداری مقبول تھی گئی اے۔
Regular exercise helps maintain good health.	منظم ورزش چنگی صحت برقرار رکھن وچ مدد کریندی اے۔
Sports teach teamwork and discipline.	کھیڈاں ٹیم ورک تے نظم و ضبط سکھیندیاں نیں۔
People celebrate festivals with great joy.	لوک ودی خوشی نال میلے منیندے نیں۔
Cooking together brings family members closer.	گڈے کھان پکاون خاندان دے ممبراں کوں نیڑے لیندے۔
Teachers shape young minds.	استاد نوجوان ذہناں کوں شکل دیندے نیں۔
Farmers wake up early to tend to crops.	کسان فصلاں دی سنبھال کیتے جلدی اٹھدے نیں۔
Handicrafts showcase artistic traditions.	ہتھکاریاں فنکارانہ روایات دکھیندیاں نیں۔
The wedding ceremony lasted three days.	شادی دی تقریب ترئے دینہہ چلی۔
Birds were chirping in the trees.	پنچھی رکھاں وچ چہچہا رہے ہن۔
Eating fresh fruits provides essential vitamins.	تازہ پھل کھان ضروری وٹامن فراہم کریندے۔
Family members support each other during difficult times.	خاندان دے ممبر مشکل وختاں وچ ہک دوجھے دی مدد کریندے نیں۔
The professor wrote equations on the blackboard.	پروفیسر تختے تے مساوات لکھیاں۔
The school organized a science fair.	سکول نے سائنس میلہ منظم کیتا۔
Agriculture remains the primary source of income.	زراعت آمدنی دا بنیادی ذریعہ رہندی اے۔
She received a scholarship to study medicine.	اوں طب دی تعلیم کیتے اسکالرشپ حاصل کیتی۔
Spices add flavor to traditional dishes.	مصالحے روایتی کھاناں وچ ذائقہ ودیندے نیں۔
Handicrafts showcase artistic traditions.	ہتھکاریاں فنکارانہ روایات دکھیندیاں نیں۔
After finishing his work, he sat down.	اپنا کم مکمل کرن دے بعد، او بیٹھ گیا۔
Cooking together brings family members closer.	گڈے کھان پکاون خاندان دے ممبراں کوں نیڑے لیندے۔
I woke up early this morning.	من اڄ صبح جلدی اٹھیا۔
Birds were chirping in the trees.	پنچھی رکھاں وچ چہچہا رہے ہن۔
She received a scholarship to study medicine.	اوں طب دی تعلیم کیتے اسکالرشپ حاصل کیتی۔
The school organized a science fair.	سکول نے سائنس میلہ منظم کیتا۔
Spices add flavor to traditional dishes.	مصالحے روایتی کھاناں وچ ذائقہ ودیندے نیں۔
Respecting elders is an important value.	بزرگاں دا احترام ہک اہم قدر اے۔
The teacher explained the lesson patiently.	استاد صبر نال سبق سمجھایا۔
Online shopping has become popular.	آن لائن خریداری مقبول تھی گئی اے۔
People celebrate festivals with great joy.	لوک ودی خوشی نال میلے منیندے نیں۔
Farmers wake up early to tend to crops.	کسان فصلاں دی سنبھال کیتے جلدی اٹھدے نیں۔
The forest is home to many wild animals.	جنگل گھنے جنگلی جانوراں دا گھر اے۔
Pollution in cities has become a serious problem.	شہراں وچ آلودگی ہک سنجیدہ مسئلہ بن گئی اے۔
She cooked delicious biryani for the family.	اوں خاندان کیتے مزیدار بریانی پکائی۔
Tourism brings revenue to regions with historical sites.	سیاحت تاریخی تھانواں والے علاقیاں کوں آمدنی لیندی اے۔
Small businesses create employment opportunities.	نکیاں کاروبار روزگار دے موقعے پیدا کریندے نیں۔
People travel long distances to visit religious sites.	لوک مذہبی تھانواں دیکھن کیتے لمبیاں دوریاں طے کریندے نیں۔
Doctors work long hours to treat patients.	ڈاکٹر مریضاں دا علاج کرن کیتے لمبیاں گھڑیاں کم کریندے نیں۔
Cooking together brings family members closer.	گڈے کھان پکاون خاندان دے ممبراں کوں نیڑے لیندے۔
Parents sacrifice their own needs for children.	والدین بچیاں کیتے اپنیاں ضرورتاں قربان کریندے نیں۔
Spices add flavor to traditional dishes.	مصالحے روایتی کھاناں وچ ذائقہ ودیندے نیں۔
Online shopping has become popular.	آن لائن خریداری مقبول تھی گئی اے۔
I woke up early this morning.	من اڄ صبح جلدی اٹھیا۔
The professor wrote equations on the blackboard.	پروفیسر تختے تے مساوات لکھیاں۔
Students gathered in the library.	طالب علم لائبریری وچ گڈے تھئے۔
Children learn best when they are interested.	بچے بہترین سکھدے نیں جدوں اوہ دلچسپی رکھدے نیں۔
The teacher explained the lesson patiently.	استاد صبر نال سبق سمجھایا۔
We decided to visit the old temple.	اساں پرانے مندر دیکھن دا فیصلہ کیتا۔
Students gathered in the library.	طالب علم لائبریری وچ گڈے تھئے۔
Pollution in cities has become a serious problem.	شہراں وچ آلودگی ہک سنجیدہ مسئلہ بن گئی اے۔
The bus arrived late.	بس ڈیر نال پہنچی۔
Regular exercise helps maintain good health.	منظم ورزش چنگی صحت برقرار رکھن وچ مدد کریندی اے۔
Small businesses create employment opportunities.	نکیاں کاروبار روزگار دے موقعے پیدا کریندے نیں۔
Clear communication prevents misunderstandings.	صاف رابطہ غلط فہمیاں کوں روکیندے۔
Spices add flavor to traditional dishes.	مصالحے روایتی کھاناں وچ ذائقہ ودیندے نیں۔
Digital payments have made transactions faster.	ڈیجیٹل ادائیگیاں معاملات تیز کیتے نیں۔
Birds were chirping in the trees.	پنچھی رکھاں وچ چہچہا رہے ہن۔
After finishing his work, he sat down.	اپنا کم مکمل کرن دے بعد، او بیٹھ گیا۔
Traditional music is important for our heritage.	روایتی موسیقی سادی ورثے کیتے اہم اے۔
She cooked delicious biryani for the family.	اوں خاندان کیتے مزیدار بریانی پکائی۔
The bus arrived late.	بس ڈیر نال پہنچی۔
Parents sacrifice their own needs for children.	والدین بچیاں کیتے اپنیاں ضرورتاں قربان کریندے نیں۔
She walked slowly through the garden.	اوں باغ وچ آہستہ آہستہ ٹردی۔
Learning a new language requires practice.	نوی زبان سکھن کیتے مشق دی لوڑ اے۔
The river flows peacefully through the valley.	دریا وادی وچ پرامن طریقے نال وہندی اے۔
Children learn best when they are interested.	بچے بہترین سکھدے نیں جدوں اوہ دلچسپی رکھدے نیں۔
Children were playing cricket in the street.	بچے سڑک تے کرکٹ کھیڈدے پئے ہن۔
She cooked delicious biryani for the family.	اوں خاندان کیتے مزیدار بریانی پکائی۔
She received a scholarship to study medicine.	اوں طب دی تعلیم کیتے اسکالرشپ حاصل کیتی۔
Parents sacrifice their own needs for children.	والدین بچیاں کیتے اپنیاں ضرورتاں قربان کریندے نیں۔
My grandmother told me stories.	میری دادی نے مینوں کہانیاں سنایاں۔
Students gathered in the library.	طالب علم لائبریری وچ گڈے تھئے۔
Regular exercise helps maintain good health.	منظم ورزش چنگی صحت برقرار رکھن وچ مدد کریندی اے۔
We decided to visit the old temple.	اساں پرانے مندر دیکھن دا فیصلہ کیتا۔
Train journeys offer scenic views.	ریل دے سفر منظراں دے نظارے پیش کریندے نیں۔
Tea is served to guests as a gesture of hospitality.	مہماناں کوں مہمان نوازی دی نشانی دے طور تے چاہ پیش کیتی ویندی اے۔
The forest is home to many wild animals.	جنگل گھنے جنگلی جانوراں دا گھر اے۔
Online shopping has become popular.	آن لائن خریداری مقبول تھی گئی اے۔
Handicrafts showcase artistic traditions.	ہتھکاریاں فنکارانہ روایات دکھیندیاں نیں۔
I woke up early this morning.	من اڄ صبح جلدی اٹھیا۔
Learning a new language requires practice.	نوی زبان سکھن کیتے مشق دی لوڑ اے۔
Storytelling preserves culture and knowledge.	کہانی سناون ثقافت تے علم کوں محفوظ رکھیندے۔
Small businesses create employment opportunities.	نکیاں کاروبار روزگار دے موقعے پیدا کریندے نیں۔
Handicrafts showcase artistic traditions.	ہتھکاریاں فنکارانہ روایات دکھیندیاں نیں۔
Handicrafts showcase artistic traditions.	ہتھکاریاں فنکارانہ روایات دکھیندیاں نیں۔
The professor wrote equations on the blackboard.	پروفیسر تختے تے مساوات لکھیاں۔
Small businesses create employment opportunities.	نکیاں کاروبار روزگار دے موقعے پیدا کریندے نیں۔
Sports teach teamwork and discipline.	کھیڈاں ٹیم ورک تے نظم و ضبط سکھیندیاں نیں۔
Handicrafts showcase artistic traditions.	ہتھکاریاں فنکارانہ روایات دکھیندیاں نیں۔
Cooking together brings family members closer.	گڈے کھان پکاون خاندان دے ممبراں کوں نیڑے لیندے۔
Respecting elders is an important value.	بزرگاں دا احترام ہک اہم قدر اے۔
Education opens doors to opportunities.	تعلیم موقعاں دے دروازے کولیندی اے۔
The internet connects people across continents.	انٹرنیٹ براعظماں وچ لوکاں کوں جوڑیندے۔
Storytelling preserves culture and knowledge.	کہانی سناون ثقافت تے علم کوں محفوظ رکھیندے۔
Clear communication prevents misunderstandings.	صاف رابطہ غلط فہمیاں کوں روکیندے۔
Respecting elders is an important value.	بزرگاں دا احترام ہک اہم قدر اے۔
Storytelling preserves culture and knowledge.	کہانی سناون ثقافت تے علم کوں محفوظ رکھیندے۔
Reading books improves vocabulary.	کتاباں پڑھن ذخیرہ الفاظ بہتر بنیندے۔
I woke up early this morning.	من اڄ صبح جلدی اٹھیا۔
Train journeys offer scenic views.	ریل دے سفر منظراں دے نظارے پیش کریندے نیں۔
The internet connects people across continents.	انٹرنیٹ براعظماں وچ لوکاں کوں جوڑیندے۔
We decided to visit the old temple.	اساں پرانے مندر دیکھن دا فیصلہ کیتا۔
Sports teach teamwork and discipline.	کھیڈاں ٹیم ورک تے نظم و ضبط سکھیندیاں نیں۔
Education opens doors to opportunities.	تعلیم موقعاں دے دروازے کولیندی اے۔
The teacher explained the lesson patiently.	استاد صبر نال سبق سمجھایا۔
Smartphones have changed how people communicate.	اسمارٹ فوناں نے لوکاں دے رابطے دے طریقے کوں تبدیل کیتا اے۔
Children were playing cricket in the street.	بچے سڑک تے کرکٹ کھیڈدے پئے ہن۔
Cooking together brings family members closer.	گڈے کھان پکاون خاندان دے ممبراں کوں نیڑے لیندے۔
Children learn best when they are interested.	بچے بہترین سکھدے نیں جدوں اوہ دلچسپی رکھدے نیں۔
The market was crowded with people.	بازار لوکاں نال بھریا ہویا ہا۔
Agriculture remains the primary source of income.	زراعت آمدنی دا بنیادی ذریعہ رہندی اے۔
Education opens doors to opportunities.	تعلیم موقعاں دے دروازے کولیندی اے۔
Family members support each other during difficult times.	خاندان دے ممبر مشکل وختاں وچ ہک دوجھے دی مدد کریندے نیں۔
Family members support each other during difficult times.	خاندان دے ممبر مشکل وختاں وچ ہک دوجھے دی مدد کریندے نیں۔
After finishing his work, he sat down.	اپنا کم مکمل کرن دے بعد، او بیٹھ گیا۔
Students gathered in the library.	طالب علم لائبریری وچ گڈے تھئے۔
My grandmother told me stories.	میری دادی نے مینوں کہانیاں سنایاں۔
Tea is served to guests as a gesture of hospitality.	مہماناں کوں مہمان نوازی دی نشانی دے طور تے چاہ پیش کیتی ویندی اے۔
Learning a new language requires practice.	نوی زبان سکھن کیتے مشق دی لوڑ اے۔
Elderly people share wisdom and stories.	بزرگ لوک حکمت تے کہانیاں سانجھیاں کریندے نیں۔
Pollution in cities has become a serious problem.	شہراں وچ آلودگی ہک سنجیدہ مسئلہ بن گئی اے۔
The internet connects people across continents.	انٹرنیٹ براعظماں وچ لوکاں کوں جوڑیندے۔
Agriculture remains the primary source of income.	زراعت آمدنی دا بنیادی ذریعہ رہندی اے۔
Children were playing cricket in the street.	بچے سڑک تے کرکٹ کھیڈدے پئے ہن۔
Digital payments have made transactions faster.	ڈیجیٹل ادائیگیاں معاملات تیز کیتے نیں۔
The river flows peacefully through the valley.	دریا وادی وچ پرامن طریقے نال وہندی اے۔
Small businesses create employment opportunities.	نکیاں کاروبار روزگار دے موقعے پیدا کریندے نیں۔
The teacher explained the lesson patiently.	استاد صبر نال سبق سمجھایا۔
People travel long distances to visit religious sites.	لوک مذہبی تھانواں دیکھن کیتے لمبیاں دوریاں طے کریندے نیں۔
She walked slowly through the garden.	اوں باغ وچ آہستہ آہستہ ٹردی۔
People travel long distances to visit religious sites.	لوک مذہبی تھانواں دیکھن کیتے لمبیاں دوریاں طے کریندے نیں۔
Storytelling preserves culture and knowledge.	کہانی سناون ثقافت تے علم کوں محفوظ رکھیندے۔
The teacher explained the lesson patiently.	استاد صبر نال سبق سمجھایا۔
The bus arrived late.	بس ڈیر نال پہنچی۔
Spices add flavor to traditional dishes.	مصالحے روایتی کھاناں وچ ذائقہ ودیندے نیں۔
Digital payments have made transactions faster.	ڈیجیٹل ادائیگیاں معاملات تیز کیتے نیں۔
Traditional music is important for our heritage.	روایتی موسیقی سادی ورثے کیتے اہم اے۔
Children were playing cricket in the street.	بچے سڑک تے کرکٹ کھیڈدے پئے ہن۔
Farmers planted rice in the flooded fields.	کسان پانی والے کھیتراں وچ چاول پوکے۔
Handicrafts showcase artistic traditions.	ہتھکاریاں فنکارانہ روایات دکھیندیاں نیں۔
Sports teach teamwork and discipline.	کھیڈاں ٹیم ورک تے نظم و ضبط سکھیندیاں نیں۔
People celebrate festivals with great joy.	لوک ودی خوشی نال میلے منیندے نیں۔
Education opens doors to opportunities.	تعلیم موقعاں دے دروازے کولیندی اے۔
Children were playing cricket in the street.	بچے سڑک تے کرکٹ کھیڈدے پئے ہن۔
Education opens doors to opportunities.	تعلیم موقعاں دے دروازے کولیندی اے۔
Pollution in cities has become a serious problem.	شہراں وچ آلودگی ہک سنجیدہ مسئلہ بن گئی اے۔
Children were playing cricket in the street.	بچے سڑک تے کرکٹ کھیڈدے پئے ہن۔
The market was crowded with people.	بازار لوکاں نال بھریا ہویا ہا۔
Doctors recommend drinking plenty of water.	ڈاکٹر گھنے پانی پیون دی صلاح دیندے نیں۔
Reading books improves vocabulary.	کتاباں پڑھن ذخیرہ الفاظ بہتر بنیندے۔
Cricket is a popular sport.	کرکٹ ہک مقبول کھیڈ اے۔
People travel long distances to visit religious sites.	لوک مذہبی تھانواں دیکھن کیتے لمبیاں دوریاں طے کریندے نیں۔
The forest is home to many wild animals.	جنگل گھنے جنگلی جانوراں دا گھر اے۔
Eating fresh fruits provides essential vitamins.	تازہ پھل کھان ضروری وٹامن فراہم کریندے۔
She walked slowly through the garden.	اوں باغ وچ آہستہ آہستہ ٹردی۔
Train journeys offer scenic views.	ریل دے سفر منظراں دے نظارے پیش کریندے نیں۔
Cooking together brings family members closer.	گڈے کھان پکاون خاندان دے ممبراں کوں نیڑے لیندے۔
Elderly people share wisdom and stories.	بزرگ لوک حکمت تے کہانیاں سانجھیاں کریندے نیں۔
Agriculture remains the primary source of income.	زراعت آمدنی دا بنیادی ذریعہ رہندی اے۔
My grandmother told me stories.	میری دادی نے مینوں کہانیاں سنایاں۔
Doctors recommend drinking plenty of water.	ڈاکٹر گھنے پانی پیون دی صلاح دیندے نیں۔
After finishing his work, he sat down.	اپنا کم مکمل کرن دے بعد، او بیٹھ گیا۔
The teacher explained the lesson patiently.	استاد صبر نال سبق سمجھایا۔
I woke up early this morning.	من اڄ صبح جلدی اٹھیا۔
Farmers wake up early to tend to crops.	کسان فصلاں دی سنبھال کیتے جلدی اٹھدے نیں۔
She walked slowly through the garden.	اوں باغ وچ آہستہ آہستہ ٹردی۔
My grandmother told me stories.	میری دادی نے مینوں کہانیاں سنایاں۔
Reading books improves vocabulary.	کتاباں پڑھن ذخیرہ الفاظ بہتر بنیندے۔
Cricket is a popular sport.	کرکٹ ہک مقبول کھیڈ اے۔
Family members support each other during difficult times.	خاندان دے ممبر مشکل وختاں وچ ہک دوجھے دی مدد کریندے نیں۔
The school organized a science fair.	سکول نے سائنس میلہ منظم کیتا۔
Handicrafts showcase artistic traditions.	ہتھکاریاں فنکارانہ روایات دکھیندیاں نیں۔
People celebrate festivals with great joy.	لوک ودی خوشی نال میلے منیندے نیں۔
Clear communication prevents misunderstandings.	صاف رابطہ غلط فہمیاں کوں روکیندے۔
The bus arrived late.	بس ڈیر نال پہنچی۔
Train journeys offer scenic views.	ریل دے سفر منظراں دے نظارے پیش کریندے نیں۔
Elderly people share wisdom and stories.	بزرگ لوک حکمت تے کہانیاں سانجھیاں کریندے نیں۔
Birds were chirping in the trees.	پنچھی رکھاں وچ چہچہا رہے ہن۔
People celebrate festivals with great joy.	لوک ودی خوشی نال میلے منیندے نیں۔
Traditional music is important for our heritage.	روایتی موسیقی سادی ورثے کیتے اہم اے۔
Reading books improves vocabulary.	کتاباں پڑھن ذخیرہ الفاظ بہتر بنیندے۔
People travel long distances to visit religious sites.	لوک مذہبی تھانواں دیکھن کیتے لمبیاں دوریاں طے کریندے نیں۔
Farmers planted rice in the flooded fields.	کسان پانی والے کھیتراں وچ چاول پوکے۔
Students gathered in the library.	طالب علم لائبریری وچ گڈے تھئے۔
Respecting elders is an important value.	بزرگاں دا احترام ہک اہم قدر اے۔
Farmers wake up early to tend to crops.	کسان فصلاں دی سنبھال کیتے جلدی اٹھدے نیں۔
My grandmother told me stories.	میری دادی نے مینوں کہانیاں سنایاں۔
Cricket is a popular sport.	کرکٹ ہک مقبول کھیڈ اے۔
Digital payments have made transactions faster.	ڈیجیٹل ادائیگیاں معاملات تیز کیتے نیں۔
Elderly people share wisdom and stories.	بزرگ لوک حکمت تے کہانیاں سانجھیاں کریندے نیں۔
People celebrate festivals with great joy.	لوک ودی خوشی نال میلے منیندے نیں۔
The forest is home to many wild animals.	جنگل گھنے جنگلی جانوراں دا گھر اے۔
Small businesses create employment opportunities.	نکیاں کاروبار روزگار دے موقعے پیدا کریندے نیں۔
Smartphones have changed how people communicate.	اسمارٹ فوناں نے لوکاں دے رابطے دے طریقے کوں تبدیل کیتا اے۔
Small businesses create employment opportunities.	نکیاں کاروبار روزگار دے موقعے پیدا کریندے نیں۔
Pollution in cities has become a serious problem.	شہراں وچ آلودگی ہک سنجیدہ مسئلہ بن گئی اے۔
Birds were chirping in the trees.	پنچھی رکھاں وچ چہچہا رہے ہن۔
Doctors recommend drinking plenty of water.	ڈاکٹر گھنے پانی پیون دی صلاح دیندے نیں۔
The forest is home to many wild animals.	جنگل گھنے جنگلی جانوراں دا گھر اے۔
Reading books improves vocabulary.	کتاباں پڑھن ذخیرہ الفاظ بہتر بنیندے۔
Digital payments have made transactions faster.	ڈیجیٹل ادائیگیاں معاملات تیز کیتے نیں۔
Farmers wake up early to tend to crops.	کسان فصلاں دی سنبھال کیتے جلدی اٹھدے نیں۔
Digital payments have made transactions faster.	ڈیجیٹل ادائیگیاں معاملات تیز کیتے نیں۔
The river flows peacefully through the valley.	دریا وادی وچ پرامن طریقے نال وہندی اے۔
Pollution in cities has become a serious problem.	شہراں وچ آلودگی ہک سنجیدہ مسئلہ بن گئی اے۔
Education opens doors to opportunities.	تعلیم موقعاں دے دروازے کولیندی اے۔
After finishing his work, he sat down.	اپنا کم مکمل کرن دے بعد، او بیٹھ گیا۔
I woke up early this morning.	من اڄ صبح جلدی اٹھیا۔
My grandmother told me stories.	میری دادی نے مینوں کہانیاں سنایاں۔
Pollution in cities has become a serious problem.	شہراں وچ آلودگی ہک سنجیدہ مسئلہ بن گئی اے۔
Farmers wake up early to tend to crops.	کسان فصلاں دی سنبھال کیتے جلدی اٹھدے نیں۔
She cooked delicious biryani for the family.	اوں خاندان کیتے مزیدار بریانی پکائی۔
The bus arrived late.	بس ڈیر نال پہنچی۔
Cooking together brings family members closer.	گڈے کھان پکاون خاندان دے ممبراں کوں نیڑے لیندے۔
Online shopping has become popular.	آن لائن خریداری مقبول تھی گئی اے۔
The forest is home to many wild animals.	جنگل گھنے جنگلی جانوراں دا گھر اے۔
Parents sacrifice their own needs for children.	والدین بچیاں کیتے اپنیاں ضرورتاں قربان کریندے نیں۔
Handicrafts showcase artistic traditions.	ہتھکاریاں فنکارانہ روایات دکھیندیاں نیں۔
Birds were chirping in the trees.	پنچھی رکھاں وچ چہچہا رہے ہن۔
She cooked delicious biryani for the family.	اوں خاندان کیتے مزیدار بریانی پکائی۔
Birds were chirping in the trees.	پنچھی رکھاں وچ چہچہا رہے ہن۔
Small businesses create employment opportunities.	نکیاں کاروبار روزگار دے موقعے پیدا کریندے نیں۔
Family members support each other during difficult times.	خاندان دے ممبر مشکل وختاں وچ ہک دوجھے دی مدد کریندے نیں۔
Spices add flavor to traditional dishes.	مصالحے روایتی کھاناں وچ ذائقہ ودیندے نیں۔
Farmers wake up early to tend to crops.	کسان فصلاں دی سنبھال کیتے جلدی اٹھدے نیں۔
Pollution in cities has become a serious problem.	شہراں وچ آلودگی ہک سنجیدہ مسئلہ بن گئی اے۔
The internet connects people across continents.	انٹرنیٹ براعظماں وچ لوکاں کوں جوڑیندے۔
Tourism brings revenue to regions with historical sites.	سیاحت تاریخی تھانواں والے علاقیاں کوں آمدنی لیندی اے۔
After finishing his work, he sat down.	اپنا کم مکمل کرن دے بعد، او بیٹھ گیا۔
Storytelling preserves culture and knowledge.	کہانی سناون ثقافت تے علم کوں محفوظ رکھیندے۔
Doctors recommend drinking plenty of water.	ڈاکٹر گھنے پانی پیون دی صلاح دیندے نیں۔
People travel long distances to visit religious sites.	لوک مذہبی تھانواں دیکھن کیتے لمبیاں دوریاں طے کریندے نیں۔
Handicrafts showcase artistic traditions.	ہتھکاریاں فنکارانہ روایات دکھیندیاں نیں۔
The bus arrived late.	بس ڈیر نال پہنچی۔
Spices add flavor to traditional dishes.	مصالحے روایتی کھاناں وچ ذائقہ ودیندے نیں۔
Doctors work long hours to treat patients.	ڈاکٹر مریضاں دا علاج کرن کیتے لمبیاں گھڑیاں کم کریندے نیں۔
Children learn best when they are interested.	بچے بہترین سکھدے نیں جدوں اوہ دلچسپی رکھدے نیں۔
Tourism brings revenue to regions with historical sites.	سیاحت تاریخی تھانواں والے علاقیاں کوں آمدنی لیندی اے۔
Farmers wake up early to tend to crops.	کسان فصلاں دی سنبھال کیتے جلدی اٹھدے نیں۔
Learning a new language requires practice.	نوی زبان سکھن کیتے مشق دی لوڑ اے۔
Students gathered in the library.	طالب علم لائبریری وچ گڈے تھئے۔
The school organized a science fair.	سکول نے سائنس میلہ منظم کیتا۔
Farmers planted rice in the flooded fields.	کسان پانی والے کھیتراں وچ چاول پوکے۔
I woke up early this morning.	من اڄ صبح جلدی اٹھیا۔
Education opens doors to opportunities.	تعلیم موقعاں دے دروازے کولیندی اے۔
People celebrate festivals with great joy.	لوک ودی خوشی نال میلے منیندے نیں۔
Students gathered in the library.	طالب علم لائبریری وچ گڈے تھئے۔
I woke up early this morning.	من اڄ صبح جلدی اٹھیا۔
Eating fresh fruits provides essential vitamins.	تازہ پھل کھان ضروری وٹامن فراہم کریندے۔
My grandmother told me stories.	میری دادی نے مینوں کہانیاں سنایاں۔
The bus arrived late.	بس ڈیر نال پہنچی۔
Parents sacrifice their own needs for children.	والدین بچیاں کیتے اپنیاں ضرورتاں قربان کریندے نیں۔
I woke up early this morning.	من اڄ صبح جلدی اٹھیا۔
Cooking together brings family members closer.	گڈے کھان پکاون خاندان دے ممبراں کوں نیڑے لیندے۔
Online shopping has become popular.	آن لائن خریداری مقبول تھی گئی اے۔
The bus arrived late.	بس ڈیر نال پہنچی۔
Spices add flavor to traditional dishes.	مصالحے روایتی کھاناں وچ ذائقہ ودیندے نیں۔
The bus arrived late.	بس ڈیر نال پہنچی۔
Cricket is a popular sport.	کرکٹ ہک مقبول کھیڈ اے۔
Eating fresh fruits provides essential vitamins.	تازہ پھل کھان ضروری وٹامن فراہم کریندے۔
Doctors work long hours to treat patients.	ڈاکٹر مریضاں دا علاج کرن کیتے لمبیاں گھڑیاں کم کریندے نیں۔
Children learn best when they are interested.	بچے بہترین سکھدے نیں جدوں اوہ دلچسپی رکھدے نیں۔
Digital payments have made transactions faster.	ڈیجیٹل ادائیگیاں معاملات تیز کیتے نیں۔
Farmers planted rice in the flooded fields.	کسان پانی والے کھیتراں وچ چاول پوکے۔
Tea is served to guests as a gesture of hospitality.	مہماناں کوں مہمان نوازی دی نشانی دے طور تے چاہ پیش کیتی ویندی اے۔
Agriculture remains the primary source of income.	زراعت آمدنی دا بنیادی ذریعہ رہندی اے۔
The wedding ceremony lasted three days.	شادی دی تقریب ترئے دینہہ چلی۔
Agriculture remains the primary source of income.	زراعت آمدنی دا بنیادی ذریعہ رہندی اے۔
Cooking together brings family members closer.	گڈے کھان پکاون خاندان دے ممبراں کوں نیڑے لیندے۔
Doctors work long hours to treat patients.	ڈاکٹر مریضاں دا علاج کرن کیتے لمبیاں گھڑیاں کم کریندے نیں۔
The school organized a science fair.	سکول نے سائنس میلہ منظم کیتا۔
The bus arrived late.	بس ڈیر نال پہنچی۔
Agriculture remains the primary source of income.	زراعت آمدنی دا بنیادی ذریعہ رہندی اے۔
Train journeys offer scenic views.	ریل دے سفر منظراں دے نظارے پیش کریندے نیں۔
The bus arrived late.	بس ڈیر نال پہنچی۔
The wedding ceremony lasted three days.	شادی دی تقریب ترئے دینہہ چلی۔
Doctors work long hours to treat patients.	ڈاکٹر مریضاں دا علاج کرن کیتے لمبیاں گھڑیاں کم کریندے نیں۔
Children learn best when they are interested.	بچے بہترین سکھدے نیں جدوں اوہ دلچسپی رکھدے نیں۔
Traditional music is important for our heritage.	روایتی موسیقی سادی ورثے کیتے اہم اے۔
The teacher explained the lesson patiently.	استاد صبر نال سبق سمجھایا۔
Train journeys offer scenic views.	ریل دے سفر منظراں دے نظارے پیش کریندے نیں۔
Doctors work long hours to treat patients.	ڈاکٹر مریضاں دا علاج کرن کیتے لمبیاں گھڑیاں کم کریندے نیں۔
People celebrate festivals with great joy.	لوک ودی خوشی نال میلے منیندے نیں۔
We decided to visit the old temple.	اساں پرانے مندر دیکھن دا فیصلہ کیتا۔
Train journeys offer scenic views.	ریل دے سفر منظراں دے نظارے پیش کریندے نیں۔
People travel long distances to visit religious sites.	لوک مذہبی تھانواں دیکھن کیتے لمبیاں دوریاں طے کریندے نیں۔
Cooking together brings family members closer.	گڈے کھان پکاون خاندان دے ممبراں کوں نیڑے لیندے۔
Education opens doors to opportunities.	تعلیم موقعاں دے دروازے کولیندی اے۔
The bus arrived late.	بس ڈیر نال پہنچی۔
The bus arrived late.	بس ڈیر نال پہنچی۔
Sports teach teamwork and discipline.	کھیڈاں ٹیم ورک تے نظم و ضبط سکھیندیاں نیں۔
Education opens doors to opportunities.	تعلیم موقعاں دے دروازے کولیندی اے۔
The bus arrived late.	بس ڈیر نال پہنچی۔
After finishing his work, he sat down.	اپنا کم مکمل کرن دے بعد، او بیٹھ گیا۔
Students gathered in the library.	طالب علم لائبریری وچ گڈے تھئے۔
The internet connects people across continents.	انٹرنیٹ براعظماں وچ لوکاں کوں جوڑیندے۔
We decided to visit the old temple.	اساں پرانے مندر دیکھن دا فیصلہ کیتا۔
Tea is served to guests as a gesture of hospitality.	مہماناں کوں مہمان نوازی دی نشانی دے طور تے چاہ پیش کیتی ویندی اے۔
Doctors recommend drinking plenty of water.	ڈاکٹر گھنے پانی پیون دی صلاح دیندے نیں۔
People travel long distances to visit religious sites.	لوک مذہبی تھانواں دیکھن کیتے لمبیاں دوریاں طے کریندے نیں۔
Farmers wake up early to tend to crops.	کسان فصلاں دی سنبھال کیتے جلدی اٹھدے نیں۔
Family members support each other during difficult times.	خاندان دے ممبر مشکل وختاں وچ ہک دوجھے دی مدد کریندے نیں۔
Digital payments have made transactions faster.	ڈیجیٹل ادائیگیاں معاملات تیز کیتے نیں۔
The teacher explained the lesson patiently.	استاد صبر نال سبق سمجھایا۔
She cooked delicious biryani for the family.	اوں خاندان کیتے مزیدار بریانی پکائی۔
Reading books improves vocabulary.	کتاباں پڑھن ذخیرہ الفاظ بہتر بنیندے۔
Family members support each other during difficult times.	خاندان دے ممبر مشکل وختاں وچ ہک دوجھے دی مدد کریندے نیں۔
Learning a new language requires practice.	نوی زبان سکھن کیتے مشق دی لوڑ اے۔
The teacher explained the lesson patiently.	استاد صبر نال سبق سمجھایا۔
The wedding ceremony lasted three days.	شادی دی تقریب ترئے دینہہ چلی۔
Train journeys offer scenic views.	ریل دے سفر منظراں دے نظارے پیش کریندے نیں۔
She walked slowly through the garden.	اوں باغ وچ آہستہ آہستہ ٹردی۔
She walked slowly through the garden.	اوں باغ وچ آہستہ آہستہ ٹردی۔
The market was crowded with people.	بازار لوکاں نال بھریا ہویا ہا۔
The bus arrived late.	بس ڈیر نال پہنچی۔
Handicrafts showcase artistic traditions.	ہتھکاریاں فنکارانہ روایات دکھیندیاں نیں۔
After finishing his work, he sat down.	اپنا کم مکمل کرن دے بعد، او بیٹھ گیا۔
Agriculture remains the primary source of income.	زراعت آمدنی دا بنیادی ذریعہ رہندی اے۔
Doctors recommend drinking plenty of water.	ڈاکٹر گھنے پانی پیون دی صلاح دیندے نیں۔
Family members support each other during difficult times.	خاندان دے ممبر مشکل وختاں وچ ہک دوجھے دی مدد کریندے نیں۔
Train journeys offer scenic views.	ریل دے سفر منظراں دے نظارے پیش کریندے نیں۔
The professor wrote equations on the blackboard.	پروفیسر تختے تے مساوات لکھیاں۔
Online shopping has become popular.	آن لائن خریداری مقبول تھی گئی اے۔
Cricket is a popular sport.	کرکٹ ہک مقبول کھیڈ اے۔
Farmers planted rice in the flooded fields.	کسان پانی والے کھیتراں وچ چاول پوکے۔
Farmers planted rice in the flooded fields.	کسان پانی والے کھیتراں وچ چاول پوکے۔
The internet connects people across continents.	انٹرنیٹ براعظماں وچ لوکاں کوں جوڑیندے۔
Family members support each other during difficult times.	خاندان دے ممبر مشکل وختاں وچ ہک دوجھے دی مدد کریندے نیں۔
People celebrate festivals with great joy.	لوک ودی خوشی نال میلے منیندے نیں۔
Doctors recommend drinking plenty of water.	ڈاکٹر گھنے پانی پیون دی صلاح دیندے نیں۔
We decided to visit the old temple.	اساں پرانے مندر دیکھن دا فیصلہ کیتا۔
Doctors recommend drinking plenty of water.	ڈاکٹر گھنے پانی پیون دی صلاح دیندے نیں۔
Digital payments have made transactions faster.	ڈیجیٹل ادائیگیاں معاملات تیز کیتے نیں۔
Traditional music is important for our heritage.	روایتی موسیقی سادی ورثے کیتے اہم اے۔
Pollution in cities has become a serious problem.	شہراں وچ آلودگی ہک سنجیدہ مسئلہ بن گئی اے۔
Digital payments have made transactions faster.	ڈیجیٹل ادائیگیاں معاملات تیز کیتے نیں۔
Clear communication prevents misunderstandings.	صاف رابطہ غلط فہمیاں کوں روکیندے۔
Tourism brings revenue to regions with historical sites.	سیاحت تاریخی تھانواں والے علاقیاں کوں آمدنی لیندی اے۔
She walked slowly through the garden.	اوں باغ وچ آہستہ آہستہ ٹردی۔
Farmers wake up early to tend to crops.	کسان فصلاں دی سنبھال کیتے جلدی اٹھدے نیں۔
People celebrate festivals with great joy.	لوک ودی خوشی نال میلے منیندے نیں۔
Tea is served to guests as a gesture of hospitality.	مہماناں کوں مہمان نوازی دی نشانی دے طور تے چاہ پیش کیتی ویندی اے۔
Storytelling preserves culture and knowledge.	کہانی سناون ثقافت تے علم کوں محفوظ رکھیندے۔
Children learn best when they are interested.	بچے بہترین سکھدے نیں جدوں اوہ دلچسپی رکھدے نیں۔
Smartphones have changed how people communicate.	اسمارٹ فوناں نے لوکاں دے رابطے دے طریقے کوں تبدیل کیتا اے۔
Farmers wake up early to tend to crops.	کسان فصلاں دی سنبھال کیتے جلدی اٹھدے نیں۔
After finishing his work, he sat down.	اپنا کم مکمل کرن دے بعد، او بیٹھ گیا۔
Students gathered in the library.	طالب علم لائبریری وچ گڈے تھئے۔
People travel long distances to visit religious sites.	لوک مذہبی تھانواں دیکھن کیتے لمبیاں دوریاں طے کریندے نیں۔
Train journeys offer scenic views.	ریل دے سفر منظراں دے نظارے پیش کریندے نیں۔
Storytelling preserves culture and knowledge.	کہانی سناون ثقافت تے علم کوں محفوظ رکھیندے۔
Eating fresh fruits provides essential vitamins.	تازہ پھل کھان ضروری وٹامن فراہم کریندے۔
She walked slowly through the garden.	اوں باغ وچ آہستہ آہستہ ٹردی۔
Parents sacrifice their own needs for children.	والدین بچیاں کیتے اپنیاں ضرورتاں قربان کریندے نیں۔
Online shopping has become popular.	آن لائن خریداری مقبول تھی گئی اے۔
Eating fresh fruits provides essential vitamins.	تازہ پھل کھان ضروری وٹامن فراہم کریندے۔
Storytelling preserves culture and knowledge.	کہانی سناون ثقافت تے علم کوں محفوظ رکھیندے۔
Cooking together brings family members closer.	گڈے کھان پکاون خاندان دے ممبراں کوں نیڑے لیندے۔
Doctors recommend drinking plenty of water.	ڈاکٹر گھنے پانی پیون دی صلاح دیندے نیں۔
Birds were chirping in the trees.	پنچھی رکھاں وچ چہچہا رہے ہن۔
Train journeys offer scenic views.	ریل دے سفر منظراں دے نظارے پیش کریندے نیں۔
Children were playing cricket in the street.	بچے سڑک تے کرکٹ کھیڈدے پئے ہن۔
Agriculture remains the primary source of income.	زراعت آمدنی دا بنیادی ذریعہ رہندی اے۔
Farmers planted rice in the flooded fields.	کسان پانی والے کھیتراں وچ چاول پوکے۔
Parents sacrifice their own needs for children.	والدین بچیاں کیتے اپنیاں ضرورتاں قربان کریندے نیں۔
Family members support each other during difficult times.	خاندان دے ممبر مشکل وختاں وچ ہک دوجھے دی مدد کریندے نیں۔
Family members support each other during difficult times.	خاندان دے ممبر مشکل وختاں وچ ہک دوجھے دی مدد کریندے نیں۔
The river flows peacefully through the valley.	دریا وادی وچ پرامن طریقے نال وہندی اے۔
People celebrate festivals with great joy.	لوک ودی خوشی نال میلے منیندے نیں۔
Children learn best when they are interested.	بچے بہترین سکھدے نیں جدوں اوہ دلچسپی رکھدے نیں۔
Tourism brings revenue to regions with historical sites.	سیاحت تاریخی تھانواں والے علاقیاں کوں آمدنی لیندی اے۔
After finishing his work, he sat down.	اپنا کم مکمل کرن دے بعد، او بیٹھ گیا۔
Cooking together brings family members closer.	گڈے کھان پکاون خاندان دے ممبراں کوں نیڑے لیندے۔
Children were playing cricket in the street.	بچے سڑک تے کرکٹ کھیڈدے پئے ہن۔
Tea is served to guests as a gesture of hospitality.	مہماناں کوں مہمان نوازی دی نشانی دے طور تے چاہ پیش کیتی ویندی اے۔
Small businesses create employment opportunities.	نکیاں کاروبار روزگار دے موقعے پیدا کریندے نیں۔
Parents sacrifice their own needs for children.	والدین بچیاں کیتے اپنیاں ضرورتاں قربان کریندے نیں۔
Spices add flavor to traditional dishes.	مصالحے روایتی کھاناں وچ ذائقہ ودیندے نیں۔
She received a scholarship to study medicine.	اوں طب دی تعلیم کیتے اسکالرشپ حاصل کیتی۔
Digital payments have made transactions faster.	ڈیجیٹل ادائیگیاں معاملات تیز کیتے نیں۔
The forest is home to many wild animals.	جنگل گھنے جنگلی جانوراں دا گھر اے۔
Family members support each other during difficult times.	خاندان دے ممبر مشکل وختاں وچ ہک دوجھے دی مدد کریندے نیں۔
The market was crowded with people.	بازار لوکاں نال بھریا ہویا ہا۔
Children were playing cricket in the street.	بچے سڑک تے کرکٹ کھیڈدے پئے ہن۔
The wedding ceremony lasted three days.	شادی دی تقریب ترئے دینہہ چلی۔
Farmers planted rice in the flooded fields.	کسان پانی والے کھیتراں وچ چاول پوکے۔
The river flows peacefully through the valley.	دریا وادی وچ پرامن طریقے نال وہندی اے۔
Train journeys offer scenic views.	ریل دے سفر منظراں دے نظارے پیش کریندے نیں۔
Eating fresh fruits provides essential vitamins.	تازہ پھل کھان ضروری وٹامن فراہم کریندے۔
Sports teach teamwork and discipline.	کھیڈاں ٹیم ورک تے نظم و ضبط سکھیندیاں نیں۔
The internet connects people across continents.	انٹرنیٹ براعظماں وچ لوکاں کوں جوڑیندے۔
She received a scholarship to study medicine.	اوں طب دی تعلیم کیتے اسکالرشپ حاصل کیتی۔
Birds were chirping in the trees.	پنچھی رکھاں وچ چہچہا رہے ہن۔
Respecting elders is an important value.	بزرگاں دا احترام ہک اہم قدر اے۔
The forest is home to many wild animals.	جنگل گھنے جنگلی جانوراں دا گھر اے۔
Children learn best when they are interested.	بچے بہترین سکھدے نیں جدوں اوہ دلچسپی رکھدے نیں۔
Family members support each other during difficult times.	خاندان دے ممبر مشکل وختاں وچ ہک دوجھے دی مدد کریندے نیں۔
Storytelling preserves culture and knowledge.	کہانی سناون ثقافت تے علم کوں محفوظ رکھیندے۔
Birds were chirping in the trees.	پنچھی رکھاں وچ چہچہا رہے ہن۔
Agriculture remains the primary source of income.	زراعت آمدنی دا بنیادی ذریعہ رہندی اے۔
Eating fresh fruits provides essential vitamins.	تازہ پھل کھان ضروری وٹامن فراہم کریندے۔
Education opens doors to opportunities.	تعلیم موقعاں دے دروازے کولیندی اے۔
Learning a new language requires practice.	نوی زبان سکھن کیتے مشق دی لوڑ اے۔
The forest is home to many wild animals.	جنگل گھنے جنگلی جانوراں دا گھر اے۔
Spices add flavor to traditional dishes.	مصالحے روایتی کھاناں وچ ذائقہ ودیندے نیں۔
The bus arrived late.	بس ڈیر نال پہنچی۔
After finishing his work, he sat down.	اپنا کم مکمل کرن دے بعد، او بیٹھ گیا۔
Teachers shape young minds.	استاد نوجوان ذہناں کوں شکل دیندے نیں۔
Birds were chirping in the trees.	پنچھی رکھاں وچ چہچہا رہے ہن۔
People travel long distances to visit religious sites.	لوک مذہبی تھانواں دیکھن کیتے لمبیاں دوریاں طے کریندے نیں۔
After finishing his work, he sat down.	اپنا کم مکمل کرن دے بعد، او بیٹھ گیا۔
Storytelling preserves culture and knowledge.	کہانی سناون ثقافت تے علم کوں محفوظ رکھیندے۔
Doctors work long hours to treat patients.	ڈاکٹر مریضاں دا علاج کرن کیتے لمبیاں گھڑیاں کم کریندے نیں۔
Students gathered in the library.	طالب علم لائبریری وچ گڈے تھئے۔
She received a scholarship to study medicine.	اوں طب دی تعلیم کیتے اسکالرشپ حاصل کیتی۔
Respecting elders is an important value.	بزرگاں دا احترام ہک اہم قدر اے۔
The river flows peacefully through the valley.	دریا وادی وچ پرامن طریقے نال وہندی اے۔
Handicrafts showcase artistic traditions.	ہتھکاریاں فنکارانہ روایات دکھیندیاں نیں۔
Sports teach teamwork and discipline.	کھیڈاں ٹیم ورک تے نظم و ضبط سکھیندیاں نیں۔
We decided to visit the old temple.	اساں پرانے مندر دیکھن دا فیصلہ کیتا۔
Handicrafts showcase artistic traditions.	ہتھکاریاں فنکارانہ روایات دکھیندیاں نیں۔
Regular exercise helps maintain good health.	منظم ورزش چنگی صحت برقرار رکھن وچ مدد کریندی اے۔
Agriculture remains the primary source of income.	زراعت آمدنی دا بنیادی ذریعہ رہندی اے۔
The bus arrived late.	بس ڈیر نال پہنچی۔
Pollution in cities has become a serious problem.	شہراں وچ آلودگی ہک سنجیدہ مسئلہ بن گئی اے۔
The market was crowded with people.	بازار لوکاں نال بھریا ہویا ہا۔
Birds were chirping in the trees.	پنچھی رکھاں وچ چہچہا رہے ہن۔
Small businesses create employment opportunities.	نکیاں کاروبار روزگار دے موقعے پیدا کریندے نیں۔
Respecting elders is an important value.	بزرگاں دا احترام ہک اہم قدر اے۔
Storytelling preserves culture and knowledge.	کہانی سناون ثقافت تے علم کوں محفوظ رکھیندے۔
Smartphones have changed how people communicate.	اسمارٹ فوناں نے لوکاں دے رابطے دے طریقے کوں تبدیل کیتا اے۔
Children were playing cricket in the street.	بچے سڑک تے کرکٹ کھیڈدے پئے ہن۔
Respecting elders is an important value.	بزرگاں دا احترام ہک اہم قدر اے۔
Online shopping has become popular.	آن لائن خریداری مقبول تھی گئی اے۔
Reading books improves vocabulary.	کتاباں پڑھن ذخیرہ الفاظ بہتر بنیندے۔
My grandmother told me stories.	میری دادی نے مینوں کہانیاں سنایاں۔
The school organized a science fair.	سکول نے سائنس میلہ منظم کیتا۔
The market was crowded with people.	بازار لوکاں نال بھریا ہویا ہا۔
Birds were chirping in the trees.	پنچھی رکھاں وچ چہچہا رہے ہن۔
Clear communication prevents misunderstandings.	صاف رابطہ غلط فہمیاں کوں روکیندے۔
The market was crowded with people.	بازار لوکاں نال بھریا ہویا ہا۔
Students gathered in the library.	طالب علم لائبریری وچ گڈے تھئے۔
Children learn best when they are interested.	بچے بہترین سکھدے نیں جدوں اوہ دلچسپی رکھدے نیں۔
Storytelling preserves culture and knowledge.	کہانی سناون ثقافت تے علم کوں محفوظ رکھیندے۔
Tea is served to guests as a gesture of hospitality.	مہماناں کوں مہمان نوازی دی نشانی دے طور تے چاہ پیش کیتی ویندی اے۔
The school organized a science fair.	سکول نے سائنس میلہ منظم کیتا۔
Elderly people share wisdom and stories.	بزرگ لوک حکمت تے کہانیاں سانجھیاں کریندے نیں۔
She walked slowly through the garden.	اوں باغ وچ آہستہ آہستہ ٹردی۔
My grandmother told me stories.	میری دادی نے مینوں کہانیاں سنایاں۔
People travel long distances to visit religious sites.	لوک مذہبی تھانواں دیکھن کیتے لمبیاں دوریاں طے کریندے نیں۔
Farmers planted rice in the flooded fields.	کسان پانی والے کھیتراں وچ چاول پوکے۔
Traditional music is important for our heritage.	روایتی موسیقی سادی ورثے کیتے اہم اے۔
Children learn best when they are interested.	بچے بہترین سکھدے نیں جدوں اوہ دلچسپی رکھدے نیں۔
Agriculture remains the primary source of income.	زراعت آمدنی دا بنیادی ذریعہ رہندی اے۔
Digital payments have made transactions faster.	ڈیجیٹل ادائیگیاں معاملات تیز کیتے نیں۔
Respecting elders is an important value.	بزرگاں دا احترام ہک اہم قدر اے۔
Train journeys offer scenic views.	ریل دے سفر منظراں دے نظارے پیش کریندے نیں۔
The wedding ceremony lasted three days.	شادی دی تقریب ترئے دینہہ چلی۔
Doctors recommend drinking plenty of water.	ڈاکٹر گھنے پانی پیون دی صلاح دیندے نیں۔
Eating fresh fruits provides essential vitamins.	تازہ پھل کھان ضروری وٹامن فراہم کریندے۔
Clear communication prevents misunderstandings.	صاف رابطہ غلط فہمیاں کوں روکیندے۔
Storytelling preserves culture and knowledge.	کہانی سناون ثقافت تے علم کوں محفوظ رکھیندے۔
Tourism brings revenue to regions with historical sites.	سیاحت تاریخی تھانواں والے علاقیاں کوں آمدنی لیندی اے۔
Tea is served to guests as a gesture of hospitality.	مہماناں کوں مہمان نوازی دی نشانی دے طور تے چاہ پیش کیتی ویندی اے۔
Clear communication prevents misunderstandings.	صاف رابطہ غلط فہمیاں کوں روکیندے۔
Doctors work long hours to treat patients.	ڈاکٹر مریضاں دا علاج کرن کیتے لمبیاں گھڑیاں کم کریندے نیں۔
Doctors work long hours to treat patients.	ڈاکٹر مریضاں دا علاج کرن کیتے لمبیاں گھڑیاں کم کریندے نیں۔
Storytelling preserves culture and knowledge.	کہانی سناون ثقافت تے علم کوں محفوظ رکھیندے۔
After finishing his work, he sat down.	اپنا کم مکمل کرن دے بعد، او بیٹھ گیا۔
Students gathered in the library.	طالب علم لائبریری وچ گڈے تھئے۔
The internet connects people across continents.	انٹرنیٹ براعظماں وچ لوکاں کوں جوڑیندے۔
Respecting elders is an important value.	بزرگاں دا احترام ہک اہم قدر اے۔
Small businesses create employment opportunities.	نکیاں کاروبار روزگار دے موقعے پیدا کریندے نیں۔
Agriculture remains the primary source of income.	زراعت آمدنی دا بنیادی ذریعہ رہندی اے۔
My grandmother told me stories.	میری دادی نے مینوں کہانیاں سنایاں۔
Respecting elders is an important value.	بزرگاں دا احترام ہک اہم قدر اے۔
The river flows peacefully through the valley.	دریا وادی وچ پرامن طریقے نال وہندی اے۔
People travel long distances to visit religious sites.	لوک مذہبی تھانواں دیکھن کیتے لمبیاں دوریاں طے کریندے نیں۔
Birds were chirping in the trees.	پنچھی رکھاں وچ چہچہا رہے ہن۔
Birds were chirping in the trees.	پنچھی رکھاں وچ چہچہا رہے ہن۔
Clear communication prevents misunderstandings.	صاف رابطہ غلط فہمیاں کوں روکیندے۔
After finishing his work, he sat down.	اپنا کم مکمل کرن دے بعد، او بیٹھ گیا۔
Farmers planted rice in the flooded fields.	کسان پانی والے کھیتراں وچ چاول پوکے۔
Children learn best when they are interested.	بچے بہترین سکھدے نیں جدوں اوہ دلچسپی رکھدے نیں۔
Parents sacrifice their own needs for children.	والدین بچیاں کیتے اپنیاں ضرورتاں قربان کریندے نیں۔
Agriculture remains the primary source of income.	زراعت آمدنی دا بنیادی ذریعہ رہندی اے۔
Traditional music is important for our heritage.	روایتی موسیقی سادی ورثے کیتے اہم اے۔
Elderly people share wisdom and stories.	بزرگ لوک حکمت تے کہانیاں سانجھیاں کریندے نیں۔
My grandmother told me stories.	میری دادی نے مینوں کہانیاں سنایاں۔
Sports teach teamwork and discipline.	کھیڈاں ٹیم ورک تے نظم و ضبط سکھیندیاں نیں۔
The professor wrote equations on the blackboard.	پروفیسر تختے تے مساوات لکھیاں۔
Doctors work long hours to treat patients.	ڈاکٹر مریضاں دا علاج کرن کیتے لمبیاں گھڑیاں کم کریندے نیں۔
Children were playing cricket in the street.	بچے سڑک تے کرکٹ کھیڈدے پئے ہن۔
Digital payments have made transactions faster.	ڈیجیٹل ادائیگیاں معاملات تیز کیتے نیں۔
Traditional music is important for our heritage.	روایتی موسیقی سادی ورثے کیتے اہم اے۔
We decided to visit the old temple.	اساں پرانے مندر دیکھن دا فیصلہ کیتا۔
The professor wrote equations on the blackboard.	پروفیسر تختے تے مساوات لکھیاں۔
Education opens doors to opportunities.	تعلیم موقعاں دے دروازے کولیندی اے۔
We decided to visit the old temple.	اساں پرانے مندر دیکھن دا فیصلہ کیتا۔
Clear communication prevents misunderstandings.	صاف رابطہ غلط فہمیاں کوں روکیندے۔
Teachers shape young minds.	استاد نوجوان ذہناں کوں شکل دیندے نیں۔
Doctors work long hours to treat patients.	ڈاکٹر مریضاں دا علاج کرن کیتے لمبیاں گھڑیاں کم کریندے نیں۔
My grandmother told me stories.	میری دادی نے مینوں کہانیاں سنایاں۔
Respecting elders is an important value.	بزرگاں دا احترام ہک اہم قدر اے۔
The school organized a science fair.	سکول نے سائنس میلہ منظم کیتا۔
Children were playing cricket in the street.	بچے سڑک تے کرکٹ کھیڈدے پئے ہن۔
My grandmother told me stories.	میری دادی نے مینوں کہانیاں سنایاں۔
The professor wrote equations on the blackboard.	پروفیسر تختے تے مساوات لکھیاں۔
People celebrate festivals with great joy.	لوک ودی خوشی نال میلے منیندے نیں۔
Education opens doors to opportunities.	تعلیم موقعاں دے دروازے کولیندی اے۔
She received a scholarship to study medicine.	اوں طب دی تعلیم کیتے اسکالرشپ حاصل کیتی۔
Children learn best when they are interested.	بچے بہترین سکھدے نیں جدوں اوہ دلچسپی رکھدے نیں۔
Train journeys offer scenic views.	ریل دے سفر منظراں دے نظارے پیش کریندے نیں۔
Doctors work long hours to treat patients.	ڈاکٹر مریضاں دا علاج کرن کیتے لمبیاں گھڑیاں کم کریندے نیں۔
People travel long distances to visit religious sites.	لوک مذہبی تھانواں دیکھن کیتے لمبیاں دوریاں طے کریندے نیں۔
Children were playing cricket in the street.	بچے سڑک تے کرکٹ کھیڈدے پئے ہن۔
Tea is served to guests as a gesture of hospitality.	مہماناں کوں مہمان نوازی دی نشانی دے طور تے چاہ پیش کیتی ویندی اے۔
She walked slowly through the garden.	اوں باغ وچ آہستہ آہستہ ٹردی۔
Farmers planted rice in the flooded fields.	کسان پانی والے کھیتراں وچ چاول پوکے۔
She cooked delicious biryani for the family.	اوں خاندان کیتے مزیدار بریانی پکائی۔
The professor wrote equations on the blackboard.	پروفیسر تختے تے مساوات لکھیاں۔
Birds were chirping in the trees.	پنچھی رکھاں وچ چہچہا رہے ہن۔
Sports teach teamwork and discipline.	کھیڈاں ٹیم ورک تے نظم و ضبط سکھیندیاں نیں۔
Doctors recommend drinking plenty of water.	ڈاکٹر گھنے پانی پیون دی صلاح دیندے نیں۔
People travel long distances to visit religious sites.	لوک مذہبی تھانواں دیکھن کیتے لمبیاں دوریاں طے کریندے نیں۔
The internet connects people across continents.	انٹرنیٹ براعظماں وچ لوکاں کوں جوڑیندے۔
Tea is served to guests as a gesture of hospitality.	مہماناں کوں مہمان نوازی دی نشانی دے طور تے چاہ پیش کیتی ویندی اے۔
Family members support each other during difficult times.	خاندان دے ممبر مشکل وختاں وچ ہک دوجھے دی مدد کریندے نیں۔
Parents sacrifice their own needs for children.	والدین بچیاں کیتے اپنیاں ضرورتاں قربان کریندے نیں۔
Train journeys offer scenic views.	ریل دے سفر منظراں دے نظارے پیش کریندے نیں۔
Tourism brings revenue to regions with historical sites.	سیاحت تاریخی تھانواں والے علاقیاں کوں آمدنی لیندی اے۔
Elderly people share wisdom and stories.	بزرگ لوک حکمت تے کہانیاں سانجھیاں کریندے نیں۔
Respecting elders is an important value.	بزرگاں دا احترام ہک اہم قدر اے۔
People travel long distances to visit religious sites.	لوک مذہبی تھانواں دیکھن کیتے لمبیاں دوریاں طے کریندے نیں۔
Regular exercise helps maintain good health.	منظم ورزش چنگی صحت برقرار رکھن وچ مدد کریندی اے۔
Handicrafts showcase artistic traditions.	ہتھکاریاں فنکارانہ روایات دکھیندیاں نیں۔
The market was crowded with people.	بازار لوکاں نال بھریا ہویا ہا۔
The professor wrote equations on the blackboard.	پروفیسر تختے تے مساوات لکھیاں۔
Parents sacrifice their own needs for children.	والدین بچیاں کیتے اپنیاں ضرورتاں قربان کریندے نیں۔
We decided to visit the old temple.	اساں پرانے مندر دیکھن دا فیصلہ کیتا۔
She received a scholarship to study medicine.	اوں طب دی تعلیم کیتے اسکالرشپ حاصل کیتی۔
Agriculture remains the primary source of income.	زراعت آمدنی دا بنیادی ذریعہ رہندی اے۔
Tourism brings revenue to regions with historical sites.	سیاحت تاریخی تھانواں والے علاقیاں کوں آمدنی لیندی اے۔
Education opens doors to opportunities.	تعلیم موقعاں دے دروازے کولیندی اے۔
Online shopping has become popular.	آن لائن خریداری مقبول تھی گئی اے۔
Online shopping has become popular.	آن لائن خریداری مقبول تھی گئی اے۔
The market was crowded with people.	بازار لوکاں نال بھریا ہویا ہا۔
The wedding ceremony lasted three days.	شادی دی تقریب ترئے دینہہ چلی۔
Education opens doors to opportunities.	تعلیم موقعاں دے دروازے کولیندی اے۔
The bus arrived late.	بس ڈیر نال پہنچی۔
She walked slowly through the garden.	اوں باغ وچ آہستہ آہستہ ٹردی۔
Spices add flavor to traditional dishes.	مصالحے روایتی کھاناں وچ ذائقہ ودیندے نیں۔
The school organized a science fair.	سکول نے سائنس میلہ منظم کیتا۔
The internet connects people across continents.	انٹرنیٹ براعظماں وچ لوکاں کوں جوڑیندے۔
Small businesses create employment opportunities.	نکیاں کاروبار روزگار دے موقعے پیدا کریندے نیں۔
The professor wrote equations on the blackboard.	پروفیسر تختے تے مساوات لکھیاں۔
Respecting elders is an important value.	بزرگاں دا احترام ہک اہم قدر اے۔
The river flows peacefully through the valley.	دریا وادی وچ پرامن طریقے نال وہندی اے۔
I woke up early this morning.	من اڄ صبح جلدی اٹھیا۔
Elderly people share wisdom and stories.	بزرگ لوک حکمت تے کہانیاں سانجھیاں کریندے نیں۔
Respecting elders is an important value.	بزرگاں دا احترام ہک اہم قدر اے۔
People travel long distances to visit religious sites.	لوک مذہبی تھانواں دیکھن کیتے لمبیاں دوریاں طے کریندے نیں۔
Family members support each other during difficult times.	خاندان دے ممبر مشکل وختاں وچ ہک دوجھے دی مدد کریندے نیں۔
Tea is served to guests as a gesture of hospitality.	مہماناں کوں مہمان نوازی دی نشانی دے طور تے چاہ پیش کیتی ویندی اے۔
The forest is home to many wild animals.	جنگل گھنے جنگلی جانوراں دا گھر اے۔
Reading books improves vocabulary.	کتاباں پڑھن ذخیرہ الفاظ بہتر بنیندے۔
Agriculture remains the primary source of income.	زراعت آمدنی دا بنیادی ذریعہ رہندی اے۔
Reading books improves vocabulary.	کتاباں پڑھن ذخیرہ الفاظ بہتر بنیندے۔
Cricket is a popular sport.	کرکٹ ہک مقبول کھیڈ اے۔
Storytelling preserves culture and knowledge.	کہانی سناون ثقافت تے علم کوں محفوظ رکھیندے۔
The school organized a science fair.	سکول نے سائنس میلہ منظم کیتا۔
Learning a new language requires practice.	نوی زبان سکھن کیتے مشق دی لوڑ اے۔
People travel long distances to visit religious sites.	لوک مذہبی تھانواں دیکھن کیتے لمبیاں دوریاں طے کریندے نیں۔
Education opens doors to opportunities.	تعلیم موقعاں دے دروازے کولیندی اے۔
Parents sacrifice their own needs for children.	والدین بچیاں کیتے اپنیاں ضرورتاں قربان کریندے نیں۔
Reading books improves vocabulary.	کتاباں پڑھن ذخیرہ الفاظ بہتر بنیندے۔
Cricket is a popular sport.	کرکٹ ہک مقبول کھیڈ اے۔
The internet connects people across continents.	انٹرنیٹ براعظماں وچ لوکاں کوں جوڑیندے۔
Children were playing cricket in the street.	بچے سڑک تے کرکٹ کھیڈدے پئے ہن۔
I woke up early this morning.	من اڄ صبح جلدی اٹھیا۔
Spices add flavor to traditional dishes.	مصالحے روایتی کھاناں وچ ذائقہ ودیندے نیں۔
Respecting elders is an important value.	بزرگاں دا احترام ہک اہم قدر اے۔
The wedding ceremony lasted three days.	شادی دی تقریب ترئے دینہہ چلی۔
Respecting elders is an important value.	بزرگاں دا احترام ہک اہم قدر اے۔
Cooking together brings family members closer.	گڈے کھان پکاون خاندان دے ممبراں کوں نیڑے لیندے۔
Teachers shape young minds.	استاد نوجوان ذہناں کوں شکل دیندے نیں۔
Family members support each other during difficult times.	خاندان دے ممبر مشکل وختاں وچ ہک دوجھے دی مدد کریندے نیں۔
Clear communication prevents misunderstandings.	صاف رابطہ غلط فہمیاں کوں روکیندے۔
She cooked delicious biryani for the family.	اوں خاندان کیتے مزیدار بریانی پکائی۔
I woke up early this morning.	من اڄ صبح جلدی اٹھیا۔
Children were playing cricket in the street.	بچے سڑک تے کرکٹ کھیڈدے پئے ہن۔
Spices add flavor to traditional dishes.	مصالحے روایتی کھاناں وچ ذائقہ ودیندے نیں۔
Children learn best when they are interested.	بچے بہترین سکھدے نیں جدوں اوہ دلچسپی رکھدے نیں۔
She walked slowly through the garden.	اوں باغ وچ آہستہ آہستہ ٹردی۔
Regular exercise helps maintain good health.	منظم ورزش چنگی صحت برقرار رکھن وچ مدد کریندی اے۔
Farmers wake up early to tend to crops.	کسان فصلاں دی سنبھال کیتے جلدی اٹھدے نیں۔
Clear communication prevents misunderstandings.	صاف رابطہ غلط فہمیاں کوں روکیندے۔
Reading books improves vocabulary.	کتاباں پڑھن ذخیرہ الفاظ بہتر بنیندے۔
Respecting elders is an important value.	بزرگاں دا احترام ہک اہم قدر اے۔
The wedding ceremony lasted three days.	شادی دی تقریب ترئے دینہہ چلی۔
After finishing his work, he sat down.	اپنا کم مکمل کرن دے بعد، او بیٹھ گیا۔
Smartphones have changed how people communicate.	اسمارٹ فوناں نے لوکاں دے رابطے دے طریقے کوں تبدیل کیتا اے۔
The market was crowded with people.	بازار لوکاں نال بھریا ہویا ہا۔
Reading books improves vocabulary.	کتاباں پڑھن ذخیرہ الفاظ بہتر بنیندے۔
The teacher explained the lesson patiently.	استاد صبر نال سبق سمجھایا۔
The forest is home to many wild animals.	جنگل گھنے جنگلی جانوراں دا گھر اے۔
Elderly people share wisdom and stories.	بزرگ لوک حکمت تے کہانیاں سانجھیاں کریندے نیں۔
Birds were chirping in the trees.	پنچھی رکھاں وچ چہچہا رہے ہن۔
Cricket is a popular sport.	کرکٹ ہک مقبول کھیڈ اے۔
The professor wrote equations on the blackboard.	پروفیسر تختے تے مساوات لکھیاں۔
Train journeys offer scenic views.	ریل دے سفر منظراں دے نظارے پیش کریندے نیں۔
Tourism brings revenue to regions with historical sites.	سیاحت تاریخی تھانواں والے علاقیاں کوں آمدنی لیندی اے۔
Learning a new language requires practice.	نوی زبان سکھن کیتے مشق دی لوڑ اے۔
Eating fresh fruits provides essential vitamins.	تازہ پھل کھان ضروری وٹامن فراہم کریندے۔
Reading books improves vocabulary.	کتاباں پڑھن ذخیرہ الفاظ بہتر بنیندے۔
Students gathered in the library.	طالب علم لائبریری وچ گڈے تھئے۔
Farmers wake up early to tend to crops.	کسان فصلاں دی سنبھال کیتے جلدی اٹھدے نیں۔
Students gathered in the library.	طالب علم لائبریری وچ گڈے تھئے۔
The teacher explained the lesson patiently.	استاد صبر نال سبق سمجھایا۔
The internet connects people across continents.	انٹرنیٹ براعظماں وچ لوکاں کوں جوڑیندے۔
Sports teach teamwork and discipline.	کھیڈاں ٹیم ورک تے نظم و ضبط سکھیندیاں نیں۔
My grandmother told me stories.	میری دادی نے مینوں کہانیاں سنایاں۔
People travel long distances to visit religious sites.	لوک مذہبی تھانواں دیکھن کیتے لمبیاں دوریاں طے کریندے نیں۔
Birds were chirping in the trees.	پنچھی رکھاں وچ چہچہا رہے ہن۔
Family members support each other during difficult times.	خاندان دے ممبر مشکل وختاں وچ ہک دوجھے دی مدد کریندے نیں۔
The wedding ceremony lasted three days.	شادی دی تقریب ترئے دینہہ چلی۔
Learning a new language requires practice.	نوی زبان سکھن کیتے مشق دی لوڑ اے۔
Sports teach teamwork and discipline.	کھیڈاں ٹیم ورک تے نظم و ضبط سکھیندیاں نیں۔
The bus arrived late.	بس ڈیر نال پہنچی۔
Agriculture remains the primary source of income.	زراعت آمدنی دا بنیادی ذریعہ رہندی اے۔
The internet connects people across continents.	انٹرنیٹ براعظماں وچ لوکاں کوں جوڑیندے۔
The bus arrived late.	بس ڈیر نال پہنچی۔
Online shopping has become popular.	آن لائن خریداری مقبول تھی گئی اے۔
The school organized a science fair.	سکول نے سائنس میلہ منظم کیتا۔
Traditional music is important for our heritage.	روایتی موسیقی سادی ورثے کیتے اہم اے۔
Pollution in cities has become a serious problem.	شہراں وچ آلودگی ہک سنجیدہ مسئلہ بن گئی اے۔
I woke up early this morning.	من اڄ صبح جلدی اٹھیا۔
Learning a new language requires practice.	نوی زبان سکھن کیتے مشق دی لوڑ اے۔
She received a scholarship to study medicine.	اوں طب دی تعلیم کیتے اسکالرشپ حاصل کیتی۔
Clear communication prevents misunderstandings.	صاف رابطہ غلط فہمیاں کوں روکیندے۔
Cricket is a popular sport.	کرکٹ ہک مقبول کھیڈ اے۔
Small businesses create employment opportunities.	نکیاں کاروبار روزگار دے موقعے پیدا کریندے نیں۔
Pollution in cities has become a serious problem.	شہراں وچ آلودگی ہک سنجیدہ مسئلہ بن گئی اے۔
Reading books improves vocabulary.	کتاباں پڑھن ذخیرہ الفاظ بہتر بنیندے۔
She cooked delicious biryani for the family.	اوں خاندان کیتے مزیدار بریانی پکائی۔
The professor wrote equations on the blackboard.	پروفیسر تختے تے مساوات لکھیاں۔
The wedding ceremony lasted three days.	شادی دی تقریب ترئے دینہہ چلی۔
Pollution in cities has become a serious problem.	شہراں وچ آلودگی ہک سنجیدہ مسئلہ بن گئی اے۔
The teacher explained the lesson patiently.	استاد صبر نال سبق سمجھایا۔
Storytelling preserves culture and knowledge.	کہانی سناون ثقافت تے علم کوں محفوظ رکھیندے۔
Birds were chirping in the trees.	پنچھی رکھاں وچ چہچہا رہے ہن۔
Small businesses create employment opportunities.	نکیاں کاروبار روزگار دے موقعے پیدا کریندے نیں۔
The teacher explained the lesson patiently.	استاد صبر نال سبق سمجھایا۔
The forest is home to many wild animals.	جنگل گھنے جنگلی جانوراں دا گھر اے۔
Education opens doors to opportunities.	تعلیم موقعاں دے دروازے کولیندی اے۔
Pollution in cities has become a serious problem.	شہراں وچ آلودگی ہک سنجیدہ مسئلہ بن گئی اے۔
People travel long distances to visit religious sites.	لوک مذہبی تھانواں دیکھن کیتے لمبیاں دوریاں طے کریندے نیں۔
Cricket is a popular sport.	کرکٹ ہک مقبول کھیڈ اے۔
Eating fresh fruits provides essential vitamins.	تازہ پھل کھان ضروری وٹامن فراہم کریندے۔
The market was crowded with people.	بازار لوکاں نال بھریا ہویا ہا۔
The wedding ceremony lasted three days.	شادی دی تقریب ترئے دینہہ چلی۔
Cricket is a popular sport.	کرکٹ ہک مقبول کھیڈ اے۔
Education opens doors to opportunities.	تعلیم موقعاں دے دروازے کولیندی اے۔
The river flows peacefully through the valley.	دریا وادی وچ پرامن طریقے نال وہندی اے۔
Train journeys offer scenic views.	ریل دے سفر منظراں دے نظارے پیش کریندے نیں۔
The market was crowded with people.	بازار لوکاں نال بھریا ہویا ہا۔
Parents sacrifice their own needs for children.	والدین بچیاں کیتے اپنیاں ضرورتاں قربان کریندے نیں۔
Doctors work long hours to treat patients.	ڈاکٹر مریضاں دا علاج کرن کیتے لمبیاں گھڑیاں کم کریندے نیں۔
My grandmother told me stories.	میری دادی نے مینوں کہانیاں سنایاں۔
Tea is served to guests as a gesture of hospitality.	مہماناں کوں مہمان نوازی دی نشانی دے طور تے چاہ پیش کیتی ویندی اے۔
Education opens doors to opportunities.	تعلیم موقعاں دے دروازے کولیندی اے۔
Parents sacrifice their own needs for children.	والدین بچیاں کیتے اپنیاں ضرورتاں قربان کریندے نیں۔
Respecting elders is an important value.	بزرگاں دا احترام ہک اہم قدر اے۔
The forest is home to many wild animals.	جنگل گھنے جنگلی جانوراں دا گھر اے۔
The internet connects people across continents.	انٹرنیٹ براعظماں وچ لوکاں کوں جوڑیندے۔
Farmers planted rice in the flooded fields.	کسان پانی والے کھیتراں وچ چاول پوکے۔
She walked slowly through the garden.	اوں باغ وچ آہستہ آہستہ ٹردی۔
Family members support each other during difficult times.	خاندان دے ممبر مشکل وختاں وچ ہک دوجھے دی مدد کریندے نیں۔
Doctors work long hours to treat patients.	ڈاکٹر مریضاں دا علاج کرن کیتے لمبیاں گھڑیاں کم کریندے نیں۔
The forest is home to many wild animals.	جنگل گھنے جنگلی جانوراں دا گھر اے۔
Spices add flavor to traditional dishes.	مصالحے روایتی کھاناں وچ ذائقہ ودیندے نیں۔
She received a scholarship to study medicine.	اوں طب دی تعلیم کیتے اسکالرشپ حاصل کیتی۔
Cricket is a popular sport.	کرکٹ ہک مقبول کھیڈ اے۔
The river flows peacefully through the valley.	دریا وادی وچ پرامن طریقے نال وہندی اے۔
Learning a new language requires practice.	نوی زبان سکھن کیتے مشق دی لوڑ اے۔
Teachers shape young minds.	استاد نوجوان ذہناں کوں شکل دیندے نیں۔
The river flows peacefully through the valley.	دریا وادی وچ پرامن طریقے نال وہندی اے۔
I woke up early this morning.	من اڄ صبح جلدی اٹھیا۔
Clear communication prevents misunderstandings.	صاف رابطہ غلط فہمیاں کوں روکیندے۔
The wedding ceremony lasted three days.	شادی دی تقریب ترئے دینہہ چلی۔
Birds were chirping in the trees.	پنچھی رکھاں وچ چہچہا رہے ہن۔
The wedding ceremony lasted three days.	شادی دی تقریب ترئے دینہہ چلی۔
Spices add flavor to traditional dishes.	مصالحے روایتی کھاناں وچ ذائقہ ودیندے نیں۔
Train journeys offer scenic views.	ریل دے سفر منظراں دے نظارے پیش کریندے نیں۔
The teacher explained the lesson patiently.	استاد صبر نال سبق سمجھایا۔
Digital payments have made transactions faster.	ڈیجیٹل ادائیگیاں معاملات تیز کیتے نیں۔
Parents sacrifice their own needs for children.	والدین بچیاں کیتے اپنیاں ضرورتاں قربان کریندے نیں۔
After finishing his work, he sat down.	اپنا کم مکمل کرن دے بعد، او بیٹھ گیا۔
I woke up early this morning.	من اڄ صبح جلدی اٹھیا۔
Teachers shape young minds.	استاد نوجوان ذہناں کوں شکل دیندے نیں۔
Teachers shape young minds.	استاد نوجوان ذہناں کوں شکل دیندے نیں۔
The bus arrived late.	بس ڈیر نال پہنچی۔
She received a scholarship to study medicine.	اوں طب دی تعلیم کیتے اسکالرشپ حاصل کیتی۔
Doctors recommend drinking plenty of water.	ڈاکٹر گھنے پانی پیون دی صلاح دیندے نیں۔
Eating fresh fruits provides essential vitamins.	تازہ پھل کھان ضروری وٹامن فراہم کریندے۔
I woke up early this morning.	من اڄ صبح جلدی اٹھیا۔
Tea is served to guests as a gesture of hospitality.	مہماناں کوں مہمان نوازی دی نشانی دے طور تے چاہ پیش کیتی ویندی اے۔
Respecting elders is an important value.	بزرگاں دا احترام ہک اہم قدر اے۔
Tourism brings revenue to regions with historical sites.	سیاحت تاریخی تھانواں والے علاقیاں کوں آمدنی لیندی اے۔
The teacher explained the lesson patiently.	استاد صبر نال سبق سمجھایا۔
Smartphones have changed how people communicate.	اسمارٹ فوناں نے لوکاں دے رابطے دے طریقے کوں تبدیل کیتا اے۔
Students gathered in the library.	طالب علم لائبریری وچ گڈے تھئے۔
Tourism brings revenue to regions with historical sites.	سیاحت تاریخی تھانواں والے علاقیاں کوں آمدنی لیندی اے۔
Reading books improves vocabulary.	کتاباں پڑھن ذخیرہ الفاظ بہتر بنیندے۔
The school organized a science fair.	سکول نے سائنس میلہ منظم کیتا۔
Spices add flavor to traditional dishes.	مصالحے روایتی کھاناں وچ ذائقہ ودیندے نیں۔
Doctors work long hours to treat patients.	ڈاکٹر مریضاں دا علاج کرن کیتے لمبیاں گھڑیاں کم کریندے نیں۔
Small businesses create employment opportunities.	نکیاں کاروبار روزگار دے موقعے پیدا کریندے نیں۔
Elderly people share wisdom and stories.	بزرگ لوک حکمت تے کہانیاں سانجھیاں کریندے نیں۔
Storytelling preserves culture and knowledge.	کہانی سناون ثقافت تے علم کوں محفوظ رکھیندے۔
I woke up early this morning.	من اڄ صبح جلدی اٹھیا۔
Traditional music is important for our heritage.	روایتی موسیقی سادی ورثے کیتے اہم اے۔
Storytelling preserves culture and knowledge.	کہانی سناون ثقافت تے علم کوں محفوظ رکھیندے۔
Smartphones have changed how people communicate.	اسمارٹ فوناں نے لوکاں دے رابطے دے طریقے کوں تبدیل کیتا اے۔
The forest is home to many wild animals.	جنگل گھنے جنگلی جانوراں دا گھر اے۔
Teachers shape young minds.	استاد نوجوان ذہناں کوں شکل دیندے نیں۔
Online shopping has become popular.	آن لائن خریداری مقبول تھی گئی اے۔
Learning a new language requires practice.	نوی زبان سکھن کیتے مشق دی لوڑ اے۔
She received a scholarship to study medicine.	اوں طب دی تعلیم کیتے اسکالرشپ حاصل کیتی۔
Train journeys offer scenic views.	ریل دے سفر منظراں دے نظارے پیش کریندے نیں۔
We decided to visit the old temple.	اساں پرانے مندر دیکھن دا فیصلہ کیتا۔
Doctors work long hours to treat patients.	ڈاکٹر مریضاں دا علاج کرن کیتے لمبیاں گھڑیاں کم کریندے نیں۔
Respecting elders is an important value.	بزرگاں دا احترام ہک اہم قدر اے۔
She received a scholarship to study medicine.	اوں طب دی تعلیم کیتے اسکالرشپ حاصل کیتی۔
Teachers shape young minds.	استاد نوجوان ذہناں کوں شکل دیندے نیں۔
Smartphones have changed how people communicate.	اسمارٹ فوناں نے لوکاں دے رابطے دے طریقے کوں تبدیل کیتا اے۔
Cooking together brings family members closer.	گڈے کھان پکاون خاندان دے ممبراں کوں نیڑے لیندے۔
Teachers shape young minds.	استاد نوجوان ذہناں کوں شکل دیندے نیں۔
People celebrate festivals with great joy.	لوک ودی خوشی نال میلے منیندے نیں۔
My grandmother told me stories.	میری دادی نے مینوں کہانیاں سنایاں۔
Doctors recommend drinking plenty of water.	ڈاکٹر گھنے پانی پیون دی صلاح دیندے نیں۔
Smartphones have changed how people communicate.	اسمارٹ فوناں نے لوکاں دے رابطے دے طریقے کوں تبدیل کیتا اے۔
Small businesses create employment opportunities.	نکیاں کاروبار روزگار دے موقعے پیدا کریندے نیں۔
The professor wrote equations on the blackboard.	پروفیسر تختے تے مساوات لکھیاں۔
The internet connects people across continents.	انٹرنیٹ براعظماں وچ لوکاں کوں جوڑیندے۔
Elderly people share wisdom and stories.	بزرگ لوک حکمت تے کہانیاں سانجھیاں کریندے نیں۔
Farmers planted rice in the flooded fields.	کسان پانی والے کھیتراں وچ چاول پوکے۔
Farmers planted rice in the flooded fields.	کسان پانی والے کھیتراں وچ چاول پوکے۔
Tourism brings revenue to regions with historical sites.	سیاحت تاریخی تھانواں والے علاقیاں کوں آمدنی لیندی اے۔
She received a scholarship to study medicine.	اوں طب دی تعلیم کیتے اسکالرشپ حاصل کیتی۔
Online shopping has become popular.	آن لائن خریداری مقبول تھی گئی اے۔
Learning a new language requires practice.	نوی زبان سکھن کیتے مشق دی لوڑ اے۔
Children were playing cricket in the street.	بچے سڑک تے کرکٹ کھیڈدے پئے ہن۔
The bus arrived late.	بس ڈیر نال پہنچی۔
Cooking together brings family members closer.	گڈے کھان پکاون خاندان دے ممبراں کوں نیڑے لیندے۔
Family members support each other during difficult times.	خاندان دے ممبر مشکل وختاں وچ ہک دوجھے دی مدد کریندے نیں۔
Tourism brings revenue to regions with historical sites.	سیاحت تاریخی تھانواں والے علاقیاں کوں آمدنی لیندی اے۔
Doctors work long hours to treat patients.	ڈاکٹر مریضاں دا علاج کرن کیتے لمبیاں گھڑیاں کم کریندے نیں۔
She cooked delicious biryani for the family.	اوں خاندان کیتے مزیدار بریانی پکائی۔
People travel long distances to visit religious sites.	لوک مذہبی تھانواں دیکھن کیتے لمبیاں دوریاں طے کریندے نیں۔
Respecting elders is an important value.	بزرگاں دا احترام ہک اہم قدر اے۔
The bus arrived late.	بس ڈیر نال پہنچی۔
Birds were chirping in the trees.	پنچھی رکھاں وچ چہچہا رہے ہن۔
The internet connects people across continents.	انٹرنیٹ براعظماں وچ لوکاں کوں جوڑیندے۔
Eating fresh fruits provides essential vitamins.	تازہ پھل کھان ضروری وٹامن فراہم کریندے۔
Farmers planted rice in the flooded fields.	کسان پانی والے کھیتراں وچ چاول پوکے۔
Family members support each other during difficult times.	خاندان دے ممبر مشکل وختاں وچ ہک دوجھے دی مدد کریندے نیں۔
The school organized a science fair.	سکول نے سائنس میلہ منظم کیتا۔
Elderly people share wisdom and stories.	بزرگ لوک حکمت تے کہانیاں سانجھیاں کریندے نیں۔
Clear communication prevents misunderstandings.	صاف رابطہ غلط فہمیاں کوں روکیندے۔
Cooking together brings family members closer.	گڈے کھان پکاون خاندان دے ممبراں کوں نیڑے لیندے۔
The school organized a science fair.	سکول نے سائنس میلہ منظم کیتا۔
Parents sacrifice their own needs for children.	والدین بچیاں کیتے اپنیاں ضرورتاں قربان کریندے نیں۔
Spices add flavor to traditional dishes.	مصالحے روایتی کھاناں وچ ذائقہ ودیندے نیں۔
Teachers shape young minds.	استاد نوجوان ذہناں کوں شکل دیندے نیں۔
Elderly people share wisdom and stories.	بزرگ لوک حکمت تے کہانیاں سانجھیاں کریندے نیں۔
Clear communication prevents misunderstandings.	صاف رابطہ غلط فہمیاں کوں روکیندے۔
She cooked delicious biryani for the family.	اوں خاندان کیتے مزیدار بریانی پکائی۔
After finishing his work, he sat down.	اپنا کم مکمل کرن دے بعد، او بیٹھ گیا۔
Handicrafts showcase artistic traditions.	ہتھکاریاں فنکارانہ روایات دکھیندیاں نیں۔
Students gathered in the library.	طالب علم لائبریری وچ گڈے تھئے۔
Tea is served to guests as a gesture of hospitality.	مہماناں کوں مہمان نوازی دی نشانی دے طور تے چاہ پیش کیتی ویندی اے۔
Tea is served to guests as a gesture of hospitality.	مہماناں کوں مہمان نوازی دی نشانی دے طور تے چاہ پیش کیتی ویندی اے۔
The river flows peacefully through the valley.	دریا وادی وچ پرامن طریقے نال وہندی اے۔
She walked slowly through the garden.	اوں باغ وچ آہستہ آہستہ ٹردی۔
Reading books improves vocabulary.	کتاباں پڑھن ذخیرہ الفاظ بہتر بنیندے۔
Learning a new language requires practice.	نوی زبان سکھن کیتے مشق دی لوڑ اے۔
The forest is home to many wild animals.	جنگل گھنے جنگلی جانوراں دا گھر اے۔
Digital payments have made transactions faster.	ڈیجیٹل ادائیگیاں معاملات تیز کیتے نیں۔
Sports teach teamwork and discipline.	کھیڈاں ٹیم ورک تے نظم و ضبط سکھیندیاں نیں۔
Agriculture remains the primary source of income.	زراعت آمدنی دا بنیادی ذریعہ رہندی اے۔
She cooked delicious biryani for the family.	اوں خاندان کیتے مزیدار بریانی پکائی۔
Students gathered in the library.	طالب علم لائبریری وچ گڈے تھئے۔
She walked slowly through the garden.	اوں باغ وچ آہستہ آہستہ ٹردی۔
Learning a new language requires practice.	نوی زبان سکھن کیتے مشق دی لوڑ اے۔
Elderly people share wisdom and stories.	بزرگ لوک حکمت تے کہانیاں سانجھیاں کریندے نیں۔
She cooked delicious biryani for the family.	اوں خاندان کیتے مزیدار بریانی پکائی۔
She cooked delicious biryani for the family.	اوں خاندان کیتے مزیدار بریانی پکائی۔
Cricket is a popular sport.	کرکٹ ہک مقبول کھیڈ اے۔
Pollution in cities has become a serious problem.	شہراں وچ آلودگی ہک سنجیدہ مسئلہ بن گئی اے۔
The river flows peacefully through the valley.	دریا وادی وچ پرامن طریقے نال وہندی اے۔
People travel long distances to visit religious sites.	لوک مذہبی تھانواں دیکھن کیتے لمبیاں دوریاں طے کریندے نیں۔
The forest is home to many wild animals.	جنگل گھنے جنگلی جانوراں دا گھر اے۔
Tourism brings revenue to regions with historical sites.	سیاحت تاریخی تھانواں والے علاقیاں کوں آمدنی لیندی اے۔
Small businesses create employment opportunities.	نکیاں کاروبار روزگار دے موقعے پیدا کریندے نیں۔
Tourism brings revenue to regions with historical sites.	سیاحت تاریخی تھانواں والے علاقیاں کوں آمدنی لیندی اے۔
I woke up early this morning.	من اڄ صبح جلدی اٹھیا۔
Farmers wake up early to tend to crops.	کسان فصلاں دی سنبھال کیتے جلدی اٹھدے نیں۔
Family members support each other during difficult times.	خاندان دے ممبر مشکل وختاں وچ ہک دوجھے دی مدد کریندے نیں۔
Children learn best when they are interested.	بچے بہترین سکھدے نیں جدوں اوہ دلچسپی رکھدے نیں۔
Small businesses create employment opportunities.	نکیاں کاروبار روزگار دے موقعے پیدا کریندے نیں۔
After finishing his work, he sat down.	اپنا کم مکمل کرن دے بعد، او بیٹھ گیا۔
Eating fresh fruits provides essential vitamins.	تازہ پھل کھان ضروری وٹامن فراہم کریندے۔
Online shopping has become popular.	آن لائن خریداری مقبول تھی گئی اے۔
Small businesses create employment opportunities.	نکیاں کاروبار روزگار دے موقعے پیدا کریندے نیں۔
Traditional music is important for our heritage.	روایتی موسیقی سادی ورثے کیتے اہم اے۔
Farmers planted rice in the flooded fields.	کسان پانی والے کھیتراں وچ چاول پوکے۔
Tourism brings revenue to regions with historical sites.	سیاحت تاریخی تھانواں والے علاقیاں کوں آمدنی لیندی اے۔
Parents sacrifice their own needs for children.	والدین بچیاں کیتے اپنیاں ضرورتاں قربان کریندے نیں۔
Handicrafts showcase artistic traditions.	ہتھکاریاں فنکارانہ روایات دکھیندیاں نیں۔
Regular exercise helps maintain good health.	منظم ورزش چنگی صحت برقرار رکھن وچ مدد کریندی اے۔
Online shopping has become popular.	آن لائن خریداری مقبول تھی گئی اے۔
Spices add flavor to traditional dishes.	مصالحے روایتی کھاناں وچ ذائقہ ودیندے نیں۔
The professor wrote equations on the blackboard.	پروفیسر تختے تے مساوات لکھیاں۔
Children were playing cricket in the street.	بچے سڑک تے کرکٹ کھیڈدے پئے ہن۔
Spices add flavor to traditional dishes.	مصالحے روایتی کھاناں وچ ذائقہ ودیندے نیں۔
The forest is home to many wild animals.	جنگل گھنے جنگلی جانوراں دا گھر اے۔
My grandmother told me stories.	میری دادی نے مینوں کہانیاں سنایاں۔
Reading books improves vocabulary.	کتاباں پڑھن ذخیرہ الفاظ بہتر بنیندے۔
Agriculture remains the primary source of income.	زراعت آمدنی دا بنیادی ذریعہ رہندی اے۔
The professor wrote equations on the blackboard.	پروفیسر تختے تے مساوات لکھیاں۔
After finishing his work, he sat down.	اپنا کم مکمل کرن دے بعد، او بیٹھ گیا۔
The internet connects people across continents.	انٹرنیٹ براعظماں وچ لوکاں کوں جوڑیندے۔
Farmers wake up early to tend to crops.	کسان فصلاں دی سنبھال کیتے جلدی اٹھدے نیں۔
The forest is home to many wild animals.	جنگل گھنے جنگلی جانوراں دا گھر اے۔
Clear communication prevents misunderstandings.	صاف رابطہ غلط فہمیاں کوں روکیندے۔
The wedding ceremony lasted three days.	شادی دی تقریب ترئے دینہہ چلی۔
Small businesses create employment opportunities.	نکیاں کاروبار روزگار دے موقعے پیدا کریندے نیں۔
People travel long distances to visit religious sites.	لوک مذہبی تھانواں دیکھن کیتے لمبیاں دوریاں طے کریندے نیں۔
Birds were chirping in the trees.	پنچھی رکھاں وچ چہچہا رہے ہن۔
Train journeys offer scenic views.	ریل دے سفر منظراں دے نظارے پیش کریندے نیں۔
She received a scholarship to study medicine.	اوں طب دی تعلیم کیتے اسکالرشپ حاصل کیتی۔
Parents sacrifice their own needs for children.	والدین بچیاں کیتے اپنیاں ضرورتاں قربان کریندے نیں۔
Storytelling preserves culture and knowledge.	کہانی سناون ثقافت تے علم کوں محفوظ رکھیندے۔
Traditional music is important for our heritage.	روایتی موسیقی سادی ورثے کیتے اہم اے۔
The bus arrived late.	بس ڈیر نال پہنچی۔
We decided to visit the old temple.	اساں پرانے مندر دیکھن دا فیصلہ کیتا۔
Train journeys offer scenic views.	ریل دے سفر منظراں دے نظارے پیش کریندے نیں۔
Online shopping has become popular.	آن لائن خریداری مقبول تھی گئی اے۔
She cooked delicious biryani for the family.	اوں خاندان کیتے مزیدار بریانی پکائی۔
Tourism brings revenue to regions with historical sites.	سیاحت تاریخی تھانواں والے علاقیاں کوں آمدنی لیندی اے۔
We decided to visit the old temple.	اساں پرانے مندر دیکھن دا فیصلہ کیتا۔
Farmers wake up early to tend to crops.	کسان فصلاں دی سنبھال کیتے جلدی اٹھدے نیں۔
Students gathered in the library.	طالب علم لائبریری وچ گڈے تھئے۔
Traditional music is important for our heritage.	روایتی موسیقی سادی ورثے کیتے اہم اے۔
Family members support each other during difficult times.	خاندان دے ممبر مشکل وختاں وچ ہک دوجھے دی مدد کریندے نیں۔
Farmers wake up early to tend to crops.	کسان فصلاں دی سنبھال کیتے جلدی اٹھدے نیں۔
I woke up early this morning.	من اڄ صبح جلدی اٹھیا۔
Teachers shape young minds.	استاد نوجوان ذہناں کوں شکل دیندے نیں۔
The teacher explained the lesson patiently.	استاد صبر نال سبق سمجھایا۔
Regular exercise helps maintain good health.	منظم ورزش چنگی صحت برقرار رکھن وچ مدد کریندی اے۔
The market was crowded with people.	بازار لوکاں نال بھریا ہویا ہا۔
Children learn best when they are interested.	بچے بہترین سکھدے نیں جدوں اوہ دلچسپی رکھدے نیں۔
Parents sacrifice their own needs for children.	والدین بچیاں کیتے اپنیاں ضرورتاں قربان کریندے نیں۔
We decided to visit the old temple.	اساں پرانے مندر دیکھن دا فیصلہ کیتا۔
People celebrate festivals with great joy.	لوک ودی خوشی نال میلے منیندے نیں۔
Small businesses create employment opportunities.	نکیاں کاروبار روزگار دے موقعے پیدا کریندے نیں۔
Parents sacrifice their own needs for children.	والدین بچیاں کیتے اپنیاں ضرورتاں قربان کریندے نیں۔
Learning a new language requires practice.	نوی زبان سکھن کیتے مشق دی لوڑ اے۔
Farmers planted rice in the flooded fields.	کسان پانی والے کھیتراں وچ چاول پوکے۔
Doctors recommend drinking plenty of water.	ڈاکٹر گھنے پانی پیون دی صلاح دیندے نیں۔
Respecting elders is an important value.	بزرگاں دا احترام ہک اہم قدر اے۔
Tea is served to guests as a gesture of hospitality.	مہماناں کوں مہمان نوازی دی نشانی دے طور تے چاہ پیش کیتی ویندی اے۔
The internet connects people across continents.	انٹرنیٹ براعظماں وچ لوکاں کوں جوڑیندے۔
Doctors work long hours to treat patients.	ڈاکٹر مریضاں دا علاج کرن کیتے لمبیاں گھڑیاں کم کریندے نیں۔
People travel long distances to visit religious sites.	لوک مذہبی تھانواں دیکھن کیتے لمبیاں دوریاں طے کریندے نیں۔
Traditional music is important for our heritage.	روایتی موسیقی سادی ورثے کیتے اہم اے۔
Farmers wake up early to tend to crops.	کسان فصلاں دی سنبھال کیتے جلدی اٹھدے نیں۔
Train journeys offer scenic views.	ریل دے سفر منظراں دے نظارے پیش کریندے نیں۔
Parents sacrifice their own needs for children.	والدین بچیاں کیتے اپنیاں ضرورتاں قربان کریندے نیں۔
Farmers planted rice in the flooded fields.	کسان پانی والے کھیتراں وچ چاول پوکے۔
Eating fresh fruits provides essential vitamins.	تازہ پھل کھان ضروری وٹامن فراہم کریندے۔
The teacher explained the lesson patiently.	استاد صبر نال سبق سمجھایا۔
Parents sacrifice their own needs for children.	والدین بچیاں کیتے اپنیاں ضرورتاں قربان کریندے نیں۔
Online shopping has become popular.	آن لائن خریداری مقبول تھی گئی اے۔
Storytelling preserves culture and knowledge.	کہانی سناون ثقافت تے علم کوں محفوظ رکھیندے۔
Digital payments have made transactions faster.	ڈیجیٹل ادائیگیاں معاملات تیز کیتے نیں۔
The internet connects people across continents.	انٹرنیٹ براعظماں وچ لوکاں کوں جوڑیندے۔
Students gathered in the library.	طالب علم لائبریری وچ گڈے تھئے۔
Clear communication prevents misunderstandings.	صاف رابطہ غلط فہمیاں کوں روکیندے۔
People travel long distances to visit religious sites.	لوک مذہبی تھانواں دیکھن کیتے لمبیاں دوریاں طے کریندے نیں۔
The river flows peacefully through the valley.	دریا وادی وچ پرامن طریقے نال وہندی اے۔
Doctors work long hours to treat patients.	ڈاکٹر مریضاں دا علاج کرن کیتے لمبیاں گھڑیاں کم کریندے نیں۔
The professor wrote equations on the blackboard.	پروفیسر تختے تے مساوات لکھیاں۔
People celebrate festivals with great joy.	لوک ودی خوشی نال میلے منیندے نیں۔
Digital payments have made transactions faster.	ڈیجیٹل ادائیگیاں معاملات تیز کیتے نیں۔
Respecting elders is an important value.	بزرگاں دا احترام ہک اہم قدر اے۔
The market was crowded with people.	بازار لوکاں نال بھریا ہویا ہا۔
Education opens doors to opportunities.	تعلیم موقعاں دے دروازے کولیندی اے۔
Online shopping has become popular.	آن لائن خریداری مقبول تھی گئی اے۔
I woke up early this morning.	من اڄ صبح جلدی اٹھیا۔
The wedding ceremony lasted three days.	شادی دی تقریب ترئے دینہہ چلی۔
Small businesses create employment opportunities.	نکیاں کاروبار روزگار دے موقعے پیدا کریندے نیں۔
Tea is served to guests as a gesture of hospitality.	مہماناں کوں مہمان نوازی دی نشانی دے طور تے چاہ پیش کیتی ویندی اے۔
Online shopping has become popular.	آن لائن خریداری مقبول تھی گئی اے۔
Storytelling preserves culture and knowledge.	کہانی سناون ثقافت تے علم کوں محفوظ رکھیندے۔
Online shopping has become popular.	آن لائن خریداری مقبول تھی گئی اے۔
She received a scholarship to study medicine.	اوں طب دی تعلیم کیتے اسکالرشپ حاصل کیتی۔
Teachers shape young minds.	استاد نوجوان ذہناں کوں شکل دیندے نیں۔
Children learn best when they are interested.	بچے بہترین سکھدے نیں جدوں اوہ دلچسپی رکھدے نیں۔
Regular exercise helps maintain good health.	منظم ورزش چنگی صحت برقرار رکھن وچ مدد کریندی اے۔
Traditional music is important for our heritage.	روایتی موسیقی سادی ورثے کیتے اہم اے۔
Pollution in cities has become a serious problem.	شہراں وچ آلودگی ہک سنجیدہ مسئلہ بن گئی اے۔
Agriculture remains the primary source of income.	زراعت آمدنی دا بنیادی ذریعہ رہندی اے۔
Agriculture remains the primary source of income.	زراعت آمدنی دا بنیادی ذریعہ رہندی اے۔
The school organized a science fair.	سکول نے سائنس میلہ منظم کیتا۔
Regular exercise helps maintain good health.	منظم ورزش چنگی صحت برقرار رکھن وچ مدد کریندی اے۔
The school organized a science fair.	سکول نے سائنس میلہ منظم کیتا۔
Eating fresh fruits provides essential vitamins.	تازہ پھل کھان ضروری وٹامن فراہم کریندے۔
We decided to visit the old temple.	اساں پرانے مندر دیکھن دا فیصلہ کیتا۔
Doctors work long hours to treat patients.	ڈاکٹر مریضاں دا علاج کرن کیتے لمبیاں گھڑیاں کم کریندے نیں۔
Clear communication prevents misunderstandings.	صاف رابطہ غلط فہمیاں کوں روکیندے۔
Sports teach teamwork and discipline.	کھیڈاں ٹیم ورک تے نظم و ضبط سکھیندیاں نیں۔
Cooking together brings family members closer.	گڈے کھان پکاون خاندان دے ممبراں کوں نیڑے لیندے۔
After finishing his work, he sat down.	اپنا کم مکمل کرن دے بعد، او بیٹھ گیا۔
The forest is home to many wild animals.	جنگل گھنے جنگلی جانوراں دا گھر اے۔
Smartphones have changed how people communicate.	اسمارٹ فوناں نے لوکاں دے رابطے دے طریقے کوں تبدیل کیتا اے۔
The teacher explained the lesson patiently.	استاد صبر نال سبق سمجھایا۔
Storytelling preserves culture and knowledge.	کہانی سناون ثقافت تے علم کوں محفوظ رکھیندے۔
Tea is served to guests as a gesture of hospitality.	مہماناں کوں مہمان نوازی دی نشانی دے طور تے چاہ پیش کیتی ویندی اے۔
Clear communication prevents misunderstandings.	صاف رابطہ غلط فہمیاں کوں روکیندے۔
Tourism brings revenue to regions with historical sites.	سیاحت تاریخی تھانواں والے علاقیاں کوں آمدنی لیندی اے۔
Online shopping has become popular.	آن لائن خریداری مقبول تھی گئی اے۔
The forest is home to many wild animals.	جنگل گھنے جنگلی جانوراں دا گھر اے۔
Teachers shape young minds.	استاد نوجوان ذہناں کوں شکل دیندے نیں۔
Elderly people share wisdom and stories.	بزرگ لوک حکمت تے کہانیاں سانجھیاں کریندے نیں۔
She received a scholarship to study medicine.	اوں طب دی تعلیم کیتے اسکالرشپ حاصل کیتی۔
Children were playing cricket in the street.	بچے سڑک تے کرکٹ کھیڈدے پئے ہن۔
Children learn best when they are interested.	بچے بہترین سکھدے نیں جدوں اوہ دلچسپی رکھدے نیں۔
People celebrate festivals with great joy.	لوک ودی خوشی نال میلے منیندے نیں۔
My grandmother told me stories.	میری دادی نے مینوں کہانیاں سنایاں۔
Storytelling preserves culture and knowledge.	کہانی سناون ثقافت تے علم کوں محفوظ رکھیندے۔
I woke up early this morning.	من اڄ صبح جلدی اٹھیا۔
Students gathered in the library.	طالب علم لائبریری وچ گڈے تھئے۔
Online shopping has become popular.	آن لائن خریداری مقبول تھی گئی اے۔
Farmers wake up early to tend to crops.	کسان فصلاں دی سنبھال کیتے جلدی اٹھدے نیں۔
Respecting elders is an important value.	بزرگاں دا احترام ہک اہم قدر اے۔
The river flows peacefully through the valley.	دریا وادی وچ پرامن طریقے نال وہندی اے۔
Regular exercise helps maintain good health.	منظم ورزش چنگی صحت برقرار رکھن وچ مدد کریندی اے۔
My grandmother told me stories.	میری دادی نے مینوں کہانیاں سنایاں۔
Sports teach teamwork and discipline.	کھیڈاں ٹیم ورک تے نظم و ضبط سکھیندیاں نیں۔
The forest is home to many wild animals.	جنگل گھنے جنگلی جانوراں دا گھر اے۔
The teacher explained the lesson patiently.	استاد صبر نال سبق سمجھایا۔
Cricket is a popular sport.	کرکٹ ہک مقبول کھیڈ اے۔
Doctors work long hours to treat patients.	ڈاکٹر مریضاں دا علاج کرن کیتے لمبیاں گھڑیاں کم کریندے نیں۔
The forest is home to many wild animals.	جنگل گھنے جنگلی جانوراں دا گھر اے۔
Parents sacrifice their own needs for children.	والدین بچیاں کیتے اپنیاں ضرورتاں قربان کریندے نیں۔
Doctors recommend drinking plenty of water.	ڈاکٹر گھنے پانی پیون دی صلاح دیندے نیں۔
I woke up early this morning.	من اڄ صبح جلدی اٹھیا۔
Traditional music is important for our heritage.	روایتی موسیقی سادی ورثے کیتے اہم اے۔
The wedding ceremony lasted three days.	شادی دی تقریب ترئے دینہہ چلی۔
The school organized a science fair.	سکول نے سائنس میلہ منظم کیتا۔
Handicrafts showcase artistic traditions.	ہتھکاریاں فنکارانہ روایات دکھیندیاں نیں۔
Teachers shape young minds.	استاد نوجوان ذہناں کوں شکل دیندے نیں۔
Pollution in cities has become a serious problem.	شہراں وچ آلودگی ہک سنجیدہ مسئلہ بن گئی اے۔
Students gathered in the library.	طالب علم لائبریری وچ گڈے تھئے۔
The professor wrote equations on the blackboard.	پروفیسر تختے تے مساوات لکھیاں۔
The river flows peacefully through the valley.	دریا وادی وچ پرامن طریقے نال وہندی اے۔
The school organized a science fair.	سکول نے سائنس میلہ منظم کیتا۔
Doctors work long hours to treat patients.	ڈاکٹر مریضاں دا علاج کرن کیتے لمبیاں گھڑیاں کم کریندے نیں۔
Farmers wake up early to tend to crops.	کسان فصلاں دی سنبھال کیتے جلدی اٹھدے نیں۔
The professor wrote equations on the blackboard.	پروفیسر تختے تے مساوات لکھیاں۔
Children learn best when they are interested.	بچے بہترین سکھدے نیں جدوں اوہ دلچسپی رکھدے نیں۔
Doctors work long hours to treat patients.	ڈاکٹر مریضاں دا علاج کرن کیتے لمبیاں گھڑیاں کم کریندے نیں۔
Cricket is a popular sport.	کرکٹ ہک مقبول کھیڈ اے۔
The market was crowded with people.	بازار لوکاں نال بھریا ہویا ہا۔
Online shopping has become popular.	آن لائن خریداری مقبول تھی گئی اے۔
Eating fresh fruits provides essential vitamins.	تازہ پھل کھان ضروری وٹامن فراہم کریندے۔
Pollution in cities has become a serious problem.	شہراں وچ آلودگی ہک سنجیدہ مسئلہ بن گئی اے۔
Cricket is a popular sport.	کرکٹ ہک مقبول کھیڈ اے۔
Pollution in cities has become a serious problem.	شہراں وچ آلودگی ہک سنجیدہ مسئلہ بن گئی اے۔
I woke up early this morning.	من اڄ صبح جلدی اٹھیا۔
I woke up early this morning.	من اڄ صبح جلدی اٹھیا۔
Farmers planted rice in the flooded fields.	کسان پانی والے کھیتراں وچ چاول پوکے۔
Online shopping has become popular.	آن لائن خریداری مقبول تھی گئی اے۔
Children were playing cricket in the street.	بچے سڑک تے کرکٹ کھیڈدے پئے ہن۔
Spices add flavor to traditional dishes.	مصالحے روایتی کھاناں وچ ذائقہ ودیندے نیں۔
People celebrate festivals with great joy.	لوک ودی خوشی نال میلے منیندے نیں۔
Tourism brings revenue to regions with historical sites.	سیاحت تاریخی تھانواں والے علاقیاں کوں آمدنی لیندی اے۔
The river flows peacefully through the valley.	دریا وادی وچ پرامن طریقے نال وہندی اے۔
Farmers planted rice in the flooded fields.	کسان پانی والے کھیتراں وچ چاول پوکے۔
Digital payments have made transactions faster.	ڈیجیٹل ادائیگیاں معاملات تیز کیتے نیں۔
Sports teach teamwork and discipline.	کھیڈاں ٹیم ورک تے نظم و ضبط سکھیندیاں نیں۔
Cricket is a popular sport.	کرکٹ ہک مقبول کھیڈ اے۔
Reading books improves vocabulary.	کتاباں پڑھن ذخیرہ الفاظ بہتر بنیندے۔
Clear communication prevents misunderstandings.	صاف رابطہ غلط فہمیاں کوں روکیندے۔
Learning a new language requires practice.	نوی زبان سکھن کیتے مشق دی لوڑ اے۔
Spices add flavor to traditional dishes.	مصالحے روایتی کھاناں وچ ذائقہ ودیندے نیں۔
Students gathered in the library.	طالب علم لائبریری وچ گڈے تھئے۔
Online shopping has become popular.	آن لائن خریداری مقبول تھی گئی اے۔
Handicrafts showcase artistic traditions.	ہتھکاریاں فنکارانہ روایات دکھیندیاں نیں۔
She cooked delicious biryani for the family.	اوں خاندان کیتے مزیدار بریانی پکائی۔
Elderly people share wisdom and stories.	بزرگ لوک حکمت تے کہانیاں سانجھیاں کریندے نیں۔
Children learn best when they are interested.	بچے بہترین سکھدے نیں جدوں اوہ دلچسپی رکھدے نیں۔
Teachers shape young minds.	استاد نوجوان ذہناں کوں شکل دیندے نیں۔
She cooked delicious biryani for the family.	اوں خاندان کیتے مزیدار بریانی پکائی۔
Digital payments have made transactions faster.	ڈیجیٹل ادائیگیاں معاملات تیز کیتے نیں۔
Traditional music is important for our heritage.	روایتی موسیقی سادی ورثے کیتے اہم اے۔
The wedding ceremony lasted three days.	شادی دی تقریب ترئے دینہہ چلی۔
She cooked delicious biryani for the family.	اوں خاندان کیتے مزیدار بریانی پکائی۔
Regular exercise helps maintain good health.	منظم ورزش چنگی صحت برقرار رکھن وچ مدد کریندی اے۔
Smartphones have changed how people communicate.	اسمارٹ فوناں نے لوکاں دے رابطے دے طریقے کوں تبدیل کیتا اے۔
She received a scholarship to study medicine.	اوں طب دی تعلیم کیتے اسکالرشپ حاصل کیتی۔
My grandmother told me stories.	میری دادی نے مینوں کہانیاں سنایاں۔
Sports teach teamwork and discipline.	کھیڈاں ٹیم ورک تے نظم و ضبط سکھیندیاں نیں۔
Doctors recommend drinking plenty of water.	ڈاکٹر گھنے پانی پیون دی صلاح دیندے نیں۔
The market was crowded with people.	بازار لوکاں نال بھریا ہویا ہا۔
The river flows peacefully through the valley.	دریا وادی وچ پرامن طریقے نال وہندی اے۔
My grandmother told me stories.	میری دادی نے مینوں کہانیاں سنایاں۔
Teachers shape young minds.	استاد نوجوان ذہناں کوں شکل دیندے نیں۔
The internet connects people across continents.	انٹرنیٹ براعظماں وچ لوکاں کوں جوڑیندے۔
Reading books improves vocabulary.	کتاباں پڑھن ذخیرہ الفاظ بہتر بنیندے۔
The professor wrote equations on the blackboard.	پروفیسر تختے تے مساوات لکھیاں۔
Learning a new language requires practice.	نوی زبان سکھن کیتے مشق دی لوڑ اے۔
The wedding ceremony lasted three days.	شادی دی تقریب ترئے دینہہ چلی۔
The professor wrote equations on the blackboard.	پروفیسر تختے تے مساوات لکھیاں۔
Farmers planted rice in the flooded fields.	کسان پانی والے کھیتراں وچ چاول پوکے۔
After finishing his work, he sat down.	اپنا کم مکمل کرن دے بعد، او بیٹھ گیا۔
I woke up early this morning.	من اڄ صبح جلدی اٹھیا۔
Handicrafts showcase artistic traditions.	ہتھکاریاں فنکارانہ روایات دکھیندیاں نیں۔
Small businesses create employment opportunities.	نکیاں کاروبار روزگار دے موقعے پیدا کریندے نیں۔
People celebrate festivals with great joy.	لوک ودی خوشی نال میلے منیندے نیں۔
Farmers wake up early to tend to crops.	کسان فصلاں دی سنبھال کیتے جلدی اٹھدے نیں۔
The internet connects people across continents.	انٹرنیٹ براعظماں وچ لوکاں کوں جوڑیندے۔
Doctors recommend drinking plenty of water.	ڈاکٹر گھنے پانی پیون دی صلاح دیندے نیں۔
Respecting elders is an important value.	بزرگاں دا احترام ہک اہم قدر اے۔
Spices add flavor to traditional dishes.	مصالحے روایتی کھاناں وچ ذائقہ ودیندے نیں۔
Students gathered in the library.	طالب علم لائبریری وچ گڈے تھئے۔
Farmers planted rice in the flooded fields.	کسان پانی والے کھیتراں وچ چاول پوکے۔
Children were playing cricket in the street.	بچے سڑک تے کرکٹ کھیڈدے پئے ہن۔
The school organized a science fair.	سکول نے سائنس میلہ منظم کیتا۔
Education opens doors to opportunities.	تعلیم موقعاں دے دروازے کولیندی اے۔
My grandmother told me stories.	میری دادی نے مینوں کہانیاں سنایاں۔
Digital payments have made transactions faster.	ڈیجیٹل ادائیگیاں معاملات تیز کیتے نیں۔
Teachers shape young minds.	استاد نوجوان ذہناں کوں شکل دیندے نیں۔
Digital payments have made transactions faster.	ڈیجیٹل ادائیگیاں معاملات تیز کیتے نیں۔
We decided to visit the old temple.	اساں پرانے مندر دیکھن دا فیصلہ کیتا۔
The professor wrote equations on the blackboard.	پروفیسر تختے تے مساوات لکھیاں۔
Doctors recommend drinking plenty of water.	ڈاکٹر گھنے پانی پیون دی صلاح دیندے نیں۔
Online shopping has become popular.	آن لائن خریداری مقبول تھی گئی اے۔
Doctors recommend drinking plenty of water.	ڈاکٹر گھنے پانی پیون دی صلاح دیندے نیں۔
Farmers wake up early to tend to crops.	کسان فصلاں دی سنبھال کیتے جلدی اٹھدے نیں۔
Pollution in cities has become a serious problem.	شہراں وچ آلودگی ہک سنجیدہ مسئلہ بن گئی اے۔
The internet connects people across continents.	انٹرنیٹ براعظماں وچ لوکاں کوں جوڑیندے۔
People celebrate festivals with great joy.	لوک ودی خوشی نال میلے منیندے نیں۔
Sports teach teamwork and discipline.	کھیڈاں ٹیم ورک تے نظم و ضبط سکھیندیاں نیں۔
We decided to visit the old temple.	اساں پرانے مندر دیکھن دا فیصلہ کیتا۔
The wedding ceremony lasted three days.	شادی دی تقریب ترئے دینہہ چلی۔
Storytelling preserves culture and knowledge.	کہانی سناون ثقافت تے علم کوں محفوظ رکھیندے۔
Reading books improves vocabulary.	کتاباں پڑھن ذخیرہ الفاظ بہتر بنیندے۔
We decided to visit the old temple.	اساں پرانے مندر دیکھن دا فیصلہ کیتا۔
Cooking together brings family members closer.	گڈے کھان پکاون خاندان دے ممبراں کوں نیڑے لیندے۔
People travel long distances to visit religious sites.	لوک مذہبی تھانواں دیکھن کیتے لمبیاں دوریاں طے کریندے نیں۔
The river flows peacefully through the valley.	دریا وادی وچ پرامن طریقے نال وہندی اے۔
People celebrate festivals with great joy.	لوک ودی خوشی نال میلے منیندے نیں۔
Students gathered in the library.	طالب علم لائبریری وچ گڈے تھئے۔
The school organized a science fair.	سکول نے سائنس میلہ منظم کیتا۔
Reading books improves vocabulary.	کتاباں پڑھن ذخیرہ الفاظ بہتر بنیندے۔
Storytelling preserves culture and knowledge.	کہانی سناون ثقافت تے علم کوں محفوظ رکھیندے۔
Learning a new language requires practice.	نوی زبان سکھن کیتے مشق دی لوڑ اے۔
Pollution in cities has become a serious problem.	شہراں وچ آلودگی ہک سنجیدہ مسئلہ بن گئی اے۔
Small businesses create employment opportunities.	نکیاں کاروبار روزگار دے موقعے پیدا کریندے نیں۔
I woke up early this morning.	من اڄ صبح جلدی اٹھیا۔
Eating fresh fruits provides essential vitamins.	تازہ پھل کھان ضروری وٹامن فراہم کریندے۔
Cooking together brings family members closer.	گڈے کھان پکاون خاندان دے ممبراں کوں نیڑے لیندے۔
Eating fresh fruits provides essential vitamins.	تازہ پھل کھان ضروری وٹامن فراہم کریندے۔
Children learn best when they are interested.	بچے بہترین سکھدے نیں جدوں اوہ دلچسپی رکھدے نیں۔
Clear communication prevents misunderstandings.	صاف رابطہ غلط فہمیاں کوں روکیندے۔
Eating fresh fruits provides essential vitamins.	تازہ پھل کھان ضروری وٹامن فراہم کریندے۔
People travel long distances to visit religious sites.	لوک مذہبی تھانواں دیکھن کیتے لمبیاں دوریاں طے کریندے نیں۔
The school organized a science fair.	سکول نے سائنس میلہ منظم کیتا۔
Teachers shape young minds.	استاد نوجوان ذہناں کوں شکل دیندے نیں۔
Learning a new language requires practice.	نوی زبان سکھن کیتے مشق دی لوڑ اے۔
Smartphones have changed how people communicate.	اسمارٹ فوناں نے لوکاں دے رابطے دے طریقے کوں تبدیل کیتا اے۔
Respecting elders is an important value.	بزرگاں دا احترام ہک اہم قدر اے۔
The teacher explained the lesson patiently.	استاد صبر نال سبق سمجھایا۔
Learning a new language requires practice.	نوی زبان سکھن کیتے مشق دی لوڑ اے۔
Education opens doors to opportunities.	تعلیم موقعاں دے دروازے کولیندی اے۔
The wedding ceremony lasted three days.	شادی دی تقریب ترئے دینہہ چلی۔
Train journeys offer scenic views.	ریل دے سفر منظراں دے نظارے پیش کریندے نیں۔
Children were playing cricket in the street.	بچے سڑک تے کرکٹ کھیڈدے پئے ہن۔
The bus arrived late.	بس ڈیر نال پہنچی۔
Traditional music is important for our heritage.	روایتی موسیقی سادی ورثے کیتے اہم اے۔
Small businesses create employment opportunities.	نکیاں کاروبار روزگار دے موقعے پیدا کریندے نیں۔
Digital payments have made transactions faster.	ڈیجیٹل ادائیگیاں معاملات تیز کیتے نیں۔
Teachers shape young minds.	استاد نوجوان ذہناں کوں شکل دیندے نیں۔
Cricket is a popular sport.	کرکٹ ہک مقبول کھیڈ اے۔
Handicrafts showcase artistic traditions.	ہتھکاریاں فنکارانہ روایات دکھیندیاں نیں۔
Spices add flavor to traditional dishes.	مصالحے روایتی کھاناں وچ ذائقہ ودیندے نیں۔
I woke up early this morning.	من اڄ صبح جلدی اٹھیا۔
We decided to visit the old temple.	اساں پرانے مندر دیکھن دا فیصلہ کیتا۔
Clear communication prevents misunderstandings.	صاف رابطہ غلط فہمیاں کوں روکیندے۔
Doctors recommend drinking plenty of water.	ڈاکٹر گھنے پانی پیون دی صلاح دیندے نیں۔
Respecting elders is an important value.	بزرگاں دا احترام ہک اہم قدر اے۔
Reading books improves vocabulary.	کتاباں پڑھن ذخیرہ الفاظ بہتر بنیندے۔
Spices add flavor to traditional dishes.	مصالحے روایتی کھاناں وچ ذائقہ ودیندے نیں۔
Online shopping has become popular.	آن لائن خریداری مقبول تھی گئی اے۔
The river flows peacefully through the valley.	دریا وادی وچ پرامن طریقے نال وہندی اے۔
Tourism brings revenue to regions with historical sites.	سیاحت تاریخی تھانواں والے علاقیاں کوں آمدنی لیندی اے۔
Train journeys offer scenic views.	ریل دے سفر منظراں دے نظارے پیش کریندے نیں۔
Parents sacrifice their own needs for children.	والدین بچیاں کیتے اپنیاں ضرورتاں قربان کریندے نیں۔
Respecting elders is an important value.	بزرگاں دا احترام ہک اہم قدر اے۔
Cricket is a popular sport.	کرکٹ ہک مقبول کھیڈ اے۔
Family members support each other during difficult times.	خاندان دے ممبر مشکل وختاں وچ ہک دوجھے دی مدد کریندے نیں۔
She received a scholarship to study medicine.	اوں طب دی تعلیم کیتے اسکالرشپ حاصل کیتی۔
The forest is home to many wild animals.	جنگل گھنے جنگلی جانوراں دا گھر اے۔
Agriculture remains the primary source of income.	زراعت آمدنی دا بنیادی ذریعہ رہندی اے۔
Eating fresh fruits provides essential vitamins.	تازہ پھل کھان ضروری وٹامن فراہم کریندے۔
Sports teach teamwork and discipline.	کھیڈاں ٹیم ورک تے نظم و ضبط سکھیندیاں نیں۔
Smartphones have changed how people communicate.	اسمارٹ فوناں نے لوکاں دے رابطے دے طریقے کوں تبدیل کیتا اے۔
Traditional music is important for our heritage.	روایتی موسیقی سادی ورثے کیتے اہم اے۔
The forest is home to many wild animals.	جنگل گھنے جنگلی جانوراں دا گھر اے۔
The market was crowded with people.	بازار لوکاں نال بھریا ہویا ہا۔
Digital payments have made transactions faster.	ڈیجیٹل ادائیگیاں معاملات تیز کیتے نیں۔
She cooked delicious biryani for the family.	اوں خاندان کیتے مزیدار بریانی پکائی۔
Tea is served to guests as a gesture of hospitality.	مہماناں کوں مہمان نوازی دی نشانی دے طور تے چاہ پیش کیتی ویندی اے۔
Eating fresh fruits provides essential vitamins.	تازہ پھل کھان ضروری وٹامن فراہم کریندے۔
Sports teach teamwork and discipline.	کھیڈاں ٹیم ورک تے نظم و ضبط سکھیندیاں نیں۔
Train journeys offer scenic views.	ریل دے سفر منظراں دے نظارے پیش کریندے نیں۔
Train journeys offer scenic views.	ریل دے سفر منظراں دے نظارے پیش کریندے نیں۔
The river flows peacefully through the valley.	دریا وادی وچ پرامن طریقے نال وہندی اے۔
I woke up early this morning.	من اڄ صبح جلدی اٹھیا۔
My grandmother told me stories.	میری دادی نے مینوں کہانیاں سنایاں۔
People celebrate festivals with great joy.	لوک ودی خوشی نال میلے منیندے نیں۔
Eating fresh fruits provides essential vitamins.	تازہ پھل کھان ضروری وٹامن فراہم کریندے۔
The market was crowded with people.	بازار لوکاں نال بھریا ہویا ہا۔
People travel long distances to visit religious sites.	لوک مذہبی تھانواں دیکھن کیتے لمبیاں دوریاں طے کریندے نیں۔
Sports teach teamwork and discipline.	کھیڈاں ٹیم ورک تے نظم و ضبط سکھیندیاں نیں۔
Reading books improves vocabulary.	کتاباں پڑھن ذخیرہ الفاظ بہتر بنیندے۔
Pollution in cities has become a serious problem.	شہراں وچ آلودگی ہک سنجیدہ مسئلہ بن گئی اے۔
The wedding ceremony lasted three days.	شادی دی تقریب ترئے دینہہ چلی۔
Digital payments have made transactions faster.	ڈیجیٹل ادائیگیاں معاملات تیز کیتے نیں۔
The teacher explained the lesson patiently.	استاد صبر نال سبق سمجھایا۔
Children learn best when they are interested.	بچے بہترین سکھدے نیں جدوں اوہ دلچسپی رکھدے نیں۔
Cricket is a popular sport.	کرکٹ ہک مقبول کھیڈ اے۔
The river flows peacefully through the valley.	دریا وادی وچ پرامن طریقے نال وہندی اے۔
Cricket is a popular sport.	کرکٹ ہک مقبول کھیڈ اے۔
Reading books improves vocabulary.	کتاباں پڑھن ذخیرہ الفاظ بہتر بنیندے۔
Doctors recommend drinking plenty of water.	ڈاکٹر گھنے پانی پیون دی صلاح دیندے نیں۔
Regular exercise helps maintain good health.	منظم ورزش چنگی صحت برقرار رکھن وچ مدد کریندی اے۔
Traditional music is important for our heritage.	روایتی موسیقی سادی ورثے کیتے اہم اے۔
Tourism brings revenue to regions with historical sites.	سیاحت تاریخی تھانواں والے علاقیاں کوں آمدنی لیندی اے۔
Parents sacrifice their own needs for children.	والدین بچیاں کیتے اپنیاں ضرورتاں قربان کریندے نیں۔
Teachers shape young minds.	استاد نوجوان ذہناں کوں شکل دیندے نیں۔
Students gathered in the library.	طالب علم لائبریری وچ گڈے تھئے۔
Family members support each other during difficult times.	خاندان دے ممبر مشکل وختاں وچ ہک دوجھے دی مدد کریندے نیں۔
Education opens doors to opportunities.	تعلیم موقعاں دے دروازے کولیندی اے۔
Teachers shape young minds.	استاد نوجوان ذہناں کوں شکل دیندے نیں۔
Cooking together brings family members closer.	گڈے کھان پکاون خاندان دے ممبراں کوں نیڑے لیندے۔
Parents sacrifice their own needs for children.	والدین بچیاں کیتے اپنیاں ضرورتاں قربان کریندے نیں۔
Cooking together brings family members closer.	گڈے کھان پکاون خاندان دے ممبراں کوں نیڑے لیندے۔
Doctors work long hours to treat patients.	ڈاکٹر مریضاں دا علاج کرن کیتے لمبیاں گھڑیاں کم کریندے نیں۔
Smartphones have changed how people communicate.	اسمارٹ فوناں نے لوکاں دے رابطے دے طریقے کوں تبدیل کیتا اے۔
Sports teach teamwork and discipline.	کھیڈاں ٹیم ورک تے نظم و ضبط سکھیندیاں نیں۔
The market was crowded with people.	بازار لوکاں نال بھریا ہویا ہا۔
Regular exercise helps maintain good health.	منظم ورزش چنگی صحت برقرار رکھن وچ مدد کریندی اے۔
Family members support each other during difficult times.	خاندان دے ممبر مشکل وختاں وچ ہک دوجھے دی مدد کریندے نیں۔
The wedding ceremony lasted three days.	شادی دی تقریب ترئے دینہہ چلی۔
Spices add flavor to traditional dishes.	مصالحے روایتی کھاناں وچ ذائقہ ودیندے نیں۔
I woke up early this morning.	من اڄ صبح جلدی اٹھیا۔
The school organized a science fair.	سکول نے سائنس میلہ منظم کیتا۔
The bus arrived late.	بس ڈیر نال پہنچی۔
Tea is served to guests as a gesture of hospitality.	مہماناں کوں مہمان نوازی دی نشانی دے طور تے چاہ پیش کیتی ویندی اے۔
The market was crowded with people.	بازار لوکاں نال بھریا ہویا ہا۔
Education opens doors to opportunities.	تعلیم موقعاں دے دروازے کولیندی اے۔
Storytelling preserves culture and knowledge.	کہانی سناون ثقافت تے علم کوں محفوظ رکھیندے۔
Learning a new language requires practice.	نوی زبان سکھن کیتے مشق دی لوڑ اے۔
She cooked delicious biryani for the family.	اوں خاندان کیتے مزیدار بریانی پکائی۔
The professor wrote equations on the blackboard.	پروفیسر تختے تے مساوات لکھیاں۔
Sports teach teamwork and discipline.	کھیڈاں ٹیم ورک تے نظم و ضبط سکھیندیاں نیں۔
The school organized a science fair.	سکول نے سائنس میلہ منظم کیتا۔
Regular exercise helps maintain good health.	منظم ورزش چنگی صحت برقرار رکھن وچ مدد کریندی اے۔
Regular exercise helps maintain good health.	منظم ورزش چنگی صحت برقرار رکھن وچ مدد کریندی اے۔
The internet connects people across continents.	انٹرنیٹ براعظماں وچ لوکاں کوں جوڑیندے۔
After finishing his work, he sat down.	اپنا کم مکمل کرن دے بعد، او بیٹھ گیا۔
She cooked delicious biryani for the family.	اوں خاندان کیتے مزیدار بریانی پکائی۔
Pollution in cities has become a serious problem.	شہراں وچ آلودگی ہک سنجیدہ مسئلہ بن گئی اے۔
Family members support each other during difficult times.	خاندان دے ممبر مشکل وختاں وچ ہک دوجھے دی مدد کریندے نیں۔
Digital payments have made transactions faster.	ڈیجیٹل ادائیگیاں معاملات تیز کیتے نیں۔
The wedding ceremony lasted three days.	شادی دی تقریب ترئے دینہہ چلی۔
After finishing his work, he sat down.	اپنا کم مکمل کرن دے بعد، او بیٹھ گیا۔
Sports teach teamwork and discipline.	کھیڈاں ٹیم ورک تے نظم و ضبط سکھیندیاں نیں۔
Smartphones have changed how people communicate.	اسمارٹ فوناں نے لوکاں دے رابطے دے طریقے کوں تبدیل کیتا اے۔
Cooking together brings family members closer.	گڈے کھان پکاون خاندان دے ممبراں کوں نیڑے لیندے۔
Regular exercise helps maintain good health.	منظم ورزش چنگی صحت برقرار رکھن وچ مدد کریندی اے۔
Pollution in cities has become a serious problem.	شہراں وچ آلودگی ہک سنجیدہ مسئلہ بن گئی اے۔
Elderly people share wisdom and stories.	بزرگ لوک حکمت تے کہانیاں سانجھیاں کریندے نیں۔
Education opens doors to opportunities.	تعلیم موقعاں دے دروازے کولیندی اے۔
Digital payments have made transactions faster.	ڈیجیٹل ادائیگیاں معاملات تیز کیتے نیں۔
Students gathered in the library.	طالب علم لائبریری وچ گڈے تھئے۔
Education opens doors to opportunities.	تعلیم موقعاں دے دروازے کولیندی اے۔
Doctors recommend drinking plenty of water.	ڈاکٹر گھنے پانی پیون دی صلاح دیندے نیں۔
The teacher explained the lesson patiently.	استاد صبر نال سبق سمجھایا۔
Farmers planted rice in the flooded fields.	کسان پانی والے کھیتراں وچ چاول پوکے۔
Tourism brings revenue to regions with historical sites.	سیاحت تاریخی تھانواں والے علاقیاں کوں آمدنی لیندی اے۔
After finishing his work, he sat down.	اپنا کم مکمل کرن دے بعد، او بیٹھ گیا۔
I woke up early this morning.	من اڄ صبح جلدی اٹھیا۔
I woke up early this morning.	من اڄ صبح جلدی اٹھیا۔
Students gathered in the library.	طالب علم لائبریری وچ گڈے تھئے۔
Digital payments have made transactions faster.	ڈیجیٹل ادائیگیاں معاملات تیز کیتے نیں۔
She cooked delicious biryani for the family.	اوں خاندان کیتے مزیدار بریانی پکائی۔
We decided to visit the old temple.	اساں پرانے مندر دیکھن دا فیصلہ کیتا۔
She walked slowly through the garden.	اوں باغ وچ آہستہ آہستہ ٹردی۔
My grandmother told me stories.	میری دادی نے مینوں کہانیاں سنایاں۔
Spices add flavor to traditional dishes.	مصالحے روایتی کھاناں وچ ذائقہ ودیندے نیں۔
Eating fresh fruits provides essential vitamins.	تازہ پھل کھان ضروری وٹامن فراہم کریندے۔
The bus arrived late.	بس ڈیر نال پہنچی۔
Smartphones have changed how people communicate.	اسمارٹ فوناں نے لوکاں دے رابطے دے طریقے کوں تبدیل کیتا اے۔
Digital payments have made transactions faster.	ڈیجیٹل ادائیگیاں معاملات تیز کیتے نیں۔
Learning a new language requires practice.	نوی زبان سکھن کیتے مشق دی لوڑ اے۔
Cooking together brings family members closer.	گڈے کھان پکاون خاندان دے ممبراں کوں نیڑے لیندے۔
I woke up early this morning.	من اڄ صبح جلدی اٹھیا۔
Doctors recommend drinking plenty of water.	ڈاکٹر گھنے پانی پیون دی صلاح دیندے نیں۔
She walked slowly through the garden.	اوں باغ وچ آہستہ آہستہ ٹردی۔
Elderly people share wisdom and stories.	بزرگ لوک حکمت تے کہانیاں سانجھیاں کریندے نیں۔
Parents sacrifice their own needs for children.	والدین بچیاں کیتے اپنیاں ضرورتاں قربان کریندے نیں۔
Clear communication prevents misunderstandings.	صاف رابطہ غلط فہمیاں کوں روکیندے۔
The bus arrived late.	بس ڈیر نال پہنچی۔
Handicrafts showcase artistic traditions.	ہتھکاریاں فنکارانہ روایات دکھیندیاں نیں۔
Cricket is a popular sport.	کرکٹ ہک مقبول کھیڈ اے۔
Children learn best when they are interested.	بچے بہترین سکھدے نیں جدوں اوہ دلچسپی رکھدے نیں۔
Farmers wake up early to tend to crops.	کسان فصلاں دی سنبھال کیتے جلدی اٹھدے نیں۔
Birds were chirping in the trees.	پنچھی رکھاں وچ چہچہا رہے ہن۔
People travel long distances to visit religious sites.	لوک مذہبی تھانواں دیکھن کیتے لمبیاں دوریاں طے کریندے نیں۔
Birds were chirping in the trees.	پنچھی رکھاں وچ چہچہا رہے ہن۔
The forest is home to many wild animals.	جنگل گھنے جنگلی جانوراں دا گھر اے۔
She walked slowly through the garden.	اوں باغ وچ آہستہ آہستہ ٹردی۔
Traditional music is important for our heritage.	روایتی موسیقی سادی ورثے کیتے اہم اے۔
Handicrafts showcase artistic traditions.	ہتھکاریاں فنکارانہ روایات دکھیندیاں نیں۔
Smartphones have changed how people communicate.	اسمارٹ فوناں نے لوکاں دے رابطے دے طریقے کوں تبدیل کیتا اے۔
Sports teach teamwork and discipline.	کھیڈاں ٹیم ورک تے نظم و ضبط سکھیندیاں نیں۔
Smartphones have changed how people communicate.	اسمارٹ فوناں نے لوکاں دے رابطے دے طریقے کوں تبدیل کیتا اے۔
She cooked delicious biryani for the family.	اوں خاندان کیتے مزیدار بریانی پکائی۔
The professor wrote equations on the blackboard.	پروفیسر تختے تے مساوات لکھیاں۔
Learning a new language requires practice.	نوی زبان سکھن کیتے مشق دی لوڑ اے۔
The bus arrived late.	بس ڈیر نال پہنچی۔
Teachers shape young minds.	استاد نوجوان ذہناں کوں شکل دیندے نیں۔
Spices add flavor to traditional dishes.	مصالحے روایتی کھاناں وچ ذائقہ ودیندے نیں۔
She received a scholarship to study medicine.	اوں طب دی تعلیم کیتے اسکالرشپ حاصل کیتی۔
My grandmother told me stories.	میری دادی نے مینوں کہانیاں سنایاں۔
She cooked delicious biryani for the family.	اوں خاندان کیتے مزیدار بریانی پکائی۔
Small businesses create employment opportunities.	نکیاں کاروبار روزگار دے موقعے پیدا کریندے نیں۔
Small businesses create employment opportunities.	نکیاں کاروبار روزگار دے موقعے پیدا کریندے نیں۔
Regular exercise helps maintain good health.	منظم ورزش چنگی صحت برقرار رکھن وچ مدد کریندی اے۔
People celebrate festivals with great joy.	لوک ودی خوشی نال میلے منیندے نیں۔
She cooked delicious biryani for the family.	اوں خاندان کیتے مزیدار بریانی پکائی۔
Small businesses create employment opportunities.	نکیاں کاروبار روزگار دے موقعے پیدا کریندے نیں۔
The school organized a science fair.	سکول نے سائنس میلہ منظم کیتا۔
Reading books improves vocabulary.	کتاباں پڑھن ذخیرہ الفاظ بہتر بنیندے۔
Small businesses create employment opportunities.	نکیاں کاروبار روزگار دے موقعے پیدا کریندے نیں۔
Clear communication prevents misunderstandings.	صاف رابطہ غلط فہمیاں کوں روکیندے۔
Tea is served to guests as a gesture of hospitality.	مہماناں کوں مہمان نوازی دی نشانی دے طور تے چاہ پیش کیتی ویندی اے۔
The market was crowded with people.	بازار لوکاں نال بھریا ہویا ہا۔
Farmers planted rice in the flooded fields.	کسان پانی والے کھیتراں وچ چاول پوکے۔
Cricket is a popular sport.	کرکٹ ہک مقبول کھیڈ اے۔
Train journeys offer scenic views.	ریل دے سفر منظراں دے نظارے پیش کریندے نیں۔
Doctors work long hours to treat patients.	ڈاکٹر مریضاں دا علاج کرن کیتے لمبیاں گھڑیاں کم کریندے نیں۔
Smartphones have changed how people communicate.	اسمارٹ فوناں نے لوکاں دے رابطے دے طریقے کوں تبدیل کیتا اے۔
Students gathered in the library.	طالب علم لائبریری وچ گڈے تھئے۔
She received a scholarship to study medicine.	اوں طب دی تعلیم کیتے اسکالرشپ حاصل کیتی۔
Reading books improves vocabulary.	کتاباں پڑھن ذخیرہ الفاظ بہتر بنیندے۔
Online shopping has become popular.	آن لائن خریداری مقبول تھی گئی اے۔
Online shopping has become popular.	آن لائن خریداری مقبول تھی گئی اے۔
Tea is served to guests as a gesture of hospitality.	مہماناں کوں مہمان نوازی دی نشانی دے طور تے چاہ پیش کیتی ویندی اے۔
The river flows peacefully through the valley.	دریا وادی وچ پرامن طریقے نال وہندی اے۔
Doctors work long hours to treat patients.	ڈاکٹر مریضاں دا علاج کرن کیتے لمبیاں گھڑیاں کم کریندے نیں۔
Cooking together brings family members closer.	گڈے کھان پکاون خاندان دے ممبراں کوں نیڑے لیندے۔
Respecting elders is an important value.	بزرگاں دا احترام ہک اہم قدر اے۔
She walked slowly through the garden.	اوں باغ وچ آہستہ آہستہ ٹردی۔
My grandmother told me stories.	میری دادی نے مینوں کہانیاں سنایاں۔
My grandmother told me stories.	میری دادی نے مینوں کہانیاں سنایاں۔
Students gathered in the library.	طالب علم لائبریری وچ گڈے تھئے۔
Farmers wake up early to tend to crops.	کسان فصلاں دی سنبھال کیتے جلدی اٹھدے نیں۔
Tourism brings revenue to regions with historical sites.	سیاحت تاریخی تھانواں والے علاقیاں کوں آمدنی لیندی اے۔
Cricket is a popular sport.	کرکٹ ہک مقبول کھیڈ اے۔
The bus arrived late.	بس ڈیر نال پہنچی۔
The forest is home to many wild animals.	جنگل گھنے جنگلی جانوراں دا گھر اے۔
The teacher explained the lesson patiently.	استاد صبر نال سبق سمجھایا۔
After finishing his work, he sat down.	اپنا کم مکمل کرن دے بعد، او بیٹھ گیا۔
Cricket is a popular sport.	کرکٹ ہک مقبول کھیڈ اے۔
Teachers shape young minds.	استاد نوجوان ذہناں کوں شکل دیندے نیں۔
Online shopping has become popular.	آن لائن خریداری مقبول تھی گئی اے۔
Small businesses create employment opportunities.	نکیاں کاروبار روزگار دے موقعے پیدا کریندے نیں۔
Agriculture remains the primary source of income.	زراعت آمدنی دا بنیادی ذریعہ رہندی اے۔
Agriculture remains the primary source of income.	زراعت آمدنی دا بنیادی ذریعہ رہندی اے۔
After finishing his work, he sat down.	اپنا کم مکمل کرن دے بعد، او بیٹھ گیا۔
Eating fresh fruits provides essential vitamins.	تازہ پھل کھان ضروری وٹامن فراہم کریندے۔
Farmers wake up early to tend to crops.	کسان فصلاں دی سنبھال کیتے جلدی اٹھدے نیں۔
We decided to visit the old temple.	اساں پرانے مندر دیکھن دا فیصلہ کیتا۔
Doctors work long hours to treat patients.	ڈاکٹر مریضاں دا علاج کرن کیتے لمبیاں گھڑیاں کم کریندے نیں۔
Reading books improves vocabulary.	کتاباں پڑھن ذخیرہ الفاظ بہتر بنیندے۔
She cooked delicious biryani for the family.	اوں خاندان کیتے مزیدار بریانی پکائی۔
Eating fresh fruits provides essential vitamins.	تازہ پھل کھان ضروری وٹامن فراہم کریندے۔
Cooking together brings family members closer.	گڈے کھان پکاون خاندان دے ممبراں کوں نیڑے لیندے۔
The internet connects people across continents.	انٹرنیٹ براعظماں وچ لوکاں کوں جوڑیندے۔
Children learn best when they are interested.	بچے بہترین سکھدے نیں جدوں اوہ دلچسپی رکھدے نیں۔
Online shopping has become popular.	آن لائن خریداری مقبول تھی گئی اے۔
My grandmother told me stories.	میری دادی نے مینوں کہانیاں سنایاں۔
Children were playing cricket in the street.	بچے سڑک تے کرکٹ کھیڈدے پئے ہن۔
Clear communication prevents misunderstandings.	صاف رابطہ غلط فہمیاں کوں روکیندے۔
Storytelling preserves culture and knowledge.	کہانی سناون ثقافت تے علم کوں محفوظ رکھیندے۔
Online shopping has become popular.	آن لائن خریداری مقبول تھی گئی اے۔
Teachers shape young minds.	استاد نوجوان ذہناں کوں شکل دیندے نیں۔
Children learn best when they are interested.	بچے بہترین سکھدے نیں جدوں اوہ دلچسپی رکھدے نیں۔
Reading books improves vocabulary.	کتاباں پڑھن ذخیرہ الفاظ بہتر بنیندے۔
We decided to visit the old temple.	اساں پرانے مندر دیکھن دا فیصلہ کیتا۔
The professor wrote equations on the blackboard.	پروفیسر تختے تے مساوات لکھیاں۔
Storytelling preserves culture and knowledge.	کہانی سناون ثقافت تے علم کوں محفوظ رکھیندے۔
Elderly people share wisdom and stories.	بزرگ لوک حکمت تے کہانیاں سانجھیاں کریندے نیں۔
The market was crowded with people.	بازار لوکاں نال بھریا ہویا ہا۔
Birds were chirping in the trees.	پنچھی رکھاں وچ چہچہا رہے ہن۔
Tourism brings revenue to regions with historical sites.	سیاحت تاریخی تھانواں والے علاقیاں کوں آمدنی لیندی اے۔
People celebrate festivals with great joy.	لوک ودی خوشی نال میلے منیندے نیں۔
The school organized a science fair.	سکول نے سائنس میلہ منظم کیتا۔
Agriculture remains the primary source of income.	زراعت آمدنی دا بنیادی ذریعہ رہندی اے۔
Children learn best when they are interested.	بچے بہترین سکھدے نیں جدوں اوہ دلچسپی رکھدے نیں۔
Farmers planted rice in the flooded fields.	کسان پانی والے کھیتراں وچ چاول پوکے۔
Spices add flavor to traditional dishes.	مصالحے روایتی کھاناں وچ ذائقہ ودیندے نیں۔
Doctors work long hours to treat patients.	ڈاکٹر مریضاں دا علاج کرن کیتے لمبیاں گھڑیاں کم کریندے نیں۔
Regular exercise helps maintain good health.	منظم ورزش چنگی صحت برقرار رکھن وچ مدد کریندی اے۔
The school organized a science fair.	سکول نے سائنس میلہ منظم کیتا۔
After finishing his work, he sat down.	اپنا کم مکمل کرن دے بعد، او بیٹھ گیا۔
Eating fresh fruits provides essential vitamins.	تازہ پھل کھان ضروری وٹامن فراہم کریندے۔
Eating fresh fruits provides essential vitamins.	تازہ پھل کھان ضروری وٹامن فراہم کریندے۔
After finishing his work, he sat down.	اپنا کم مکمل کرن دے بعد، او بیٹھ گیا۔
The internet connects people across continents.	انٹرنیٹ براعظماں وچ لوکاں کوں جوڑیندے۔
My grandmother told me stories.	میری دادی نے مینوں کہانیاں سنایاں۔
Cooking together brings family members closer.	گڈے کھان پکاون خاندان دے ممبراں کوں نیڑے لیندے۔
Students gathered in the library.	طالب علم لائبریری وچ گڈے تھئے۔
Elderly people share wisdom and stories.	بزرگ لوک حکمت تے کہانیاں سانجھیاں کریندے نیں۔
Pollution in cities has become a serious problem.	شہراں وچ آلودگی ہک سنجیدہ مسئلہ بن گئی اے۔
Birds were chirping in the trees.	پنچھی رکھاں وچ چہچہا رہے ہن۔
The teacher explained the lesson patiently.	استاد صبر نال سبق سمجھایا۔
Regular exercise helps maintain good health.	منظم ورزش چنگی صحت برقرار رکھن وچ مدد کریندی اے۔
Parents sacrifice their own needs for children.	والدین بچیاں کیتے اپنیاں ضرورتاں قربان کریندے نیں۔
People travel long distances to visit religious sites.	لوک مذہبی تھانواں دیکھن کیتے لمبیاں دوریاں طے کریندے نیں۔
Farmers wake up early to tend to crops.	کسان فصلاں دی سنبھال کیتے جلدی اٹھدے نیں۔
Regular exercise helps maintain good health.	منظم ورزش چنگی صحت برقرار رکھن وچ مدد کریندی اے۔
Handicrafts showcase artistic traditions.	ہتھکاریاں فنکارانہ روایات دکھیندیاں نیں۔
Handicrafts showcase artistic traditions.	ہتھکاریاں فنکارانہ روایات دکھیندیاں نیں۔
Children were playing cricket in the street.	بچے سڑک تے کرکٹ کھیڈدے پئے ہن۔
Cricket is a popular sport.	کرکٹ ہک مقبول کھیڈ اے۔
The internet connects people across continents.	انٹرنیٹ براعظماں وچ لوکاں کوں جوڑیندے۔
Digital payments have made transactions faster.	ڈیجیٹل ادائیگیاں معاملات تیز کیتے نیں۔
Reading books improves vocabulary.	کتاباں پڑھن ذخیرہ الفاظ بہتر بنیندے۔
Parents sacrifice their own needs for children.	والدین بچیاں کیتے اپنیاں ضرورتاں قربان کریندے نیں۔
Children were playing cricket in the street.	بچے سڑک تے کرکٹ کھیڈدے پئے ہن۔
Digital payments have made transactions faster.	ڈیجیٹل ادائیگیاں معاملات تیز کیتے نیں۔
Traditional music is important for our heritage.	روایتی موسیقی سادی ورثے کیتے اہم اے۔
Cricket is a popular sport.	کرکٹ ہک مقبول کھیڈ اے۔
Parents sacrifice their own needs for children.	والدین بچیاں کیتے اپنیاں ضرورتاں قربان کریندے نیں۔
Cricket is a popular sport.	کرکٹ ہک مقبول کھیڈ اے۔
I woke up early this morning.	من اڄ صبح جلدی اٹھیا۔
Birds were chirping in the trees.	پنچھی رکھاں وچ چہچہا رہے ہن۔
The internet connects people across continents.	انٹرنیٹ براعظماں وچ لوکاں کوں جوڑیندے۔
People travel long distances to visit religious sites.	لوک مذہبی تھانواں دیکھن کیتے لمبیاں دوریاں طے کریندے نیں۔
Agriculture remains the primary source of income.	زراعت آمدنی دا بنیادی ذریعہ رہندی اے۔
She received a scholarship to study medicine.	اوں طب دی تعلیم کیتے اسکالرشپ حاصل کیتی۔
Children were playing cricket in the street.	بچے سڑک تے کرکٹ کھیڈدے پئے ہن۔
After finishing his work, he sat down.	اپنا کم مکمل کرن دے بعد، او بیٹھ گیا۔
After finishing his work, he sat down.	اپنا کم مکمل کرن دے بعد، او بیٹھ گیا۔
She received a scholarship to study medicine.	اوں طب دی تعلیم کیتے اسکالرشپ حاصل کیتی۔
Doctors work long hours to treat patients.	ڈاکٹر مریضاں دا علاج کرن کیتے لمبیاں گھڑیاں کم کریندے نیں۔
Learning a new language requires practice.	نوی زبان سکھن کیتے مشق دی لوڑ اے۔
People celebrate festivals with great joy.	لوک ودی خوشی نال میلے منیندے نیں۔
Regular exercise helps maintain good health.	منظم ورزش چنگی صحت برقرار رکھن وچ مدد کریندی اے۔
Children learn best when they are interested.	بچے بہترین سکھدے نیں جدوں اوہ دلچسپی رکھدے نیں۔
Sports teach teamwork and discipline.	کھیڈاں ٹیم ورک تے نظم و ضبط سکھیندیاں نیں۔
Eating fresh fruits provides essential vitamins.	تازہ پھل کھان ضروری وٹامن فراہم کریندے۔
Students gathered in the library.	طالب علم لائبریری وچ گڈے تھئے۔
She received a scholarship to study medicine.	اوں طب دی تعلیم کیتے اسکالرشپ حاصل کیتی۔
She received a scholarship to study medicine.	اوں طب دی تعلیم کیتے اسکالرشپ حاصل کیتی۔
The internet connects people across continents.	انٹرنیٹ براعظماں وچ لوکاں کوں جوڑیندے۔
She received a scholarship to study medicine.	اوں طب دی تعلیم کیتے اسکالرشپ حاصل کیتی۔
My grandmother told me stories.	میری دادی نے مینوں کہانیاں سنایاں۔
We decided to visit the old temple.	اساں پرانے مندر دیکھن دا فیصلہ کیتا۔
The market was crowded with people.	بازار لوکاں نال بھریا ہویا ہا۔
Teachers shape young minds.	استاد نوجوان ذہناں کوں شکل دیندے نیں۔
Doctors work long hours to treat patients.	ڈاکٹر مریضاں دا علاج کرن کیتے لمبیاں گھڑیاں کم کریندے نیں۔
Cricket is a popular sport.	کرکٹ ہک مقبول کھیڈ اے۔
Regular exercise helps maintain good health.	منظم ورزش چنگی صحت برقرار رکھن وچ مدد کریندی اے۔
Pollution in cities has become a serious problem.	شہراں وچ آلودگی ہک سنجیدہ مسئلہ بن گئی اے۔
Spices add flavor to traditional dishes.	مصالحے روایتی کھاناں وچ ذائقہ ودیندے نیں۔
The teacher explained the lesson patiently.	استاد صبر نال سبق سمجھایا۔
Tea is served to guests as a gesture of hospitality.	مہماناں کوں مہمان نوازی دی نشانی دے طور تے چاہ پیش کیتی ویندی اے۔
The professor wrote equations on the blackboard.	پروفیسر تختے تے مساوات لکھیاں۔
Train journeys offer scenic views.	ریل دے سفر منظراں دے نظارے پیش کریندے نیں۔
Storytelling preserves culture and knowledge.	کہانی سناون ثقافت تے علم کوں محفوظ رکھیندے۔
Spices add flavor to traditional dishes.	مصالحے روایتی کھاناں وچ ذائقہ ودیندے نیں۔
Elderly people share wisdom and stories.	بزرگ لوک حکمت تے کہانیاں سانجھیاں کریندے نیں۔
Tea is served to guests as a gesture of hospitality.	مہماناں کوں مہمان نوازی دی نشانی دے طور تے چاہ پیش کیتی ویندی اے۔
The teacher explained the lesson patiently.	استاد صبر نال سبق سمجھایا۔
The school organized a science fair.	سکول نے سائنس میلہ منظم کیتا۔
Regular exercise helps maintain good health.	منظم ورزش چنگی صحت برقرار رکھن وچ مدد کریندی اے۔
The school organized a science fair.	سکول نے سائنس میلہ منظم کیتا۔
She cooked delicious biryani for the family.	اوں خاندان کیتے مزیدار بریانی پکائی۔
Clear communication prevents misunderstandings.	صاف رابطہ غلط فہمیاں کوں روکیندے۔
Doctors work long hours to treat patients.	ڈاکٹر مریضاں دا علاج کرن کیتے لمبیاں گھڑیاں کم کریندے نیں۔
People travel long distances to visit religious sites.	لوک مذہبی تھانواں دیکھن کیتے لمبیاں دوریاں طے کریندے نیں۔
Sports teach teamwork and discipline.	کھیڈاں ٹیم ورک تے نظم و ضبط سکھیندیاں نیں۔
Parents sacrifice their own needs for children.	والدین بچیاں کیتے اپنیاں ضرورتاں قربان کریندے نیں۔
Storytelling preserves culture and knowledge.	کہانی سناون ثقافت تے علم کوں محفوظ رکھیندے۔
Parents sacrifice their own needs for children.	والدین بچیاں کیتے اپنیاں ضرورتاں قربان کریندے نیں۔
Storytelling preserves culture and knowledge.	کہانی سناون ثقافت تے علم کوں محفوظ رکھیندے۔
People travel long distances to visit religious sites.	لوک مذہبی تھانواں دیکھن کیتے لمبیاں دوریاں طے کریندے نیں۔
We decided to visit the old temple.	اساں پرانے مندر دیکھن دا فیصلہ کیتا۔
Clear communication prevents misunderstandings.	صاف رابطہ غلط فہمیاں کوں روکیندے۔
Agriculture remains the primary source of income.	زراعت آمدنی دا بنیادی ذریعہ رہندی اے۔
Learning a new language requires practice.	نوی زبان سکھن کیتے مشق دی لوڑ اے۔
Sports teach teamwork and discipline.	کھیڈاں ٹیم ورک تے نظم و ضبط سکھیندیاں نیں۔
Farmers planted rice in the flooded fields.	کسان پانی والے کھیتراں وچ چاول پوکے۔
She walked slowly through the garden.	اوں باغ وچ آہستہ آہستہ ٹردی۔
Learning a new language requires practice.	نوی زبان سکھن کیتے مشق دی لوڑ اے۔
After finishing his work, he sat down.	اپنا کم مکمل کرن دے بعد، او بیٹھ گیا۔
Doctors recommend drinking plenty of water.	ڈاکٹر گھنے پانی پیون دی صلاح دیندے نیں۔
Agriculture remains the primary source of income.	زراعت آمدنی دا بنیادی ذریعہ رہندی اے۔
Small businesses create employment opportunities.	نکیاں کاروبار روزگار دے موقعے پیدا کریندے نیں۔
She cooked delicious biryani for the family.	اوں خاندان کیتے مزیدار بریانی پکائی۔
Online shopping has become popular.	آن لائن خریداری مقبول تھی گئی اے۔
Digital payments have made transactions faster.	ڈیجیٹل ادائیگیاں معاملات تیز کیتے نیں۔
Farmers planted rice in the flooded fields.	کسان پانی والے کھیتراں وچ چاول پوکے۔
I woke up early this morning.	من اڄ صبح جلدی اٹھیا۔
Respecting elders is an important value.	بزرگاں دا احترام ہک اہم قدر اے۔
Handicrafts showcase artistic traditions.	ہتھکاریاں فنکارانہ روایات دکھیندیاں نیں۔
Digital payments have made transactions faster.	ڈیجیٹل ادائیگیاں معاملات تیز کیتے نیں۔
Doctors recommend drinking plenty of water.	ڈاکٹر گھنے پانی پیون دی صلاح دیندے نیں۔
The school organized a science fair.	سکول نے سائنس میلہ منظم کیتا۔
Spices add flavor to traditional dishes.	مصالحے روایتی کھاناں وچ ذائقہ ودیندے نیں۔
She cooked delicious biryani for the family.	اوں خاندان کیتے مزیدار بریانی پکائی۔
Reading books improves vocabulary.	کتاباں پڑھن ذخیرہ الفاظ بہتر بنیندے۔
People celebrate festivals with great joy.	لوک ودی خوشی نال میلے منیندے نیں۔
Reading books improves vocabulary.	کتاباں پڑھن ذخیرہ الفاظ بہتر بنیندے۔
Birds were chirping in the trees.	پنچھی رکھاں وچ چہچہا رہے ہن۔
The wedding ceremony lasted three days.	شادی دی تقریب ترئے دینہہ چلی۔
The wedding ceremony lasted three days.	شادی دی تقریب ترئے دینہہ چلی۔
Cricket is a popular sport.	کرکٹ ہک مقبول کھیڈ اے۔
Children learn best when they are interested.	بچے بہترین سکھدے نیں جدوں اوہ دلچسپی رکھدے نیں۔
Digital payments have made transactions faster.	ڈیجیٹل ادائیگیاں معاملات تیز کیتے نیں۔
Cooking together brings family members closer.	گڈے کھان پکاون خاندان دے ممبراں کوں نیڑے لیندے۔
Tea is served to guests as a gesture of hospitality.	مہماناں کوں مہمان نوازی دی نشانی دے طور تے چاہ پیش کیتی ویندی اے۔
Teachers shape young minds.	استاد نوجوان ذہناں کوں شکل دیندے نیں۔
After finishing his work, he sat down.	اپنا کم مکمل کرن دے بعد، او بیٹھ گیا۔
Cooking together brings family members closer.	گڈے کھان پکاون خاندان دے ممبراں کوں نیڑے لیندے۔
Children were playing cricket in the street.	بچے سڑک تے کرکٹ کھیڈدے پئے ہن۔
I woke up early this morning.	من اڄ صبح جلدی اٹھیا۔
Farmers wake up early to tend to crops.	کسان فصلاں دی سنبھال کیتے جلدی اٹھدے نیں۔
Students gathered in the library.	طالب علم لائبریری وچ گڈے تھئے۔
Train journeys offer scenic views.	ریل دے سفر منظراں دے نظارے پیش کریندے نیں۔
Farmers wake up early to tend to crops.	کسان فصلاں دی سنبھال کیتے جلدی اٹھدے نیں۔
Agriculture remains the primary source of income.	زراعت آمدنی دا بنیادی ذریعہ رہندی اے۔
Handicrafts showcase artistic traditions.	ہتھکاریاں فنکارانہ روایات دکھیندیاں نیں۔
Storytelling preserves culture and knowledge.	کہانی سناون ثقافت تے علم کوں محفوظ رکھیندے۔
People travel long distances to visit religious sites.	لوک مذہبی تھانواں دیکھن کیتے لمبیاں دوریاں طے کریندے نیں۔
Small businesses create employment opportunities.	نکیاں کاروبار روزگار دے موقعے پیدا کریندے نیں۔
Train journeys offer scenic views.	ریل دے سفر منظراں دے نظارے پیش کریندے نیں۔
Cooking together brings family members closer.	گڈے کھان پکاون خاندان دے ممبراں کوں نیڑے لیندے۔
Birds were chirping in the trees.	پنچھی رکھاں وچ چہچہا رہے ہن۔
Traditional music is important for our heritage.	روایتی موسیقی سادی ورثے کیتے اہم اے۔
The internet connects people across continents.	انٹرنیٹ براعظماں وچ لوکاں کوں جوڑیندے۔
Online shopping has become popular.	آن لائن خریداری مقبول تھی گئی اے۔
Agriculture remains the primary source of income.	زراعت آمدنی دا بنیادی ذریعہ رہندی اے۔
The professor wrote equations on the blackboard.	پروفیسر تختے تے مساوات لکھیاں۔
I woke up early this morning.	من اڄ صبح جلدی اٹھیا۔
Agriculture remains the primary source of income.	زراعت آمدنی دا بنیادی ذریعہ رہندی اے۔
Clear communication prevents misunderstandings.	صاف رابطہ غلط فہمیاں کوں روکیندے۔
Handicrafts showcase artistic traditions.	ہتھکاریاں فنکارانہ روایات دکھیندیاں نیں۔
Storytelling preserves culture and knowledge.	کہانی سناون ثقافت تے علم کوں محفوظ رکھیندے۔
Farmers planted rice in the flooded fields.	کسان پانی والے کھیتراں وچ چاول پوکے۔
Students gathered in the library.	طالب علم لائبریری وچ گڈے تھئے۔
Spices add flavor to traditional dishes.	مصالحے روایتی کھاناں وچ ذائقہ ودیندے نیں۔
Doctors recommend drinking plenty of water.	ڈاکٹر گھنے پانی پیون دی صلاح دیندے نیں۔
She walked slowly through the garden.	اوں باغ وچ آہستہ آہستہ ٹردی۔
Agriculture remains the primary source of income.	زراعت آمدنی دا بنیادی ذریعہ رہندی اے۔
Agriculture remains the primary source of income.	زراعت آمدنی دا بنیادی ذریعہ رہندی اے۔
Cricket is a popular sport.	کرکٹ ہک مقبول کھیڈ اے۔
Small businesses create employment opportunities.	نکیاں کاروبار روزگار دے موقعے پیدا کریندے نیں۔
Students gathered in the library.	طالب علم لائبریری وچ گڈے تھئے۔
The professor wrote equations on the blackboard.	پروفیسر تختے تے مساوات لکھیاں۔
Tourism brings revenue to regions with historical sites.	سیاحت تاریخی تھانواں والے علاقیاں کوں آمدنی لیندی اے۔
Learning a new language requires practice.	نوی زبان سکھن کیتے مشق دی لوڑ اے۔
Regular exercise helps maintain good health.	منظم ورزش چنگی صحت برقرار رکھن وچ مدد کریندی اے۔
She walked slowly through the garden.	اوں باغ وچ آہستہ آہستہ ٹردی۔
The teacher explained the lesson patiently.	استاد صبر نال سبق سمجھایا۔
Family members support each other during difficult times.	خاندان دے ممبر مشکل وختاں وچ ہک دوجھے دی مدد کریندے نیں۔
Smartphones have changed how people communicate.	اسمارٹ فوناں نے لوکاں دے رابطے دے طریقے کوں تبدیل کیتا اے۔
Handicrafts showcase artistic traditions.	ہتھکاریاں فنکارانہ روایات دکھیندیاں نیں۔
The school organized a science fair.	سکول نے سائنس میلہ منظم کیتا۔
She cooked delicious biryani for the family.	اوں خاندان کیتے مزیدار بریانی پکائی۔
Teachers shape young minds.	استاد نوجوان ذہناں کوں شکل دیندے نیں۔
Traditional music is important for our heritage.	روایتی موسیقی سادی ورثے کیتے اہم اے۔
Respecting elders is an important value.	بزرگاں دا احترام ہک اہم قدر اے۔
Tourism brings revenue to regions with historical sites.	سیاحت تاریخی تھانواں والے علاقیاں کوں آمدنی لیندی اے۔
Small businesses create employment opportunities.	نکیاں کاروبار روزگار دے موقعے پیدا کریندے نیں۔
Pollution in cities has become a serious problem.	شہراں وچ آلودگی ہک سنجیدہ مسئلہ بن گئی اے۔
Cooking together brings family members closer.	گڈے کھان پکاون خاندان دے ممبراں کوں نیڑے لیندے۔
People celebrate festivals with great joy.	لوک ودی خوشی نال میلے منیندے نیں۔
Reading books improves vocabulary.	کتاباں پڑھن ذخیرہ الفاظ بہتر بنیندے۔
The professor wrote equations on the blackboard.	پروفیسر تختے تے مساوات لکھیاں۔
She received a scholarship to study medicine.	اوں طب دی تعلیم کیتے اسکالرشپ حاصل کیتی۔
Agriculture remains the primary source of income.	زراعت آمدنی دا بنیادی ذریعہ رہندی اے۔
The wedding ceremony lasted three days.	شادی دی تقریب ترئے دینہہ چلی۔
Online shopping has become popular.	آن لائن خریداری مقبول تھی گئی اے۔
The internet connects people across continents.	انٹرنیٹ براعظماں وچ لوکاں کوں جوڑیندے۔
The forest is home to many wild animals.	جنگل گھنے جنگلی جانوراں دا گھر اے۔
Parents sacrifice their own needs for children.	والدین بچیاں کیتے اپنیاں ضرورتاں قربان کریندے نیں۔
Train journeys offer scenic views.	ریل دے سفر منظراں دے نظارے پیش کریندے نیں۔
Smartphones have changed how people communicate.	اسمارٹ فوناں نے لوکاں دے رابطے دے طریقے کوں تبدیل کیتا اے۔
She received a scholarship to study medicine.	اوں طب دی تعلیم کیتے اسکالرشپ حاصل کیتی۔
She received a scholarship to study medicine.	اوں طب دی تعلیم کیتے اسکالرشپ حاصل کیتی۔
Doctors work long hours to treat patients.	ڈاکٹر مریضاں دا علاج کرن کیتے لمبیاں گھڑیاں کم کریندے نیں۔
Eating fresh fruits provides essential vitamins.	تازہ پھل کھان ضروری وٹامن فراہم کریندے۔
Smartphones have changed how people communicate.	اسمارٹ فوناں نے لوکاں دے رابطے دے طریقے کوں تبدیل کیتا اے۔
She walked slowly through the garden.	اوں باغ وچ آہستہ آہستہ ٹردی۔
Sports teach teamwork and discipline.	کھیڈاں ٹیم ورک تے نظم و ضبط سکھیندیاں نیں۔
The internet connects people across continents.	انٹرنیٹ براعظماں وچ لوکاں کوں جوڑیندے۔
Family members support each other during difficult times.	خاندان دے ممبر مشکل وختاں وچ ہک دوجھے دی مدد کریندے نیں۔
Birds were chirping in the trees.	پنچھی رکھاں وچ چہچہا رہے ہن۔
Tea is served to guests as a gesture of hospitality.	مہماناں کوں مہمان نوازی دی نشانی دے طور تے چاہ پیش کیتی ویندی اے۔
Elderly people share wisdom and stories.	بزرگ لوک حکمت تے کہانیاں سانجھیاں کریندے نیں۔
I woke up early this morning.	من اڄ صبح جلدی اٹھیا۔
Small businesses create employment opportunities.	نکیاں کاروبار روزگار دے موقعے پیدا کریندے نیں۔
Learning a new language requires practice.	نوی زبان سکھن کیتے مشق دی لوڑ اے۔
Storytelling preserves culture and knowledge.	کہانی سناون ثقافت تے علم کوں محفوظ رکھیندے۔
The market was crowded with people.	بازار لوکاں نال بھریا ہویا ہا۔
After finishing his work, he sat down.	اپنا کم مکمل کرن دے بعد، او بیٹھ گیا۔
Smartphones have changed how people communicate.	اسمارٹ فوناں نے لوکاں دے رابطے دے طریقے کوں تبدیل کیتا اے۔
The bus arrived late.	بس ڈیر نال پہنچی۔
Children were playing cricket in the street.	بچے سڑک تے کرکٹ کھیڈدے پئے ہن۔
Tea is served to guests as a gesture of hospitality.	مہماناں کوں مہمان نوازی دی نشانی دے طور تے چاہ پیش کیتی ویندی اے۔
Cricket is a popular sport.	کرکٹ ہک مقبول کھیڈ اے۔
Farmers planted rice in the flooded fields.	کسان پانی والے کھیتراں وچ چاول پوکے۔
The professor wrote equations on the blackboard.	پروفیسر تختے تے مساوات لکھیاں۔
She received a scholarship to study medicine.	اوں طب دی تعلیم کیتے اسکالرشپ حاصل کیتی۔
Cooking together brings family members closer.	گڈے کھان پکاون خاندان دے ممبراں کوں نیڑے لیندے۔
