en_sentence	target_sentence
Handicrafts showcase artistic traditions.	ہتھکاریاں فنکارانہ روایات دکھیندیاں نیں۔
Doctors recommend drinking plenty of water.	ڈاکٹر گھنے پانی پیون دی صلاح دیندے نیں۔
The wedding ceremony lasted three days.	شادی دی تقریب ترئے دینہہ چلی۔
The market was crowded with people.	بازار لوکاں نال بھریا ہویا ہا۔
The market was crowded with people.	بازار لوکاں نال بھریا ہویا ہا۔
Cooking together brings family members closer.	گڈے کھان پکاون خاندان دے ممبراں کوں نیڑے لیندے۔
Storytelling preserves culture and knowledge.	کہانی سناون ثقافت تے علم کوں محفوظ رکھیندے۔
Agriculture remains the primary source of income.	زراعت آمدنی دا بنیادی ذریعہ رہندی اے۔
Education opens doors to opportunities.	تعلیم موقعاں دے دروازے کولیندی اے۔
Handicrafts showcase artistic traditions.	ہتھکاریاں فنکارانہ روایات دکھیندیاں نیں۔
She cooked delicious biryani for the family.	اوں خاندان کیتے مزیدار بریانی پکائی۔
Digital payments have made transactions faster.	ڈیجیٹل ادائیگیاں معاملات تیز کیتے نیں۔
Children learn best when they are interested.	بچے بہترین سکھدے نیں جدوں اوہ دلچسپی رکھدے نیں۔
Pollution in cities has become a serious problem.	شہراں وچ آلودگی ہک سنجیدہ مسئلہ بن گئی اے۔
She walked slowly through the garden.	اوں باغ وچ آہستہ آہستہ ٹردی۔
Smartphones have changed how people communicate.	اسمارٹ فوناں نے لوکاں دے رابطے دے طریقے کوں تبدیل کیتا اے۔
She cooked delicious biryani for the family.	اوں خاندان کیتے مزیدار بریانی پکائی۔
Handicrafts showcase artistic traditions.	ہتھکاریاں فنکارانہ روایات دکھیندیاں نیں۔
I woke up early this morning.	میں اڄ صبح جلدی اٹھیا۔
The bus arrived late.	بس ڈیر نال پہنچی۔
Family members support each other during difficult times.	خاندان دے ممبر مشکل وختاں وچ ہک دوجھے دی مدد کریندے نیں۔
Doctors work long hours to treat patients.	ڈاکٹر مریضاں دا علاج کرن کیتے لمبیاں گھڑیاں کم کریندے نیں۔
Train journeys offer scenic views.	ریل دے سفر منظراں دے نظارے پیش کریندے نیں۔
Cooking together brings family members closer.	گڈے کھان پکاون خاندان دے ممبراں کوں نیڑے لیندے۔
Family members support each other during difficult times.	خاندان دے ممبر مشکل وختاں وچ ہک دوجھے دی مدد کریندے نیں۔
Education opens doors to opportunities.	تعلیم موقعاں دے دروازے کولیندی اے۔
Eating fresh fruits provides essential vitamins.	تازہ پھل کھان ضروری وٹامن فراہم کریندے۔
The professor wrote equations on the blackboard.	پروفیسر تختے تے مساوات لکھیاں۔
Traditional music is important for our heritage.	روایتی موسیقی سادی ورثے کیتے اہم اے۔
Clear communication prevents misunderstandings.	صاف رابطہ غلط فہمیاں کوں روکیندے۔
She received a scholarship to study medicine.	اوں طب دی تعلیم کیتے اسکالرشپ حاصل کیتی۔
The professor wrote equations on the blackboard.	پروفیسر تختے تے مساوات لکھیاں۔
Teachers shape young minds.	استاد نوجوان ذہناں کوں شکل دیندے نیں۔
The wedding ceremony lasted three days.	شادی دی تقریب ترئے دینہہ چلی۔
Eating fresh fruits provides essential vitamins.	تازہ پھل کھان ضروری وٹامن فراہم کریندے۔
The professor wrote equations on the blackboard.	پروفیسر تختے تے مساوات لکھیاں۔
She walked slowly through the garden.	اوں باغ وچ آہستہ آہستہ ٹردی۔
The forest is home to many wild animals.	جنگل گھنے جنگلی جانوراں دا گھر اے۔
Digital payments have made transactions faster.	ڈیجیٹل ادائیگیاں معاملات تیز کیتے نیں۔
Online shopping has become popular.	آن لائن خریداری مقبول تھی گئی اے۔
My grandmother told me stories.	میری دادی نے مینوں کہانیاں سنایاں۔
Storytelling preserves culture and knowledge.	کہانی سناون ثقافت تے علم کوں محفوظ رکھیندے۔
Family members support each other during difficult times.	خاندان دے ممبر مشکل وختاں وچ ہک دوجھے دی مدد کریندے نیں۔
Respecting elders is an important value.	بزرگاں دا احترام ہک اہم قدر اے۔
Agriculture remains the primary source of income.	زراعت آمدنی دا بنیادی ذریعہ رہندی اے۔
After finishing his work, he sat down.	اپنا کم مکمل کرن دے بعد، او بیٹھ گیا۔
Clear communication prevents misunderstandings.	صاف رابطہ غلط فہمیاں کوں روکیندے۔
Smartphones have changed how people communicate.	اسمارٹ فوناں نے لوکاں دے رابطے دے طریقے کوں تبدیل کیتا اے۔
Learning a new language requires practice.	نوی زبان سکھن کیتے مشق دی لوڑ اے۔
Online shopping has become popular.	آن لائن خریداری مقبول تھی گئی اے۔
Tea is served to guests as a gesture of hospitality.	مہماناں کوں مہمان نوازی دی نشانی دے طور تے چاہ پیش کیتی ویندی اے۔
Parents sacrifice their own needs for children.	والدین بچیاں کیتے اپنیاں ضرورتاں قربان کریندے نیں۔
She cooked delicious biryani for the family.	اوں خاندان کیتے مزیدار بریانی پکائی۔
Eating fresh fruits provides essential vitamins.	تازہ پھل کھان ضروری وٹامن فراہم کریندے۔
Farmers wake up early to tend to crops.	کسان فصلاں دی سنبھال کیتے جلدی اٹھدے نیں۔
The teacher explained the lesson patiently.	استاد صبر نال سبق سمجھایا۔
Sports teach teamwork and discipline.	کھیڈاں ٹیم ورک تے نظم و ضبط سکھیندیاں نیں۔
Small businesses create employment opportunities.	نکیاں کاروبار روزگار دے موقعے پیدا کریندے نیں۔
Sports teach teamwork and discipline.	کھیڈاں ٹیم ورک تے نظم و ضبط سکھیندیاں نیں۔
The river flows peacefully through the valley.	دریا وادی وچ پرامن طریقے نال وہندی اے۔
Digital payments have made transactions faster.	ڈیجیٹل ادائیگیاں معاملات تیز کیتے نیں۔
She walked slowly through the garden.	اوں باغ وچ آہستہ آہستہ ٹردی۔
Spices add flavor to traditional dishes.	مصالحے روایتی کھاناں وچ ذائقہ ودیندے نیں۔
We decided to visit the old temple.	اساں پرانے مندر دیکھن دا فیصلہ کیتا۔
She cooked delicious biryani for the family.	اوں خاندان کیتے مزیدار بریانی پکائی۔
Children were playing cricket in the street.	بچے سڑک تے کرکٹ کھیڈدے پئے ہن۔
She walked slowly through the garden.	اوں باغ وچ آہستہ آہستہ ٹردی۔
The river flows peacefully through the valley.	دریا وادی وچ پرامن طریقے نال وہندی اے۔
People celebrate festivals with great joy.	لوک ودی خوشی نال میلے منیندے نیں۔
Pollution in cities has become a serious problem.	شہراں وچ آلودگی ہک سنجیدہ مسئلہ بن گئی اے۔
Sports teach teamwork and discipline.	کھیڈاں ٹیم ورک تے نظم و ضبط سکھیندیاں نیں۔
Learning a new language requires practice.	نوی زبان سکھن کیتے مشق دی لوڑ اے۔
Sports teach teamwork and discipline.	کھیڈاں ٹیم ورک تے نظم و ضبط سکھیندیاں نیں۔
The bus arrived late.	بس ڈیر نال پہنچی۔
Storytelling preserves culture and knowledge.	کہانی سناون ثقافت تے علم کوں محفوظ رکھیندے۔
Education opens doors to opportunities.	تعلیم موقعاں دے دروازے کولیندی اے۔
The forest is home to many wild animals.	جنگل گھنے جنگلی جانوراں دا گھر اے۔
Doctors work long hours to treat patients.	ڈاکٹر مریضاں دا علاج کرن کیتے لمبیاں گھڑیاں کم کریندے نیں۔
Smartphones have changed how people communicate.	اسمارٹ فوناں نے لوکاں دے رابطے دے طریقے کوں تبدیل کیتا اے۔
Farmers wake up early to tend to crops.	کسان فصلاں دی سنبھال کیتے جلدی اٹھدے نیں۔
Agriculture remains the primary source of income.	زراعت آمدنی دا بنیادی ذریعہ رہندی اے۔
Regular exercise helps maintain good health.	منظم ورزش چنگی صحت برقرار رکھن وچ مدد کریندی اے۔
Parents sacrifice their own needs for children.	والدین بچیاں کیتے اپنیاں ضرورتاں قربان کریندے نیں۔
Tourism brings revenue to regions with historical sites.	سیاحت تاریخی تھانواں والے علاقیاں کوں آمدنی لیندی اے۔
Spices add flavor to traditional dishes.	مصالحے روایتی کھاناں وچ ذائقہ ودیندے نیں۔
Online shopping has become popular.	آن لائن خریداری مقبول تھی گئی اے۔
I woke up early this morning.	میں اڄ صبح جلدی اٹھیا۔
The internet connects people across continents.	انٹرنیٹ براعظماں وچ لوکاں کوں جوڑیندے۔
The bus arrived late.	بس ڈیر نال پہنچی۔
Regular exercise helps maintain good health.	منظم ورزش چنگی صحت برقرار رکھن وچ مدد کریندی اے۔
Farmers planted rice in the flooded fields.	کسان پانی والے کھیتراں وچ چاول پوکے۔
She received a scholarship to study medicine.	اوں طب دی تعلیم کیتے اسکالرشپ حاصل کیتی۔
Clear communication prevents misunderstandings.	صاف رابطہ غلط فہمیاں کوں روکیندے۔
Students gathered in the library.	طالب علم لائبریری وچ گڈے تھئے۔
Doctors work long hours to treat patients.	ڈاکٹر مریضاں دا علاج کرن کیتے لمبیاں گھڑیاں کم کریندے نیں۔
Small businesses create employment opportunities.	نکیاں کاروبار روزگار دے موقعے پیدا کریندے نیں۔
She cooked delicious biryani for the family.	اوں خاندان کیتے مزیدار بریانی پکائی۔
Smartphones have changed how people communicate.	اسمارٹ فوناں نے لوکاں دے رابطے دے طریقے کوں تبدیل کیتا اے۔
Sports teach teamwork and discipline.	کھیڈاں ٹیم ورک تے نظم و ضبط سکھیندیاں نیں۔
Handicrafts showcase artistic traditions.	ہتھکاریاں فنکارانہ روایات دکھیندیاں نیں۔
Doctors recommend drinking plenty of water.	ڈاکٹر گھنے پانی پیون دی صلاح دیندے نیں۔
Respecting elders is an important value.	بزرگاں دا احترام ہک اہم قدر اے۔
After finishing his work, he sat down.	اپنا کم مکمل کرن دے بعد، او بیٹھ گیا۔
The river flows peacefully through the valley.	دریا وادی وچ پرامن طریقے نال وہندی اے۔
Traditional music is important for our heritage.	روایتی موسیقی سادی ورثے کیتے اہم اے۔
Children learn best when they are interested.	بچے بہترین سکھدے نیں جدوں اوہ دلچسپی رکھدے نیں۔
Clear communication prevents misunderstandings.	صاف رابطہ غلط فہمیاں کوں روکیندے۔
Birds were chirping in the trees.	پنچھی رکھاں وچ چہچہا رہے ہن۔
Smartphones have changed how people communicate.	اسمارٹ فوناں نے لوکاں دے رابطے دے طریقے کوں تبدیل کیتا اے۔
She cooked delicious biryani for the family.	اوں خاندان کیتے مزیدار بریانی پکائی۔
The teacher explained the lesson patiently.	استاد صبر نال سبق سمجھایا۔
Farmers wake up early to tend to crops.	کسان فصلاں دی سنبھال کیتے جلدی اٹھدے نیں۔
Pollution in cities has become a serious problem.	شہراں وچ آلودگی ہک سنجیدہ مسئلہ بن گئی اے۔
Tea is served to guests as a gesture of hospitality.	مہماناں کوں مہمان نوازی دی نشانی دے طور تے چاہ پیش کیتی ویندی اے۔
The wedding ceremony lasted three days.	شادی دی تقریب ترئے دینہہ چلی۔
Farmers planted rice in the flooded fields.	کسان پانی والے کھیتراں وچ چاول پوکے۔
Small businesses create employment opportunities.	نکیاں کاروبار روزگار دے موقعے پیدا کریندے نیں۔
My grandmother told me stories.	میری دادی نے مینوں کہانیاں سنایاں۔
The school organized a science fair.	سکول نے سائنس میلہ منظم کیتا۔
Eating fresh fruits provides essential vitamins.	تازہ پھل کھان ضروری وٹامن فراہم کریندے۔
Elderly people share wisdom and stories.	بزرگ لوک حکمت تے کہانیاں سانجھیاں کریندے نیں۔
The school organized a science fair.	سکول نے سائنس میلہ منظم کیتا۔
The teacher explained the lesson patiently.	استاد صبر نال سبق سمجھایا۔
Cooking together brings family members closer.	گڈے کھان پکاون خاندان دے ممبراں کوں نیڑے لیندے۔
Doctors recommend drinking plenty of water.	ڈاکٹر گھنے پانی پیون دی صلاح دیندے نیں۔
After finishing his work, he sat down.	اپنا کم مکمل کرن دے بعد، او بیٹھ گیا۔
I woke up early this morning.	میں اڄ صبح جلدی اٹھیا۔
She received a scholarship to study medicine.	اوں طب دی تعلیم کیتے اسکالرشپ حاصل کیتی۔
Storytelling preserves culture and knowledge.	کہانی سناون ثقافت تے علم کوں محفوظ رکھیندے۔
Doctors recommend drinking plenty of water.	ڈاکٹر گھنے پانی پیون دی صلاح دیندے نیں۔
Storytelling preserves culture and knowledge.	کہانی سناون ثقافت تے علم کوں محفوظ رکھیندے۔
We decided to visit the old temple.	اساں پرانے مندر دیکھن دا فیصلہ کیتا۔
Students gathered in the library.	طالب علم لائبریری وچ گڈے تھئے۔
Regular exercise helps maintain good health.	منظم ورزش چنگی صحت برقرار رکھن وچ مدد کریندی اے۔
Smartphones have changed how people communicate.	اسمارٹ فوناں نے لوکاں دے رابطے دے طریقے کوں تبدیل کیتا اے۔
Small businesses create employment opportunities.	نکیاں کاروبار روزگار دے موقعے پیدا کریندے نیں۔
Train journeys offer scenic views.	ریل دے سفر منظراں دے نظارے پیش کریندے نیں۔
Storytelling preserves culture and knowledge.	کہانی سناون ثقافت تے علم کوں محفوظ رکھیندے۔
The forest is home to many wild animals.	جنگل گھنے جنگلی جانوراں دا گھر اے۔
Digital payments have made transactions faster.	ڈیجیٹل ادائیگیاں معاملات تیز کیتے نیں۔
Smartphones have changed how people communicate.	اسمارٹ فوناں نے لوکاں دے رابطے دے طریقے کوں تبدیل کیتا اے۔
Sports teach teamwork and discipline.	کھیڈاں ٹیم ورک تے نظم و ضبط سکھیندیاں نیں۔
The internet connects people across continents.	انٹرنیٹ براعظماں وچ لوکاں کوں جوڑیندے۔
Agriculture remains the primary source of income.	زراعت آمدنی دا بنیادی ذریعہ رہندی اے۔
Farmers planted rice in the flooded fields.	کسان پانی والے کھیتراں وچ چاول پوکے۔
Cooking together brings family members closer.	گڈے کھان پکاون خاندان دے ممبراں کوں نیڑے لیندے۔
Sports teach teamwork and discipline.	کھیڈاں ٹیم ورک تے نظم و ضبط سکھیندیاں نیں۔
Reading books improves vocabulary.	کتاباں پڑھن ذخیرہ الفاظ بہتر بنیندے۔
Farmers wake up early to tend to crops.	کسان فصلاں دی سنبھال کیتے جلدی اٹھدے نیں۔
Clear communication prevents misunderstandings.	صاف رابطہ غلط فہمیاں کوں روکیندے۔
The river flows peacefully through the valley.	دریا وادی وچ پرامن طریقے نال وہندی اے۔
Traditional music is important for our heritage.	روایتی موسیقی سادی ورثے کیتے اہم اے۔
Cricket is a popular sport.	کرکٹ ہک مقبول کھیڈ اے۔
Train journeys offer scenic views.	ریل دے سفر منظراں دے نظارے پیش کریندے نیں۔
We decided to visit the old temple.	اساں پرانے مندر دیکھن دا فیصلہ کیتا۔
Respecting elders is an important value.	بزرگاں دا احترام ہک اہم قدر اے۔
Smartphones have changed how people communicate.	اسمارٹ فوناں نے لوکاں دے رابطے دے طریقے کوں تبدیل کیتا اے۔
She walked slowly through the garden.	اوں باغ وچ آہستہ آہستہ ٹردی۔
Online shopping has become popular.	آن لائن خریداری مقبول تھی گئی اے۔
Family members support each other during difficult times.	خاندان دے ممبر مشکل وختاں وچ ہک دوجھے دی مدد کریندے نیں۔
People celebrate festivals with great joy.	لوک ودی خوشی نال میلے منیندے نیں۔
Smartphones have changed how people communicate.	اسمارٹ فوناں نے لوکاں دے رابطے دے طریقے کوں تبدیل کیتا اے۔
Spices add flavor to traditional dishes.	مصالحے روایتی کھاناں وچ ذائقہ ودیندے نیں۔
Children learn best when they are interested.	بچے بہترین سکھدے نیں جدوں اوہ دلچسپی رکھدے نیں۔
Children learn best when they are interested.	بچے بہترین سکھدے نیں جدوں اوہ دلچسپی رکھدے نیں۔
After finishing his work, he sat down.	اپنا کم مکمل کرن دے بعد، او بیٹھ گیا۔
I woke up early this morning.	میں اڄ صبح جلدی اٹھیا۔
Cricket is a popular sport.	کرکٹ ہک مقبول کھیڈ اے۔
Cricket is a popular sport.	کرکٹ ہک مقبول کھیڈ اے۔
The internet connects people across continents.	انٹرنیٹ براعظماں وچ لوکاں کوں جوڑیندے۔
Family members support each other during difficult times.	خاندان دے ممبر مشکل وختاں وچ ہک دوجھے دی مدد کریندے نیں۔
Tea is served to guests as a gesture of hospitality.	مہماناں کوں مہمان نوازی دی نشانی دے طور تے چاہ پیش کیتی ویندی اے۔
She walked slowly through the garden.	اوں باغ وچ آہستہ آہستہ ٹردی۔
I woke up early this morning.	میں اڄ صبح جلدی اٹھیا۔
Birds were chirping in the trees.	پنچھی رکھاں وچ چہچہا رہے ہن۔
Regular exercise helps maintain good health.	منظم ورزش چنگی صحت برقرار رکھن وچ مدد کریندی اے۔
The professor wrote equations on the blackboard.	پروفیسر تختے تے مساوات لکھیاں۔
Parents sacrifice their own needs for children.	والدین بچیاں کیتے اپنیاں ضرورتاں قربان کریندے نیں۔
The professor wrote equations on the blackboard.	پروفیسر تختے تے مساوات لکھیاں۔
Children learn best when they are interested.	بچے بہترین سکھدے نیں جدوں اوہ دلچسپی رکھدے نیں۔
The forest is home to many wild animals.	جنگل گھنے جنگلی جانوراں دا گھر اے۔
Cricket is a popular sport.	کرکٹ ہک مقبول کھیڈ اے۔
Digital payments have made transactions faster.	ڈیجیٹل ادائیگیاں معاملات تیز کیتے نیں۔
Tourism brings revenue to regions with historical sites.	سیاحت تاریخی تھانواں والے علاقیاں کوں آمدنی لیندی اے۔
The internet connects people across continents.	انٹرنیٹ براعظماں وچ لوکاں کوں جوڑیندے۔
Birds were chirping in the trees.	پنچھی رکھاں وچ چہچہا رہے ہن۔
The wedding ceremony lasted three days.	شادی دی تقریب ترئے دینہہ چلی۔
Sports teach teamwork and discipline.	کھیڈاں ٹیم ورک تے نظم و ضبط سکھیندیاں نیں۔
Digital payments have made transactions faster.	ڈیجیٹل ادائیگیاں معاملات تیز کیتے نیں۔
People travel long distances to visit religious sites.	لوک مذہبی تھانواں دیکھن کیتے لمبیاں دوریاں طے کریندے نیں۔
She cooked delicious biryani for the family.	اوں خاندان کیتے مزیدار بریانی پکائی۔
Tea is served to guests as a gesture of hospitality.	مہماناں کوں مہمان نوازی دی نشانی دے طور تے چاہ پیش کیتی ویندی اے۔
Train journeys offer scenic views.	ریل دے سفر منظراں دے نظارے پیش کریندے نیں۔
Pollution in cities has become a serious problem.	شہراں وچ آلودگی ہک سنجیدہ مسئلہ بن گئی اے۔
Cricket is a popular sport.	کرکٹ ہک مقبول کھیڈ اے۔
People travel long distances to visit religious sites.	لوک مذہبی تھانواں دیکھن کیتے لمبیاں دوریاں طے کریندے نیں۔
The professor wrote equations on the blackboard.	پروفیسر تختے تے مساوات لکھیاں۔
The professor wrote equations on the blackboard.	پروفیسر تختے تے مساوات لکھیاں۔
Clear communication prevents misunderstandings.	صاف رابطہ غلط فہمیاں کوں روکیندے۔
Doctors work long hours to treat patients.	ڈاکٹر مریضاں دا علاج کرن کیتے لمبیاں گھڑیاں کم کریندے نیں۔
The wedding ceremony lasted three days.	شادی دی تقریب ترئے دینہہ چلی۔
The teacher explained the lesson patiently.	استاد صبر نال سبق سمجھایا۔
Farmers wake up early to tend to crops.	کسان فصلاں دی سنبھال کیتے جلدی اٹھدے نیں۔
Cricket is a popular sport.	کرکٹ ہک مقبول کھیڈ اے۔
Smartphones have changed how people communicate.	اسمارٹ فوناں نے لوکاں دے رابطے دے طریقے کوں تبدیل کیتا اے۔
Tourism brings revenue to regions with historical sites.	سیاحت تاریخی تھانواں والے علاقیاں کوں آمدنی لیندی اے۔
Respecting elders is an important value.	بزرگاں دا احترام ہک اہم قدر اے۔
Clear communication prevents misunderstandings.	صاف رابطہ غلط فہمیاں کوں روکیندے۔
I woke up early this morning.	میں اڄ صبح جلدی اٹھیا۔
Regular exercise helps maintain good health.	منظم ورزش چنگی صحت برقرار رکھن وچ مدد کریندی اے۔
Birds were chirping in the trees.	پنچھی رکھاں وچ چہچہا رہے ہن۔
Smartphones have changed how people communicate.	اسمارٹ فوناں نے لوکاں دے رابطے دے طریقے کوں تبدیل کیتا اے۔
Teachers shape young minds.	استاد نوجوان ذہناں کوں شکل دیندے نیں۔
Regular exercise helps maintain good health.	منظم ورزش چنگی صحت برقرار رکھن وچ مدد کریندی اے۔
Eating fresh fruits provides essential vitamins.	تازہ پھل کھان ضروری وٹامن فراہم کریندے۔
She walked slowly through the garden.	اوں باغ وچ آہستہ آہستہ ٹردی۔
Children were playing cricket in the street.	بچے سڑک تے کرکٹ کھیڈدے پئے ہن۔
Spices add flavor to traditional dishes.	مصالحے روایتی کھاناں وچ ذائقہ ودیندے نیں۔
Reading books improves vocabulary.	کتاباں پڑھن ذخیرہ الفاظ بہتر بنیندے۔
Reading books improves vocabulary.	کتاباں پڑھن ذخیرہ الفاظ بہتر بنیندے۔
We decided to visit the old temple.	اساں پرانے مندر دیکھن دا فیصلہ کیتا۔
Doctors recommend drinking plenty of water.	ڈاکٹر گھنے پانی پیون دی صلاح دیندے نیں۔
Doctors recommend drinking plenty of water.	ڈاکٹر گھنے پانی پیون دی صلاح دیندے نیں۔
Children were playing cricket in the street.	بچے سڑک تے کرکٹ کھیڈدے پئے ہن۔
Reading books improves vocabulary.	کتاباں پڑھن ذخیرہ الفاظ بہتر بنیندے۔
Students gathered in the library.	طالب علم لائبریری وچ گڈے تھئے۔
Elderly people share wisdom and stories.	بزرگ لوک حکمت تے کہانیاں سانجھیاں کریندے نیں۔
Children were playing cricket in the street.	بچے سڑک تے کرکٹ کھیڈدے پئے ہن۔
Parents sacrifice their own needs for children.	والدین بچیاں کیتے اپنیاں ضرورتاں قربان کریندے نیں۔
The teacher explained the lesson patiently.	استاد صبر نال سبق سمجھایا۔
Regular exercise helps maintain good health.	منظم ورزش چنگی صحت برقرار رکھن وچ مدد کریندی اے۔
Cricket is a popular sport.	کرکٹ ہک مقبول کھیڈ اے۔
My grandmother told me stories.	میری دادی نے مینوں کہانیاں سنایاں۔
Farmers planted rice in the flooded fields.	کسان پانی والے کھیتراں وچ چاول پوکے۔
Cricket is a popular sport.	کرکٹ ہک مقبول کھیڈ اے۔
Eating fresh fruits provides essential vitamins.	تازہ پھل کھان ضروری وٹامن فراہم کریندے۔
She received a scholarship to study medicine.	اوں طب دی تعلیم کیتے اسکالرشپ حاصل کیتی۔
Online shopping has become popular.	آن لائن خریداری مقبول تھی گئی اے۔
Farmers planted rice in the flooded fields.	کسان پانی والے کھیتراں وچ چاول پوکے۔
Doctors work long hours to treat patients.	ڈاکٹر مریضاں دا علاج کرن کیتے لمبیاں گھڑیاں کم کریندے نیں۔
Learning a new language requires practice.	نوی زبان سکھن کیتے مشق دی لوڑ اے۔
My grandmother told me stories.	میری دادی نے مینوں کہانیاں سنایاں۔
Cricket is a popular sport.	کرکٹ ہک مقبول کھیڈ اے۔
Children learn best when they are interested.	بچے بہترین سکھدے نیں جدوں اوہ دلچسپی رکھدے نیں۔
The internet connects people across continents.	انٹرنیٹ براعظماں وچ لوکاں کوں جوڑیندے۔
I woke up early this morning.	میں اڄ صبح جلدی اٹھیا۔
Children were playing cricket in the street.	بچے سڑک تے کرکٹ کھیڈدے پئے ہن۔
Online shopping has become popular.	آن لائن خریداری مقبول تھی گئی اے۔
Parents sacrifice their own needs for children.	والدین بچیاں کیتے اپنیاں ضرورتاں قربان کریندے نیں۔
Tourism brings revenue to regions with historical sites.	سیاحت تاریخی تھانواں والے علاقیاں کوں آمدنی لیندی اے۔
My grandmother told me stories.	میری دادی نے مینوں کہانیاں سنایاں۔
Students gathered in the library.	طالب علم لائبریری وچ گڈے تھئے۔
Children were playing cricket in the street.	بچے سڑک تے کرکٹ کھیڈدے پئے ہن۔
Farmers planted rice in the flooded fields.	کسان پانی والے کھیتراں وچ چاول پوکے۔
Small businesses create employment opportunities.	نکیاں کاروبار روزگار دے موقعے پیدا کریندے نیں۔
The school organized a science fair.	سکول نے سائنس میلہ منظم کیتا۔
People travel long distances to visit religious sites.	لوک مذہبی تھانواں دیکھن کیتے لمبیاں دوریاں طے کریندے نیں۔
She received a scholarship to study medicine.	اوں طب دی تعلیم کیتے اسکالرشپ حاصل کیتی۔
The wedding ceremony lasted three days.	شادی دی تقریب ترئے دینہہ چلی۔
The bus arrived late.	بس ڈیر نال پہنچی۔
We decided to visit the old temple.	اساں پرانے مندر دیکھن دا فیصلہ کیتا۔
Education opens doors to opportunities.	تعلیم موقعاں دے دروازے کولیندی اے۔
Sports teach teamwork and discipline.	کھیڈاں ٹیم ورک تے نظم و ضبط سکھیندیاں نیں۔
The teacher explained the lesson patiently.	استاد صبر نال سبق سمجھایا۔
Regular exercise helps maintain good health.	منظم ورزش چنگی صحت برقرار رکھن وچ مدد کریندی اے۔
The river flows peacefully through the valley.	دریا وادی وچ پرامن طریقے نال وہندی اے۔
People travel long distances to visit religious sites.	لوک مذہبی تھانواں دیکھن کیتے لمبیاں دوریاں طے کریندے نیں۔
Reading books improves vocabulary.	کتاباں پڑھن ذخیرہ الفاظ بہتر بنیندے۔
Eating fresh fruits provides essential vitamins.	تازہ پھل کھان ضروری وٹامن فراہم کریندے۔
She cooked delicious biryani for the family.	اوں خاندان کیتے مزیدار بریانی پکائی۔
Spices add flavor to traditional dishes.	مصالحے روایتی کھاناں وچ ذائقہ ودیندے نیں۔
Online shopping has become popular.	آن لائن خریداری مقبول تھی گئی اے۔
Tourism brings revenue to regions with historical sites.	سیاحت تاریخی تھانواں والے علاقیاں کوں آمدنی لیندی اے۔
Eating fresh fruits provides essential vitamins.	تازہ پھل کھان ضروری وٹامن فراہم کریندے۔
Online shopping has become popular.	آن لائن خریداری مقبول تھی گئی اے۔
Doctors work long hours to treat patients.	ڈاکٹر مریضاں دا علاج کرن کیتے لمبیاں گھڑیاں کم کریندے نیں۔
The internet connects people across continents.	انٹرنیٹ براعظماں وچ لوکاں کوں جوڑیندے۔
The bus arrived late.	بس ڈیر نال پہنچی۔
Children learn best when they are interested.	بچے بہترین سکھدے نیں جدوں اوہ دلچسپی رکھدے نیں۔
After finishing his work, he sat down.	اپنا کم مکمل کرن دے بعد، او بیٹھ گیا۔
She received a scholarship to study medicine.	اوں طب دی تعلیم کیتے اسکالرشپ حاصل کیتی۔
Storytelling preserves culture and knowledge.	کہانی سناون ثقافت تے علم کوں محفوظ رکھیندے۔
Doctors recommend drinking plenty of water.	ڈاکٹر گھنے پانی پیون دی صلاح دیندے نیں۔
The internet connects people across continents.	انٹرنیٹ براعظماں وچ لوکاں کوں جوڑیندے۔
The teacher explained the lesson patiently.	استاد صبر نال سبق سمجھایا۔
The market was crowded with people.	بازار لوکاں نال بھریا ہویا ہا۔
Students gathered in the library.	طالب علم لائبریری وچ گڈے تھئے۔
Farmers wake up early to tend to crops.	کسان فصلاں دی سنبھال کیتے جلدی اٹھدے نیں۔
Handicrafts showcase artistic traditions.	ہتھکاریاں فنکارانہ روایات دکھیندیاں نیں۔
The wedding ceremony lasted three days.	شادی دی تقریب ترئے دینہہ چلی۔
Cricket is a popular sport.	کرکٹ ہک مقبول کھیڈ اے۔
Reading books improves vocabulary.	کتاباں پڑھن ذخیرہ الفاظ بہتر بنیندے۔
Small businesses create employment opportunities.	نکیاں کاروبار روزگار دے موقعے پیدا کریندے نیں۔
Respecting elders is an important value.	بزرگاں دا احترام ہک اہم قدر اے۔
Tea is served to guests as a gesture of hospitality.	مہماناں کوں مہمان نوازی دی نشانی دے طور تے چاہ پیش کیتی ویندی اے۔
Tourism brings revenue to regions with historical sites.	سیاحت تاریخی تھانواں والے علاقیاں کوں آمدنی لیندی اے۔
Birds were chirping in the trees.	پنچھی رکھاں وچ چہچہا رہے ہن۔
My grandmother told me stories.	میری دادی نے مینوں کہانیاں سنایاں۔
We decided to visit the old temple.	اساں پرانے مندر دیکھن دا فیصلہ کیتا۔
Handicrafts showcase artistic traditions.	ہتھکاریاں فنکارانہ روایات دکھیندیاں نیں۔
Tea is served to guests as a gesture of hospitality.	مہماناں کوں مہمان نوازی دی نشانی دے طور تے چاہ پیش کیتی ویندی اے۔
Digital payments have made transactions faster.	ڈیجیٹل ادائیگیاں معاملات تیز کیتے نیں۔
She cooked delicious biryani for the family.	اوں خاندان کیتے مزیدار بریانی پکائی۔
The river flows peacefully through the valley.	دریا وادی وچ پرامن طریقے نال وہندی اے۔
Agriculture remains the primary source of income.	زراعت آمدنی دا بنیادی ذریعہ رہندی اے۔
Clear communication prevents misunderstandings.	صاف رابطہ غلط فہمیاں کوں روکیندے۔
Farmers planted rice in the flooded fields.	کسان پانی والے کھیتراں وچ چاول پوکے۔
Traditional music is important for our heritage.	روایتی موسیقی سادی ورثے کیتے اہم اے۔
People celebrate festivals with great joy.	لوک ودی خوشی نال میلے منیندے نیں۔
Parents sacrifice their own needs for children.	والدین بچیاں کیتے اپنیاں ضرورتاں قربان کریندے نیں۔
Farmers planted rice in the flooded fields.	کسان پانی والے کھیتراں وچ چاول پوکے۔
Teachers shape young minds.	استاد نوجوان ذہناں کوں شکل دیندے نیں۔
Storytelling preserves culture and knowledge.	کہانی سناون ثقافت تے علم کوں محفوظ رکھیندے۔
Learning a new language requires practice.	نوی زبان سکھن کیتے مشق دی لوڑ اے۔
Digital payments have made transactions faster.	ڈیجیٹل ادائیگیاں معاملات تیز کیتے نیں۔
Cooking together brings family members closer.	گڈے کھان پکاون خاندان دے ممبراں کوں نیڑے لیندے۔
Birds were chirping in the trees.	پنچھی رکھاں وچ چہچہا رہے ہن۔
Reading books improves vocabulary.	کتاباں پڑھن ذخیرہ الفاظ بہتر بنیندے۔
Online shopping has become popular.	آن لائن خریداری مقبول تھی گئی اے۔
Learning a new language requires practice.	نوی زبان سکھن کیتے مشق دی لوڑ اے۔
The market was crowded with people.	بازار لوکاں نال بھریا ہویا ہا۔
Doctors work long hours to treat patients.	ڈاکٹر مریضاں دا علاج کرن کیتے لمبیاں گھڑیاں کم کریندے نیں۔
I woke up early this morning.	میں اڄ صبح جلدی اٹھیا۔
Farmers planted rice in the flooded fields.	کسان پانی والے کھیتراں وچ چاول پوکے۔
Small businesses create employment opportunities.	نکیاں کاروبار روزگار دے موقعے پیدا کریندے نیں۔
Teachers shape young minds.	استاد نوجوان ذہناں کوں شکل دیندے نیں۔
Doctors work long hours to treat patients.	ڈاکٹر مریضاں دا علاج کرن کیتے لمبیاں گھڑیاں کم کریندے نیں۔
Family members support each other during difficult times.	خاندان دے ممبر مشکل وختاں وچ ہک دوجھے دی مدد کریندے نیں۔
Smartphones have changed how people communicate.	اسمارٹ فوناں نے لوکاں دے رابطے دے طریقے کوں تبدیل کیتا اے۔
The school organized a science fair.	سکول نے سائنس میلہ منظم کیتا۔
She received a scholarship to study medicine.	اوں طب دی تعلیم کیتے اسکالرشپ حاصل کیتی۔
Smartphones have changed how people communicate.	اسمارٹ فوناں نے لوکاں دے رابطے دے طریقے کوں تبدیل کیتا اے۔
Clear communication prevents misunderstandings.	صاف رابطہ غلط فہمیاں کوں روکیندے۔
Digital payments have made transactions faster.	ڈیجیٹل ادائیگیاں معاملات تیز کیتے نیں۔
I woke up early this morning.	میں اڄ صبح جلدی اٹھیا۔
Cooking together brings family members closer.	گڈے کھان پکاون خاندان دے ممبراں کوں نیڑے لیندے۔
Respecting elders is an important value.	بزرگاں دا احترام ہک اہم قدر اے۔
Doctors recommend drinking plenty of water.	ڈاکٹر گھنے پانی پیون دی صلاح دیندے نیں۔
Smartphones have changed how people communicate.	اسمارٹ فوناں نے لوکاں دے رابطے دے طریقے کوں تبدیل کیتا اے۔
People travel long distances to visit religious sites.	لوک مذہبی تھانواں دیکھن کیتے لمبیاں دوریاں طے کریندے نیں۔
Birds were chirping in the trees.	پنچھی رکھاں وچ چہچہا رہے ہن۔
Spices add flavor to traditional dishes.	مصالحے روایتی کھاناں وچ ذائقہ ودیندے نیں۔
My grandmother told me stories.	میری دادی نے مینوں کہانیاں سنایاں۔
Farmers wake up early to tend to crops.	کسان فصلاں دی سنبھال کیتے جلدی اٹھدے نیں۔
People travel long distances to visit religious sites.	لوک مذہبی تھانواں دیکھن کیتے لمبیاں دوریاں طے کریندے نیں۔
People travel long distances to visit religious sites.	لوک مذہبی تھانواں دیکھن کیتے لمبیاں دوریاں طے کریندے نیں۔
She cooked delicious biryani for the family.	اوں خاندان کیتے مزیدار بریانی پکائی۔
She walked slowly through the garden.	اوں باغ وچ آہستہ آہستہ ٹردی۔
Birds were chirping in the trees.	پنچھی رکھاں وچ چہچہا رہے ہن۔
Pollution in cities has become a serious problem.	شہراں وچ آلودگی ہک سنجیدہ مسئلہ بن گئی اے۔
The river flows peacefully through the valley.	دریا وادی وچ پرامن طریقے نال وہندی اے۔
Family members support each other during difficult times.	خاندان دے ممبر مشکل وختاں وچ ہک دوجھے دی مدد کریندے نیں۔
The professor wrote equations on the blackboard.	پروفیسر تختے تے مساوات لکھیاں۔
Online shopping has become popular.	آن لائن خریداری مقبول تھی گئی اے۔
The professor wrote equations on the blackboard.	پروفیسر تختے تے مساوات لکھیاں۔
Parents sacrifice their own needs for children.	والدین بچیاں کیتے اپنیاں ضرورتاں قربان کریندے نیں۔
The internet connects people across continents.	انٹرنیٹ براعظماں وچ لوکاں کوں جوڑیندے۔
Digital payments have made transactions faster.	ڈیجیٹل ادائیگیاں معاملات تیز کیتے نیں۔
Farmers wake up early to tend to crops.	کسان فصلاں دی سنبھال کیتے جلدی اٹھدے نیں۔
The bus arrived late.	بس ڈیر نال پہنچی۔
After finishing his work, he sat down.	اپنا کم مکمل کرن دے بعد، او بیٹھ گیا۔
Digital payments have made transactions faster.	ڈیجیٹل ادائیگیاں معاملات تیز کیتے نیں۔
After finishing his work, he sat down.	اپنا کم مکمل کرن دے بعد، او بیٹھ گیا۔
Smartphones have changed how people communicate.	اسمارٹ فوناں نے لوکاں دے رابطے دے طریقے کوں تبدیل کیتا اے۔
Elderly people share wisdom and stories.	بزرگ لوک حکمت تے کہانیاں سانجھیاں کریندے نیں۔
Learning a new language requires practice.	نوی زبان سکھن کیتے مشق دی لوڑ اے۔
She cooked delicious biryani for the family.	اوں خاندان کیتے مزیدار بریانی پکائی۔
Cricket is a popular sport.	کرکٹ ہک مقبول کھیڈ اے۔
We decided to visit the old temple.	اساں پرانے مندر دیکھن دا فیصلہ کیتا۔
Clear communication prevents misunderstandings.	صاف رابطہ غلط فہمیاں کوں روکیندے۔
Reading books improves vocabulary.	کتاباں پڑھن ذخیرہ الفاظ بہتر بنیندے۔
Cooking together brings family members closer.	گڈے کھان پکاون خاندان دے ممبراں کوں نیڑے لیندے۔
I woke up early this morning.	میں اڄ صبح جلدی اٹھیا۔
Farmers planted rice in the flooded fields.	کسان پانی والے کھیتراں وچ چاول پوکے۔
The market was crowded with people.	بازار لوکاں نال بھریا ہویا ہا۔
My grandmother told me stories.	میری دادی نے مینوں کہانیاں سنایاں۔
Cricket is a popular sport.	کرکٹ ہک مقبول کھیڈ اے۔
The professor wrote equations on the blackboard.	پروفیسر تختے تے مساوات لکھیاں۔
Learning a new language requires practice.	نوی زبان سکھن کیتے مشق دی لوڑ اے۔
Train journeys offer scenic views.	ریل دے سفر منظراں دے نظارے پیش کریندے نیں۔
Handicrafts showcase artistic traditions.	ہتھکاریاں فنکارانہ روایات دکھیندیاں نیں۔
Regular exercise helps maintain good health.	منظم ورزش چنگی صحت برقرار رکھن وچ مدد کریندی اے۔
Clear communication prevents misunderstandings.	صاف رابطہ غلط فہمیاں کوں روکیندے۔
Spices add flavor to traditional dishes.	مصالحے روایتی کھاناں وچ ذائقہ ودیندے نیں۔
She walked slowly through the garden.	اوں باغ وچ آہستہ آہستہ ٹردی۔
After finishing his work, he sat down.	اپنا کم مکمل کرن دے بعد، او بیٹھ گیا۔
Cricket is a popular sport.	کرکٹ ہک مقبول کھیڈ اے۔
Birds were chirping in the trees.	پنچھی رکھاں وچ چہچہا رہے ہن۔
Smartphones have changed how people communicate.	اسمارٹ فوناں نے لوکاں دے رابطے دے طریقے کوں تبدیل کیتا اے۔
The market was crowded with people.	بازار لوکاں نال بھریا ہویا ہا۔
She walked slowly through the garden.	اوں باغ وچ آہستہ آہستہ ٹردی۔
Online shopping has become popular.	آن لائن خریداری مقبول تھی گئی اے۔
She cooked delicious biryani for the family.	اوں خاندان کیتے مزیدار بریانی پکائی۔
Doctors work long hours to treat patients.	ڈاکٹر مریضاں دا علاج کرن کیتے لمبیاں گھڑیاں کم کریندے نیں۔
Birds were chirping in the trees.	پنچھی رکھاں وچ چہچہا رہے ہن۔
Family members support each other during difficult times.	خاندان دے ممبر مشکل وختاں وچ ہک دوجھے دی مدد کریندے نیں۔
Traditional music is important for our heritage.	روایتی موسیقی سادی ورثے کیتے اہم اے۔
Small businesses create employment opportunities.	نکیاں کاروبار روزگار دے موقعے پیدا کریندے نیں۔
Handicrafts showcase artistic traditions.	ہتھکاریاں فنکارانہ روایات دکھیندیاں نیں۔
The teacher explained the lesson patiently.	استاد صبر نال سبق سمجھایا۔
I woke up early this morning.	میں اڄ صبح جلدی اٹھیا۔
Cricket is a popular sport.	کرکٹ ہک مقبول کھیڈ اے۔
Small businesses create employment opportunities.	نکیاں کاروبار روزگار دے موقعے پیدا کریندے نیں۔
Children were playing cricket in the street.	بچے سڑک تے کرکٹ کھیڈدے پئے ہن۔
The river flows peacefully through the valley.	دریا وادی وچ پرامن طریقے نال وہندی اے۔
Students gathered in the library.	طالب علم لائبریری وچ گڈے تھئے۔
The wedding ceremony lasted three days.	شادی دی تقریب ترئے دینہہ چلی۔
The market was crowded with people.	بازار لوکاں نال بھریا ہویا ہا۔
We decided to visit the old temple.	اساں پرانے مندر دیکھن دا فیصلہ کیتا۔
Learning a new language requires practice.	نوی زبان سکھن کیتے مشق دی لوڑ اے۔
People travel long distances to visit religious sites.	لوک مذہبی تھانواں دیکھن کیتے لمبیاں دوریاں طے کریندے نیں۔
Smartphones have changed how people communicate.	اسمارٹ فوناں نے لوکاں دے رابطے دے طریقے کوں تبدیل کیتا اے۔
Smartphones have changed how people communicate.	اسمارٹ فوناں نے لوکاں دے رابطے دے طریقے کوں تبدیل کیتا اے۔
The river flows peacefully through the valley.	دریا وادی وچ پرامن طریقے نال وہندی اے۔
Children were playing cricket in the street.	بچے سڑک تے کرکٹ کھیڈدے پئے ہن۔
Doctors work long hours to treat patients.	ڈاکٹر مریضاں دا علاج کرن کیتے لمبیاں گھڑیاں کم کریندے نیں۔
She received a scholarship to study medicine.	اوں طب دی تعلیم کیتے اسکالرشپ حاصل کیتی۔
Doctors recommend drinking plenty of water.	ڈاکٹر گھنے پانی پیون دی صلاح دیندے نیں۔
Reading books improves vocabulary.	کتاباں پڑھن ذخیرہ الفاظ بہتر بنیندے۔
Cricket is a popular sport.	کرکٹ ہک مقبول کھیڈ اے۔
Agriculture remains the primary source of income.	زراعت آمدنی دا بنیادی ذریعہ رہندی اے۔
Students gathered in the library.	طالب علم لائبریری وچ گڈے تھئے۔
Sports teach teamwork and discipline.	کھیڈاں ٹیم ورک تے نظم و ضبط سکھیندیاں نیں۔
Education opens doors to opportunities.	تعلیم موقعاں دے دروازے کولیندی اے۔
Eating fresh fruits provides essential vitamins.	تازہ پھل کھان ضروری وٹامن فراہم کریندے۔
Children learn best when they are interested.	بچے بہترین سکھدے نیں جدوں اوہ دلچسپی رکھدے نیں۔
Education opens doors to opportunities.	تعلیم موقعاں دے دروازے کولیندی اے۔
Regular exercise helps maintain good health.	منظم ورزش چنگی صحت برقرار رکھن وچ مدد کریندی اے۔
The forest is home to many wild animals.	جنگل گھنے جنگلی جانوراں دا گھر اے۔
Smartphones have changed how people communicate.	اسمارٹ فوناں نے لوکاں دے رابطے دے طریقے کوں تبدیل کیتا اے۔
Agriculture remains the primary source of income.	زراعت آمدنی دا بنیادی ذریعہ رہندی اے۔
Birds were chirping in the trees.	پنچھی رکھاں وچ چہچہا رہے ہن۔
Children were playing cricket in the street.	بچے سڑک تے کرکٹ کھیڈدے پئے ہن۔
We decided to visit the old temple.	اساں پرانے مندر دیکھن دا فیصلہ کیتا۔
The teacher explained the lesson patiently.	استاد صبر نال سبق سمجھایا۔
The forest is home to many wild animals.	جنگل گھنے جنگلی جانوراں دا گھر اے۔
Regular exercise helps maintain good health.	منظم ورزش چنگی صحت برقرار رکھن وچ مدد کریندی اے۔
The market was crowded with people.	بازار لوکاں نال بھریا ہویا ہا۔
Handicrafts showcase artistic traditions.	ہتھکاریاں فنکارانہ روایات دکھیندیاں نیں۔
Agriculture remains the primary source of income.	زراعت آمدنی دا بنیادی ذریعہ رہندی اے۔
The forest is home to many wild animals.	جنگل گھنے جنگلی جانوراں دا گھر اے۔
She received a scholarship to study medicine.	اوں طب دی تعلیم کیتے اسکالرشپ حاصل کیتی۔
She walked slowly through the garden.	اوں باغ وچ آہستہ آہستہ ٹردی۔
Children learn best when they are interested.	بچے بہترین سکھدے نیں جدوں اوہ دلچسپی رکھدے نیں۔
Pollution in cities has become a serious problem.	شہراں وچ آلودگی ہک سنجیدہ مسئلہ بن گئی اے۔
Children were playing cricket in the street.	بچے سڑک تے کرکٹ کھیڈدے پئے ہن۔
We decided to visit the old temple.	اساں پرانے مندر دیکھن دا فیصلہ کیتا۔
She received a scholarship to study medicine.	اوں طب دی تعلیم کیتے اسکالرشپ حاصل کیتی۔
The river flows peacefully through the valley.	دریا وادی وچ پرامن طریقے نال وہندی اے۔
The internet connects people across continents.	انٹرنیٹ براعظماں وچ لوکاں کوں جوڑیندے۔
Pollution in cities has become a serious problem.	شہراں وچ آلودگی ہک سنجیدہ مسئلہ بن گئی اے۔
Tourism brings revenue to regions with historical sites.	سیاحت تاریخی تھانواں والے علاقیاں کوں آمدنی لیندی اے۔
Sports teach teamwork and discipline.	کھیڈاں ٹیم ورک تے نظم و ضبط سکھیندیاں نیں۔
She received a scholarship to study medicine.	اوں طب دی تعلیم کیتے اسکالرشپ حاصل کیتی۔
We decided to visit the old temple.	اساں پرانے مندر دیکھن دا فیصلہ کیتا۔
Farmers wake up early to tend to crops.	کسان فصلاں دی سنبھال کیتے جلدی اٹھدے نیں۔
Birds were chirping in the trees.	پنچھی رکھاں وچ چہچہا رہے ہن۔
The market was crowded with people.	بازار لوکاں نال بھریا ہویا ہا۔
Learning a new language requires practice.	نوی زبان سکھن کیتے مشق دی لوڑ اے۔
Train journeys offer scenic views.	ریل دے سفر منظراں دے نظارے پیش کریندے نیں۔
Farmers wake up early to tend to crops.	کسان فصلاں دی سنبھال کیتے جلدی اٹھدے نیں۔
The school organized a science fair.	سکول نے سائنس میلہ منظم کیتا۔
The wedding ceremony lasted three days.	شادی دی تقریب ترئے دینہہ چلی۔
Clear communication prevents misunderstandings.	صاف رابطہ غلط فہمیاں کوں روکیندے۔
Clear communication prevents misunderstandings.	صاف رابطہ غلط فہمیاں کوں روکیندے۔
The bus arrived late.	بس ڈیر نال پہنچی۔
Reading books improves vocabulary.	کتاباں پڑھن ذخیرہ الفاظ بہتر بنیندے۔
She cooked delicious biryani for the family.	اوں خاندان کیتے مزیدار بریانی پکائی۔
Reading books improves vocabulary.	کتاباں پڑھن ذخیرہ الفاظ بہتر بنیندے۔
Eating fresh fruits provides essential vitamins.	تازہ پھل کھان ضروری وٹامن فراہم کریندے۔
Spices add flavor to traditional dishes.	مصالحے روایتی کھاناں وچ ذائقہ ودیندے نیں۔
Digital payments have made transactions faster.	ڈیجیٹل ادائیگیاں معاملات تیز کیتے نیں۔
Education opens doors to opportunities.	تعلیم موقعاں دے دروازے کولیندی اے۔
She walked slowly through the garden.	اوں باغ وچ آہستہ آہستہ ٹردی۔
Learning a new language requires practice.	نوی زبان سکھن کیتے مشق دی لوڑ اے۔
Children learn best when they are interested.	بچے بہترین سکھدے نیں جدوں اوہ دلچسپی رکھدے نیں۔
Agriculture remains the primary source of income.	زراعت آمدنی دا بنیادی ذریعہ رہندی اے۔
The wedding ceremony lasted three days.	شادی دی تقریب ترئے دینہہ چلی۔
Storytelling preserves culture and knowledge.	کہانی سناون ثقافت تے علم کوں محفوظ رکھیندے۔
The river flows peacefully through the valley.	دریا وادی وچ پرامن طریقے نال وہندی اے۔
Respecting elders is an important value.	بزرگاں دا احترام ہک اہم قدر اے۔
Spices add flavor to traditional dishes.	مصالحے روایتی کھاناں وچ ذائقہ ودیندے نیں۔
Sports teach teamwork and discipline.	کھیڈاں ٹیم ورک تے نظم و ضبط سکھیندیاں نیں۔
People travel long distances to visit religious sites.	لوک مذہبی تھانواں دیکھن کیتے لمبیاں دوریاں طے کریندے نیں۔
Tourism brings revenue to regions with historical sites.	سیاحت تاریخی تھانواں والے علاقیاں کوں آمدنی لیندی اے۔
People celebrate festivals with great joy.	لوک ودی خوشی نال میلے منیندے نیں۔
Eating fresh fruits provides essential vitamins.	تازہ پھل کھان ضروری وٹامن فراہم کریندے۔
Digital payments have made transactions faster.	ڈیجیٹل ادائیگیاں معاملات تیز کیتے نیں۔
Cooking together brings family members closer.	گڈے کھان پکاون خاندان دے ممبراں کوں نیڑے لیندے۔
Handicrafts showcase artistic traditions.	ہتھکاریاں فنکارانہ روایات دکھیندیاں نیں۔
Education opens doors to opportunities.	تعلیم موقعاں دے دروازے کولیندی اے۔
Farmers planted rice in the flooded fields.	کسان پانی والے کھیتراں وچ چاول پوکے۔
Tea is served to guests as a gesture of hospitality.	مہماناں کوں مہمان نوازی دی نشانی دے طور تے چاہ پیش کیتی ویندی اے۔
Agriculture remains the primary source of income.	زراعت آمدنی دا بنیادی ذریعہ رہندی اے۔
The internet connects people across continents.	انٹرنیٹ براعظماں وچ لوکاں کوں جوڑیندے۔
Farmers wake up early to tend to crops.	کسان فصلاں دی سنبھال کیتے جلدی اٹھدے نیں۔
Tourism brings revenue to regions with historical sites.	سیاحت تاریخی تھانواں والے علاقیاں کوں آمدنی لیندی اے۔
The professor wrote equations on the blackboard.	پروفیسر تختے تے مساوات لکھیاں۔
After finishing his work, he sat down.	اپنا کم مکمل کرن دے بعد، او بیٹھ گیا۔
Traditional music is important for our heritage.	روایتی موسیقی سادی ورثے کیتے اہم اے۔
Agriculture remains the primary source of income.	زراعت آمدنی دا بنیادی ذریعہ رہندی اے۔
The bus arrived late.	بس ڈیر نال پہنچی۔
Parents sacrifice their own needs for children.	والدین بچیاں کیتے اپنیاں ضرورتاں قربان کریندے نیں۔
The market was crowded with people.	بازار لوکاں نال بھریا ہویا ہا۔
Sports teach teamwork and discipline.	کھیڈاں ٹیم ورک تے نظم و ضبط سکھیندیاں نیں۔
Birds were chirping in the trees.	پنچھی رکھاں وچ چہچہا رہے ہن۔
The teacher explained the lesson patiently.	استاد صبر نال سبق سمجھایا۔
Tourism brings revenue to regions with historical sites.	سیاحت تاریخی تھانواں والے علاقیاں کوں آمدنی لیندی اے۔
Doctors work long hours to treat patients.	ڈاکٹر مریضاں دا علاج کرن کیتے لمبیاں گھڑیاں کم کریندے نیں۔
Digital payments have made transactions faster.	ڈیجیٹل ادائیگیاں معاملات تیز کیتے نیں۔
The teacher explained the lesson patiently.	استاد صبر نال سبق سمجھایا۔
People travel long distances to visit religious sites.	لوک مذہبی تھانواں دیکھن کیتے لمبیاں دوریاں طے کریندے نیں۔
Agriculture remains the primary source of income.	زراعت آمدنی دا بنیادی ذریعہ رہندی اے۔
Learning a new language requires practice.	نوی زبان سکھن کیتے مشق دی لوڑ اے۔
She walked slowly through the garden.	اوں باغ وچ آہستہ آہستہ ٹردی۔
Farmers wake up early to tend to crops.	کسان فصلاں دی سنبھال کیتے جلدی اٹھدے نیں۔
She walked slowly through the garden.	اوں باغ وچ آہستہ آہستہ ٹردی۔
Children were playing cricket in the street.	بچے سڑک تے کرکٹ کھیڈدے پئے ہن۔
Agriculture remains the primary source of income.	زراعت آمدنی دا بنیادی ذریعہ رہندی اے۔
The wedding ceremony lasted three days.	شادی دی تقریب ترئے دینہہ چلی۔
Farmers planted rice in the flooded fields.	کسان پانی والے کھیتراں وچ چاول پوکے۔
Spices add flavor to traditional dishes.	مصالحے روایتی کھاناں وچ ذائقہ ودیندے نیں۔
Students gathered in the library.	طالب علم لائبریری وچ گڈے تھئے۔
Agriculture remains the primary source of income.	زراعت آمدنی دا بنیادی ذریعہ رہندی اے۔
After finishing his work, he sat down.	اپنا کم مکمل کرن دے بعد، او بیٹھ گیا۔
Train journeys offer scenic views.	ریل دے سفر منظراں دے نظارے پیش کریندے نیں۔
Elderly people share wisdom and stories.	بزرگ لوک حکمت تے کہانیاں سانجھیاں کریندے نیں۔
Parents sacrifice their own needs for children.	والدین بچیاں کیتے اپنیاں ضرورتاں قربان کریندے نیں۔
Doctors recommend drinking plenty of water.	ڈاکٹر گھنے پانی پیون دی صلاح دیندے نیں۔
Reading books improves vocabulary.	کتاباں پڑھن ذخیرہ الفاظ بہتر بنیندے۔
The school organized a science fair.	سکول نے سائنس میلہ منظم کیتا۔
Doctors work long hours to treat patients.	ڈاکٹر مریضاں دا علاج کرن کیتے لمبیاں گھڑیاں کم کریندے نیں۔
Cooking together brings family members closer.	گڈے کھان پکاون خاندان دے ممبراں کوں نیڑے لیندے۔
She cooked delicious biryani for the family.	اوں خاندان کیتے مزیدار بریانی پکائی۔
She received a scholarship to study medicine.	اوں طب دی تعلیم کیتے اسکالرشپ حاصل کیتی۔
Storytelling preserves culture and knowledge.	کہانی سناون ثقافت تے علم کوں محفوظ رکھیندے۔
Birds were chirping in the trees.	پنچھی رکھاں وچ چہچہا رہے ہن۔
Cooking together brings family members closer.	گڈے کھان پکاون خاندان دے ممبراں کوں نیڑے لیندے۔
Cooking together brings family members closer.	گڈے کھان پکاون خاندان دے ممبراں کوں نیڑے لیندے۔
Sports teach teamwork and discipline.	کھیڈاں ٹیم ورک تے نظم و ضبط سکھیندیاں نیں۔
I woke up early this morning.	میں اڄ صبح جلدی اٹھیا۔
Education opens doors to opportunities.	تعلیم موقعاں دے دروازے کولیندی اے۔
Farmers wake up early to tend to crops.	کسان فصلاں دی سنبھال کیتے جلدی اٹھدے نیں۔
Cricket is a popular sport.	کرکٹ ہک مقبول کھیڈ اے۔
The wedding ceremony lasted three days.	شادی دی تقریب ترئے دینہہ چلی۔
The forest is home to many wild animals.	جنگل گھنے جنگلی جانوراں دا گھر اے۔
Traditional music is important for our heritage.	روایتی موسیقی سادی ورثے کیتے اہم اے۔
Sports teach teamwork and discipline.	کھیڈاں ٹیم ورک تے نظم و ضبط سکھیندیاں نیں۔
Education opens doors to opportunities.	تعلیم موقعاں دے دروازے کولیندی اے۔
She received a scholarship to study medicine.	اوں طب دی تعلیم کیتے اسکالرشپ حاصل کیتی۔
She cooked delicious biryani for the family.	اوں خاندان کیتے مزیدار بریانی پکائی۔
Handicrafts showcase artistic traditions.	ہتھکاریاں فنکارانہ روایات دکھیندیاں نیں۔
Digital payments have made transactions faster.	ڈیجیٹل ادائیگیاں معاملات تیز کیتے نیں۔
The wedding ceremony lasted three days.	شادی دی تقریب ترئے دینہہ چلی۔
The internet connects people across continents.	انٹرنیٹ براعظماں وچ لوکاں کوں جوڑیندے۔
Students gathered in the library.	طالب علم لائبریری وچ گڈے تھئے۔
Agriculture remains the primary source of income.	زراعت آمدنی دا بنیادی ذریعہ رہندی اے۔
Parents sacrifice their own needs for children.	والدین بچیاں کیتے اپنیاں ضرورتاں قربان کریندے نیں۔
Elderly people share wisdom and stories.	بزرگ لوک حکمت تے کہانیاں سانجھیاں کریندے نیں۔
My grandmother told me stories.	میری دادی نے مینوں کہانیاں سنایاں۔
The internet connects people across continents.	انٹرنیٹ براعظماں وچ لوکاں کوں جوڑیندے۔
After finishing his work, he sat down.	اپنا کم مکمل کرن دے بعد، او بیٹھ گیا۔
Online shopping has become popular.	آن لائن خریداری مقبول تھی گئی اے۔
Doctors work long hours to treat patients.	ڈاکٹر مریضاں دا علاج کرن کیتے لمبیاں گھڑیاں کم کریندے نیں۔
After finishing his work, he sat down.	اپنا کم مکمل کرن دے بعد، او بیٹھ گیا۔
Eating fresh fruits provides essential vitamins.	تازہ پھل کھان ضروری وٹامن فراہم کریندے۔
Eating fresh fruits provides essential vitamins.	تازہ پھل کھان ضروری وٹامن فراہم کریندے۔
Pollution in cities has become a serious problem.	شہراں وچ آلودگی ہک سنجیدہ مسئلہ بن گئی اے۔
People celebrate festivals with great joy.	لوک ودی خوشی نال میلے منیندے نیں۔
Doctors work long hours to treat patients.	ڈاکٹر مریضاں دا علاج کرن کیتے لمبیاں گھڑیاں کم کریندے نیں۔
Teachers shape young minds.	استاد نوجوان ذہناں کوں شکل دیندے نیں۔
Birds were chirping in the trees.	پنچھی رکھاں وچ چہچہا رہے ہن۔
Cricket is a popular sport.	کرکٹ ہک مقبول کھیڈ اے۔
The bus arrived late.	بس ڈیر نال پہنچی۔
Teachers shape young minds.	استاد نوجوان ذہناں کوں شکل دیندے نیں۔
Pollution in cities has become a serious problem.	شہراں وچ آلودگی ہک سنجیدہ مسئلہ بن گئی اے۔
Digital payments have made transactions faster.	ڈیجیٹل ادائیگیاں معاملات تیز کیتے نیں۔
Teachers shape young minds.	استاد نوجوان ذہناں کوں شکل دیندے نیں۔
Farmers wake up early to tend to crops.	کسان فصلاں دی سنبھال کیتے جلدی اٹھدے نیں۔
The wedding ceremony lasted three days.	شادی دی تقریب ترئے دینہہ چلی۔
People travel long distances to visit religious sites.	لوک مذہبی تھانواں دیکھن کیتے لمبیاں دوریاں طے کریندے نیں۔
The bus arrived late.	بس ڈیر نال پہنچی۔
Pollution in cities has become a serious problem.	شہراں وچ آلودگی ہک سنجیدہ مسئلہ بن گئی اے۔
The wedding ceremony lasted three days.	شادی دی تقریب ترئے دینہہ چلی۔
The bus arrived late.	بس ڈیر نال پہنچی۔
Regular exercise helps maintain good health.	منظم ورزش چنگی صحت برقرار رکھن وچ مدد کریندی اے۔
Reading books improves vocabulary.	کتاباں پڑھن ذخیرہ الفاظ بہتر بنیندے۔
People celebrate festivals with great joy.	لوک ودی خوشی نال میلے منیندے نیں۔
She cooked delicious biryani for the family.	اوں خاندان کیتے مزیدار بریانی پکائی۔
The school organized a science fair.	سکول نے سائنس میلہ منظم کیتا۔
Cricket is a popular sport.	کرکٹ ہک مقبول کھیڈ اے۔
She cooked delicious biryani for the family.	اوں خاندان کیتے مزیدار بریانی پکائی۔
Doctors recommend drinking plenty of water.	ڈاکٹر گھنے پانی پیون دی صلاح دیندے نیں۔
Regular exercise helps maintain good health.	منظم ورزش چنگی صحت برقرار رکھن وچ مدد کریندی اے۔
The forest is home to many wild animals.	جنگل گھنے جنگلی جانوراں دا گھر اے۔
People travel long distances to visit religious sites.	لوک مذہبی تھانواں دیکھن کیتے لمبیاں دوریاں طے کریندے نیں۔
The market was crowded with people.	بازار لوکاں نال بھریا ہویا ہا۔
Train journeys offer scenic views.	ریل دے سفر منظراں دے نظارے پیش کریندے نیں۔
Cricket is a popular sport.	کرکٹ ہک مقبول کھیڈ اے۔
Handicrafts showcase artistic traditions.	ہتھکاریاں فنکارانہ روایات دکھیندیاں نیں۔
Respecting elders is an important value.	بزرگاں دا احترام ہک اہم قدر اے۔
Small businesses create employment opportunities.	نکیاں کاروبار روزگار دے موقعے پیدا کریندے نیں۔
Students gathered in the library.	طالب علم لائبریری وچ گڈے تھئے۔
Handicrafts showcase artistic traditions.	ہتھکاریاں فنکارانہ روایات دکھیندیاں نیں۔
The professor wrote equations on the blackboard.	پروفیسر تختے تے مساوات لکھیاں۔
Storytelling preserves culture and knowledge.	کہانی سناون ثقافت تے علم کوں محفوظ رکھیندے۔
Teachers shape young minds.	استاد نوجوان ذہناں کوں شکل دیندے نیں۔
Family members support each other during difficult times.	خاندان دے ممبر مشکل وختاں وچ ہک دوجھے دی مدد کریندے نیں۔
Pollution in cities has become a serious problem.	شہراں وچ آلودگی ہک سنجیدہ مسئلہ بن گئی اے۔
The wedding ceremony lasted three days.	شادی دی تقریب ترئے دینہہ چلی۔
The professor wrote equations on the blackboard.	پروفیسر تختے تے مساوات لکھیاں۔
The wedding ceremony lasted three days.	شادی دی تقریب ترئے دینہہ چلی۔
Clear communication prevents misunderstandings.	صاف رابطہ غلط فہمیاں کوں روکیندے۔
Agriculture remains the primary source of income.	زراعت آمدنی دا بنیادی ذریعہ رہندی اے۔
Children learn best when they are interested.	بچے بہترین سکھدے نیں جدوں اوہ دلچسپی رکھدے نیں۔
Train journeys offer scenic views.	ریل دے سفر منظراں دے نظارے پیش کریندے نیں۔
Agriculture remains the primary source of income.	زراعت آمدنی دا بنیادی ذریعہ رہندی اے۔
She received a scholarship to study medicine.	اوں طب دی تعلیم کیتے اسکالرشپ حاصل کیتی۔
Pollution in cities has become a serious problem.	شہراں وچ آلودگی ہک سنجیدہ مسئلہ بن گئی اے۔
People travel long distances to visit religious sites.	لوک مذہبی تھانواں دیکھن کیتے لمبیاں دوریاں طے کریندے نیں۔
Tourism brings revenue to regions with historical sites.	سیاحت تاریخی تھانواں والے علاقیاں کوں آمدنی لیندی اے۔
Sports teach teamwork and discipline.	کھیڈاں ٹیم ورک تے نظم و ضبط سکھیندیاں نیں۔
The wedding ceremony lasted three days.	شادی دی تقریب ترئے دینہہ چلی۔
The school organized a science fair.	سکول نے سائنس میلہ منظم کیتا۔
Train journeys offer scenic views.	ریل دے سفر منظراں دے نظارے پیش کریندے نیں۔
Children learn best when they are interested.	بچے بہترین سکھدے نیں جدوں اوہ دلچسپی رکھدے نیں۔
Cooking together brings family members closer.	گڈے کھان پکاون خاندان دے ممبراں کوں نیڑے لیندے۔
The forest is home to many wild animals.	جنگل گھنے جنگلی جانوراں دا گھر اے۔
Spices add flavor to traditional dishes.	مصالحے روایتی کھاناں وچ ذائقہ ودیندے نیں۔
Respecting elders is an important value.	بزرگاں دا احترام ہک اہم قدر اے۔
The market was crowded with people.	بازار لوکاں نال بھریا ہویا ہا۔
After finishing his work, he sat down.	اپنا کم مکمل کرن دے بعد، او بیٹھ گیا۔
She cooked delicious biryani for the family.	اوں خاندان کیتے مزیدار بریانی پکائی۔
Storytelling preserves culture and knowledge.	کہانی سناون ثقافت تے علم کوں محفوظ رکھیندے۔
She cooked delicious biryani for the family.	اوں خاندان کیتے مزیدار بریانی پکائی۔
My grandmother told me stories.	میری دادی نے مینوں کہانیاں سنایاں۔
Doctors work long hours to treat patients.	ڈاکٹر مریضاں دا علاج کرن کیتے لمبیاں گھڑیاں کم کریندے نیں۔
Sports teach teamwork and discipline.	کھیڈاں ٹیم ورک تے نظم و ضبط سکھیندیاں نیں۔
Small businesses create employment opportunities.	نکیاں کاروبار روزگار دے موقعے پیدا کریندے نیں۔
Children were playing cricket in the street.	بچے سڑک تے کرکٹ کھیڈدے پئے ہن۔
Education opens doors to opportunities.	تعلیم موقعاں دے دروازے کولیندی اے۔
After finishing his work, he sat down.	اپنا کم مکمل کرن دے بعد، او بیٹھ گیا۔
Children learn best when they are interested.	بچے بہترین سکھدے نیں جدوں اوہ دلچسپی رکھدے نیں۔
Elderly people share wisdom and stories.	بزرگ لوک حکمت تے کہانیاں سانجھیاں کریندے نیں۔
Education opens doors to opportunities.	تعلیم موقعاں دے دروازے کولیندی اے۔
Doctors recommend drinking plenty of water.	ڈاکٹر گھنے پانی پیون دی صلاح دیندے نیں۔
She walked slowly through the garden.	اوں باغ وچ آہستہ آہستہ ٹردی۔
Online shopping has become popular.	آن لائن خریداری مقبول تھی گئی اے۔
Smartphones have changed how people communicate.	اسمارٹ فوناں نے لوکاں دے رابطے دے طریقے کوں تبدیل کیتا اے۔
Students gathered in the library.	طالب علم لائبریری وچ گڈے تھئے۔
My grandmother told me stories.	میری دادی نے مینوں کہانیاں سنایاں۔
After finishing his work, he sat down.	اپنا کم مکمل کرن دے بعد، او بیٹھ گیا۔
Agriculture remains the primary source of income.	زراعت آمدنی دا بنیادی ذریعہ رہندی اے۔
Teachers shape young minds.	استاد نوجوان ذہناں کوں شکل دیندے نیں۔
The professor wrote equations on the blackboard.	پروفیسر تختے تے مساوات لکھیاں۔
People celebrate festivals with great joy.	لوک ودی خوشی نال میلے منیندے نیں۔
Teachers shape young minds.	استاد نوجوان ذہناں کوں شکل دیندے نیں۔
Agriculture remains the primary source of income.	زراعت آمدنی دا بنیادی ذریعہ رہندی اے۔
The wedding ceremony lasted three days.	شادی دی تقریب ترئے دینہہ چلی۔
Farmers planted rice in the flooded fields.	کسان پانی والے کھیتراں وچ چاول پوکے۔
Elderly people share wisdom and stories.	بزرگ لوک حکمت تے کہانیاں سانجھیاں کریندے نیں۔
Train journeys offer scenic views.	ریل دے سفر منظراں دے نظارے پیش کریندے نیں۔
Education opens doors to opportunities.	تعلیم موقعاں دے دروازے کولیندی اے۔
The market was crowded with people.	بازار لوکاں نال بھریا ہویا ہا۔
Birds were chirping in the trees.	پنچھی رکھاں وچ چہچہا رہے ہن۔
She received a scholarship to study medicine.	اوں طب دی تعلیم کیتے اسکالرشپ حاصل کیتی۔
Spices add flavor to traditional dishes.	مصالحے روایتی کھاناں وچ ذائقہ ودیندے نیں۔
Birds were chirping in the trees.	پنچھی رکھاں وچ چہچہا رہے ہن۔
Traditional music is important for our heritage.	روایتی موسیقی سادی ورثے کیتے اہم اے۔
Education opens doors to opportunities.	تعلیم موقعاں دے دروازے کولیندی اے۔
Students gathered in the library.	طالب علم لائبریری وچ گڈے تھئے۔
Regular exercise helps maintain good health.	منظم ورزش چنگی صحت برقرار رکھن وچ مدد کریندی اے۔
Doctors work long hours to treat patients.	ڈاکٹر مریضاں دا علاج کرن کیتے لمبیاں گھڑیاں کم کریندے نیں۔
Students gathered in the library.	طالب علم لائبریری وچ گڈے تھئے۔
The market was crowded with people.	بازار لوکاں نال بھریا ہویا ہا۔
Handicrafts showcase artistic traditions.	ہتھکاریاں فنکارانہ روایات دکھیندیاں نیں۔
Learning a new language requires practice.	نوی زبان سکھن کیتے مشق دی لوڑ اے۔
The professor wrote equations on the blackboard.	پروفیسر تختے تے مساوات لکھیاں۔
Reading books improves vocabulary.	کتاباں پڑھن ذخیرہ الفاظ بہتر بنیندے۔
Respecting elders is an important value.	بزرگاں دا احترام ہک اہم قدر اے۔
Doctors work long hours to treat patients.	ڈاکٹر مریضاں دا علاج کرن کیتے لمبیاں گھڑیاں کم کریندے نیں۔
Train journeys offer scenic views.	ریل دے سفر منظراں دے نظارے پیش کریندے نیں۔
Small businesses create employment opportunities.	نکیاں کاروبار روزگار دے موقعے پیدا کریندے نیں۔
Spices add flavor to traditional dishes.	مصالحے روایتی کھاناں وچ ذائقہ ودیندے نیں۔
People celebrate festivals with great joy.	لوک ودی خوشی نال میلے منیندے نیں۔
The bus arrived late.	بس ڈیر نال پہنچی۔
The internet connects people across continents.	انٹرنیٹ براعظماں وچ لوکاں کوں جوڑیندے۔
She cooked delicious biryani for the family.	اوں خاندان کیتے مزیدار بریانی پکائی۔
The bus arrived late.	بس ڈیر نال پہنچی۔
Train journeys offer scenic views.	ریل دے سفر منظراں دے نظارے پیش کریندے نیں۔
Farmers planted rice in the flooded fields.	کسان پانی والے کھیتراں وچ چاول پوکے۔
Tea is served to guests as a gesture of hospitality.	مہماناں کوں مہمان نوازی دی نشانی دے طور تے چاہ پیش کیتی ویندی اے۔
The professor wrote equations on the blackboard.	پروفیسر تختے تے مساوات لکھیاں۔
She cooked delicious biryani for the family.	اوں خاندان کیتے مزیدار بریانی پکائی۔
Cricket is a popular sport.	کرکٹ ہک مقبول کھیڈ اے۔
Handicrafts showcase artistic traditions.	ہتھکاریاں فنکارانہ روایات دکھیندیاں نیں۔
Traditional music is important for our heritage.	روایتی موسیقی سادی ورثے کیتے اہم اے۔
Handicrafts showcase artistic traditions.	ہتھکاریاں فنکارانہ روایات دکھیندیاں نیں۔
She cooked delicious biryani for the family.	اوں خاندان کیتے مزیدار بریانی پکائی۔
We decided to visit the old temple.	اساں پرانے مندر دیکھن دا فیصلہ کیتا۔
Respecting elders is an important value.	بزرگاں دا احترام ہک اہم قدر اے۔
She received a scholarship to study medicine.	اوں طب دی تعلیم کیتے اسکالرشپ حاصل کیتی۔
Doctors recommend drinking plenty of water.	ڈاکٹر گھنے پانی پیون دی صلاح دیندے نیں۔
She walked slowly through the garden.	اوں باغ وچ آہستہ آہستہ ٹردی۔
Parents sacrifice their own needs for children.	والدین بچیاں کیتے اپنیاں ضرورتاں قربان کریندے نیں۔
Farmers wake up early to tend to crops.	کسان فصلاں دی سنبھال کیتے جلدی اٹھدے نیں۔
The school organized a science fair.	سکول نے سائنس میلہ منظم کیتا۔
Children were playing cricket in the street.	بچے سڑک تے کرکٹ کھیڈدے پئے ہن۔
Clear communication prevents misunderstandings.	صاف رابطہ غلط فہمیاں کوں روکیندے۔
Children learn best when they are interested.	بچے بہترین سکھدے نیں جدوں اوہ دلچسپی رکھدے نیں۔
The school organized a science fair.	سکول نے سائنس میلہ منظم کیتا۔
Family members support each other during difficult times.	خاندان دے ممبر مشکل وختاں وچ ہک دوجھے دی مدد کریندے نیں۔
The market was crowded with people.	بازار لوکاں نال بھریا ہویا ہا۔
Tourism brings revenue to regions with historical sites.	سیاحت تاریخی تھانواں والے علاقیاں کوں آمدنی لیندی اے۔
Pollution in cities has become a serious problem.	شہراں وچ آلودگی ہک سنجیدہ مسئلہ بن گئی اے۔
The school organized a science fair.	سکول نے سائنس میلہ منظم کیتا۔
People celebrate festivals with great joy.	لوک ودی خوشی نال میلے منیندے نیں۔
Storytelling preserves culture and knowledge.	کہانی سناون ثقافت تے علم کوں محفوظ رکھیندے۔
The wedding ceremony lasted three days.	شادی دی تقریب ترئے دینہہ چلی۔
She walked slowly through the garden.	اوں باغ وچ آہستہ آہستہ ٹردی۔
The river flows peacefully through the valley.	دریا وادی وچ پرامن طریقے نال وہندی اے۔
Learning a new language requires practice.	نوی زبان سکھن کیتے مشق دی لوڑ اے۔
My grandmother told me stories.	میری دادی نے مینوں کہانیاں سنایاں۔
Sports teach teamwork and discipline.	کھیڈاں ٹیم ورک تے نظم و ضبط سکھیندیاں نیں۔
Children learn best when they are interested.	بچے بہترین سکھدے نیں جدوں اوہ دلچسپی رکھدے نیں۔
Agriculture remains the primary source of income.	زراعت آمدنی دا بنیادی ذریعہ رہندی اے۔
Farmers planted rice in the flooded fields.	کسان پانی والے کھیتراں وچ چاول پوکے۔
The teacher explained the lesson patiently.	استاد صبر نال سبق سمجھایا۔
Traditional music is important for our heritage.	روایتی موسیقی سادی ورثے کیتے اہم اے۔
Agriculture remains the primary source of income.	زراعت آمدنی دا بنیادی ذریعہ رہندی اے۔
Learning a new language requires practice.	نوی زبان سکھن کیتے مشق دی لوڑ اے۔
Digital payments have made transactions faster.	ڈیجیٹل ادائیگیاں معاملات تیز کیتے نیں۔
Students gathered in the library.	طالب علم لائبریری وچ گڈے تھئے۔
Family members support each other during difficult times.	خاندان دے ممبر مشکل وختاں وچ ہک دوجھے دی مدد کریندے نیں۔
People travel long distances to visit religious sites.	لوک مذہبی تھانواں دیکھن کیتے لمبیاں دوریاں طے کریندے نیں۔
Teachers shape young minds.	استاد نوجوان ذہناں کوں شکل دیندے نیں۔
She received a scholarship to study medicine.	اوں طب دی تعلیم کیتے اسکالرشپ حاصل کیتی۔
Spices add flavor to traditional dishes.	مصالحے روایتی کھاناں وچ ذائقہ ودیندے نیں۔
The school organized a science fair.	سکول نے سائنس میلہ منظم کیتا۔
She walked slowly through the garden.	اوں باغ وچ آہستہ آہستہ ٹردی۔
Tourism brings revenue to regions with historical sites.	سیاحت تاریخی تھانواں والے علاقیاں کوں آمدنی لیندی اے۔
Online shopping has become popular.	آن لائن خریداری مقبول تھی گئی اے۔
Parents sacrifice their own needs for children.	والدین بچیاں کیتے اپنیاں ضرورتاں قربان کریندے نیں۔
Handicrafts showcase artistic traditions.	ہتھکاریاں فنکارانہ روایات دکھیندیاں نیں۔
Farmers planted rice in the flooded fields.	کسان پانی والے کھیتراں وچ چاول پوکے۔
Doctors recommend drinking plenty of water.	ڈاکٹر گھنے پانی پیون دی صلاح دیندے نیں۔
I woke up early this morning.	میں اڄ صبح جلدی اٹھیا۔
The forest is home to many wild animals.	جنگل گھنے جنگلی جانوراں دا گھر اے۔
Farmers planted rice in the flooded fields.	کسان پانی والے کھیتراں وچ چاول پوکے۔
Children learn best when they are interested.	بچے بہترین سکھدے نیں جدوں اوہ دلچسپی رکھدے نیں۔
Handicrafts showcase artistic traditions.	ہتھکاریاں فنکارانہ روایات دکھیندیاں نیں۔
Smartphones have changed how people communicate.	اسمارٹ فوناں نے لوکاں دے رابطے دے طریقے کوں تبدیل کیتا اے۔
The forest is home to many wild animals.	جنگل گھنے جنگلی جانوراں دا گھر اے۔
Clear communication prevents misunderstandings.	صاف رابطہ غلط فہمیاں کوں روکیندے۔
Children learn best when they are interested.	بچے بہترین سکھدے نیں جدوں اوہ دلچسپی رکھدے نیں۔
Children were playing cricket in the street.	بچے سڑک تے کرکٹ کھیڈدے پئے ہن۔
Pollution in cities has become a serious problem.	شہراں وچ آلودگی ہک سنجیدہ مسئلہ بن گئی اے۔
Parents sacrifice their own needs for children.	والدین بچیاں کیتے اپنیاں ضرورتاں قربان کریندے نیں۔
The river flows peacefully through the valley.	دریا وادی وچ پرامن طریقے نال وہندی اے۔
The professor wrote equations on the blackboard.	پروفیسر تختے تے مساوات لکھیاں۔
We decided to visit the old temple.	اساں پرانے مندر دیکھن دا فیصلہ کیتا۔
Sports teach teamwork and discipline.	کھیڈاں ٹیم ورک تے نظم و ضبط سکھیندیاں نیں۔
Birds were chirping in the trees.	پنچھی رکھاں وچ چہچہا رہے ہن۔
The school organized a science fair.	سکول نے سائنس میلہ منظم کیتا۔
Parents sacrifice their own needs for children.	والدین بچیاں کیتے اپنیاں ضرورتاں قربان کریندے نیں۔
Cooking together brings family members closer.	گڈے کھان پکاون خاندان دے ممبراں کوں نیڑے لیندے۔
The professor wrote equations on the blackboard.	پروفیسر تختے تے مساوات لکھیاں۔
She cooked delicious biryani for the family.	اوں خاندان کیتے مزیدار بریانی پکائی۔
The forest is home to many wild animals.	جنگل گھنے جنگلی جانوراں دا گھر اے۔
Smartphones have changed how people communicate.	اسمارٹ فوناں نے لوکاں دے رابطے دے طریقے کوں تبدیل کیتا اے۔
Parents sacrifice their own needs for children.	والدین بچیاں کیتے اپنیاں ضرورتاں قربان کریندے نیں۔
Tea is served to guests as a gesture of hospitality.	مہماناں کوں مہمان نوازی دی نشانی دے طور تے چاہ پیش کیتی ویندی اے۔
Children learn best when they are interested.	بچے بہترین سکھدے نیں جدوں اوہ دلچسپی رکھدے نیں۔
Smartphones have changed how people communicate.	اسمارٹ فوناں نے لوکاں دے رابطے دے طریقے کوں تبدیل کیتا اے۔
We decided to visit the old temple.	اساں پرانے مندر دیکھن دا فیصلہ کیتا۔
Farmers wake up early to tend to crops.	کسان فصلاں دی سنبھال کیتے جلدی اٹھدے نیں۔
She received a scholarship to study medicine.	اوں طب دی تعلیم کیتے اسکالرشپ حاصل کیتی۔
Doctors work long hours to treat patients.	ڈاکٹر مریضاں دا علاج کرن کیتے لمبیاں گھڑیاں کم کریندے نیں۔
Birds were chirping in the trees.	پنچھی رکھاں وچ چہچہا رہے ہن۔
Teachers shape young minds.	استاد نوجوان ذہناں کوں شکل دیندے نیں۔
She walked slowly through the garden.	اوں باغ وچ آہستہ آہستہ ٹردی۔
Traditional music is important for our heritage.	روایتی موسیقی سادی ورثے کیتے اہم اے۔
Cooking together brings family members closer.	گڈے کھان پکاون خاندان دے ممبراں کوں نیڑے لیندے۔
Farmers planted rice in the flooded fields.	کسان پانی والے کھیتراں وچ چاول پوکے۔
She cooked delicious biryani for the family.	اوں خاندان کیتے مزیدار بریانی پکائی۔
People travel long distances to visit religious sites.	لوک مذہبی تھانواں دیکھن کیتے لمبیاں دوریاں طے کریندے نیں۔
Learning a new language requires practice.	نوی زبان سکھن کیتے مشق دی لوڑ اے۔
Agriculture remains the primary source of income.	زراعت آمدنی دا بنیادی ذریعہ رہندی اے۔
Eating fresh fruits provides essential vitamins.	تازہ پھل کھان ضروری وٹامن فراہم کریندے۔
I woke up early this morning.	میں اڄ صبح جلدی اٹھیا۔
Cooking together brings family members closer.	گڈے کھان پکاون خاندان دے ممبراں کوں نیڑے لیندے۔
Farmers wake up early to tend to crops.	کسان فصلاں دی سنبھال کیتے جلدی اٹھدے نیں۔
My grandmother told me stories.	میری دادی نے مینوں کہانیاں سنایاں۔
The forest is home to many wild animals.	جنگل گھنے جنگلی جانوراں دا گھر اے۔
Digital payments have made transactions faster.	ڈیجیٹل ادائیگیاں معاملات تیز کیتے نیں۔
Spices add flavor to traditional dishes.	مصالحے روایتی کھاناں وچ ذائقہ ودیندے نیں۔
We decided to visit the old temple.	اساں پرانے مندر دیکھن دا فیصلہ کیتا۔
Eating fresh fruits provides essential vitamins.	تازہ پھل کھان ضروری وٹامن فراہم کریندے۔
She walked slowly through the garden.	اوں باغ وچ آہستہ آہستہ ٹردی۔
She walked slowly through the garden.	اوں باغ وچ آہستہ آہستہ ٹردی۔
Pollution in cities has become a serious problem.	شہراں وچ آلودگی ہک سنجیدہ مسئلہ بن گئی اے۔
Tourism brings revenue to regions with historical sites.	سیاحت تاریخی تھانواں والے علاقیاں کوں آمدنی لیندی اے۔
Children learn best when they are interested.	بچے بہترین سکھدے نیں جدوں اوہ دلچسپی رکھدے نیں۔
Regular exercise helps maintain good health.	منظم ورزش چنگی صحت برقرار رکھن وچ مدد کریندی اے۔
Elderly people share wisdom and stories.	بزرگ لوک حکمت تے کہانیاں سانجھیاں کریندے نیں۔
Pollution in cities has become a serious problem.	شہراں وچ آلودگی ہک سنجیدہ مسئلہ بن گئی اے۔
Traditional music is important for our heritage.	روایتی موسیقی سادی ورثے کیتے اہم اے۔
My grandmother told me stories.	میری دادی نے مینوں کہانیاں سنایاں۔
Family members support each other during difficult times.	خاندان دے ممبر مشکل وختاں وچ ہک دوجھے دی مدد کریندے نیں۔
The teacher explained the lesson patiently.	استاد صبر نال سبق سمجھایا۔
Traditional music is important for our heritage.	روایتی موسیقی سادی ورثے کیتے اہم اے۔
Pollution in cities has become a serious problem.	شہراں وچ آلودگی ہک سنجیدہ مسئلہ بن گئی اے۔
My grandmother told me stories.	میری دادی نے مینوں کہانیاں سنایاں۔
The market was crowded with people.	بازار لوکاں نال بھریا ہویا ہا۔
Tea is served to guests as a gesture of hospitality.	مہماناں کوں مہمان نوازی دی نشانی دے طور تے چاہ پیش کیتی ویندی اے۔
Cricket is a popular sport.	کرکٹ ہک مقبول کھیڈ اے۔
The professor wrote equations on the blackboard.	پروفیسر تختے تے مساوات لکھیاں۔
Family members support each other during difficult times.	خاندان دے ممبر مشکل وختاں وچ ہک دوجھے دی مدد کریندے نیں۔
Cooking together brings family members closer.	گڈے کھان پکاون خاندان دے ممبراں کوں نیڑے لیندے۔
She cooked delicious biryani for the family.	اوں خاندان کیتے مزیدار بریانی پکائی۔
Reading books improves vocabulary.	کتاباں پڑھن ذخیرہ الفاظ بہتر بنیندے۔
Cooking together brings family members closer.	گڈے کھان پکاون خاندان دے ممبراں کوں نیڑے لیندے۔
Train journeys offer scenic views.	ریل دے سفر منظراں دے نظارے پیش کریندے نیں۔
The market was crowded with people.	بازار لوکاں نال بھریا ہویا ہا۔
After finishing his work, he sat down.	اپنا کم مکمل کرن دے بعد، او بیٹھ گیا۔
The teacher explained the lesson patiently.	استاد صبر نال سبق سمجھایا۔
People travel long distances to visit religious sites.	لوک مذہبی تھانواں دیکھن کیتے لمبیاں دوریاں طے کریندے نیں۔
Children learn best when they are interested.	بچے بہترین سکھدے نیں جدوں اوہ دلچسپی رکھدے نیں۔
She walked slowly through the garden.	اوں باغ وچ آہستہ آہستہ ٹردی۔
I woke up early this morning.	میں اڄ صبح جلدی اٹھیا۔
Birds were chirping in the trees.	پنچھی رکھاں وچ چہچہا رہے ہن۔
Smartphones have changed how people communicate.	اسمارٹ فوناں نے لوکاں دے رابطے دے طریقے کوں تبدیل کیتا اے۔
Students gathered in the library.	طالب علم لائبریری وچ گڈے تھئے۔
Train journeys offer scenic views.	ریل دے سفر منظراں دے نظارے پیش کریندے نیں۔
The forest is home to many wild animals.	جنگل گھنے جنگلی جانوراں دا گھر اے۔
Storytelling preserves culture and knowledge.	کہانی سناون ثقافت تے علم کوں محفوظ رکھیندے۔
After finishing his work, he sat down.	اپنا کم مکمل کرن دے بعد، او بیٹھ گیا۔
Storytelling preserves culture and knowledge.	کہانی سناون ثقافت تے علم کوں محفوظ رکھیندے۔
Tourism brings revenue to regions with historical sites.	سیاحت تاریخی تھانواں والے علاقیاں کوں آمدنی لیندی اے۔
Storytelling preserves culture and knowledge.	کہانی سناون ثقافت تے علم کوں محفوظ رکھیندے۔
Family members support each other during difficult times.	خاندان دے ممبر مشکل وختاں وچ ہک دوجھے دی مدد کریندے نیں۔
After finishing his work, he sat down.	اپنا کم مکمل کرن دے بعد، او بیٹھ گیا۔
Birds were chirping in the trees.	پنچھی رکھاں وچ چہچہا رہے ہن۔
The market was crowded with people.	بازار لوکاں نال بھریا ہویا ہا۔
Elderly people share wisdom and stories.	بزرگ لوک حکمت تے کہانیاں سانجھیاں کریندے نیں۔
Small businesses create employment opportunities.	نکیاں کاروبار روزگار دے موقعے پیدا کریندے نیں۔
Tourism brings revenue to regions with historical sites.	سیاحت تاریخی تھانواں والے علاقیاں کوں آمدنی لیندی اے۔
Sports teach teamwork and discipline.	کھیڈاں ٹیم ورک تے نظم و ضبط سکھیندیاں نیں۔
Spices add flavor to traditional dishes.	مصالحے روایتی کھاناں وچ ذائقہ ودیندے نیں۔
Reading books improves vocabulary.	کتاباں پڑھن ذخیرہ الفاظ بہتر بنیندے۔
Spices add flavor to traditional dishes.	مصالحے روایتی کھاناں وچ ذائقہ ودیندے نیں۔
The market was crowded with people.	بازار لوکاں نال بھریا ہویا ہا۔
After finishing his work, he sat down.	اپنا کم مکمل کرن دے بعد، او بیٹھ گیا۔
Doctors work long hours to treat patients.	ڈاکٹر مریضاں دا علاج کرن کیتے لمبیاں گھڑیاں کم کریندے نیں۔
Small businesses create employment opportunities.	نکیاں کاروبار روزگار دے موقعے پیدا کریندے نیں۔
Reading books improves vocabulary.	کتاباں پڑھن ذخیرہ الفاظ بہتر بنیندے۔
Children were playing cricket in the street.	بچے سڑک تے کرکٹ کھیڈدے پئے ہن۔
Spices add flavor to traditional dishes.	مصالحے روایتی کھاناں وچ ذائقہ ودیندے نیں۔
Elderly people share wisdom and stories.	بزرگ لوک حکمت تے کہانیاں سانجھیاں کریندے نیں۔
Sports teach teamwork and discipline.	کھیڈاں ٹیم ورک تے نظم و ضبط سکھیندیاں نیں۔
Spices add flavor to traditional dishes.	مصالحے روایتی کھاناں وچ ذائقہ ودیندے نیں۔
She cooked delicious biryani for the family.	اوں خاندان کیتے مزیدار بریانی پکائی۔
The internet connects people across continents.	انٹرنیٹ براعظماں وچ لوکاں کوں جوڑیندے۔
I woke up early this morning.	میں اڄ صبح جلدی اٹھیا۔
Family members support each other during difficult times.	خاندان دے ممبر مشکل وختاں وچ ہک دوجھے دی مدد کریندے نیں۔
After finishing his work, he sat down.	اپنا کم مکمل کرن دے بعد، او بیٹھ گیا۔
After finishing his work, he sat down.	اپنا کم مکمل کرن دے بعد، او بیٹھ گیا۔
Children learn best when they are interested.	بچے بہترین سکھدے نیں جدوں اوہ دلچسپی رکھدے نیں۔
The internet connects people across continents.	انٹرنیٹ براعظماں وچ لوکاں کوں جوڑیندے۔
The school organized a science fair.	سکول نے سائنس میلہ منظم کیتا۔
Train journeys offer scenic views.	ریل دے سفر منظراں دے نظارے پیش کریندے نیں۔
Farmers planted rice in the flooded fields.	کسان پانی والے کھیتراں وچ چاول پوکے۔
Students gathered in the library.	طالب علم لائبریری وچ گڈے تھئے۔
Children were playing cricket in the street.	بچے سڑک تے کرکٹ کھیڈدے پئے ہن۔
The river flows peacefully through the valley.	دریا وادی وچ پرامن طریقے نال وہندی اے۔
She cooked delicious biryani for the family.	اوں خاندان کیتے مزیدار بریانی پکائی۔
She received a scholarship to study medicine.	اوں طب دی تعلیم کیتے اسکالرشپ حاصل کیتی۔
Storytelling preserves culture and knowledge.	کہانی سناون ثقافت تے علم کوں محفوظ رکھیندے۔
Doctors work long hours to treat patients.	ڈاکٹر مریضاں دا علاج کرن کیتے لمبیاں گھڑیاں کم کریندے نیں۔
The bus arrived late.	بس ڈیر نال پہنچی۔
Education opens doors to opportunities.	تعلیم موقعاں دے دروازے کولیندی اے۔
The professor wrote equations on the blackboard.	پروفیسر تختے تے مساوات لکھیاں۔
Small businesses create employment opportunities.	نکیاں کاروبار روزگار دے موقعے پیدا کریندے نیں۔
The river flows peacefully through the valley.	دریا وادی وچ پرامن طریقے نال وہندی اے۔
Online shopping has become popular.	آن لائن خریداری مقبول تھی گئی اے۔
Spices add flavor to traditional dishes.	مصالحے روایتی کھاناں وچ ذائقہ ودیندے نیں۔
The wedding ceremony lasted three days.	شادی دی تقریب ترئے دینہہ چلی۔
Storytelling preserves culture and knowledge.	کہانی سناون ثقافت تے علم کوں محفوظ رکھیندے۔
Birds were chirping in the trees.	پنچھی رکھاں وچ چہچہا رہے ہن۔
Pollution in cities has become a serious problem.	شہراں وچ آلودگی ہک سنجیدہ مسئلہ بن گئی اے۔
Cooking together brings family members closer.	گڈے کھان پکاون خاندان دے ممبراں کوں نیڑے لیندے۔
Traditional music is important for our heritage.	روایتی موسیقی سادی ورثے کیتے اہم اے۔
Storytelling preserves culture and knowledge.	کہانی سناون ثقافت تے علم کوں محفوظ رکھیندے۔
The school organized a science fair.	سکول نے سائنس میلہ منظم کیتا۔
Doctors recommend drinking plenty of water.	ڈاکٹر گھنے پانی پیون دی صلاح دیندے نیں۔
Doctors work long hours to treat patients.	ڈاکٹر مریضاں دا علاج کرن کیتے لمبیاں گھڑیاں کم کریندے نیں۔
Children learn best when they are interested.	بچے بہترین سکھدے نیں جدوں اوہ دلچسپی رکھدے نیں۔
Doctors recommend drinking plenty of water.	ڈاکٹر گھنے پانی پیون دی صلاح دیندے نیں۔
The market was crowded with people.	بازار لوکاں نال بھریا ہویا ہا۔
Teachers shape young minds.	استاد نوجوان ذہناں کوں شکل دیندے نیں۔
The river flows peacefully through the valley.	دریا وادی وچ پرامن طریقے نال وہندی اے۔
Elderly people share wisdom and stories.	بزرگ لوک حکمت تے کہانیاں سانجھیاں کریندے نیں۔
Small businesses create employment opportunities.	نکیاں کاروبار روزگار دے موقعے پیدا کریندے نیں۔
Storytelling preserves culture and knowledge.	کہانی سناون ثقافت تے علم کوں محفوظ رکھیندے۔
Farmers planted rice in the flooded fields.	کسان پانی والے کھیتراں وچ چاول پوکے۔
Children were playing cricket in the street.	بچے سڑک تے کرکٹ کھیڈدے پئے ہن۔
Regular exercise helps maintain good health.	منظم ورزش چنگی صحت برقرار رکھن وچ مدد کریندی اے۔
Cricket is a popular sport.	کرکٹ ہک مقبول کھیڈ اے۔
Online shopping has become popular.	آن لائن خریداری مقبول تھی گئی اے۔
People celebrate festivals with great joy.	لوک ودی خوشی نال میلے منیندے نیں۔
Smartphones have changed how people communicate.	اسمارٹ فوناں نے لوکاں دے رابطے دے طریقے کوں تبدیل کیتا اے۔
After finishing his work, he sat down.	اپنا کم مکمل کرن دے بعد، او بیٹھ گیا۔
I woke up early this morning.	میں اڄ صبح جلدی اٹھیا۔
Agriculture remains the primary source of income.	زراعت آمدنی دا بنیادی ذریعہ رہندی اے۔
Children were playing cricket in the street.	بچے سڑک تے کرکٹ کھیڈدے پئے ہن۔
Eating fresh fruits provides essential vitamins.	تازہ پھل کھان ضروری وٹامن فراہم کریندے۔
Teachers shape young minds.	استاد نوجوان ذہناں کوں شکل دیندے نیں۔
The bus arrived late.	بس ڈیر نال پہنچی۔
Small businesses create employment opportunities.	نکیاں کاروبار روزگار دے موقعے پیدا کریندے نیں۔
Tea is served to guests as a gesture of hospitality.	مہماناں کوں مہمان نوازی دی نشانی دے طور تے چاہ پیش کیتی ویندی اے۔
Sports teach teamwork and discipline.	کھیڈاں ٹیم ورک تے نظم و ضبط سکھیندیاں نیں۔
I woke up early this morning.	میں اڄ صبح جلدی اٹھیا۔
People travel long distances to visit religious sites.	لوک مذہبی تھانواں دیکھن کیتے لمبیاں دوریاں طے کریندے نیں۔
Tea is served to guests as a gesture of hospitality.	مہماناں کوں مہمان نوازی دی نشانی دے طور تے چاہ پیش کیتی ویندی اے۔
She walked slowly through the garden.	اوں باغ وچ آہستہ آہستہ ٹردی۔
Handicrafts showcase artistic traditions.	ہتھکاریاں فنکارانہ روایات دکھیندیاں نیں۔
Train journeys offer scenic views.	ریل دے سفر منظراں دے نظارے پیش کریندے نیں۔
She walked slowly through the garden.	اوں باغ وچ آہستہ آہستہ ٹردی۔
Traditional music is important for our heritage.	روایتی موسیقی سادی ورثے کیتے اہم اے۔
We decided to visit the old temple.	اساں پرانے مندر دیکھن دا فیصلہ کیتا۔
Education opens doors to opportunities.	تعلیم موقعاں دے دروازے کولیندی اے۔
The wedding ceremony lasted three days.	شادی دی تقریب ترئے دینہہ چلی۔
Elderly people share wisdom and stories.	بزرگ لوک حکمت تے کہانیاں سانجھیاں کریندے نیں۔
The river flows peacefully through the valley.	دریا وادی وچ پرامن طریقے نال وہندی اے۔
Cricket is a popular sport.	کرکٹ ہک مقبول کھیڈ اے۔
Cooking together brings family members closer.	گڈے کھان پکاون خاندان دے ممبراں کوں نیڑے لیندے۔
People travel long distances to visit religious sites.	لوک مذہبی تھانواں دیکھن کیتے لمبیاں دوریاں طے کریندے نیں۔
Students gathered in the library.	طالب علم لائبریری وچ گڈے تھئے۔
Storytelling preserves culture and knowledge.	کہانی سناون ثقافت تے علم کوں محفوظ رکھیندے۔
The school organized a science fair.	سکول نے سائنس میلہ منظم کیتا۔
Regular exercise helps maintain good health.	منظم ورزش چنگی صحت برقرار رکھن وچ مدد کریندی اے۔
Digital payments have made transactions faster.	ڈیجیٹل ادائیگیاں معاملات تیز کیتے نیں۔
Students gathered in the library.	طالب علم لائبریری وچ گڈے تھئے۔
Regular exercise helps maintain good health.	منظم ورزش چنگی صحت برقرار رکھن وچ مدد کریندی اے۔
My grandmother told me stories.	میری دادی نے مینوں کہانیاں سنایاں۔
After finishing his work, he sat down.	اپنا کم مکمل کرن دے بعد، او بیٹھ گیا۔
Tea is served to guests as a gesture of hospitality.	مہماناں کوں مہمان نوازی دی نشانی دے طور تے چاہ پیش کیتی ویندی اے۔
People celebrate festivals with great joy.	لوک ودی خوشی نال میلے منیندے نیں۔
Train journeys offer scenic views.	ریل دے سفر منظراں دے نظارے پیش کریندے نیں۔
Sports teach teamwork and discipline.	کھیڈاں ٹیم ورک تے نظم و ضبط سکھیندیاں نیں۔
Birds were chirping in the trees.	پنچھی رکھاں وچ چہچہا رہے ہن۔
My grandmother told me stories.	میری دادی نے مینوں کہانیاں سنایاں۔
She walked slowly through the garden.	اوں باغ وچ آہستہ آہستہ ٹردی۔
Online shopping has become popular.	آن لائن خریداری مقبول تھی گئی اے۔
Students gathered in the library.	طالب علم لائبریری وچ گڈے تھئے۔
Spices add flavor to traditional dishes.	مصالحے روایتی کھاناں وچ ذائقہ ودیندے نیں۔
Agriculture remains the primary source of income.	زراعت آمدنی دا بنیادی ذریعہ رہندی اے۔
After finishing his work, he sat down.	اپنا کم مکمل کرن دے بعد، او بیٹھ گیا۔
Clear communication prevents misunderstandings.	صاف رابطہ غلط فہمیاں کوں روکیندے۔
Education opens doors to opportunities.	تعلیم موقعاں دے دروازے کولیندی اے۔
Storytelling preserves culture and knowledge.	کہانی سناون ثقافت تے علم کوں محفوظ رکھیندے۔
Handicrafts showcase artistic traditions.	ہتھکاریاں فنکارانہ روایات دکھیندیاں نیں۔
Agriculture remains the primary source of income.	زراعت آمدنی دا بنیادی ذریعہ رہندی اے۔
Handicrafts showcase artistic traditions.	ہتھکاریاں فنکارانہ روایات دکھیندیاں نیں۔
Train journeys offer scenic views.	ریل دے سفر منظراں دے نظارے پیش کریندے نیں۔
The forest is home to many wild animals.	جنگل گھنے جنگلی جانوراں دا گھر اے۔
Tourism brings revenue to regions with historical sites.	سیاحت تاریخی تھانواں والے علاقیاں کوں آمدنی لیندی اے۔
The wedding ceremony lasted three days.	شادی دی تقریب ترئے دینہہ چلی۔
Pollution in cities has become a serious problem.	شہراں وچ آلودگی ہک سنجیدہ مسئلہ بن گئی اے۔
Spices add flavor to traditional dishes.	مصالحے روایتی کھاناں وچ ذائقہ ودیندے نیں۔
Pollution in cities has become a serious problem.	شہراں وچ آلودگی ہک سنجیدہ مسئلہ بن گئی اے۔
Pollution in cities has become a serious problem.	شہراں وچ آلودگی ہک سنجیدہ مسئلہ بن گئی اے۔
The professor wrote equations on the blackboard.	پروفیسر تختے تے مساوات لکھیاں۔
She received a scholarship to study medicine.	اوں طب دی تعلیم کیتے اسکالرشپ حاصل کیتی۔
Regular exercise helps maintain good health.	منظم ورزش چنگی صحت برقرار رکھن وچ مدد کریندی اے۔
I woke up early this morning.	میں اڄ صبح جلدی اٹھیا۔
People travel long distances to visit religious sites.	لوک مذہبی تھانواں دیکھن کیتے لمبیاں دوریاں طے کریندے نیں۔
We decided to visit the old temple.	اساں پرانے مندر دیکھن دا فیصلہ کیتا۔
The forest is home to many wild animals.	جنگل گھنے جنگلی جانوراں دا گھر اے۔
Traditional music is important for our heritage.	روایتی موسیقی سادی ورثے کیتے اہم اے۔
Clear communication prevents misunderstandings.	صاف رابطہ غلط فہمیاں کوں روکیندے۔
Family members support each other during difficult times.	خاندان دے ممبر مشکل وختاں وچ ہک دوجھے دی مدد کریندے نیں۔
People celebrate festivals with great joy.	لوک ودی خوشی نال میلے منیندے نیں۔
We decided to visit the old temple.	اساں پرانے مندر دیکھن دا فیصلہ کیتا۔
The wedding ceremony lasted three days.	شادی دی تقریب ترئے دینہہ چلی۔
Parents sacrifice their own needs for children.	والدین بچیاں کیتے اپنیاں ضرورتاں قربان کریندے نیں۔
The internet connects people across continents.	انٹرنیٹ براعظماں وچ لوکاں کوں جوڑیندے۔
The river flows peacefully through the valley.	دریا وادی وچ پرامن طریقے نال وہندی اے۔
Doctors recommend drinking plenty of water.	ڈاکٹر گھنے پانی پیون دی صلاح دیندے نیں۔
Teachers shape young minds.	استاد نوجوان ذہناں کوں شکل دیندے نیں۔
Children learn best when they are interested.	بچے بہترین سکھدے نیں جدوں اوہ دلچسپی رکھدے نیں۔
Tea is served to guests as a gesture of hospitality.	مہماناں کوں مہمان نوازی دی نشانی دے طور تے چاہ پیش کیتی ویندی اے۔
The teacher explained the lesson patiently.	استاد صبر نال سبق سمجھایا۔
Online shopping has become popular.	آن لائن خریداری مقبول تھی گئی اے۔
Cooking together brings family members closer.	گڈے کھان پکاون خاندان دے ممبراں کوں نیڑے لیندے۔
The teacher explained the lesson patiently.	استاد صبر نال سبق سمجھایا۔
The internet connects people across continents.	انٹرنیٹ براعظماں وچ لوکاں کوں جوڑیندے۔
Online shopping has become popular.	آن لائن خریداری مقبول تھی گئی اے۔
Elderly people share wisdom and stories.	بزرگ لوک حکمت تے کہانیاں سانجھیاں کریندے نیں۔
After finishing his work, he sat down.	اپنا کم مکمل کرن دے بعد، او بیٹھ گیا۔
The river flows peacefully through the valley.	دریا وادی وچ پرامن طریقے نال وہندی اے۔
Digital payments have made transactions faster.	ڈیجیٹل ادائیگیاں معاملات تیز کیتے نیں۔
The forest is home to many wild animals.	جنگل گھنے جنگلی جانوراں دا گھر اے۔
The teacher explained the lesson patiently.	استاد صبر نال سبق سمجھایا۔
The teacher explained the lesson patiently.	استاد صبر نال سبق سمجھایا۔
Digital payments have made transactions faster.	ڈیجیٹل ادائیگیاں معاملات تیز کیتے نیں۔
She cooked delicious biryani for the family.	اوں خاندان کیتے مزیدار بریانی پکائی۔
Farmers planted rice in the flooded fields.	کسان پانی والے کھیتراں وچ چاول پوکے۔
We decided to visit the old temple.	اساں پرانے مندر دیکھن دا فیصلہ کیتا۔
After finishing his work, he sat down.	اپنا کم مکمل کرن دے بعد، او بیٹھ گیا۔
Children learn best when they are interested.	بچے بہترین سکھدے نیں جدوں اوہ دلچسپی رکھدے نیں۔
We decided to visit the old temple.	اساں پرانے مندر دیکھن دا فیصلہ کیتا۔
My grandmother told me stories.	میری دادی نے مینوں کہانیاں سنایاں۔
Teachers shape young minds.	استاد نوجوان ذہناں کوں شکل دیندے نیں۔
Doctors recommend drinking plenty of water.	ڈاکٹر گھنے پانی پیون دی صلاح دیندے نیں۔
People travel long distances to visit religious sites.	لوک مذہبی تھانواں دیکھن کیتے لمبیاں دوریاں طے کریندے نیں۔
Doctors recommend drinking plenty of water.	ڈاکٹر گھنے پانی پیون دی صلاح دیندے نیں۔
Cooking together brings family members closer.	گڈے کھان پکاون خاندان دے ممبراں کوں نیڑے لیندے۔
Birds were chirping in the trees.	پنچھی رکھاں وچ چہچہا رہے ہن۔
Traditional music is important for our heritage.	روایتی موسیقی سادی ورثے کیتے اہم اے۔
Doctors recommend drinking plenty of water.	ڈاکٹر گھنے پانی پیون دی صلاح دیندے نیں۔
We decided to visit the old temple.	اساں پرانے مندر دیکھن دا فیصلہ کیتا۔
The internet connects people across continents.	انٹرنیٹ براعظماں وچ لوکاں کوں جوڑیندے۔
Eating fresh fruits provides essential vitamins.	تازہ پھل کھان ضروری وٹامن فراہم کریندے۔
The forest is home to many wild animals.	جنگل گھنے جنگلی جانوراں دا گھر اے۔
The bus arrived late.	بس ڈیر نال پہنچی۔
Farmers planted rice in the flooded fields.	کسان پانی والے کھیتراں وچ چاول پوکے۔
The professor wrote equations on the blackboard.	پروفیسر تختے تے مساوات لکھیاں۔
Eating fresh fruits provides essential vitamins.	تازہ پھل کھان ضروری وٹامن فراہم کریندے۔
The professor wrote equations on the blackboard.	پروفیسر تختے تے مساوات لکھیاں۔
Cooking together brings family members closer.	گڈے کھان پکاون خاندان دے ممبراں کوں نیڑے لیندے۔
Family members support each other during difficult times.	خاندان دے ممبر مشکل وختاں وچ ہک دوجھے دی مدد کریندے نیں۔
We decided to visit the old temple.	اساں پرانے مندر دیکھن دا فیصلہ کیتا۔
Online shopping has become popular.	آن لائن خریداری مقبول تھی گئی اے۔
Storytelling preserves culture and knowledge.	کہانی سناون ثقافت تے علم کوں محفوظ رکھیندے۔
After finishing his work, he sat down.	اپنا کم مکمل کرن دے بعد، او بیٹھ گیا۔
The forest is home to many wild animals.	جنگل گھنے جنگلی جانوراں دا گھر اے۔
Agriculture remains the primary source of income.	زراعت آمدنی دا بنیادی ذریعہ رہندی اے۔
Family members support each other during difficult times.	خاندان دے ممبر مشکل وختاں وچ ہک دوجھے دی مدد کریندے نیں۔
Online shopping has become popular.	آن لائن خریداری مقبول تھی گئی اے۔
Doctors work long hours to treat patients.	ڈاکٹر مریضاں دا علاج کرن کیتے لمبیاں گھڑیاں کم کریندے نیں۔
The market was crowded with people.	بازار لوکاں نال بھریا ہویا ہا۔
Respecting elders is an important value.	بزرگاں دا احترام ہک اہم قدر اے۔
Children learn best when they are interested.	بچے بہترین سکھدے نیں جدوں اوہ دلچسپی رکھدے نیں۔
Farmers planted rice in the flooded fields.	کسان پانی والے کھیتراں وچ چاول پوکے۔
The internet connects people across continents.	انٹرنیٹ براعظماں وچ لوکاں کوں جوڑیندے۔
Eating fresh fruits provides essential vitamins.	تازہ پھل کھان ضروری وٹامن فراہم کریندے۔
The teacher explained the lesson patiently.	استاد صبر نال سبق سمجھایا۔
Storytelling preserves culture and knowledge.	کہانی سناون ثقافت تے علم کوں محفوظ رکھیندے۔
Storytelling preserves culture and knowledge.	کہانی سناون ثقافت تے علم کوں محفوظ رکھیندے۔
Farmers planted rice in the flooded fields.	کسان پانی والے کھیتراں وچ چاول پوکے۔
Tourism brings revenue to regions with historical sites.	سیاحت تاریخی تھانواں والے علاقیاں کوں آمدنی لیندی اے۔
Doctors recommend drinking plenty of water.	ڈاکٹر گھنے پانی پیون دی صلاح دیندے نیں۔
The river flows peacefully through the valley.	دریا وادی وچ پرامن طریقے نال وہندی اے۔
Pollution in cities has become a serious problem.	شہراں وچ آلودگی ہک سنجیدہ مسئلہ بن گئی اے۔
Cricket is a popular sport.	کرکٹ ہک مقبول کھیڈ اے۔
Digital payments have made transactions faster.	ڈیجیٹل ادائیگیاں معاملات تیز کیتے نیں۔
Elderly people share wisdom and stories.	بزرگ لوک حکمت تے کہانیاں سانجھیاں کریندے نیں۔
Spices add flavor to traditional dishes.	مصالحے روایتی کھاناں وچ ذائقہ ودیندے نیں۔
Children learn best when they are interested.	بچے بہترین سکھدے نیں جدوں اوہ دلچسپی رکھدے نیں۔
Train journeys offer scenic views.	ریل دے سفر منظراں دے نظارے پیش کریندے نیں۔
Traditional music is important for our heritage.	روایتی موسیقی سادی ورثے کیتے اہم اے۔
Online shopping has become popular.	آن لائن خریداری مقبول تھی گئی اے۔
Handicrafts showcase artistic traditions.	ہتھکاریاں فنکارانہ روایات دکھیندیاں نیں۔
Children were playing cricket in the street.	بچے سڑک تے کرکٹ کھیڈدے پئے ہن۔
Reading books improves vocabulary.	کتاباں پڑھن ذخیرہ الفاظ بہتر بنیندے۔
My grandmother told me stories.	میری دادی نے مینوں کہانیاں سنایاں۔
Tea is served to guests as a gesture of hospitality.	مہماناں کوں مہمان نوازی دی نشانی دے طور تے چاہ پیش کیتی ویندی اے۔
The wedding ceremony lasted three days.	شادی دی تقریب ترئے دینہہ چلی۔
Farmers wake up early to tend to crops.	کسان فصلاں دی سنبھال کیتے جلدی اٹھدے نیں۔
Handicrafts showcase artistic traditions.	ہتھکاریاں فنکارانہ روایات دکھیندیاں نیں۔
People celebrate festivals with great joy.	لوک ودی خوشی نال میلے منیندے نیں۔
Learning a new language requires practice.	نوی زبان سکھن کیتے مشق دی لوڑ اے۔
Small businesses create employment opportunities.	نکیاں کاروبار روزگار دے موقعے پیدا کریندے نیں۔
Tea is served to guests as a gesture of hospitality.	مہماناں کوں مہمان نوازی دی نشانی دے طور تے چاہ پیش کیتی ویندی اے۔
Doctors recommend drinking plenty of water.	ڈاکٹر گھنے پانی پیون دی صلاح دیندے نیں۔
Cooking together brings family members closer.	گڈے کھان پکاون خاندان دے ممبراں کوں نیڑے لیندے۔
Eating fresh fruits provides essential vitamins.	تازہ پھل کھان ضروری وٹامن فراہم کریندے۔
Farmers planted rice in the flooded fields.	کسان پانی والے کھیتراں وچ چاول پوکے۔
Cooking together brings family members closer.	گڈے کھان پکاون خاندان دے ممبراں کوں نیڑے لیندے۔
My grandmother told me stories.	میری دادی نے مینوں کہانیاں سنایاں۔
Respecting elders is an important value.	بزرگاں دا احترام ہک اہم قدر اے۔
Agriculture remains the primary source of income.	زراعت آمدنی دا بنیادی ذریعہ رہندی اے۔
The teacher explained the lesson patiently.	استاد صبر نال سبق سمجھایا۔
The river flows peacefully through the valley.	دریا وادی وچ پرامن طریقے نال وہندی اے۔
Tourism brings revenue to regions with historical sites.	سیاحت تاریخی تھانواں والے علاقیاں کوں آمدنی لیندی اے۔
She received a scholarship to study medicine.	اوں طب دی تعلیم کیتے اسکالرشپ حاصل کیتی۔
The internet connects people across continents.	انٹرنیٹ براعظماں وچ لوکاں کوں جوڑیندے۔
She walked slowly through the garden.	اوں باغ وچ آہستہ آہستہ ٹردی۔
Tourism brings revenue to regions with historical sites.	سیاحت تاریخی تھانواں والے علاقیاں کوں آمدنی لیندی اے۔
The teacher explained the lesson patiently.	استاد صبر نال سبق سمجھایا۔
Reading books improves vocabulary.	کتاباں پڑھن ذخیرہ الفاظ بہتر بنیندے۔
The river flows peacefully through the valley.	دریا وادی وچ پرامن طریقے نال وہندی اے۔
She received a scholarship to study medicine.	اوں طب دی تعلیم کیتے اسکالرشپ حاصل کیتی۔
The forest is home to many wild animals.	جنگل گھنے جنگلی جانوراں دا گھر اے۔
Children were playing cricket in the street.	بچے سڑک تے کرکٹ کھیڈدے پئے ہن۔
Students gathered in the library.	طالب علم لائبریری وچ گڈے تھئے۔
Pollution in cities has become a serious problem.	شہراں وچ آلودگی ہک سنجیدہ مسئلہ بن گئی اے۔
After finishing his work, he sat down.	اپنا کم مکمل کرن دے بعد، او بیٹھ گیا۔
The school organized a science fair.	سکول نے سائنس میلہ منظم کیتا۔
Sports teach teamwork and discipline.	کھیڈاں ٹیم ورک تے نظم و ضبط سکھیندیاں نیں۔
The bus arrived late.	بس ڈیر نال پہنچی۔
Traditional music is important for our heritage.	روایتی موسیقی سادی ورثے کیتے اہم اے۔
Elderly people share wisdom and stories.	بزرگ لوک حکمت تے کہانیاں سانجھیاں کریندے نیں۔
The internet connects people across continents.	انٹرنیٹ براعظماں وچ لوکاں کوں جوڑیندے۔
Elderly people share wisdom and stories.	بزرگ لوک حکمت تے کہانیاں سانجھیاں کریندے نیں۔
Children learn best when they are interested.	بچے بہترین سکھدے نیں جدوں اوہ دلچسپی رکھدے نیں۔
Traditional music is important for our heritage.	روایتی موسیقی سادی ورثے کیتے اہم اے۔
Farmers planted rice in the flooded fields.	کسان پانی والے کھیتراں وچ چاول پوکے۔
Cricket is a popular sport.	کرکٹ ہک مقبول کھیڈ اے۔
The bus arrived late.	بس ڈیر نال پہنچی۔
I woke up early this morning.	میں اڄ صبح جلدی اٹھیا۔
Parents sacrifice their own needs for children.	والدین بچیاں کیتے اپنیاں ضرورتاں قربان کریندے نیں۔
Tea is served to guests as a gesture of hospitality.	مہماناں کوں مہمان نوازی دی نشانی دے طور تے چاہ پیش کیتی ویندی اے۔
My grandmother told me stories.	میری دادی نے مینوں کہانیاں سنایاں۔
Traditional music is important for our heritage.	روایتی موسیقی سادی ورثے کیتے اہم اے۔
We decided to visit the old temple.	اساں پرانے مندر دیکھن دا فیصلہ کیتا۔
Family members support each other during difficult times.	خاندان دے ممبر مشکل وختاں وچ ہک دوجھے دی مدد کریندے نیں۔
She walked slowly through the garden.	اوں باغ وچ آہستہ آہستہ ٹردی۔
The wedding ceremony lasted three days.	شادی دی تقریب ترئے دینہہ چلی۔
Tourism brings revenue to regions with historical sites.	سیاحت تاریخی تھانواں والے علاقیاں کوں آمدنی لیندی اے۔
Storytelling preserves culture and knowledge.	کہانی سناون ثقافت تے علم کوں محفوظ رکھیندے۔
People celebrate festivals with great joy.	لوک ودی خوشی نال میلے منیندے نیں۔
Handicrafts showcase artistic traditions.	ہتھکاریاں فنکارانہ روایات دکھیندیاں نیں۔
Doctors recommend drinking plenty of water.	ڈاکٹر گھنے پانی پیون دی صلاح دیندے نیں۔
The school organized a science fair.	سکول نے سائنس میلہ منظم کیتا۔
She cooked delicious biryani for the family.	اوں خاندان کیتے مزیدار بریانی پکائی۔
Cricket is a popular sport.	کرکٹ ہک مقبول کھیڈ اے۔
Respecting elders is an important value.	بزرگاں دا احترام ہک اہم قدر اے۔
Reading books improves vocabulary.	کتاباں پڑھن ذخیرہ الفاظ بہتر بنیندے۔
Clear communication prevents misunderstandings.	صاف رابطہ غلط فہمیاں کوں روکیندے۔
She walked slowly through the garden.	اوں باغ وچ آہستہ آہستہ ٹردی۔
Learning a new language requires practice.	نوی زبان سکھن کیتے مشق دی لوڑ اے۔
Children learn best when they are interested.	بچے بہترین سکھدے نیں جدوں اوہ دلچسپی رکھدے نیں۔
Students gathered in the library.	طالب علم لائبریری وچ گڈے تھئے۔
The internet connects people across continents.	انٹرنیٹ براعظماں وچ لوکاں کوں جوڑیندے۔
Reading books improves vocabulary.	کتاباں پڑھن ذخیرہ الفاظ بہتر بنیندے۔
Spices add flavor to traditional dishes.	مصالحے روایتی کھاناں وچ ذائقہ ودیندے نیں۔
Cooking together brings family members closer.	گڈے کھان پکاون خاندان دے ممبراں کوں نیڑے لیندے۔
Clear communication prevents misunderstandings.	صاف رابطہ غلط فہمیاں کوں روکیندے۔
Respecting elders is an important value.	بزرگاں دا احترام ہک اہم قدر اے۔
Doctors work long hours to treat patients.	ڈاکٹر مریضاں دا علاج کرن کیتے لمبیاں گھڑیاں کم کریندے نیں۔
The market was crowded with people.	بازار لوکاں نال بھریا ہویا ہا۔
Clear communication prevents misunderstandings.	صاف رابطہ غلط فہمیاں کوں روکیندے۔
My grandmother told me stories.	میری دادی نے مینوں کہانیاں سنایاں۔
After finishing his work, he sat down.	اپنا کم مکمل کرن دے بعد، او بیٹھ گیا۔
Small businesses create employment opportunities.	نکیاں کاروبار روزگار دے موقعے پیدا کریندے نیں۔
Doctors work long hours to treat patients.	ڈاکٹر مریضاں دا علاج کرن کیتے لمبیاں گھڑیاں کم کریندے نیں۔
The school organized a science fair.	سکول نے سائنس میلہ منظم کیتا۔
After finishing his work, he sat down.	اپنا کم مکمل کرن دے بعد، او بیٹھ گیا۔
The market was crowded with people.	بازار لوکاں نال بھریا ہویا ہا۔
Tea is served to guests as a gesture of hospitality.	مہماناں کوں مہمان نوازی دی نشانی دے طور تے چاہ پیش کیتی ویندی اے۔
Education opens doors to opportunities.	تعلیم موقعاں دے دروازے کولیندی اے۔
I woke up early this morning.	میں اڄ صبح جلدی اٹھیا۔
Storytelling preserves culture and knowledge.	کہانی سناون ثقافت تے علم کوں محفوظ رکھیندے۔
Digital payments have made transactions faster.	ڈیجیٹل ادائیگیاں معاملات تیز کیتے نیں۔
The forest is home to many wild animals.	جنگل گھنے جنگلی جانوراں دا گھر اے۔
Digital payments have made transactions faster.	ڈیجیٹل ادائیگیاں معاملات تیز کیتے نیں۔
Sports teach teamwork and discipline.	کھیڈاں ٹیم ورک تے نظم و ضبط سکھیندیاں نیں۔
Small businesses create employment opportunities.	نکیاں کاروبار روزگار دے موقعے پیدا کریندے نیں۔
Education opens doors to opportunities.	تعلیم موقعاں دے دروازے کولیندی اے۔
Respecting elders is an important value.	بزرگاں دا احترام ہک اہم قدر اے۔
The professor wrote equations on the blackboard.	پروفیسر تختے تے مساوات لکھیاں۔
Sports teach teamwork and discipline.	کھیڈاں ٹیم ورک تے نظم و ضبط سکھیندیاں نیں۔
The wedding ceremony lasted three days.	شادی دی تقریب ترئے دینہہ چلی۔
Children were playing cricket in the street.	بچے سڑک تے کرکٹ کھیڈدے پئے ہن۔
Clear communication prevents misunderstandings.	صاف رابطہ غلط فہمیاں کوں روکیندے۔
She cooked delicious biryani for the family.	اوں خاندان کیتے مزیدار بریانی پکائی۔
The internet connects people across continents.	انٹرنیٹ براعظماں وچ لوکاں کوں جوڑیندے۔
People celebrate festivals with great joy.	لوک ودی خوشی نال میلے منیندے نیں۔
Tea is served to guests as a gesture of hospitality.	مہماناں کوں مہمان نوازی دی نشانی دے طور تے چاہ پیش کیتی ویندی اے۔
Students gathered in the library.	طالب علم لائبریری وچ گڈے تھئے۔
Online shopping has become popular.	آن لائن خریداری مقبول تھی گئی اے۔
Respecting elders is an important value.	بزرگاں دا احترام ہک اہم قدر اے۔
Sports teach teamwork and discipline.	کھیڈاں ٹیم ورک تے نظم و ضبط سکھیندیاں نیں۔
Students gathered in the library.	طالب علم لائبریری وچ گڈے تھئے۔
The forest is home to many wild animals.	جنگل گھنے جنگلی جانوراں دا گھر اے۔
Respecting elders is an important value.	بزرگاں دا احترام ہک اہم قدر اے۔
Eating fresh fruits provides essential vitamins.	تازہ پھل کھان ضروری وٹامن فراہم کریندے۔
The school organized a science fair.	سکول نے سائنس میلہ منظم کیتا۔
Traditional music is important for our heritage.	روایتی موسیقی سادی ورثے کیتے اہم اے۔
My grandmother told me stories.	میری دادی نے مینوں کہانیاں سنایاں۔
She cooked delicious biryani for the family.	اوں خاندان کیتے مزیدار بریانی پکائی۔
She walked slowly through the garden.	اوں باغ وچ آہستہ آہستہ ٹردی۔
She walked slowly through the garden.	اوں باغ وچ آہستہ آہستہ ٹردی۔
She received a scholarship to study medicine.	اوں طب دی تعلیم کیتے اسکالرشپ حاصل کیتی۔
I woke up early this morning.	میں اڄ صبح جلدی اٹھیا۔
Parents sacrifice their own needs for children.	والدین بچیاں کیتے اپنیاں ضرورتاں قربان کریندے نیں۔
Tea is served to guests as a gesture of hospitality.	مہماناں کوں مہمان نوازی دی نشانی دے طور تے چاہ پیش کیتی ویندی اے۔
Digital payments have made transactions faster.	ڈیجیٹل ادائیگیاں معاملات تیز کیتے نیں۔
Regular exercise helps maintain good health.	منظم ورزش چنگی صحت برقرار رکھن وچ مدد کریندی اے۔
Students gathered in the library.	طالب علم لائبریری وچ گڈے تھئے۔
We decided to visit the old temple.	اساں پرانے مندر دیکھن دا فیصلہ کیتا۔
Doctors work long hours to treat patients.	ڈاکٹر مریضاں دا علاج کرن کیتے لمبیاں گھڑیاں کم کریندے نیں۔
Pollution in cities has become a serious problem.	شہراں وچ آلودگی ہک سنجیدہ مسئلہ بن گئی اے۔
Teachers shape young minds.	استاد نوجوان ذہناں کوں شکل دیندے نیں۔
Doctors recommend drinking plenty of water.	ڈاکٹر گھنے پانی پیون دی صلاح دیندے نیں۔
Pollution in cities has become a serious problem.	شہراں وچ آلودگی ہک سنجیدہ مسئلہ بن گئی اے۔
Elderly people share wisdom and stories.	بزرگ لوک حکمت تے کہانیاں سانجھیاں کریندے نیں۔
Education opens doors to opportunities.	تعلیم موقعاں دے دروازے کولیندی اے۔
Sports teach teamwork and discipline.	کھیڈاں ٹیم ورک تے نظم و ضبط سکھیندیاں نیں۔
The market was crowded with people.	بازار لوکاں نال بھریا ہویا ہا۔
Teachers shape young minds.	استاد نوجوان ذہناں کوں شکل دیندے نیں۔
Students gathered in the library.	طالب علم لائبریری وچ گڈے تھئے۔
Farmers planted rice in the flooded fields.	کسان پانی والے کھیتراں وچ چاول پوکے۔
People travel long distances to visit religious sites.	لوک مذہبی تھانواں دیکھن کیتے لمبیاں دوریاں طے کریندے نیں۔
Elderly people share wisdom and stories.	بزرگ لوک حکمت تے کہانیاں سانجھیاں کریندے نیں۔
The teacher explained the lesson patiently.	استاد صبر نال سبق سمجھایا۔
Teachers shape young minds.	استاد نوجوان ذہناں کوں شکل دیندے نیں۔
She received a scholarship to study medicine.	اوں طب دی تعلیم کیتے اسکالرشپ حاصل کیتی۔
Doctors work long hours to treat patients.	ڈاکٹر مریضاں دا علاج کرن کیتے لمبیاں گھڑیاں کم کریندے نیں۔
Clear communication prevents misunderstandings.	صاف رابطہ غلط فہمیاں کوں روکیندے۔
The wedding ceremony lasted three days.	شادی دی تقریب ترئے دینہہ چلی۔
Doctors recommend drinking plenty of water.	ڈاکٹر گھنے پانی پیون دی صلاح دیندے نیں۔
The teacher explained the lesson patiently.	استاد صبر نال سبق سمجھایا۔
Students gathered in the library.	طالب علم لائبریری وچ گڈے تھئے۔
Cooking together brings family members closer.	گڈے کھان پکاون خاندان دے ممبراں کوں نیڑے لیندے۔
Doctors recommend drinking plenty of water.	ڈاکٹر گھنے پانی پیون دی صلاح دیندے نیں۔
Smartphones have changed how people communicate.	اسمارٹ فوناں نے لوکاں دے رابطے دے طریقے کوں تبدیل کیتا اے۔
Eating fresh fruits provides essential vitamins.	تازہ پھل کھان ضروری وٹامن فراہم کریندے۔
Farmers planted rice in the flooded fields.	کسان پانی والے کھیتراں وچ چاول پوکے۔
Children learn best when they are interested.	بچے بہترین سکھدے نیں جدوں اوہ دلچسپی رکھدے نیں۔
Train journeys offer scenic views.	ریل دے سفر منظراں دے نظارے پیش کریندے نیں۔
The professor wrote equations on the blackboard.	پروفیسر تختے تے مساوات لکھیاں۔
Digital payments have made transactions faster.	ڈیجیٹل ادائیگیاں معاملات تیز کیتے نیں۔
Eating fresh fruits provides essential vitamins.	تازہ پھل کھان ضروری وٹامن فراہم کریندے۔
Storytelling preserves culture and knowledge.	کہانی سناون ثقافت تے علم کوں محفوظ رکھیندے۔
Handicrafts showcase artistic traditions.	ہتھکاریاں فنکارانہ روایات دکھیندیاں نیں۔
Doctors work long hours to treat patients.	ڈاکٹر مریضاں دا علاج کرن کیتے لمبیاں گھڑیاں کم کریندے نیں۔
Parents sacrifice their own needs for children.	والدین بچیاں کیتے اپنیاں ضرورتاں قربان کریندے نیں۔
Smartphones have changed how people communicate.	اسمارٹ فوناں نے لوکاں دے رابطے دے طریقے کوں تبدیل کیتا اے۔
Handicrafts showcase artistic traditions.	ہتھکاریاں فنکارانہ روایات دکھیندیاں نیں۔
Smartphones have changed how people communicate.	اسمارٹ فوناں نے لوکاں دے رابطے دے طریقے کوں تبدیل کیتا اے۔
Respecting elders is an important value.	بزرگاں دا احترام ہک اہم قدر اے۔
She walked slowly through the garden.	اوں باغ وچ آہستہ آہستہ ٹردی۔
Farmers wake up early to tend to crops.	کسان فصلاں دی سنبھال کیتے جلدی اٹھدے نیں۔
Family members support each other during difficult times.	خاندان دے ممبر مشکل وختاں وچ ہک دوجھے دی مدد کریندے نیں۔
She walked slowly through the garden.	اوں باغ وچ آہستہ آہستہ ٹردی۔
The bus arrived late.	بس ڈیر نال پہنچی۔
Farmers planted rice in the flooded fields.	کسان پانی والے کھیتراں وچ چاول پوکے۔
Tourism brings revenue to regions with historical sites.	سیاحت تاریخی تھانواں والے علاقیاں کوں آمدنی لیندی اے۔
Children were playing cricket in the street.	بچے سڑک تے کرکٹ کھیڈدے پئے ہن۔
We decided to visit the old temple.	اساں پرانے مندر دیکھن دا فیصلہ کیتا۔
She received a scholarship to study medicine.	اوں طب دی تعلیم کیتے اسکالرشپ حاصل کیتی۔
Pollution in cities has become a serious problem.	شہراں وچ آلودگی ہک سنجیدہ مسئلہ بن گئی اے۔
Parents sacrifice their own needs for children.	والدین بچیاں کیتے اپنیاں ضرورتاں قربان کریندے نیں۔
The professor wrote equations on the blackboard.	پروفیسر تختے تے مساوات لکھیاں۔
People travel long distances to visit religious sites.	لوک مذہبی تھانواں دیکھن کیتے لمبیاں دوریاں طے کریندے نیں۔
Online shopping has become popular.	آن لائن خریداری مقبول تھی گئی اے۔
Farmers wake up early to tend to crops.	کسان فصلاں دی سنبھال کیتے جلدی اٹھدے نیں۔
Children were playing cricket in the street.	بچے سڑک تے کرکٹ کھیڈدے پئے ہن۔
Elderly people share wisdom and stories.	بزرگ لوک حکمت تے کہانیاں سانجھیاں کریندے نیں۔
She walked slowly through the garden.	اوں باغ وچ آہستہ آہستہ ٹردی۔
Traditional music is important for our heritage.	روایتی موسیقی سادی ورثے کیتے اہم اے۔
Doctors recommend drinking plenty of water.	ڈاکٹر گھنے پانی پیون دی صلاح دیندے نیں۔
After finishing his work, he sat down.	اپنا کم مکمل کرن دے بعد، او بیٹھ گیا۔
We decided to visit the old temple.	اساں پرانے مندر دیکھن دا فیصلہ کیتا۔
Handicrafts showcase artistic traditions.	ہتھکاریاں فنکارانہ روایات دکھیندیاں نیں۔
Pollution in cities has become a serious problem.	شہراں وچ آلودگی ہک سنجیدہ مسئلہ بن گئی اے۔
Farmers planted rice in the flooded fields.	کسان پانی والے کھیتراں وچ چاول پوکے۔
Handicrafts showcase artistic traditions.	ہتھکاریاں فنکارانہ روایات دکھیندیاں نیں۔
We decided to visit the old temple.	اساں پرانے مندر دیکھن دا فیصلہ کیتا۔
Digital payments have made transactions faster.	ڈیجیٹل ادائیگیاں معاملات تیز کیتے نیں۔
Teachers shape young minds.	استاد نوجوان ذہناں کوں شکل دیندے نیں۔
Small businesses create employment opportunities.	نکیاں کاروبار روزگار دے موقعے پیدا کریندے نیں۔
Farmers wake up early to tend to crops.	کسان فصلاں دی سنبھال کیتے جلدی اٹھدے نیں۔
Regular exercise helps maintain good health.	منظم ورزش چنگی صحت برقرار رکھن وچ مدد کریندی اے۔
Pollution in cities has become a serious problem.	شہراں وچ آلودگی ہک سنجیدہ مسئلہ بن گئی اے۔
Children were playing cricket in the street.	بچے سڑک تے کرکٹ کھیڈدے پئے ہن۔
The wedding ceremony lasted three days.	شادی دی تقریب ترئے دینہہ چلی۔
Regular exercise helps maintain good health.	منظم ورزش چنگی صحت برقرار رکھن وچ مدد کریندی اے۔
The market was crowded with people.	بازار لوکاں نال بھریا ہویا ہا۔
People celebrate festivals with great joy.	لوک ودی خوشی نال میلے منیندے نیں۔
People celebrate festivals with great joy.	لوک ودی خوشی نال میلے منیندے نیں۔
Tea is served to guests as a gesture of hospitality.	مہماناں کوں مہمان نوازی دی نشانی دے طور تے چاہ پیش کیتی ویندی اے۔
Sports teach teamwork and discipline.	کھیڈاں ٹیم ورک تے نظم و ضبط سکھیندیاں نیں۔
Farmers planted rice in the flooded fields.	کسان پانی والے کھیتراں وچ چاول پوکے۔
The forest is home to many wild animals.	جنگل گھنے جنگلی جانوراں دا گھر اے۔
Children learn best when they are interested.	بچے بہترین سکھدے نیں جدوں اوہ دلچسپی رکھدے نیں۔
Children were playing cricket in the street.	بچے سڑک تے کرکٹ کھیڈدے پئے ہن۔
Spices add flavor to traditional dishes.	مصالحے روایتی کھاناں وچ ذائقہ ودیندے نیں۔
After finishing his work, he sat down.	اپنا کم مکمل کرن دے بعد، او بیٹھ گیا۔
We decided to visit the old temple.	اساں پرانے مندر دیکھن دا فیصلہ کیتا۔
Children learn best when they are interested.	بچے بہترین سکھدے نیں جدوں اوہ دلچسپی رکھدے نیں۔
I woke up early this morning.	میں اڄ صبح جلدی اٹھیا۔
The bus arrived late.	بس ڈیر نال پہنچی۔
She cooked delicious biryani for the family.	اوں خاندان کیتے مزیدار بریانی پکائی۔
Cricket is a popular sport.	کرکٹ ہک مقبول کھیڈ اے۔
She cooked delicious biryani for the family.	اوں خاندان کیتے مزیدار بریانی پکائی۔
Teachers shape young minds.	استاد نوجوان ذہناں کوں شکل دیندے نیں۔
Train journeys offer scenic views.	ریل دے سفر منظراں دے نظارے پیش کریندے نیں۔
The professor wrote equations on the blackboard.	پروفیسر تختے تے مساوات لکھیاں۔
We decided to visit the old temple.	اساں پرانے مندر دیکھن دا فیصلہ کیتا۔
The forest is home to many wild animals.	جنگل گھنے جنگلی جانوراں دا گھر اے۔
Doctors recommend drinking plenty of water.	ڈاکٹر گھنے پانی پیون دی صلاح دیندے نیں۔
Sports teach teamwork and discipline.	کھیڈاں ٹیم ورک تے نظم و ضبط سکھیندیاں نیں۔
People travel long distances to visit religious sites.	لوک مذہبی تھانواں دیکھن کیتے لمبیاں دوریاں طے کریندے نیں۔
She received a scholarship to study medicine.	اوں طب دی تعلیم کیتے اسکالرشپ حاصل کیتی۔
Spices add flavor to traditional dishes.	مصالحے روایتی کھاناں وچ ذائقہ ودیندے نیں۔
The bus arrived late.	بس ڈیر نال پہنچی۔
Small businesses create employment opportunities.	نکیاں کاروبار روزگار دے موقعے پیدا کریندے نیں۔
Elderly people share wisdom and stories.	بزرگ لوک حکمت تے کہانیاں سانجھیاں کریندے نیں۔
The professor wrote equations on the blackboard.	پروفیسر تختے تے مساوات لکھیاں۔
People travel long distances to visit religious sites.	لوک مذہبی تھانواں دیکھن کیتے لمبیاں دوریاں طے کریندے نیں۔
Children learn best when they are interested.	بچے بہترین سکھدے نیں جدوں اوہ دلچسپی رکھدے نیں۔
Family members support each other during difficult times.	خاندان دے ممبر مشکل وختاں وچ ہک دوجھے دی مدد کریندے نیں۔
Parents sacrifice their own needs for children.	والدین بچیاں کیتے اپنیاں ضرورتاں قربان کریندے نیں۔
The river flows peacefully through the valley.	دریا وادی وچ پرامن طریقے نال وہندی اے۔
The internet connects people across continents.	انٹرنیٹ براعظماں وچ لوکاں کوں جوڑیندے۔
People celebrate festivals with great joy.	لوک ودی خوشی نال میلے منیندے نیں۔
The river flows peacefully through the valley.	دریا وادی وچ پرامن طریقے نال وہندی اے۔
The bus arrived late.	بس ڈیر نال پہنچی۔
Train journeys offer scenic views.	ریل دے سفر منظراں دے نظارے پیش کریندے نیں۔
Cricket is a popular sport.	کرکٹ ہک مقبول کھیڈ اے۔
The teacher explained the lesson patiently.	استاد صبر نال سبق سمجھایا۔
Doctors recommend drinking plenty of water.	ڈاکٹر گھنے پانی پیون دی صلاح دیندے نیں۔
Farmers wake up early to tend to crops.	کسان فصلاں دی سنبھال کیتے جلدی اٹھدے نیں۔
Handicrafts showcase artistic traditions.	ہتھکاریاں فنکارانہ روایات دکھیندیاں نیں۔
I woke up early this morning.	میں اڄ صبح جلدی اٹھیا۔
Tourism brings revenue to regions with historical sites.	سیاحت تاریخی تھانواں والے علاقیاں کوں آمدنی لیندی اے۔
The bus arrived late.	بس ڈیر نال پہنچی۔
People travel long distances to visit religious sites.	لوک مذہبی تھانواں دیکھن کیتے لمبیاں دوریاں طے کریندے نیں۔
People travel long distances to visit religious sites.	لوک مذہبی تھانواں دیکھن کیتے لمبیاں دوریاں طے کریندے نیں۔
Doctors work long hours to treat patients.	ڈاکٹر مریضاں دا علاج کرن کیتے لمبیاں گھڑیاں کم کریندے نیں۔
The school organized a science fair.	سکول نے سائنس میلہ منظم کیتا۔
Elderly people share wisdom and stories.	بزرگ لوک حکمت تے کہانیاں سانجھیاں کریندے نیں۔
Respecting elders is an important value.	بزرگاں دا احترام ہک اہم قدر اے۔
Parents sacrifice their own needs for children.	والدین بچیاں کیتے اپنیاں ضرورتاں قربان کریندے نیں۔
She cooked delicious biryani for the family.	اوں خاندان کیتے مزیدار بریانی پکائی۔
Regular exercise helps maintain good health.	منظم ورزش چنگی صحت برقرار رکھن وچ مدد کریندی اے۔
Pollution in cities has become a serious problem.	شہراں وچ آلودگی ہک سنجیدہ مسئلہ بن گئی اے۔
Handicrafts showcase artistic traditions.	ہتھکاریاں فنکارانہ روایات دکھیندیاں نیں۔
Tea is served to guests as a gesture of hospitality.	مہماناں کوں مہمان نوازی دی نشانی دے طور تے چاہ پیش کیتی ویندی اے۔
My grandmother told me stories.	میری دادی نے مینوں کہانیاں سنایاں۔
Traditional music is important for our heritage.	روایتی موسیقی سادی ورثے کیتے اہم اے۔
The river flows peacefully through the valley.	دریا وادی وچ پرامن طریقے نال وہندی اے۔
Smartphones have changed how people communicate.	اسمارٹ فوناں نے لوکاں دے رابطے دے طریقے کوں تبدیل کیتا اے۔
Spices add flavor to traditional dishes.	مصالحے روایتی کھاناں وچ ذائقہ ودیندے نیں۔
The teacher explained the lesson patiently.	استاد صبر نال سبق سمجھایا۔
The professor wrote equations on the blackboard.	پروفیسر تختے تے مساوات لکھیاں۔
Digital payments have made transactions faster.	ڈیجیٹل ادائیگیاں معاملات تیز کیتے نیں۔
Agriculture remains the primary source of income.	زراعت آمدنی دا بنیادی ذریعہ رہندی اے۔
People celebrate festivals with great joy.	لوک ودی خوشی نال میلے منیندے نیں۔
Small businesses create employment opportunities.	نکیاں کاروبار روزگار دے موقعے پیدا کریندے نیں۔
My grandmother told me stories.	میری دادی نے مینوں کہانیاں سنایاں۔
Children were playing cricket in the street.	بچے سڑک تے کرکٹ کھیڈدے پئے ہن۔
Smartphones have changed how people communicate.	اسمارٹ فوناں نے لوکاں دے رابطے دے طریقے کوں تبدیل کیتا اے۔
The bus arrived late.	بس ڈیر نال پہنچی۔
Smartphones have changed how people communicate.	اسمارٹ فوناں نے لوکاں دے رابطے دے طریقے کوں تبدیل کیتا اے۔
People celebrate festivals with great joy.	لوک ودی خوشی نال میلے منیندے نیں۔
The bus arrived late.	بس ڈیر نال پہنچی۔
Pollution in cities has become a serious problem.	شہراں وچ آلودگی ہک سنجیدہ مسئلہ بن گئی اے۔
The teacher explained the lesson patiently.	استاد صبر نال سبق سمجھایا۔
Students gathered in the library.	طالب علم لائبریری وچ گڈے تھئے۔
Eating fresh fruits provides essential vitamins.	تازہ پھل کھان ضروری وٹامن فراہم کریندے۔
We decided to visit the old temple.	اساں پرانے مندر دیکھن دا فیصلہ کیتا۔
Family members support each other during difficult times.	خاندان دے ممبر مشکل وختاں وچ ہک دوجھے دی مدد کریندے نیں۔
The teacher explained the lesson patiently.	استاد صبر نال سبق سمجھایا۔
The professor wrote equations on the blackboard.	پروفیسر تختے تے مساوات لکھیاں۔
Clear communication prevents misunderstandings.	صاف رابطہ غلط فہمیاں کوں روکیندے۔
Reading books improves vocabulary.	کتاباں پڑھن ذخیرہ الفاظ بہتر بنیندے۔
Digital payments have made transactions faster.	ڈیجیٹل ادائیگیاں معاملات تیز کیتے نیں۔
My grandmother told me stories.	میری دادی نے مینوں کہانیاں سنایاں۔
The river flows peacefully through the valley.	دریا وادی وچ پرامن طریقے نال وہندی اے۔
Handicrafts showcase artistic traditions.	ہتھکاریاں فنکارانہ روایات دکھیندیاں نیں۔
The river flows peacefully through the valley.	دریا وادی وچ پرامن طریقے نال وہندی اے۔
Pollution in cities has become a serious problem.	شہراں وچ آلودگی ہک سنجیدہ مسئلہ بن گئی اے۔
Traditional music is important for our heritage.	روایتی موسیقی سادی ورثے کیتے اہم اے۔
Respecting elders is an important value.	بزرگاں دا احترام ہک اہم قدر اے۔
Regular exercise helps maintain good health.	منظم ورزش چنگی صحت برقرار رکھن وچ مدد کریندی اے۔
Cooking together brings family members closer.	گڈے کھان پکاون خاندان دے ممبراں کوں نیڑے لیندے۔
Birds were chirping in the trees.	پنچھی رکھاں وچ چہچہا رہے ہن۔
Reading books improves vocabulary.	کتاباں پڑھن ذخیرہ الفاظ بہتر بنیندے۔
The bus arrived late.	بس ڈیر نال پہنچی۔
The school organized a science fair.	سکول نے سائنس میلہ منظم کیتا۔
Eating fresh fruits provides essential vitamins.	تازہ پھل کھان ضروری وٹامن فراہم کریندے۔
The bus arrived late.	بس ڈیر نال پہنچی۔
Children were playing cricket in the street.	بچے سڑک تے کرکٹ کھیڈدے پئے ہن۔
Online shopping has become popular.	آن لائن خریداری مقبول تھی گئی اے۔
She received a scholarship to study medicine.	اوں طب دی تعلیم کیتے اسکالرشپ حاصل کیتی۔
The teacher explained the lesson patiently.	استاد صبر نال سبق سمجھایا۔
Elderly people share wisdom and stories.	بزرگ لوک حکمت تے کہانیاں سانجھیاں کریندے نیں۔
Farmers planted rice in the flooded fields.	کسان پانی والے کھیتراں وچ چاول پوکے۔
Teachers shape young minds.	استاد نوجوان ذہناں کوں شکل دیندے نیں۔
Children were playing cricket in the street.	بچے سڑک تے کرکٹ کھیڈدے پئے ہن۔
The internet connects people across continents.	انٹرنیٹ براعظماں وچ لوکاں کوں جوڑیندے۔
Eating fresh fruits provides essential vitamins.	تازہ پھل کھان ضروری وٹامن فراہم کریندے۔
Elderly people share wisdom and stories.	بزرگ لوک حکمت تے کہانیاں سانجھیاں کریندے نیں۔
Regular exercise helps maintain good health.	منظم ورزش چنگی صحت برقرار رکھن وچ مدد کریندی اے۔
Online shopping has become popular.	آن لائن خریداری مقبول تھی گئی اے۔
Spices add flavor to traditional dishes.	مصالحے روایتی کھاناں وچ ذائقہ ودیندے نیں۔
Small businesses create employment opportunities.	نکیاں کاروبار روزگار دے موقعے پیدا کریندے نیں۔
Family members support each other during difficult times.	خاندان دے ممبر مشکل وختاں وچ ہک دوجھے دی مدد کریندے نیں۔
Traditional music is important for our heritage.	روایتی موسیقی سادی ورثے کیتے اہم اے۔
Education opens doors to opportunities.	تعلیم موقعاں دے دروازے کولیندی اے۔
Digital payments have made transactions faster.	ڈیجیٹل ادائیگیاں معاملات تیز کیتے نیں۔
Regular exercise helps maintain good health.	منظم ورزش چنگی صحت برقرار رکھن وچ مدد کریندی اے۔
Reading books improves vocabulary.	کتاباں پڑھن ذخیرہ الفاظ بہتر بنیندے۔
Agriculture remains the primary source of income.	زراعت آمدنی دا بنیادی ذریعہ رہندی اے۔
The forest is home to many wild animals.	جنگل گھنے جنگلی جانوراں دا گھر اے۔
Digital payments have made transactions faster.	ڈیجیٹل ادائیگیاں معاملات تیز کیتے نیں۔
The bus arrived late.	بس ڈیر نال پہنچی۔
People celebrate festivals with great joy.	لوک ودی خوشی نال میلے منیندے نیں۔
Clear communication prevents misunderstandings.	صاف رابطہ غلط فہمیاں کوں روکیندے۔
The teacher explained the lesson patiently.	استاد صبر نال سبق سمجھایا۔
The school organized a science fair.	سکول نے سائنس میلہ منظم کیتا۔
She walked slowly through the garden.	اوں باغ وچ آہستہ آہستہ ٹردی۔
Birds were chirping in the trees.	پنچھی رکھاں وچ چہچہا رہے ہن۔
Parents sacrifice their own needs for children.	والدین بچیاں کیتے اپنیاں ضرورتاں قربان کریندے نیں۔
Tourism brings revenue to regions with historical sites.	سیاحت تاریخی تھانواں والے علاقیاں کوں آمدنی لیندی اے۔
Storytelling preserves culture and knowledge.	کہانی سناون ثقافت تے علم کوں محفوظ رکھیندے۔
Farmers planted rice in the flooded fields.	کسان پانی والے کھیتراں وچ چاول پوکے۔
Eating fresh fruits provides essential vitamins.	تازہ پھل کھان ضروری وٹامن فراہم کریندے۔
Learning a new language requires practice.	نوی زبان سکھن کیتے مشق دی لوڑ اے۔
Parents sacrifice their own needs for children.	والدین بچیاں کیتے اپنیاں ضرورتاں قربان کریندے نیں۔
Train journeys offer scenic views.	ریل دے سفر منظراں دے نظارے پیش کریندے نیں۔
The market was crowded with people.	بازار لوکاں نال بھریا ہویا ہا۔
Train journeys offer scenic views.	ریل دے سفر منظراں دے نظارے پیش کریندے نیں۔
Eating fresh fruits provides essential vitamins.	تازہ پھل کھان ضروری وٹامن فراہم کریندے۔
Family members support each other during difficult times.	خاندان دے ممبر مشکل وختاں وچ ہک دوجھے دی مدد کریندے نیں۔
Family members support each other during difficult times.	خاندان دے ممبر مشکل وختاں وچ ہک دوجھے دی مدد کریندے نیں۔
The bus arrived late.	بس ڈیر نال پہنچی۔
Parents sacrifice their own needs for children.	والدین بچیاں کیتے اپنیاں ضرورتاں قربان کریندے نیں۔
She cooked delicious biryani for the family.	اوں خاندان کیتے مزیدار بریانی پکائی۔
I woke up early this morning.	میں اڄ صبح جلدی اٹھیا۔
Regular exercise helps maintain good health.	منظم ورزش چنگی صحت برقرار رکھن وچ مدد کریندی اے۔
People travel long distances to visit religious sites.	لوک مذہبی تھانواں دیکھن کیتے لمبیاں دوریاں طے کریندے نیں۔
The school organized a science fair.	سکول نے سائنس میلہ منظم کیتا۔
Students gathered in the library.	طالب علم لائبریری وچ گڈے تھئے۔
The bus arrived late.	بس ڈیر نال پہنچی۔
Tea is served to guests as a gesture of hospitality.	مہماناں کوں مہمان نوازی دی نشانی دے طور تے چاہ پیش کیتی ویندی اے۔
Small businesses create employment opportunities.	نکیاں کاروبار روزگار دے موقعے پیدا کریندے نیں۔
Doctors recommend drinking plenty of water.	ڈاکٹر گھنے پانی پیون دی صلاح دیندے نیں۔
People travel long distances to visit religious sites.	لوک مذہبی تھانواں دیکھن کیتے لمبیاں دوریاں طے کریندے نیں۔
She walked slowly through the garden.	اوں باغ وچ آہستہ آہستہ ٹردی۔
The school organized a science fair.	سکول نے سائنس میلہ منظم کیتا۔
After finishing his work, he sat down.	اپنا کم مکمل کرن دے بعد، او بیٹھ گیا۔
The market was crowded with people.	بازار لوکاں نال بھریا ہویا ہا۔
Cooking together brings family members closer.	گڈے کھان پکاون خاندان دے ممبراں کوں نیڑے لیندے۔
Storytelling preserves culture and knowledge.	کہانی سناون ثقافت تے علم کوں محفوظ رکھیندے۔
Education opens doors to opportunities.	تعلیم موقعاں دے دروازے کولیندی اے۔
We decided to visit the old temple.	اساں پرانے مندر دیکھن دا فیصلہ کیتا۔
Traditional music is important for our heritage.	روایتی موسیقی سادی ورثے کیتے اہم اے۔
Spices add flavor to traditional dishes.	مصالحے روایتی کھاناں وچ ذائقہ ودیندے نیں۔
The river flows peacefully through the valley.	دریا وادی وچ پرامن طریقے نال وہندی اے۔
Education opens doors to opportunities.	تعلیم موقعاں دے دروازے کولیندی اے۔
She received a scholarship to study medicine.	اوں طب دی تعلیم کیتے اسکالرشپ حاصل کیتی۔
Children learn best when they are interested.	بچے بہترین سکھدے نیں جدوں اوہ دلچسپی رکھدے نیں۔
Reading books improves vocabulary.	کتاباں پڑھن ذخیرہ الفاظ بہتر بنیندے۔
My grandmother told me stories.	میری دادی نے مینوں کہانیاں سنایاں۔
Train journeys offer scenic views.	ریل دے سفر منظراں دے نظارے پیش کریندے نیں۔
My grandmother told me stories.	میری دادی نے مینوں کہانیاں سنایاں۔
Cooking together brings family members closer.	گڈے کھان پکاون خاندان دے ممبراں کوں نیڑے لیندے۔
The teacher explained the lesson patiently.	استاد صبر نال سبق سمجھایا۔
Storytelling preserves culture and knowledge.	کہانی سناون ثقافت تے علم کوں محفوظ رکھیندے۔
My grandmother told me stories.	میری دادی نے مینوں کہانیاں سنایاں۔
Tea is served to guests as a gesture of hospitality.	مہماناں کوں مہمان نوازی دی نشانی دے طور تے چاہ پیش کیتی ویندی اے۔
Spices add flavor to traditional dishes.	مصالحے روایتی کھاناں وچ ذائقہ ودیندے نیں۔
Parents sacrifice their own needs for children.	والدین بچیاں کیتے اپنیاں ضرورتاں قربان کریندے نیں۔
Education opens doors to opportunities.	تعلیم موقعاں دے دروازے کولیندی اے۔
We decided to visit the old temple.	اساں پرانے مندر دیکھن دا فیصلہ کیتا۔
We decided to visit the old temple.	اساں پرانے مندر دیکھن دا فیصلہ کیتا۔
Teachers shape young minds.	استاد نوجوان ذہناں کوں شکل دیندے نیں۔
Digital payments have made transactions faster.	ڈیجیٹل ادائیگیاں معاملات تیز کیتے نیں۔
Birds were chirping in the trees.	پنچھی رکھاں وچ چہچہا رہے ہن۔
Tourism brings revenue to regions with historical sites.	سیاحت تاریخی تھانواں والے علاقیاں کوں آمدنی لیندی اے۔
Small businesses create employment opportunities.	نکیاں کاروبار روزگار دے موقعے پیدا کریندے نیں۔
People celebrate festivals with great joy.	لوک ودی خوشی نال میلے منیندے نیں۔
She walked slowly through the garden.	اوں باغ وچ آہستہ آہستہ ٹردی۔
Children were playing cricket in the street.	بچے سڑک تے کرکٹ کھیڈدے پئے ہن۔
Learning a new language requires practice.	نوی زبان سکھن کیتے مشق دی لوڑ اے۔
Family members support each other during difficult times.	خاندان دے ممبر مشکل وختاں وچ ہک دوجھے دی مدد کریندے نیں۔
Small businesses create employment opportunities.	نکیاں کاروبار روزگار دے موقعے پیدا کریندے نیں۔
Online shopping has become popular.	آن لائن خریداری مقبول تھی گئی اے۔
Birds were chirping in the trees.	پنچھی رکھاں وچ چہچہا رہے ہن۔
Education opens doors to opportunities.	تعلیم موقعاں دے دروازے کولیندی اے۔
Education opens doors to opportunities.	تعلیم موقعاں دے دروازے کولیندی اے۔
Tourism brings revenue to regions with historical sites.	سیاحت تاریخی تھانواں والے علاقیاں کوں آمدنی لیندی اے۔
Handicrafts showcase artistic traditions.	ہتھکاریاں فنکارانہ روایات دکھیندیاں نیں۔
Regular exercise helps maintain good health.	منظم ورزش چنگی صحت برقرار رکھن وچ مدد کریندی اے۔
The professor wrote equations on the blackboard.	پروفیسر تختے تے مساوات لکھیاں۔
The school organized a science fair.	سکول نے سائنس میلہ منظم کیتا۔
Tourism brings revenue to regions with historical sites.	سیاحت تاریخی تھانواں والے علاقیاں کوں آمدنی لیندی اے۔
Regular exercise helps maintain good health.	منظم ورزش چنگی صحت برقرار رکھن وچ مدد کریندی اے۔
Doctors recommend drinking plenty of water.	ڈاکٹر گھنے پانی پیون دی صلاح دیندے نیں۔
Family members support each other during difficult times.	خاندان دے ممبر مشکل وختاں وچ ہک دوجھے دی مدد کریندے نیں۔
Digital payments have made transactions faster.	ڈیجیٹل ادائیگیاں معاملات تیز کیتے نیں۔
Birds were chirping in the trees.	پنچھی رکھاں وچ چہچہا رہے ہن۔
Respecting elders is an important value.	بزرگاں دا احترام ہک اہم قدر اے۔
Train journeys offer scenic views.	ریل دے سفر منظراں دے نظارے پیش کریندے نیں۔
Respecting elders is an important value.	بزرگاں دا احترام ہک اہم قدر اے۔
Spices add flavor to traditional dishes.	مصالحے روایتی کھاناں وچ ذائقہ ودیندے نیں۔
After finishing his work, he sat down.	اپنا کم مکمل کرن دے بعد، او بیٹھ گیا۔
The river flows peacefully through the valley.	دریا وادی وچ پرامن طریقے نال وہندی اے۔
People travel long distances to visit religious sites.	لوک مذہبی تھانواں دیکھن کیتے لمبیاں دوریاں طے کریندے نیں۔
Pollution in cities has become a serious problem.	شہراں وچ آلودگی ہک سنجیدہ مسئلہ بن گئی اے۔
Children learn best when they are interested.	بچے بہترین سکھدے نیں جدوں اوہ دلچسپی رکھدے نیں۔
People celebrate festivals with great joy.	لوک ودی خوشی نال میلے منیندے نیں۔
Doctors work long hours to treat patients.	ڈاکٹر مریضاں دا علاج کرن کیتے لمبیاں گھڑیاں کم کریندے نیں۔
Doctors recommend drinking plenty of water.	ڈاکٹر گھنے پانی پیون دی صلاح دیندے نیں۔
Tourism brings revenue to regions with historical sites.	سیاحت تاریخی تھانواں والے علاقیاں کوں آمدنی لیندی اے۔
Respecting elders is an important value.	بزرگاں دا احترام ہک اہم قدر اے۔
The school organized a science fair.	سکول نے سائنس میلہ منظم کیتا۔
Students gathered in the library.	طالب علم لائبریری وچ گڈے تھئے۔
The bus arrived late.	بس ڈیر نال پہنچی۔
Cricket is a popular sport.	کرکٹ ہک مقبول کھیڈ اے۔
The market was crowded with people.	بازار لوکاں نال بھریا ہویا ہا۔
Cricket is a popular sport.	کرکٹ ہک مقبول کھیڈ اے۔
Online shopping has become popular.	آن لائن خریداری مقبول تھی گئی اے۔
Eating fresh fruits provides essential vitamins.	تازہ پھل کھان ضروری وٹامن فراہم کریندے۔
Storytelling preserves culture and knowledge.	کہانی سناون ثقافت تے علم کوں محفوظ رکھیندے۔
The forest is home to many wild animals.	جنگل گھنے جنگلی جانوراں دا گھر اے۔
Handicrafts showcase artistic traditions.	ہتھکاریاں فنکارانہ روایات دکھیندیاں نیں۔
The bus arrived late.	بس ڈیر نال پہنچی۔
Parents sacrifice their own needs for children.	والدین بچیاں کیتے اپنیاں ضرورتاں قربان کریندے نیں۔
Regular exercise helps maintain good health.	منظم ورزش چنگی صحت برقرار رکھن وچ مدد کریندی اے۔
Clear communication prevents misunderstandings.	صاف رابطہ غلط فہمیاں کوں روکیندے۔
Cooking together brings family members closer.	گڈے کھان پکاون خاندان دے ممبراں کوں نیڑے لیندے۔
The forest is home to many wild animals.	جنگل گھنے جنگلی جانوراں دا گھر اے۔
Traditional music is important for our heritage.	روایتی موسیقی سادی ورثے کیتے اہم اے۔
Education opens doors to opportunities.	تعلیم موقعاں دے دروازے کولیندی اے۔
Sports teach teamwork and discipline.	کھیڈاں ٹیم ورک تے نظم و ضبط سکھیندیاں نیں۔
Farmers planted rice in the flooded fields.	کسان پانی والے کھیتراں وچ چاول پوکے۔
The market was crowded with people.	بازار لوکاں نال بھریا ہویا ہا۔
She cooked delicious biryani for the family.	اوں خاندان کیتے مزیدار بریانی پکائی۔
I woke up early this morning.	میں اڄ صبح جلدی اٹھیا۔
Students gathered in the library.	طالب علم لائبریری وچ گڈے تھئے۔
Birds were chirping in the trees.	پنچھی رکھاں وچ چہچہا رہے ہن۔
Elderly people share wisdom and stories.	بزرگ لوک حکمت تے کہانیاں سانجھیاں کریندے نیں۔
Smartphones have changed how people communicate.	اسمارٹ فوناں نے لوکاں دے رابطے دے طریقے کوں تبدیل کیتا اے۔
Cooking together brings family members closer.	گڈے کھان پکاون خاندان دے ممبراں کوں نیڑے لیندے۔
Learning a new language requires practice.	نوی زبان سکھن کیتے مشق دی لوڑ اے۔
Tourism brings revenue to regions with historical sites.	سیاحت تاریخی تھانواں والے علاقیاں کوں آمدنی لیندی اے۔
The internet connects people across continents.	انٹرنیٹ براعظماں وچ لوکاں کوں جوڑیندے۔
People travel long distances to visit religious sites.	لوک مذہبی تھانواں دیکھن کیتے لمبیاں دوریاں طے کریندے نیں۔
Tea is served to guests as a gesture of hospitality.	مہماناں کوں مہمان نوازی دی نشانی دے طور تے چاہ پیش کیتی ویندی اے۔
The professor wrote equations on the blackboard.	پروفیسر تختے تے مساوات لکھیاں۔
Children learn best when they are interested.	بچے بہترین سکھدے نیں جدوں اوہ دلچسپی رکھدے نیں۔
Learning a new language requires practice.	نوی زبان سکھن کیتے مشق دی لوڑ اے۔
The river flows peacefully through the valley.	دریا وادی وچ پرامن طریقے نال وہندی اے۔
Respecting elders is an important value.	بزرگاں دا احترام ہک اہم قدر اے۔
The river flows peacefully through the valley.	دریا وادی وچ پرامن طریقے نال وہندی اے۔
I woke up early this morning.	میں اڄ صبح جلدی اٹھیا۔
Respecting elders is an important value.	بزرگاں دا احترام ہک اہم قدر اے۔
The internet connects people across continents.	انٹرنیٹ براعظماں وچ لوکاں کوں جوڑیندے۔
Digital payments have made transactions faster.	ڈیجیٹل ادائیگیاں معاملات تیز کیتے نیں۔
Education opens doors to opportunities.	تعلیم موقعاں دے دروازے کولیندی اے۔
Agriculture remains the primary source of income.	زراعت آمدنی دا بنیادی ذریعہ رہندی اے۔
Traditional music is important for our heritage.	روایتی موسیقی سادی ورثے کیتے اہم اے۔
Sports teach teamwork and discipline.	کھیڈاں ٹیم ورک تے نظم و ضبط سکھیندیاں نیں۔
Traditional music is important for our heritage.	روایتی موسیقی سادی ورثے کیتے اہم اے۔
Family members support each other during difficult times.	خاندان دے ممبر مشکل وختاں وچ ہک دوجھے دی مدد کریندے نیں۔
Agriculture remains the primary source of income.	زراعت آمدنی دا بنیادی ذریعہ رہندی اے۔
Respecting elders is an important value.	بزرگاں دا احترام ہک اہم قدر اے۔
Children were playing cricket in the street.	بچے سڑک تے کرکٹ کھیڈدے پئے ہن۔
Elderly people share wisdom and stories.	بزرگ لوک حکمت تے کہانیاں سانجھیاں کریندے نیں۔
Agriculture remains the primary source of income.	زراعت آمدنی دا بنیادی ذریعہ رہندی اے۔
Pollution in cities has become a serious problem.	شہراں وچ آلودگی ہک سنجیدہ مسئلہ بن گئی اے۔
The bus arrived late.	بس ڈیر نال پہنچی۔
Doctors recommend drinking plenty of water.	ڈاکٹر گھنے پانی پیون دی صلاح دیندے نیں۔
Eating fresh fruits provides essential vitamins.	تازہ پھل کھان ضروری وٹامن فراہم کریندے۔
Education opens doors to opportunities.	تعلیم موقعاں دے دروازے کولیندی اے۔
Cooking together brings family members closer.	گڈے کھان پکاون خاندان دے ممبراں کوں نیڑے لیندے۔
Respecting elders is an important value.	بزرگاں دا احترام ہک اہم قدر اے۔
Regular exercise helps maintain good health.	منظم ورزش چنگی صحت برقرار رکھن وچ مدد کریندی اے۔
After finishing his work, he sat down.	اپنا کم مکمل کرن دے بعد، او بیٹھ گیا۔
Handicrafts showcase artistic traditions.	ہتھکاریاں فنکارانہ روایات دکھیندیاں نیں۔
Small businesses create employment opportunities.	نکیاں کاروبار روزگار دے موقعے پیدا کریندے نیں۔
She walked slowly through the garden.	اوں باغ وچ آہستہ آہستہ ٹردی۔
Eating fresh fruits provides essential vitamins.	تازہ پھل کھان ضروری وٹامن فراہم کریندے۔
Spices add flavor to traditional dishes.	مصالحے روایتی کھاناں وچ ذائقہ ودیندے نیں۔
People celebrate festivals with great joy.	لوک ودی خوشی نال میلے منیندے نیں۔
My grandmother told me stories.	میری دادی نے مینوں کہانیاں سنایاں۔
Learning a new language requires practice.	نوی زبان سکھن کیتے مشق دی لوڑ اے۔
The bus arrived late.	بس ڈیر نال پہنچی۔
Spices add flavor to traditional dishes.	مصالحے روایتی کھاناں وچ ذائقہ ودیندے نیں۔
Pollution in cities has become a serious problem.	شہراں وچ آلودگی ہک سنجیدہ مسئلہ بن گئی اے۔
People celebrate festivals with great joy.	لوک ودی خوشی نال میلے منیندے نیں۔
People celebrate festivals with great joy.	لوک ودی خوشی نال میلے منیندے نیں۔
Elderly people share wisdom and stories.	بزرگ لوک حکمت تے کہانیاں سانجھیاں کریندے نیں۔
After finishing his work, he sat down.	اپنا کم مکمل کرن دے بعد، او بیٹھ گیا۔
The river flows peacefully through the valley.	دریا وادی وچ پرامن طریقے نال وہندی اے۔
Cooking together brings family members closer.	گڈے کھان پکاون خاندان دے ممبراں کوں نیڑے لیندے۔
Farmers wake up early to tend to crops.	کسان فصلاں دی سنبھال کیتے جلدی اٹھدے نیں۔
Family members support each other during difficult times.	خاندان دے ممبر مشکل وختاں وچ ہک دوجھے دی مدد کریندے نیں۔
She received a scholarship to study medicine.	اوں طب دی تعلیم کیتے اسکالرشپ حاصل کیتی۔
The professor wrote equations on the blackboard.	پروفیسر تختے تے مساوات لکھیاں۔
Regular exercise helps maintain good health.	منظم ورزش چنگی صحت برقرار رکھن وچ مدد کریندی اے۔
Learning a new language requires practice.	نوی زبان سکھن کیتے مشق دی لوڑ اے۔
Farmers wake up early to tend to crops.	کسان فصلاں دی سنبھال کیتے جلدی اٹھدے نیں۔
Online shopping has become popular.	آن لائن خریداری مقبول تھی گئی اے۔
Tea is served to guests as a gesture of hospitality.	مہماناں کوں مہمان نوازی دی نشانی دے طور تے چاہ پیش کیتی ویندی اے۔
Clear communication prevents misunderstandings.	صاف رابطہ غلط فہمیاں کوں روکیندے۔
Pollution in cities has become a serious problem.	شہراں وچ آلودگی ہک سنجیدہ مسئلہ بن گئی اے۔
Storytelling preserves culture and knowledge.	کہانی سناون ثقافت تے علم کوں محفوظ رکھیندے۔
Pollution in cities has become a serious problem.	شہراں وچ آلودگی ہک سنجیدہ مسئلہ بن گئی اے۔
Doctors recommend drinking plenty of water.	ڈاکٹر گھنے پانی پیون دی صلاح دیندے نیں۔
Cooking together brings family members closer.	گڈے کھان پکاون خاندان دے ممبراں کوں نیڑے لیندے۔
Respecting elders is an important value.	بزرگاں دا احترام ہک اہم قدر اے۔
We decided to visit the old temple.	اساں پرانے مندر دیکھن دا فیصلہ کیتا۔
Train journeys offer scenic views.	ریل دے سفر منظراں دے نظارے پیش کریندے نیں۔
Train journeys offer scenic views.	ریل دے سفر منظراں دے نظارے پیش کریندے نیں۔
Learning a new language requires practice.	نوی زبان سکھن کیتے مشق دی لوڑ اے۔
The internet connects people across continents.	انٹرنیٹ براعظماں وچ لوکاں کوں جوڑیندے۔
Elderly people share wisdom and stories.	بزرگ لوک حکمت تے کہانیاں سانجھیاں کریندے نیں۔
Clear communication prevents misunderstandings.	صاف رابطہ غلط فہمیاں کوں روکیندے۔
Sports teach teamwork and discipline.	کھیڈاں ٹیم ورک تے نظم و ضبط سکھیندیاں نیں۔
Teachers shape young minds.	استاد نوجوان ذہناں کوں شکل دیندے نیں۔
Small businesses create employment opportunities.	نکیاں کاروبار روزگار دے موقعے پیدا کریندے نیں۔
Small businesses create employment opportunities.	نکیاں کاروبار روزگار دے موقعے پیدا کریندے نیں۔
Birds were chirping in the trees.	پنچھی رکھاں وچ چہچہا رہے ہن۔
After finishing his work, he sat down.	اپنا کم مکمل کرن دے بعد، او بیٹھ گیا۔
Handicrafts showcase artistic traditions.	ہتھکاریاں فنکارانہ روایات دکھیندیاں نیں۔
Respecting elders is an important value.	بزرگاں دا احترام ہک اہم قدر اے۔
Digital payments have made transactions faster.	ڈیجیٹل ادائیگیاں معاملات تیز کیتے نیں۔
She received a scholarship to study medicine.	اوں طب دی تعلیم کیتے اسکالرشپ حاصل کیتی۔
Cricket is a popular sport.	کرکٹ ہک مقبول کھیڈ اے۔
Regular exercise helps maintain good health.	منظم ورزش چنگی صحت برقرار رکھن وچ مدد کریندی اے۔
People celebrate festivals with great joy.	لوک ودی خوشی نال میلے منیندے نیں۔
Clear communication prevents misunderstandings.	صاف رابطہ غلط فہمیاں کوں روکیندے۔
The bus arrived late.	بس ڈیر نال پہنچی۔
Sports teach teamwork and discipline.	کھیڈاں ٹیم ورک تے نظم و ضبط سکھیندیاں نیں۔
Small businesses create employment opportunities.	نکیاں کاروبار روزگار دے موقعے پیدا کریندے نیں۔
Spices add flavor to traditional dishes.	مصالحے روایتی کھاناں وچ ذائقہ ودیندے نیں۔
Smartphones have changed how people communicate.	اسمارٹ فوناں نے لوکاں دے رابطے دے طریقے کوں تبدیل کیتا اے۔
The teacher explained the lesson patiently.	استاد صبر نال سبق سمجھایا۔
We decided to visit the old temple.	اساں پرانے مندر دیکھن دا فیصلہ کیتا۔
The internet connects people across continents.	انٹرنیٹ براعظماں وچ لوکاں کوں جوڑیندے۔
Parents sacrifice their own needs for children.	والدین بچیاں کیتے اپنیاں ضرورتاں قربان کریندے نیں۔
Tourism brings revenue to regions with historical sites.	سیاحت تاریخی تھانواں والے علاقیاں کوں آمدنی لیندی اے۔
The forest is home to many wild animals.	جنگل گھنے جنگلی جانوراں دا گھر اے۔
My grandmother told me stories.	میری دادی نے مینوں کہانیاں سنایاں۔
Children were playing cricket in the street.	بچے سڑک تے کرکٹ کھیڈدے پئے ہن۔
Students gathered in the library.	طالب علم لائبریری وچ گڈے تھئے۔
The professor wrote equations on the blackboard.	پروفیسر تختے تے مساوات لکھیاں۔
People celebrate festivals with great joy.	لوک ودی خوشی نال میلے منیندے نیں۔
Storytelling preserves culture and knowledge.	کہانی سناون ثقافت تے علم کوں محفوظ رکھیندے۔
The forest is home to many wild animals.	جنگل گھنے جنگلی جانوراں دا گھر اے۔
Education opens doors to opportunities.	تعلیم موقعاں دے دروازے کولیندی اے۔
People travel long distances to visit religious sites.	لوک مذہبی تھانواں دیکھن کیتے لمبیاں دوریاں طے کریندے نیں۔
Learning a new language requires practice.	نوی زبان سکھن کیتے مشق دی لوڑ اے۔
Family members support each other during difficult times.	خاندان دے ممبر مشکل وختاں وچ ہک دوجھے دی مدد کریندے نیں۔
Respecting elders is an important value.	بزرگاں دا احترام ہک اہم قدر اے۔
Respecting elders is an important value.	بزرگاں دا احترام ہک اہم قدر اے۔
Pollution in cities has become a serious problem.	شہراں وچ آلودگی ہک سنجیدہ مسئلہ بن گئی اے۔
The school organized a science fair.	سکول نے سائنس میلہ منظم کیتا۔
After finishing his work, he sat down.	اپنا کم مکمل کرن دے بعد، او بیٹھ گیا۔
Tourism brings revenue to regions with historical sites.	سیاحت تاریخی تھانواں والے علاقیاں کوں آمدنی لیندی اے۔
Teachers shape young minds.	استاد نوجوان ذہناں کوں شکل دیندے نیں۔
Doctors recommend drinking plenty of water.	ڈاکٹر گھنے پانی پیون دی صلاح دیندے نیں۔
Farmers wake up early to tend to crops.	کسان فصلاں دی سنبھال کیتے جلدی اٹھدے نیں۔
The bus arrived late.	بس ڈیر نال پہنچی۔
Smartphones have changed how people communicate.	اسمارٹ فوناں نے لوکاں دے رابطے دے طریقے کوں تبدیل کیتا اے۔
The bus arrived late.	بس ڈیر نال پہنچی۔
The professor wrote equations on the blackboard.	پروفیسر تختے تے مساوات لکھیاں۔
Agriculture remains the primary source of income.	زراعت آمدنی دا بنیادی ذریعہ رہندی اے۔
She received a scholarship to study medicine.	اوں طب دی تعلیم کیتے اسکالرشپ حاصل کیتی۔
Respecting elders is an important value.	بزرگاں دا احترام ہک اہم قدر اے۔
Teachers shape young minds.	استاد نوجوان ذہناں کوں شکل دیندے نیں۔
Cooking together brings family members closer.	گڈے کھان پکاون خاندان دے ممبراں کوں نیڑے لیندے۔
Farmers wake up early to tend to crops.	کسان فصلاں دی سنبھال کیتے جلدی اٹھدے نیں۔
Handicrafts showcase artistic traditions.	ہتھکاریاں فنکارانہ روایات دکھیندیاں نیں۔
Clear communication prevents misunderstandings.	صاف رابطہ غلط فہمیاں کوں روکیندے۔
Doctors work long hours to treat patients.	ڈاکٹر مریضاں دا علاج کرن کیتے لمبیاں گھڑیاں کم کریندے نیں۔
Train journeys offer scenic views.	ریل دے سفر منظراں دے نظارے پیش کریندے نیں۔
The bus arrived late.	بس ڈیر نال پہنچی۔
My grandmother told me stories.	میری دادی نے مینوں کہانیاں سنایاں۔
Elderly people share wisdom and stories.	بزرگ لوک حکمت تے کہانیاں سانجھیاں کریندے نیں۔
Family members support each other during difficult times.	خاندان دے ممبر مشکل وختاں وچ ہک دوجھے دی مدد کریندے نیں۔
Small businesses create employment opportunities.	نکیاں کاروبار روزگار دے موقعے پیدا کریندے نیں۔
Small businesses create employment opportunities.	نکیاں کاروبار روزگار دے موقعے پیدا کریندے نیں۔
Elderly people share wisdom and stories.	بزرگ لوک حکمت تے کہانیاں سانجھیاں کریندے نیں۔
She cooked delicious biryani for the family.	اوں خاندان کیتے مزیدار بریانی پکائی۔
Storytelling preserves culture and knowledge.	کہانی سناون ثقافت تے علم کوں محفوظ رکھیندے۔
The professor wrote equations on the blackboard.	پروفیسر تختے تے مساوات لکھیاں۔
Farmers wake up early to tend to crops.	کسان فصلاں دی سنبھال کیتے جلدی اٹھدے نیں۔
Cricket is a popular sport.	کرکٹ ہک مقبول کھیڈ اے۔
Teachers shape young minds.	استاد نوجوان ذہناں کوں شکل دیندے نیں۔
Farmers wake up early to tend to crops.	کسان فصلاں دی سنبھال کیتے جلدی اٹھدے نیں۔
People celebrate festivals with great joy.	لوک ودی خوشی نال میلے منیندے نیں۔
Traditional music is important for our heritage.	روایتی موسیقی سادی ورثے کیتے اہم اے۔
Education opens doors to opportunities.	تعلیم موقعاں دے دروازے کولیندی اے۔
Regular exercise helps maintain good health.	منظم ورزش چنگی صحت برقرار رکھن وچ مدد کریندی اے۔
I woke up early this morning.	میں اڄ صبح جلدی اٹھیا۔
Cricket is a popular sport.	کرکٹ ہک مقبول کھیڈ اے۔
Students gathered in the library.	طالب علم لائبریری وچ گڈے تھئے۔
Family members support each other during difficult times.	خاندان دے ممبر مشکل وختاں وچ ہک دوجھے دی مدد کریندے نیں۔
Tourism brings revenue to regions with historical sites.	سیاحت تاریخی تھانواں والے علاقیاں کوں آمدنی لیندی اے۔
Learning a new language requires practice.	نوی زبان سکھن کیتے مشق دی لوڑ اے۔
Students gathered in the library.	طالب علم لائبریری وچ گڈے تھئے۔
People celebrate festivals with great joy.	لوک ودی خوشی نال میلے منیندے نیں۔
Doctors recommend drinking plenty of water.	ڈاکٹر گھنے پانی پیون دی صلاح دیندے نیں۔
Tea is served to guests as a gesture of hospitality.	مہماناں کوں مہمان نوازی دی نشانی دے طور تے چاہ پیش کیتی ویندی اے۔
The wedding ceremony lasted three days.	شادی دی تقریب ترئے دینہہ چلی۔
Cooking together brings family members closer.	گڈے کھان پکاون خاندان دے ممبراں کوں نیڑے لیندے۔
Parents sacrifice their own needs for children.	والدین بچیاں کیتے اپنیاں ضرورتاں قربان کریندے نیں۔
She received a scholarship to study medicine.	اوں طب دی تعلیم کیتے اسکالرشپ حاصل کیتی۔
Eating fresh fruits provides essential vitamins.	تازہ پھل کھان ضروری وٹامن فراہم کریندے۔
Train journeys offer scenic views.	ریل دے سفر منظراں دے نظارے پیش کریندے نیں۔
People celebrate festivals with great joy.	لوک ودی خوشی نال میلے منیندے نیں۔
People travel long distances to visit religious sites.	لوک مذہبی تھانواں دیکھن کیتے لمبیاں دوریاں طے کریندے نیں۔
Doctors work long hours to treat patients.	ڈاکٹر مریضاں دا علاج کرن کیتے لمبیاں گھڑیاں کم کریندے نیں۔
Handicrafts showcase artistic traditions.	ہتھکاریاں فنکارانہ روایات دکھیندیاں نیں۔
The school organized a science fair.	سکول نے سائنس میلہ منظم کیتا۔
The market was crowded with people.	بازار لوکاں نال بھریا ہویا ہا۔
Elderly people share wisdom and stories.	بزرگ لوک حکمت تے کہانیاں سانجھیاں کریندے نیں۔
Reading books improves vocabulary.	کتاباں پڑھن ذخیرہ الفاظ بہتر بنیندے۔
Online shopping has become popular.	آن لائن خریداری مقبول تھی گئی اے۔
Cricket is a popular sport.	کرکٹ ہک مقبول کھیڈ اے۔
The professor wrote equations on the blackboard.	پروفیسر تختے تے مساوات لکھیاں۔
I woke up early this morning.	میں اڄ صبح جلدی اٹھیا۔
Cricket is a popular sport.	کرکٹ ہک مقبول کھیڈ اے۔
Sports teach teamwork and discipline.	کھیڈاں ٹیم ورک تے نظم و ضبط سکھیندیاں نیں۔
Respecting elders is an important value.	بزرگاں دا احترام ہک اہم قدر اے۔
Farmers wake up early to tend to crops.	کسان فصلاں دی سنبھال کیتے جلدی اٹھدے نیں۔
Clear communication prevents misunderstandings.	صاف رابطہ غلط فہمیاں کوں روکیندے۔
The teacher explained the lesson patiently.	استاد صبر نال سبق سمجھایا۔
The professor wrote equations on the blackboard.	پروفیسر تختے تے مساوات لکھیاں۔
She received a scholarship to study medicine.	اوں طب دی تعلیم کیتے اسکالرشپ حاصل کیتی۔
Digital payments have made transactions faster.	ڈیجیٹل ادائیگیاں معاملات تیز کیتے نیں۔
The bus arrived late.	بس ڈیر نال پہنچی۔
Regular exercise helps maintain good health.	منظم ورزش چنگی صحت برقرار رکھن وچ مدد کریندی اے۔
Train journeys offer scenic views.	ریل دے سفر منظراں دے نظارے پیش کریندے نیں۔
The internet connects people across continents.	انٹرنیٹ براعظماں وچ لوکاں کوں جوڑیندے۔
Tea is served to guests as a gesture of hospitality.	مہماناں کوں مہمان نوازی دی نشانی دے طور تے چاہ پیش کیتی ویندی اے۔
The school organized a science fair.	سکول نے سائنس میلہ منظم کیتا۔
People celebrate festivals with great joy.	لوک ودی خوشی نال میلے منیندے نیں۔
Farmers wake up early to tend to crops.	کسان فصلاں دی سنبھال کیتے جلدی اٹھدے نیں۔
My grandmother told me stories.	میری دادی نے مینوں کہانیاں سنایاں۔
My grandmother told me stories.	میری دادی نے مینوں کہانیاں سنایاں۔
Online shopping has become popular.	آن لائن خریداری مقبول تھی گئی اے۔
Respecting elders is an important value.	بزرگاں دا احترام ہک اہم قدر اے۔
Train journeys offer scenic views.	ریل دے سفر منظراں دے نظارے پیش کریندے نیں۔
Eating fresh fruits provides essential vitamins.	تازہ پھل کھان ضروری وٹامن فراہم کریندے۔
She walked slowly through the garden.	اوں باغ وچ آہستہ آہستہ ٹردی۔
Traditional music is important for our heritage.	روایتی موسیقی سادی ورثے کیتے اہم اے۔
Cooking together brings family members closer.	گڈے کھان پکاون خاندان دے ممبراں کوں نیڑے لیندے۔
Train journeys offer scenic views.	ریل دے سفر منظراں دے نظارے پیش کریندے نیں۔
Education opens doors to opportunities.	تعلیم موقعاں دے دروازے کولیندی اے۔
Online shopping has become popular.	آن لائن خریداری مقبول تھی گئی اے۔
The forest is home to many wild animals.	جنگل گھنے جنگلی جانوراں دا گھر اے۔
Farmers wake up early to tend to crops.	کسان فصلاں دی سنبھال کیتے جلدی اٹھدے نیں۔
Clear communication prevents misunderstandings.	صاف رابطہ غلط فہمیاں کوں روکیندے۔
She received a scholarship to study medicine.	اوں طب دی تعلیم کیتے اسکالرشپ حاصل کیتی۔
The teacher explained the lesson patiently.	استاد صبر نال سبق سمجھایا۔
Tourism brings revenue to regions with historical sites.	سیاحت تاریخی تھانواں والے علاقیاں کوں آمدنی لیندی اے۔
Parents sacrifice their own needs for children.	والدین بچیاں کیتے اپنیاں ضرورتاں قربان کریندے نیں۔
Teachers shape young minds.	استاد نوجوان ذہناں کوں شکل دیندے نیں۔
The bus arrived late.	بس ڈیر نال پہنچی۔
Eating fresh fruits provides essential vitamins.	تازہ پھل کھان ضروری وٹامن فراہم کریندے۔
My grandmother told me stories.	میری دادی نے مینوں کہانیاں سنایاں۔
Sports teach teamwork and discipline.	کھیڈاں ٹیم ورک تے نظم و ضبط سکھیندیاں نیں۔
My grandmother told me stories.	میری دادی نے مینوں کہانیاں سنایاں۔
Farmers planted rice in the flooded fields.	کسان پانی والے کھیتراں وچ چاول پوکے۔
The school organized a science fair.	سکول نے سائنس میلہ منظم کیتا۔
Spices add flavor to traditional dishes.	مصالحے روایتی کھاناں وچ ذائقہ ودیندے نیں۔
The wedding ceremony lasted three days.	شادی دی تقریب ترئے دینہہ چلی۔
Farmers wake up early to tend to crops.	کسان فصلاں دی سنبھال کیتے جلدی اٹھدے نیں۔
The teacher explained the lesson patiently.	استاد صبر نال سبق سمجھایا۔
Tourism brings revenue to regions with historical sites.	سیاحت تاریخی تھانواں والے علاقیاں کوں آمدنی لیندی اے۔
Birds were chirping in the trees.	پنچھی رکھاں وچ چہچہا رہے ہن۔
Farmers planted rice in the flooded fields.	کسان پانی والے کھیتراں وچ چاول پوکے۔
Birds were chirping in the trees.	پنچھی رکھاں وچ چہچہا رہے ہن۔
The forest is home to many wild animals.	جنگل گھنے جنگلی جانوراں دا گھر اے۔
People travel long distances to visit religious sites.	لوک مذہبی تھانواں دیکھن کیتے لمبیاں دوریاں طے کریندے نیں۔
The internet connects people across continents.	انٹرنیٹ براعظماں وچ لوکاں کوں جوڑیندے۔
Respecting elders is an important value.	بزرگاں دا احترام ہک اہم قدر اے۔
Children learn best when they are interested.	بچے بہترین سکھدے نیں جدوں اوہ دلچسپی رکھدے نیں۔
The market was crowded with people.	بازار لوکاں نال بھریا ہویا ہا۔
Eating fresh fruits provides essential vitamins.	تازہ پھل کھان ضروری وٹامن فراہم کریندے۔
The professor wrote equations on the blackboard.	پروفیسر تختے تے مساوات لکھیاں۔
Spices add flavor to traditional dishes.	مصالحے روایتی کھاناں وچ ذائقہ ودیندے نیں۔
Children learn best when they are interested.	بچے بہترین سکھدے نیں جدوں اوہ دلچسپی رکھدے نیں۔
Birds were chirping in the trees.	پنچھی رکھاں وچ چہچہا رہے ہن۔
Small businesses create employment opportunities.	نکیاں کاروبار روزگار دے موقعے پیدا کریندے نیں۔
Reading books improves vocabulary.	کتاباں پڑھن ذخیرہ الفاظ بہتر بنیندے۔
Cooking together brings family members closer.	گڈے کھان پکاون خاندان دے ممبراں کوں نیڑے لیندے۔
Online shopping has become popular.	آن لائن خریداری مقبول تھی گئی اے۔
People travel long distances to visit religious sites.	لوک مذہبی تھانواں دیکھن کیتے لمبیاں دوریاں طے کریندے نیں۔
Respecting elders is an important value.	بزرگاں دا احترام ہک اہم قدر اے۔
Agriculture remains the primary source of income.	زراعت آمدنی دا بنیادی ذریعہ رہندی اے۔
Children were playing cricket in the street.	بچے سڑک تے کرکٹ کھیڈدے پئے ہن۔
She cooked delicious biryani for the family.	اوں خاندان کیتے مزیدار بریانی پکائی۔
Teachers shape young minds.	استاد نوجوان ذہناں کوں شکل دیندے نیں۔
Regular exercise helps maintain good health.	منظم ورزش چنگی صحت برقرار رکھن وچ مدد کریندی اے۔
Doctors work long hours to treat patients.	ڈاکٹر مریضاں دا علاج کرن کیتے لمبیاں گھڑیاں کم کریندے نیں۔
Family members support each other during difficult times.	خاندان دے ممبر مشکل وختاں وچ ہک دوجھے دی مدد کریندے نیں۔
Pollution in cities has become a serious problem.	شہراں وچ آلودگی ہک سنجیدہ مسئلہ بن گئی اے۔
Tea is served to guests as a gesture of hospitality.	مہماناں کوں مہمان نوازی دی نشانی دے طور تے چاہ پیش کیتی ویندی اے۔
People celebrate festivals with great joy.	لوک ودی خوشی نال میلے منیندے نیں۔
Tea is served to guests as a gesture of hospitality.	مہماناں کوں مہمان نوازی دی نشانی دے طور تے چاہ پیش کیتی ویندی اے۔
Teachers shape young minds.	استاد نوجوان ذہناں کوں شکل دیندے نیں۔
The forest is home to many wild animals.	جنگل گھنے جنگلی جانوراں دا گھر اے۔
Elderly people share wisdom and stories.	بزرگ لوک حکمت تے کہانیاں سانجھیاں کریندے نیں۔
Students gathered in the library.	طالب علم لائبریری وچ گڈے تھئے۔
The school organized a science fair.	سکول نے سائنس میلہ منظم کیتا۔
The internet connects people across continents.	انٹرنیٹ براعظماں وچ لوکاں کوں جوڑیندے۔
Birds were chirping in the trees.	پنچھی رکھاں وچ چہچہا رہے ہن۔
The internet connects people across continents.	انٹرنیٹ براعظماں وچ لوکاں کوں جوڑیندے۔
I woke up early this morning.	میں اڄ صبح جلدی اٹھیا۔
Learning a new language requires practice.	نوی زبان سکھن کیتے مشق دی لوڑ اے۔
I woke up early this morning.	میں اڄ صبح جلدی اٹھیا۔
The bus arrived late.	بس ڈیر نال پہنچی۔
The river flows peacefully through the valley.	دریا وادی وچ پرامن طریقے نال وہندی اے۔
Storytelling preserves culture and knowledge.	کہانی سناون ثقافت تے علم کوں محفوظ رکھیندے۔
Respecting elders is an important value.	بزرگاں دا احترام ہک اہم قدر اے۔
Reading books improves vocabulary.	کتاباں پڑھن ذخیرہ الفاظ بہتر بنیندے۔
Train journeys offer scenic views.	ریل دے سفر منظراں دے نظارے پیش کریندے نیں۔
Clear communication prevents misunderstandings.	صاف رابطہ غلط فہمیاں کوں روکیندے۔
We decided to visit the old temple.	اساں پرانے مندر دیکھن دا فیصلہ کیتا۔
Cooking together brings family members closer.	گڈے کھان پکاون خاندان دے ممبراں کوں نیڑے لیندے۔
Eating fresh fruits provides essential vitamins.	تازہ پھل کھان ضروری وٹامن فراہم کریندے۔
Teachers shape young minds.	استاد نوجوان ذہناں کوں شکل دیندے نیں۔
People travel long distances to visit religious sites.	لوک مذہبی تھانواں دیکھن کیتے لمبیاں دوریاں طے کریندے نیں۔
Cooking together brings family members closer.	گڈے کھان پکاون خاندان دے ممبراں کوں نیڑے لیندے۔
Doctors work long hours to treat patients.	ڈاکٹر مریضاں دا علاج کرن کیتے لمبیاں گھڑیاں کم کریندے نیں۔
Doctors work long hours to treat patients.	ڈاکٹر مریضاں دا علاج کرن کیتے لمبیاں گھڑیاں کم کریندے نیں۔
Reading books improves vocabulary.	کتاباں پڑھن ذخیرہ الفاظ بہتر بنیندے۔
Digital payments have made transactions faster.	ڈیجیٹل ادائیگیاں معاملات تیز کیتے نیں۔
Online shopping has become popular.	آن لائن خریداری مقبول تھی گئی اے۔
Cricket is a popular sport.	کرکٹ ہک مقبول کھیڈ اے۔
People travel long distances to visit religious sites.	لوک مذہبی تھانواں دیکھن کیتے لمبیاں دوریاں طے کریندے نیں۔
The school organized a science fair.	سکول نے سائنس میلہ منظم کیتا۔
Spices add flavor to traditional dishes.	مصالحے روایتی کھاناں وچ ذائقہ ودیندے نیں۔
I woke up early this morning.	میں اڄ صبح جلدی اٹھیا۔
Tea is served to guests as a gesture of hospitality.	مہماناں کوں مہمان نوازی دی نشانی دے طور تے چاہ پیش کیتی ویندی اے۔
Traditional music is important for our heritage.	روایتی موسیقی سادی ورثے کیتے اہم اے۔
Small businesses create employment opportunities.	نکیاں کاروبار روزگار دے موقعے پیدا کریندے نیں۔
Doctors recommend drinking plenty of water.	ڈاکٹر گھنے پانی پیون دی صلاح دیندے نیں۔
The forest is home to many wild animals.	جنگل گھنے جنگلی جانوراں دا گھر اے۔
Storytelling preserves culture and knowledge.	کہانی سناون ثقافت تے علم کوں محفوظ رکھیندے۔
Learning a new language requires practice.	نوی زبان سکھن کیتے مشق دی لوڑ اے۔
Cooking together brings family members closer.	گڈے کھان پکاون خاندان دے ممبراں کوں نیڑے لیندے۔
Agriculture remains the primary source of income.	زراعت آمدنی دا بنیادی ذریعہ رہندی اے۔
Children were playing cricket in the street.	بچے سڑک تے کرکٹ کھیڈدے پئے ہن۔
Tea is served to guests as a gesture of hospitality.	مہماناں کوں مہمان نوازی دی نشانی دے طور تے چاہ پیش کیتی ویندی اے۔
I woke up early this morning.	میں اڄ صبح جلدی اٹھیا۔
Cricket is a popular sport.	کرکٹ ہک مقبول کھیڈ اے۔
The school organized a science fair.	سکول نے سائنس میلہ منظم کیتا۔
Family members support each other during difficult times.	خاندان دے ممبر مشکل وختاں وچ ہک دوجھے دی مدد کریندے نیں۔
Tea is served to guests as a gesture of hospitality.	مہماناں کوں مہمان نوازی دی نشانی دے طور تے چاہ پیش کیتی ویندی اے۔
Regular exercise helps maintain good health.	منظم ورزش چنگی صحت برقرار رکھن وچ مدد کریندی اے۔
Education opens doors to opportunities.	تعلیم موقعاں دے دروازے کولیندی اے۔
She cooked delicious biryani for the family.	اوں خاندان کیتے مزیدار بریانی پکائی۔
We decided to visit the old temple.	اساں پرانے مندر دیکھن دا فیصلہ کیتا۔
The bus arrived late.	بس ڈیر نال پہنچی۔
Traditional music is important for our heritage.	روایتی موسیقی سادی ورثے کیتے اہم اے۔
Farmers planted rice in the flooded fields.	کسان پانی والے کھیتراں وچ چاول پوکے۔
The professor wrote equations on the blackboard.	پروفیسر تختے تے مساوات لکھیاں۔
My grandmother told me stories.	میری دادی نے مینوں کہانیاں سنایاں۔
Education opens doors to opportunities.	تعلیم موقعاں دے دروازے کولیندی اے۔
The teacher explained the lesson patiently.	استاد صبر نال سبق سمجھایا۔
Birds were chirping in the trees.	پنچھی رکھاں وچ چہچہا رہے ہن۔
Doctors work long hours to treat patients.	ڈاکٹر مریضاں دا علاج کرن کیتے لمبیاں گھڑیاں کم کریندے نیں۔
Clear communication prevents misunderstandings.	صاف رابطہ غلط فہمیاں کوں روکیندے۔
She received a scholarship to study medicine.	اوں طب دی تعلیم کیتے اسکالرشپ حاصل کیتی۔
Tea is served to guests as a gesture of hospitality.	مہماناں کوں مہمان نوازی دی نشانی دے طور تے چاہ پیش کیتی ویندی اے۔
Teachers shape young minds.	استاد نوجوان ذہناں کوں شکل دیندے نیں۔
Eating fresh fruits provides essential vitamins.	تازہ پھل کھان ضروری وٹامن فراہم کریندے۔
Family members support each other during difficult times.	خاندان دے ممبر مشکل وختاں وچ ہک دوجھے دی مدد کریندے نیں۔
Cricket is a popular sport.	کرکٹ ہک مقبول کھیڈ اے۔
Elderly people share wisdom and stories.	بزرگ لوک حکمت تے کہانیاں سانجھیاں کریندے نیں۔
The forest is home to many wild animals.	جنگل گھنے جنگلی جانوراں دا گھر اے۔
People travel long distances to visit religious sites.	لوک مذہبی تھانواں دیکھن کیتے لمبیاں دوریاں طے کریندے نیں۔
My grandmother told me stories.	میری دادی نے مینوں کہانیاں سنایاں۔
The wedding ceremony lasted three days.	شادی دی تقریب ترئے دینہہ چلی۔
My grandmother told me stories.	میری دادی نے مینوں کہانیاں سنایاں۔
Smartphones have changed how people communicate.	اسمارٹ فوناں نے لوکاں دے رابطے دے طریقے کوں تبدیل کیتا اے۔
The bus arrived late.	بس ڈیر نال پہنچی۔
Farmers planted rice in the flooded fields.	کسان پانی والے کھیتراں وچ چاول پوکے۔
The professor wrote equations on the blackboard.	پروفیسر تختے تے مساوات لکھیاں۔
The river flows peacefully through the valley.	دریا وادی وچ پرامن طریقے نال وہندی اے۔
Elderly people share wisdom and stories.	بزرگ لوک حکمت تے کہانیاں سانجھیاں کریندے نیں۔
Reading books improves vocabulary.	کتاباں پڑھن ذخیرہ الفاظ بہتر بنیندے۔
The internet connects people across continents.	انٹرنیٹ براعظماں وچ لوکاں کوں جوڑیندے۔
Education opens doors to opportunities.	تعلیم موقعاں دے دروازے کولیندی اے۔
Online shopping has become popular.	آن لائن خریداری مقبول تھی گئی اے۔
Learning a new language requires practice.	نوی زبان سکھن کیتے مشق دی لوڑ اے۔
She walked slowly through the garden.	اوں باغ وچ آہستہ آہستہ ٹردی۔
The teacher explained the lesson patiently.	استاد صبر نال سبق سمجھایا۔
People travel long distances to visit religious sites.	لوک مذہبی تھانواں دیکھن کیتے لمبیاں دوریاں طے کریندے نیں۔
The market was crowded with people.	بازار لوکاں نال بھریا ہویا ہا۔
Parents sacrifice their own needs for children.	والدین بچیاں کیتے اپنیاں ضرورتاں قربان کریندے نیں۔
Agriculture remains the primary source of income.	زراعت آمدنی دا بنیادی ذریعہ رہندی اے۔
Pollution in cities has become a serious problem.	شہراں وچ آلودگی ہک سنجیدہ مسئلہ بن گئی اے۔
Online shopping has become popular.	آن لائن خریداری مقبول تھی گئی اے۔
Tea is served to guests as a gesture of hospitality.	مہماناں کوں مہمان نوازی دی نشانی دے طور تے چاہ پیش کیتی ویندی اے۔
Storytelling preserves culture and knowledge.	کہانی سناون ثقافت تے علم کوں محفوظ رکھیندے۔
Cricket is a popular sport.	کرکٹ ہک مقبول کھیڈ اے۔
People celebrate festivals with great joy.	لوک ودی خوشی نال میلے منیندے نیں۔
Respecting elders is an important value.	بزرگاں دا احترام ہک اہم قدر اے۔
We decided to visit the old temple.	اساں پرانے مندر دیکھن دا فیصلہ کیتا۔
Eating fresh fruits provides essential vitamins.	تازہ پھل کھان ضروری وٹامن فراہم کریندے۔
Regular exercise helps maintain good health.	منظم ورزش چنگی صحت برقرار رکھن وچ مدد کریندی اے۔
After finishing his work, he sat down.	اپنا کم مکمل کرن دے بعد، او بیٹھ گیا۔
The wedding ceremony lasted three days.	شادی دی تقریب ترئے دینہہ چلی۔
Sports teach teamwork and discipline.	کھیڈاں ٹیم ورک تے نظم و ضبط سکھیندیاں نیں۔
Farmers planted rice in the flooded fields.	کسان پانی والے کھیتراں وچ چاول پوکے۔
After finishing his work, he sat down.	اپنا کم مکمل کرن دے بعد، او بیٹھ گیا۔
People celebrate festivals with great joy.	لوک ودی خوشی نال میلے منیندے نیں۔
Education opens doors to opportunities.	تعلیم موقعاں دے دروازے کولیندی اے۔
Agriculture remains the primary source of income.	زراعت آمدنی دا بنیادی ذریعہ رہندی اے۔
Children were playing cricket in the street.	بچے سڑک تے کرکٹ کھیڈدے پئے ہن۔
Reading books improves vocabulary.	کتاباں پڑھن ذخیرہ الفاظ بہتر بنیندے۔
I woke up early this morning.	میں اڄ صبح جلدی اٹھیا۔
Train journeys offer scenic views.	ریل دے سفر منظراں دے نظارے پیش کریندے نیں۔
I woke up early this morning.	میں اڄ صبح جلدی اٹھیا۔
Online shopping has become popular.	آن لائن خریداری مقبول تھی گئی اے۔
She walked slowly through the garden.	اوں باغ وچ آہستہ آہستہ ٹردی۔
Doctors recommend drinking plenty of water.	ڈاکٹر گھنے پانی پیون دی صلاح دیندے نیں۔
Smartphones have changed how people communicate.	اسمارٹ فوناں نے لوکاں دے رابطے دے طریقے کوں تبدیل کیتا اے۔
Farmers wake up early to tend to crops.	کسان فصلاں دی سنبھال کیتے جلدی اٹھدے نیں۔
Students gathered in the library.	طالب علم لائبریری وچ گڈے تھئے۔
The wedding ceremony lasted three days.	شادی دی تقریب ترئے دینہہ چلی۔
Small businesses create employment opportunities.	نکیاں کاروبار روزگار دے موقعے پیدا کریندے نیں۔
After finishing his work, he sat down.	اپنا کم مکمل کرن دے بعد، او بیٹھ گیا۔
She received a scholarship to study medicine.	اوں طب دی تعلیم کیتے اسکالرشپ حاصل کیتی۔
Digital payments have made transactions faster.	ڈیجیٹل ادائیگیاں معاملات تیز کیتے نیں۔
People celebrate festivals with great joy.	لوک ودی خوشی نال میلے منیندے نیں۔
Cooking together brings family members closer.	گڈے کھان پکاون خاندان دے ممبراں کوں نیڑے لیندے۔
Agriculture remains the primary source of income.	زراعت آمدنی دا بنیادی ذریعہ رہندی اے۔
Storytelling preserves culture and knowledge.	کہانی سناون ثقافت تے علم کوں محفوظ رکھیندے۔
Teachers shape young minds.	استاد نوجوان ذہناں کوں شکل دیندے نیں۔
Train journeys offer scenic views.	ریل دے سفر منظراں دے نظارے پیش کریندے نیں۔
Elderly people share wisdom and stories.	بزرگ لوک حکمت تے کہانیاں سانجھیاں کریندے نیں۔
The school organized a science fair.	سکول نے سائنس میلہ منظم کیتا۔
Family members support each other during difficult times.	خاندان دے ممبر مشکل وختاں وچ ہک دوجھے دی مدد کریندے نیں۔
Handicrafts showcase artistic traditions.	ہتھکاریاں فنکارانہ روایات دکھیندیاں نیں۔
Sports teach teamwork and discipline.	کھیڈاں ٹیم ورک تے نظم و ضبط سکھیندیاں نیں۔
The internet connects people across continents.	انٹرنیٹ براعظماں وچ لوکاں کوں جوڑیندے۔
Respecting elders is an important value.	بزرگاں دا احترام ہک اہم قدر اے۔
Smartphones have changed how people communicate.	اسمارٹ فوناں نے لوکاں دے رابطے دے طریقے کوں تبدیل کیتا اے۔
Farmers wake up early to tend to crops.	کسان فصلاں دی سنبھال کیتے جلدی اٹھدے نیں۔
Cooking together brings family members closer.	گڈے کھان پکاون خاندان دے ممبراں کوں نیڑے لیندے۔
The internet connects people across continents.	انٹرنیٹ براعظماں وچ لوکاں کوں جوڑیندے۔
Learning a new language requires practice.	نوی زبان سکھن کیتے مشق دی لوڑ اے۔
Storytelling preserves culture and knowledge.	کہانی سناون ثقافت تے علم کوں محفوظ رکھیندے۔
She cooked delicious biryani for the family.	اوں خاندان کیتے مزیدار بریانی پکائی۔
Children learn best when they are interested.	بچے بہترین سکھدے نیں جدوں اوہ دلچسپی رکھدے نیں۔
The bus arrived late.	بس ڈیر نال پہنچی۔
Online shopping has become popular.	آن لائن خریداری مقبول تھی گئی اے۔
Regular exercise helps maintain good health.	منظم ورزش چنگی صحت برقرار رکھن وچ مدد کریندی اے۔
Tea is served to guests as a gesture of hospitality.	مہماناں کوں مہمان نوازی دی نشانی دے طور تے چاہ پیش کیتی ویندی اے۔
My grandmother told me stories.	میری دادی نے مینوں کہانیاں سنایاں۔
Sports teach teamwork and discipline.	کھیڈاں ٹیم ورک تے نظم و ضبط سکھیندیاں نیں۔
Learning a new language requires practice.	نوی زبان سکھن کیتے مشق دی لوڑ اے۔
I woke up early this morning.	میں اڄ صبح جلدی اٹھیا۔
Parents sacrifice their own needs for children.	والدین بچیاں کیتے اپنیاں ضرورتاں قربان کریندے نیں۔
Farmers wake up early to tend to crops.	کسان فصلاں دی سنبھال کیتے جلدی اٹھدے نیں۔
The forest is home to many wild animals.	جنگل گھنے جنگلی جانوراں دا گھر اے۔
She cooked delicious biryani for the family.	اوں خاندان کیتے مزیدار بریانی پکائی۔
Tea is served to guests as a gesture of hospitality.	مہماناں کوں مہمان نوازی دی نشانی دے طور تے چاہ پیش کیتی ویندی اے۔
Respecting elders is an important value.	بزرگاں دا احترام ہک اہم قدر اے۔
Clear communication prevents misunderstandings.	صاف رابطہ غلط فہمیاں کوں روکیندے۔
I woke up early this morning.	میں اڄ صبح جلدی اٹھیا۔
Spices add flavor to traditional dishes.	مصالحے روایتی کھاناں وچ ذائقہ ودیندے نیں۔
Regular exercise helps maintain good health.	منظم ورزش چنگی صحت برقرار رکھن وچ مدد کریندی اے۔
Respecting elders is an important value.	بزرگاں دا احترام ہک اہم قدر اے۔
She received a scholarship to study medicine.	اوں طب دی تعلیم کیتے اسکالرشپ حاصل کیتی۔
Learning a new language requires practice.	نوی زبان سکھن کیتے مشق دی لوڑ اے۔
Sports teach teamwork and discipline.	کھیڈاں ٹیم ورک تے نظم و ضبط سکھیندیاں نیں۔
She cooked delicious biryani for the family.	اوں خاندان کیتے مزیدار بریانی پکائی۔
Pollution in cities has become a serious problem.	شہراں وچ آلودگی ہک سنجیدہ مسئلہ بن گئی اے۔
Handicrafts showcase artistic traditions.	ہتھکاریاں فنکارانہ روایات دکھیندیاں نیں۔
Students gathered in the library.	طالب علم لائبریری وچ گڈے تھئے۔
Reading books improves vocabulary.	کتاباں پڑھن ذخیرہ الفاظ بہتر بنیندے۔
The internet connects people across continents.	انٹرنیٹ براعظماں وچ لوکاں کوں جوڑیندے۔
People travel long distances to visit religious sites.	لوک مذہبی تھانواں دیکھن کیتے لمبیاں دوریاں طے کریندے نیں۔
The wedding ceremony lasted three days.	شادی دی تقریب ترئے دینہہ چلی۔
Train journeys offer scenic views.	ریل دے سفر منظراں دے نظارے پیش کریندے نیں۔
Pollution in cities has become a serious problem.	شہراں وچ آلودگی ہک سنجیدہ مسئلہ بن گئی اے۔
The forest is home to many wild animals.	جنگل گھنے جنگلی جانوراں دا گھر اے۔
Farmers planted rice in the flooded fields.	کسان پانی والے کھیتراں وچ چاول پوکے۔
Family members support each other during difficult times.	خاندان دے ممبر مشکل وختاں وچ ہک دوجھے دی مدد کریندے نیں۔
Tourism brings revenue to regions with historical sites.	سیاحت تاریخی تھانواں والے علاقیاں کوں آمدنی لیندی اے۔
Storytelling preserves culture and knowledge.	کہانی سناون ثقافت تے علم کوں محفوظ رکھیندے۔
The wedding ceremony lasted three days.	شادی دی تقریب ترئے دینہہ چلی۔
Children were playing cricket in the street.	بچے سڑک تے کرکٹ کھیڈدے پئے ہن۔
She received a scholarship to study medicine.	اوں طب دی تعلیم کیتے اسکالرشپ حاصل کیتی۔
Doctors recommend drinking plenty of water.	ڈاکٹر گھنے پانی پیون دی صلاح دیندے نیں۔
Elderly people share wisdom and stories.	بزرگ لوک حکمت تے کہانیاں سانجھیاں کریندے نیں۔
The internet connects people across continents.	انٹرنیٹ براعظماں وچ لوکاں کوں جوڑیندے۔
Digital payments have made transactions faster.	ڈیجیٹل ادائیگیاں معاملات تیز کیتے نیں۔
Traditional music is important for our heritage.	روایتی موسیقی سادی ورثے کیتے اہم اے۔
Eating fresh fruits provides essential vitamins.	تازہ پھل کھان ضروری وٹامن فراہم کریندے۔
The forest is home to many wild animals.	جنگل گھنے جنگلی جانوراں دا گھر اے۔
Farmers planted rice in the flooded fields.	کسان پانی والے کھیتراں وچ چاول پوکے۔
Traditional music is important for our heritage.	روایتی موسیقی سادی ورثے کیتے اہم اے۔
Birds were chirping in the trees.	پنچھی رکھاں وچ چہچہا رہے ہن۔
Teachers shape young minds.	استاد نوجوان ذہناں کوں شکل دیندے نیں۔
We decided to visit the old temple.	اساں پرانے مندر دیکھن دا فیصلہ کیتا۔
The bus arrived late.	بس ڈیر نال پہنچی۔
Teachers shape young minds.	استاد نوجوان ذہناں کوں شکل دیندے نیں۔
Eating fresh fruits provides essential vitamins.	تازہ پھل کھان ضروری وٹامن فراہم کریندے۔
Teachers shape young minds.	استاد نوجوان ذہناں کوں شکل دیندے نیں۔
Parents sacrifice their own needs for children.	والدین بچیاں کیتے اپنیاں ضرورتاں قربان کریندے نیں۔
Elderly people share wisdom and stories.	بزرگ لوک حکمت تے کہانیاں سانجھیاں کریندے نیں۔
Smartphones have changed how people communicate.	اسمارٹ فوناں نے لوکاں دے رابطے دے طریقے کوں تبدیل کیتا اے۔
Children learn best when they are interested.	بچے بہترین سکھدے نیں جدوں اوہ دلچسپی رکھدے نیں۔
Pollution in cities has become a serious problem.	شہراں وچ آلودگی ہک سنجیدہ مسئلہ بن گئی اے۔
Children learn best when they are interested.	بچے بہترین سکھدے نیں جدوں اوہ دلچسپی رکھدے نیں۔
Birds were chirping in the trees.	پنچھی رکھاں وچ چہچہا رہے ہن۔
The internet connects people across continents.	انٹرنیٹ براعظماں وچ لوکاں کوں جوڑیندے۔
She cooked delicious biryani for the family.	اوں خاندان کیتے مزیدار بریانی پکائی۔
Learning a new language requires practice.	نوی زبان سکھن کیتے مشق دی لوڑ اے۔
Learning a new language requires practice.	نوی زبان سکھن کیتے مشق دی لوڑ اے۔
Parents sacrifice their own needs for children.	والدین بچیاں کیتے اپنیاں ضرورتاں قربان کریندے نیں۔
I woke up early this morning.	میں اڄ صبح جلدی اٹھیا۔
Agriculture remains the primary source of income.	زراعت آمدنی دا بنیادی ذریعہ رہندی اے۔
Spices add flavor to traditional dishes.	مصالحے روایتی کھاناں وچ ذائقہ ودیندے نیں۔
Small businesses create employment opportunities.	نکیاں کاروبار روزگار دے موقعے پیدا کریندے نیں۔
Agriculture remains the primary source of income.	زراعت آمدنی دا بنیادی ذریعہ رہندی اے۔
The internet connects people across continents.	انٹرنیٹ براعظماں وچ لوکاں کوں جوڑیندے۔
Clear communication prevents misunderstandings.	صاف رابطہ غلط فہمیاں کوں روکیندے۔
Digital payments have made transactions faster.	ڈیجیٹل ادائیگیاں معاملات تیز کیتے نیں۔
Cricket is a popular sport.	کرکٹ ہک مقبول کھیڈ اے۔
Tourism brings revenue to regions with historical sites.	سیاحت تاریخی تھانواں والے علاقیاں کوں آمدنی لیندی اے۔
People celebrate festivals with great joy.	لوک ودی خوشی نال میلے منیندے نیں۔
Doctors work long hours to treat patients.	ڈاکٹر مریضاں دا علاج کرن کیتے لمبیاں گھڑیاں کم کریندے نیں۔
Reading books improves vocabulary.	کتاباں پڑھن ذخیرہ الفاظ بہتر بنیندے۔
Reading books improves vocabulary.	کتاباں پڑھن ذخیرہ الفاظ بہتر بنیندے۔
The bus arrived late.	بس ڈیر نال پہنچی۔
Family members support each other during difficult times.	خاندان دے ممبر مشکل وختاں وچ ہک دوجھے دی مدد کریندے نیں۔
People celebrate festivals with great joy.	لوک ودی خوشی نال میلے منیندے نیں۔
Doctors work long hours to treat patients.	ڈاکٹر مریضاں دا علاج کرن کیتے لمبیاں گھڑیاں کم کریندے نیں۔
Cricket is a popular sport.	کرکٹ ہک مقبول کھیڈ اے۔
We decided to visit the old temple.	اساں پرانے مندر دیکھن دا فیصلہ کیتا۔
Clear communication prevents misunderstandings.	صاف رابطہ غلط فہمیاں کوں روکیندے۔
Children were playing cricket in the street.	بچے سڑک تے کرکٹ کھیڈدے پئے ہن۔
Children learn best when they are interested.	بچے بہترین سکھدے نیں جدوں اوہ دلچسپی رکھدے نیں۔
Children were playing cricket in the street.	بچے سڑک تے کرکٹ کھیڈدے پئے ہن۔
Traditional music is important for our heritage.	روایتی موسیقی سادی ورثے کیتے اہم اے۔
Elderly people share wisdom and stories.	بزرگ لوک حکمت تے کہانیاں سانجھیاں کریندے نیں۔
Doctors work long hours to treat patients.	ڈاکٹر مریضاں دا علاج کرن کیتے لمبیاں گھڑیاں کم کریندے نیں۔
Digital payments have made transactions faster.	ڈیجیٹل ادائیگیاں معاملات تیز کیتے نیں۔
People celebrate festivals with great joy.	لوک ودی خوشی نال میلے منیندے نیں۔
Respecting elders is an important value.	بزرگاں دا احترام ہک اہم قدر اے۔
The river flows peacefully through the valley.	دریا وادی وچ پرامن طریقے نال وہندی اے۔
Children were playing cricket in the street.	بچے سڑک تے کرکٹ کھیڈدے پئے ہن۔
