en_sentence	target_sentence	variety	region	translator
The teacher explained the lesson patiently.	استاد صبر نال سبق سمجھایا۔	Brahui (Standard)	South Asia	PARUR_01
Pollution in cities has become a serious problem.	شہراں وچ آلودگی ہک سنجیدہ مسئلہ بن گئی اے۔	Brahui (Standard)	South Asia	PARUR_10
Reading books improves vocabulary.	کتاباں پڑھن ذخیرہ الفاظ بہتر بنیندے۔	Brahui (Standard)	South Asia	PARUR_03
Online shopping has become popular.	آن لائن خریداری مقبول تھی گئی اے۔	Brahui (Standard)	South Asia	PARUR_07
Elderly people share wisdom and stories.	بزرگ لوک حکمت تے کہانیاں سانجھیاں کریندے نیں۔	Brahui (Standard)	South Asia	PARUR_09
Farmers wake up early to tend to crops.	کسان فصلاں دی سنبھال کیتے جلدی اٹھدے نیں۔	Brahui (Standard)	South Asia	PARUR_10
We decided to visit the old temple.	اساں پرانے مندر دیکھن دا فیصلہ کیتا۔	Brahui (Standard)	South Asia	PARUR_09
She walked slowly through the garden.	اوں باغ وچ آہستہ آہستہ ٹردی۔	Brahui (Standard)	South Asia	PARUR_02
Cricket is a popular sport.	کرکٹ ہک مقبول کھیڈ اے۔	Brahui (Standard)	South Asia	PARUR_03
Tourism brings revenue to regions with historical sites.	سیاحت تاریخی تھانواں والے علاقیاں کوں آمدنی لیندی اے۔	Brahui (Standard)	South Asia	PARUR_02
The internet connects people across continents.	انٹرنیٹ براعظماں وچ لوکاں کوں جوڑیندے۔	Brahui (Standard)	South Asia	PARUR_02
The wedding ceremony lasted three days.	شادی دی تقریب ترئے دینہہ چلی۔	Brahui (Standard)	South Asia	PARUR_09
After finishing his work, he sat down.	اپنا کم مکمل کرن دے بعد، او بیٹھ گیا۔	Brahui (Standard)	South Asia	PARUR_06
Agriculture remains the primary source of income.	زراعت آمدنی دا بنیادی ذریعہ رہندی اے۔	Brahui (Standard)	South Asia	PARUR_09
The river flows peacefully through the valley.	دریا وادی وچ پرامن طریقے نال وہندی اے۔	Brahui (Standard)	South Asia	PARUR_09
Small businesses create employment opportunities.	نکیاں کاروبار روزگار دے موقعے پیدا کریندے نیں۔	Brahui (Standard)	South Asia	PARUR_06
Train journeys offer scenic views.	ریل دے سفر منظراں دے نظارے پیش کریندے نیں۔	Brahui (Standard)	South Asia	PARUR_04
Children learn best when they are interested.	بچے بہترین سکھدے نیں جدوں اوہ دلچسپی رکھدے نیں۔	Brahui (Standard)	South Asia	PARUR_04
The bus arrived late.	بس ڈیر نال پہنچی۔	Brahui (Standard)	South Asia	PARUR_10
Smartphones have changed how people communicate.	اسمارٹ فوناں نے لوکاں دے رابطے دے طریقے کوں تبدیل کیتا اے۔	Brahui (Standard)	South Asia	PARUR_03
Clear communication prevents misunderstandings.	صاف رابطہ غلط فہمیاں کوں روکیندے۔	Brahui (Standard)	South Asia	PARUR_10
Traditional music is important for our heritage.	روایتی موسیقی سادی ورثے کیتے اہم اے۔	Brahui (Standard)	South Asia	PARUR_06
Sports teach teamwork and discipline.	کھیڈاں ٹیم ورک تے نظم و ضبط سکھیندیاں نیں۔	Brahui (Standard)	South Asia	PARUR_08
People celebrate festivals with great joy.	لوک ودی خوشی نال میلے منیندے نیں۔	Brahui (Standard)	South Asia	PARUR_09
She cooked delicious biryani for the family.	اوں خاندان کیتے مزیدار بریانی پکائی۔	Brahui (Standard)	South Asia	PARUR_07
Storytelling preserves culture and knowledge.	کہانی سناون ثقافت تے علم کوں محفوظ رکھیندے۔	Brahui (Standard)	South Asia	PARUR_06
Eating fresh fruits provides essential vitamins.	تازہ پھل کھان ضروری وٹامن فراہم کریندے۔	Brahui (Standard)	South Asia	PARUR_01
The professor wrote equations on the blackboard.	پروفیسر تختے تے مساوات لکھیاں۔	Brahui (Standard)	South Asia	PARUR_10
Learning a new language requires practice.	نوی زبان سکھن کیتے مشق دی لوڑ اے۔	Brahui (Standard)	South Asia	PARUR_06
Handicrafts showcase artistic traditions.	ہتھکاریاں فنکارانہ روایات دکھیندیاں نیں۔	Brahui (Standard)	South Asia	PARUR_03
Birds were chirping in the trees.	پنچھی رکھاں وچ چہچہا رہے ہن۔	Brahui (Standard)	South Asia	PARUR_06
People travel long distances to visit religious sites.	لوک مذہبی تھانواں دیکھن کیتے لمبیاں دوریاں طے کریندے نیں۔	Brahui (Standard)	South Asia	PARUR_07
Farmers planted rice in the flooded fields.	کسان پانی والے کھیتراں وچ چاول پوکے۔	Brahui (Standard)	South Asia	PARUR_04
Family members support each other during difficult times.	خاندان دے ممبر مشکل وختاں وچ ہک دوجھے دی مدد کریندے نیں۔	Brahui (Standard)	South Asia	PARUR_01
Doctors work long hours to treat patients.	ڈاکٹر مریضاں دا علاج کرن کیتے لمبیاں گھڑیاں کم کریندے نیں۔	Brahui (Standard)	South Asia	PARUR_09
Spices add flavor to traditional dishes.	مصالحے روایتی کھاناں وچ ذائقہ ودیندے نیں۔	Brahui (Standard)	South Asia	PARUR_01
The forest is home to many wild animals.	جنگل گھنے جنگلی جانوراں دا گھر اے۔	Brahui (Standard)	South Asia	PARUR_01
I woke up early this morning.	من اڄ صبح جلدی اٹھیا۔	Brahui (Standard)	South Asia	PARUR_01
Doctors recommend drinking plenty of water.	ڈاکٹر گھنے پانی پیون دی صلاح دیندے نیں۔	Brahui (Standard)	South Asia	PARUR_01
Tea is served to guests as a gesture of hospitality.	مہماناں کوں مہمان نوازی دی نشانی دے طور تے چاہ پیش کیتی ویندی اے۔	Brahui (Standard)	South Asia	PARUR_04
Teachers shape young minds.	استاد نوجوان ذہناں کوں شکل دیندے نیں۔	Brahui (Standard)	South Asia	PARUR_09
The school organized a science fair.	سکول نے سائنس میلہ منظم کیتا۔	Brahui (Standard)	South Asia	PARUR_02
Regular exercise helps maintain good health.	منظم ورزش چنگی صحت برقرار رکھن وچ مدد کریندی اے۔	Brahui (Standard)	South Asia	PARUR_01
The market was crowded with people.	بازار لوکاں نال بھریا ہویا ہا۔	Brahui (Standard)	South Asia	PARUR_08
My grandmother told me stories.	میری دادی نے مینوں کہانیاں سنایاں۔	Brahui (Standard)	South Asia	PARUR_05
She received a scholarship to study medicine.	اوں طب دی تعلیم کیتے اسکالرشپ حاصل کیتی۔	Brahui (Standard)	South Asia	PARUR_02
Respecting elders is an important value.	بزرگاں دا احترام ہک اہم قدر اے۔	Brahui (Standard)	South Asia	PARUR_03
Digital payments have made transactions faster.	ڈیجیٹل ادائیگیاں معاملات تیز کیتے نیں۔	Brahui (Standard)	South Asia	PARUR_07
Cooking together brings family members closer.	گڈے کھان پکاون خاندان دے ممبراں کوں نیڑے لیندے۔	Brahui (Standard)	South Asia	PARUR_01
Children were playing cricket in the street.	بچے سڑک تے کرکٹ کھیڈدے پئے ہن۔	Brahui (Standard)	South Asia	PARUR_01
Students gathered in the library.	طالب علم لائبریری وچ گڈے تھئے۔	Brahui (Standard)	South Asia	PARUR_10
Parents sacrifice their own needs for children.	والدین بچیاں کیتے اپنیاں ضرورتاں قربان کریندے نیں۔	Brahui (Standard)	South Asia	PARUR_02
Education opens doors to opportunities.	تعلیم موقعاں دے دروازے کولیندی اے۔	Brahui (Standard)	South Asia	PARUR_01
Tea is served to guests as a gesture of hospitality.	مہماناں کوں مہمان نوازی دی نشانی دے طور تے چاہ پیش کیتی ویندی اے۔	Brahui (Standard)	South Asia	PARUR_04
My grandmother told me stories.	میری دادی نے مینوں کہانیاں سنایاں۔	Brahui (Standard)	South Asia	PARUR_02
Smartphones have changed how people communicate.	اسمارٹ فوناں نے لوکاں دے رابطے دے طریقے کوں تبدیل کیتا اے۔	Brahui (Standard)	South Asia	PARUR_03
Doctors work long hours to treat patients.	ڈاکٹر مریضاں دا علاج کرن کیتے لمبیاں گھڑیاں کم کریندے نیں۔	Brahui (Standard)	South Asia	PARUR_09
Cricket is a popular sport.	کرکٹ ہک مقبول کھیڈ اے۔	Brahui (Standard)	South Asia	PARUR_01
Farmers wake up early to tend to crops.	کسان فصلاں دی سنبھال کیتے جلدی اٹھدے نیں۔	Brahui (Standard)	South Asia	PARUR_08
Reading books improves vocabulary.	کتاباں پڑھن ذخیرہ الفاظ بہتر بنیندے۔	Brahui (Standard)	South Asia	PARUR_03
Clear communication prevents misunderstandings.	صاف رابطہ غلط فہمیاں کوں روکیندے۔	Brahui (Standard)	South Asia	PARUR_10
Children were playing cricket in the street.	بچے سڑک تے کرکٹ کھیڈدے پئے ہن۔	Brahui (Standard)	South Asia	PARUR_10
Elderly people share wisdom and stories.	بزرگ لوک حکمت تے کہانیاں سانجھیاں کریندے نیں۔	Brahui (Standard)	South Asia	PARUR_05
She cooked delicious biryani for the family.	اوں خاندان کیتے مزیدار بریانی پکائی۔	Brahui (Standard)	South Asia	PARUR_05
Birds were chirping in the trees.	پنچھی رکھاں وچ چہچہا رہے ہن۔	Brahui (Standard)	South Asia	PARUR_08
Doctors recommend drinking plenty of water.	ڈاکٹر گھنے پانی پیون دی صلاح دیندے نیں۔	Brahui (Standard)	South Asia	PARUR_05
Online shopping has become popular.	آن لائن خریداری مقبول تھی گئی اے۔	Brahui (Standard)	South Asia	PARUR_07
The forest is home to many wild animals.	جنگل گھنے جنگلی جانوراں دا گھر اے۔	Brahui (Standard)	South Asia	PARUR_03
Eating fresh fruits provides essential vitamins.	تازہ پھل کھان ضروری وٹامن فراہم کریندے۔	Brahui (Standard)	South Asia	PARUR_03
Train journeys offer scenic views.	ریل دے سفر منظراں دے نظارے پیش کریندے نیں۔	Brahui (Standard)	South Asia	PARUR_07
She received a scholarship to study medicine.	اوں طب دی تعلیم کیتے اسکالرشپ حاصل کیتی۔	Brahui (Standard)	South Asia	PARUR_10
Teachers shape young minds.	استاد نوجوان ذہناں کوں شکل دیندے نیں۔	Brahui (Standard)	South Asia	PARUR_07
The bus arrived late.	بس ڈیر نال پہنچی۔	Brahui (Standard)	South Asia	PARUR_05
Parents sacrifice their own needs for children.	والدین بچیاں کیتے اپنیاں ضرورتاں قربان کریندے نیں۔	Brahui (Standard)	South Asia	PARUR_01
The wedding ceremony lasted three days.	شادی دی تقریب ترئے دینہہ چلی۔	Brahui (Standard)	South Asia	PARUR_08
Small businesses create employment opportunities.	نکیاں کاروبار روزگار دے موقعے پیدا کریندے نیں۔	Brahui (Standard)	South Asia	PARUR_07
Learning a new language requires practice.	نوی زبان سکھن کیتے مشق دی لوڑ اے۔	Brahui (Standard)	South Asia	PARUR_04
After finishing his work, he sat down.	اپنا کم مکمل کرن دے بعد، او بیٹھ گیا۔	Brahui (Standard)	South Asia	PARUR_09
Storytelling preserves culture and knowledge.	کہانی سناون ثقافت تے علم کوں محفوظ رکھیندے۔	Brahui (Standard)	South Asia	PARUR_07
Digital payments have made transactions faster.	ڈیجیٹل ادائیگیاں معاملات تیز کیتے نیں۔	Brahui (Standard)	South Asia	PARUR_04
The internet connects people across continents.	انٹرنیٹ براعظماں وچ لوکاں کوں جوڑیندے۔	Brahui (Standard)	South Asia	PARUR_02
The river flows peacefully through the valley.	دریا وادی وچ پرامن طریقے نال وہندی اے۔	Brahui (Standard)	South Asia	PARUR_09
Students gathered in the library.	طالب علم لائبریری وچ گڈے تھئے۔	Brahui (Standard)	South Asia	PARUR_07
Cooking together brings family members closer.	گڈے کھان پکاون خاندان دے ممبراں کوں نیڑے لیندے۔	Brahui (Standard)	South Asia	PARUR_04
Handicrafts showcase artistic traditions.	ہتھکاریاں فنکارانہ روایات دکھیندیاں نیں۔	Brahui (Standard)	South Asia	PARUR_05
Children learn best when they are interested.	بچے بہترین سکھدے نیں جدوں اوہ دلچسپی رکھدے نیں۔	Brahui (Standard)	South Asia	PARUR_06
She walked slowly through the garden.	اوں باغ وچ آہستہ آہستہ ٹردی۔	Brahui (Standard)	South Asia	PARUR_06
The professor wrote equations on the blackboard.	پروفیسر تختے تے مساوات لکھیاں۔	Brahui (Standard)	South Asia	PARUR_06
Respecting elders is an important value.	بزرگاں دا احترام ہک اہم قدر اے۔	Brahui (Standard)	South Asia	PARUR_05
Regular exercise helps maintain good health.	منظم ورزش چنگی صحت برقرار رکھن وچ مدد کریندی اے۔	Brahui (Standard)	South Asia	PARUR_08
We decided to visit the old temple.	اساں پرانے مندر دیکھن دا فیصلہ کیتا۔	Brahui (Standard)	South Asia	PARUR_01
Education opens doors to opportunities.	تعلیم موقعاں دے دروازے کولیندی اے۔	Brahui (Standard)	South Asia	PARUR_07
Pollution in cities has become a serious problem.	شہراں وچ آلودگی ہک سنجیدہ مسئلہ بن گئی اے۔	Brahui (Standard)	South Asia	PARUR_01
The school organized a science fair.	سکول نے سائنس میلہ منظم کیتا۔	Brahui (Standard)	South Asia	PARUR_08
Family members support each other during difficult times.	خاندان دے ممبر مشکل وختاں وچ ہک دوجھے دی مدد کریندے نیں۔	Brahui (Standard)	South Asia	PARUR_09
People celebrate festivals with great joy.	لوک ودی خوشی نال میلے منیندے نیں۔	Brahui (Standard)	South Asia	PARUR_01
Agriculture remains the primary source of income.	زراعت آمدنی دا بنیادی ذریعہ رہندی اے۔	Brahui (Standard)	South Asia	PARUR_06
Spices add flavor to traditional dishes.	مصالحے روایتی کھاناں وچ ذائقہ ودیندے نیں۔	Brahui (Standard)	South Asia	PARUR_05
People travel long distances to visit religious sites.	لوک مذہبی تھانواں دیکھن کیتے لمبیاں دوریاں طے کریندے نیں۔	Brahui (Standard)	South Asia	PARUR_01
Traditional music is important for our heritage.	روایتی موسیقی سادی ورثے کیتے اہم اے۔	Brahui (Standard)	South Asia	PARUR_08
The teacher explained the lesson patiently.	استاد صبر نال سبق سمجھایا۔	Brahui (Standard)	South Asia	PARUR_02
Sports teach teamwork and discipline.	کھیڈاں ٹیم ورک تے نظم و ضبط سکھیندیاں نیں۔	Brahui (Standard)	South Asia	PARUR_03
The market was crowded with people.	بازار لوکاں نال بھریا ہویا ہا۔	Brahui (Standard)	South Asia	PARUR_10
I woke up early this morning.	من اڄ صبح جلدی اٹھیا۔	Brahui (Standard)	South Asia	PARUR_09
Farmers planted rice in the flooded fields.	کسان پانی والے کھیتراں وچ چاول پوکے۔	Brahui (Standard)	South Asia	PARUR_10
Tourism brings revenue to regions with historical sites.	سیاحت تاریخی تھانواں والے علاقیاں کوں آمدنی لیندی اے۔	Brahui (Standard)	South Asia	PARUR_10
The river flows peacefully through the valley.	دریا وادی وچ پرامن طریقے نال وہندی اے۔	Brahui (Standard)	South Asia	PARUR_08
Children were playing cricket in the street.	بچے سڑک تے کرکٹ کھیڈدے پئے ہن۔	Brahui (Standard)	South Asia	PARUR_10
Doctors recommend drinking plenty of water.	ڈاکٹر گھنے پانی پیون دی صلاح دیندے نیں۔	Brahui (Standard)	South Asia	PARUR_01
Digital payments have made transactions faster.	ڈیجیٹل ادائیگیاں معاملات تیز کیتے نیں۔	Brahui (Standard)	South Asia	PARUR_02
The teacher explained the lesson patiently.	استاد صبر نال سبق سمجھایا۔	Brahui (Standard)	South Asia	PARUR_02
She walked slowly through the garden.	اوں باغ وچ آہستہ آہستہ ٹردی۔	Brahui (Standard)	South Asia	PARUR_08
Spices add flavor to traditional dishes.	مصالحے روایتی کھاناں وچ ذائقہ ودیندے نیں۔	Brahui (Standard)	South Asia	PARUR_07
People travel long distances to visit religious sites.	لوک مذہبی تھانواں دیکھن کیتے لمبیاں دوریاں طے کریندے نیں۔	Brahui (Standard)	South Asia	PARUR_03
Doctors work long hours to treat patients.	ڈاکٹر مریضاں دا علاج کرن کیتے لمبیاں گھڑیاں کم کریندے نیں۔	Brahui (Standard)	South Asia	PARUR_02
Storytelling preserves culture and knowledge.	کہانی سناون ثقافت تے علم کوں محفوظ رکھیندے۔	Brahui (Standard)	South Asia	PARUR_06
She received a scholarship to study medicine.	اوں طب دی تعلیم کیتے اسکالرشپ حاصل کیتی۔	Brahui (Standard)	South Asia	PARUR_09
Traditional music is important for our heritage.	روایتی موسیقی سادی ورثے کیتے اہم اے۔	Brahui (Standard)	South Asia	PARUR_09
Agriculture remains the primary source of income.	زراعت آمدنی دا بنیادی ذریعہ رہندی اے۔	Brahui (Standard)	South Asia	PARUR_08
Farmers planted rice in the flooded fields.	کسان پانی والے کھیتراں وچ چاول پوکے۔	Brahui (Standard)	South Asia	PARUR_04
Elderly people share wisdom and stories.	بزرگ لوک حکمت تے کہانیاں سانجھیاں کریندے نیں۔	Brahui (Standard)	South Asia	PARUR_02
Sports teach teamwork and discipline.	کھیڈاں ٹیم ورک تے نظم و ضبط سکھیندیاں نیں۔	Brahui (Standard)	South Asia	PARUR_05
Train journeys offer scenic views.	ریل دے سفر منظراں دے نظارے پیش کریندے نیں۔	Brahui (Standard)	South Asia	PARUR_06
Reading books improves vocabulary.	کتاباں پڑھن ذخیرہ الفاظ بہتر بنیندے۔	Brahui (Standard)	South Asia	PARUR_01
Pollution in cities has become a serious problem.	شہراں وچ آلودگی ہک سنجیدہ مسئلہ بن گئی اے۔	Brahui (Standard)	South Asia	PARUR_04
Farmers wake up early to tend to crops.	کسان فصلاں دی سنبھال کیتے جلدی اٹھدے نیں۔	Brahui (Standard)	South Asia	PARUR_04
The professor wrote equations on the blackboard.	پروفیسر تختے تے مساوات لکھیاں۔	Brahui (Standard)	South Asia	PARUR_02
Cooking together brings family members closer.	گڈے کھان پکاون خاندان دے ممبراں کوں نیڑے لیندے۔	Brahui (Standard)	South Asia	PARUR_06
The wedding ceremony lasted three days.	شادی دی تقریب ترئے دینہہ چلی۔	Brahui (Standard)	South Asia	PARUR_03
I woke up early this morning.	من اڄ صبح جلدی اٹھیا۔	Brahui (Standard)	South Asia	PARUR_04
Tourism brings revenue to regions with historical sites.	سیاحت تاریخی تھانواں والے علاقیاں کوں آمدنی لیندی اے۔	Brahui (Standard)	South Asia	PARUR_06
Parents sacrifice their own needs for children.	والدین بچیاں کیتے اپنیاں ضرورتاں قربان کریندے نیں۔	Brahui (Standard)	South Asia	PARUR_03
Handicrafts showcase artistic traditions.	ہتھکاریاں فنکارانہ روایات دکھیندیاں نیں۔	Brahui (Standard)	South Asia	PARUR_06
Clear communication prevents misunderstandings.	صاف رابطہ غلط فہمیاں کوں روکیندے۔	Brahui (Standard)	South Asia	PARUR_04
The market was crowded with people.	بازار لوکاں نال بھریا ہویا ہا۔	Brahui (Standard)	South Asia	PARUR_03
Learning a new language requires practice.	نوی زبان سکھن کیتے مشق دی لوڑ اے۔	Brahui (Standard)	South Asia	PARUR_03
We decided to visit the old temple.	اساں پرانے مندر دیکھن دا فیصلہ کیتا۔	Brahui (Standard)	South Asia	PARUR_01
Online shopping has become popular.	آن لائن خریداری مقبول تھی گئی اے۔	Brahui (Standard)	South Asia	PARUR_09
The forest is home to many wild animals.	جنگل گھنے جنگلی جانوراں دا گھر اے۔	Brahui (Standard)	South Asia	PARUR_02
She cooked delicious biryani for the family.	اوں خاندان کیتے مزیدار بریانی پکائی۔	Brahui (Standard)	South Asia	PARUR_03
Children learn best when they are interested.	بچے بہترین سکھدے نیں جدوں اوہ دلچسپی رکھدے نیں۔	Brahui (Standard)	South Asia	PARUR_08
People celebrate festivals with great joy.	لوک ودی خوشی نال میلے منیندے نیں۔	Brahui (Standard)	South Asia	PARUR_05
Cricket is a popular sport.	کرکٹ ہک مقبول کھیڈ اے۔	Brahui (Standard)	South Asia	PARUR_10
Respecting elders is an important value.	بزرگاں دا احترام ہک اہم قدر اے۔	Brahui (Standard)	South Asia	PARUR_10
Smartphones have changed how people communicate.	اسمارٹ فوناں نے لوکاں دے رابطے دے طریقے کوں تبدیل کیتا اے۔	Brahui (Standard)	South Asia	PARUR_04
Small businesses create employment opportunities.	نکیاں کاروبار روزگار دے موقعے پیدا کریندے نیں۔	Brahui (Standard)	South Asia	PARUR_10
Birds were chirping in the trees.	پنچھی رکھاں وچ چہچہا رہے ہن۔	Brahui (Standard)	South Asia	PARUR_02
Education opens doors to opportunities.	تعلیم موقعاں دے دروازے کولیندی اے۔	Brahui (Standard)	South Asia	PARUR_10
My grandmother told me stories.	میری دادی نے مینوں کہانیاں سنایاں۔	Brahui (Standard)	South Asia	PARUR_01
Tea is served to guests as a gesture of hospitality.	مہماناں کوں مہمان نوازی دی نشانی دے طور تے چاہ پیش کیتی ویندی اے۔	Brahui (Standard)	South Asia	PARUR_01
The school organized a science fair.	سکول نے سائنس میلہ منظم کیتا۔	Brahui (Standard)	South Asia	PARUR_02
Family members support each other during difficult times.	خاندان دے ممبر مشکل وختاں وچ ہک دوجھے دی مدد کریندے نیں۔	Brahui (Standard)	South Asia	PARUR_02
Students gathered in the library.	طالب علم لائبریری وچ گڈے تھئے۔	Brahui (Standard)	South Asia	PARUR_03
Eating fresh fruits provides essential vitamins.	تازہ پھل کھان ضروری وٹامن فراہم کریندے۔	Brahui (Standard)	South Asia	PARUR_09
Regular exercise helps maintain good health.	منظم ورزش چنگی صحت برقرار رکھن وچ مدد کریندی اے۔	Brahui (Standard)	South Asia	PARUR_05
The internet connects people across continents.	انٹرنیٹ براعظماں وچ لوکاں کوں جوڑیندے۔	Brahui (Standard)	South Asia	PARUR_01
After finishing his work, he sat down.	اپنا کم مکمل کرن دے بعد، او بیٹھ گیا۔	Brahui (Standard)	South Asia	PARUR_02
Teachers shape young minds.	استاد نوجوان ذہناں کوں شکل دیندے نیں۔	Brahui (Standard)	South Asia	PARUR_08
The bus arrived late.	بس ڈیر نال پہنچی۔	Brahui (Standard)	South Asia	PARUR_03
Cricket is a popular sport.	کرکٹ ہک مقبول کھیڈ اے۔	Brahui (Standard)	South Asia	PARUR_04
Education opens doors to opportunities.	تعلیم موقعاں دے دروازے کولیندی اے۔	Brahui (Standard)	South Asia	PARUR_05
The market was crowded with people.	بازار لوکاں نال بھریا ہویا ہا۔	Brahui (Standard)	South Asia	PARUR_05
The wedding ceremony lasted three days.	شادی دی تقریب ترئے دینہہ چلی۔	Brahui (Standard)	South Asia	PARUR_07
The school organized a science fair.	سکول نے سائنس میلہ منظم کیتا۔	Brahui (Standard)	South Asia	PARUR_08
The internet connects people across continents.	انٹرنیٹ براعظماں وچ لوکاں کوں جوڑیندے۔	Brahui (Standard)	South Asia	PARUR_08
Learning a new language requires practice.	نوی زبان سکھن کیتے مشق دی لوڑ اے۔	Brahui (Standard)	South Asia	PARUR_10
Children were playing cricket in the street.	بچے سڑک تے کرکٹ کھیڈدے پئے ہن۔	Brahui (Standard)	South Asia	PARUR_06
Clear communication prevents misunderstandings.	صاف رابطہ غلط فہمیاں کوں روکیندے۔	Brahui (Standard)	South Asia	PARUR_03
Students gathered in the library.	طالب علم لائبریری وچ گڈے تھئے۔	Brahui (Standard)	South Asia	PARUR_07
She walked slowly through the garden.	اوں باغ وچ آہستہ آہستہ ٹردی۔	Brahui (Standard)	South Asia	PARUR_09
We decided to visit the old temple.	اساں پرانے مندر دیکھن دا فیصلہ کیتا۔	Brahui (Standard)	South Asia	PARUR_10
She received a scholarship to study medicine.	اوں طب دی تعلیم کیتے اسکالرشپ حاصل کیتی۔	Brahui (Standard)	South Asia	PARUR_01
Doctors work long hours to treat patients.	ڈاکٹر مریضاں دا علاج کرن کیتے لمبیاں گھڑیاں کم کریندے نیں۔	Brahui (Standard)	South Asia	PARUR_09
Children learn best when they are interested.	بچے بہترین سکھدے نیں جدوں اوہ دلچسپی رکھدے نیں۔	Brahui (Standard)	South Asia	PARUR_03
People celebrate festivals with great joy.	لوک ودی خوشی نال میلے منیندے نیں۔	Brahui (Standard)	South Asia	PARUR_07
Sports teach teamwork and discipline.	کھیڈاں ٹیم ورک تے نظم و ضبط سکھیندیاں نیں۔	Brahui (Standard)	South Asia	PARUR_09
The forest is home to many wild animals.	جنگل گھنے جنگلی جانوراں دا گھر اے۔	Brahui (Standard)	South Asia	PARUR_02
Tea is served to guests as a gesture of hospitality.	مہماناں کوں مہمان نوازی دی نشانی دے طور تے چاہ پیش کیتی ویندی اے۔	Brahui (Standard)	South Asia	PARUR_06
Train journeys offer scenic views.	ریل دے سفر منظراں دے نظارے پیش کریندے نیں۔	Brahui (Standard)	South Asia	PARUR_05
Agriculture remains the primary source of income.	زراعت آمدنی دا بنیادی ذریعہ رہندی اے۔	Brahui (Standard)	South Asia	PARUR_03
After finishing his work, he sat down.	اپنا کم مکمل کرن دے بعد، او بیٹھ گیا۔	Brahui (Standard)	South Asia	PARUR_04
The bus arrived late.	بس ڈیر نال پہنچی۔	Brahui (Standard)	South Asia	PARUR_09
People travel long distances to visit religious sites.	لوک مذہبی تھانواں دیکھن کیتے لمبیاں دوریاں طے کریندے نیں۔	Brahui (Standard)	South Asia	PARUR_03
My grandmother told me stories.	میری دادی نے مینوں کہانیاں سنایاں۔	Brahui (Standard)	South Asia	PARUR_10
Parents sacrifice their own needs for children.	والدین بچیاں کیتے اپنیاں ضرورتاں قربان کریندے نیں۔	Brahui (Standard)	South Asia	PARUR_02
Teachers shape young minds.	استاد نوجوان ذہناں کوں شکل دیندے نیں۔	Brahui (Standard)	South Asia	PARUR_10
I woke up early this morning.	من اڄ صبح جلدی اٹھیا۔	Brahui (Standard)	South Asia	PARUR_07
Respecting elders is an important value.	بزرگاں دا احترام ہک اہم قدر اے۔	Brahui (Standard)	South Asia	PARUR_10
Family members support each other during difficult times.	خاندان دے ممبر مشکل وختاں وچ ہک دوجھے دی مدد کریندے نیں۔	Brahui (Standard)	South Asia	PARUR_09
Eating fresh fruits provides essential vitamins.	تازہ پھل کھان ضروری وٹامن فراہم کریندے۔	Brahui (Standard)	South Asia	PARUR_09
Traditional music is important for our heritage.	روایتی موسیقی سادی ورثے کیتے اہم اے۔	Brahui (Standard)	South Asia	PARUR_01
Farmers planted rice in the flooded fields.	کسان پانی والے کھیتراں وچ چاول پوکے۔	Brahui (Standard)	South Asia	PARUR_05
Elderly people share wisdom and stories.	بزرگ لوک حکمت تے کہانیاں سانجھیاں کریندے نیں۔	Brahui (Standard)	South Asia	PARUR_10
Pollution in cities has become a serious problem.	شہراں وچ آلودگی ہک سنجیدہ مسئلہ بن گئی اے۔	Brahui (Standard)	South Asia	PARUR_02
Regular exercise helps maintain good health.	منظم ورزش چنگی صحت برقرار رکھن وچ مدد کریندی اے۔	Brahui (Standard)	South Asia	PARUR_10
Handicrafts showcase artistic traditions.	ہتھکاریاں فنکارانہ روایات دکھیندیاں نیں۔	Brahui (Standard)	South Asia	PARUR_09
The professor wrote equations on the blackboard.	پروفیسر تختے تے مساوات لکھیاں۔	Brahui (Standard)	South Asia	PARUR_02
Digital payments have made transactions faster.	ڈیجیٹل ادائیگیاں معاملات تیز کیتے نیں۔	Brahui (Standard)	South Asia	PARUR_08
Doctors recommend drinking plenty of water.	ڈاکٹر گھنے پانی پیون دی صلاح دیندے نیں۔	Brahui (Standard)	South Asia	PARUR_01
Spices add flavor to traditional dishes.	مصالحے روایتی کھاناں وچ ذائقہ ودیندے نیں۔	Brahui (Standard)	South Asia	PARUR_01
Online shopping has become popular.	آن لائن خریداری مقبول تھی گئی اے۔	Brahui (Standard)	South Asia	PARUR_02
Tourism brings revenue to regions with historical sites.	سیاحت تاریخی تھانواں والے علاقیاں کوں آمدنی لیندی اے۔	Brahui (Standard)	South Asia	PARUR_06
Storytelling preserves culture and knowledge.	کہانی سناون ثقافت تے علم کوں محفوظ رکھیندے۔	Brahui (Standard)	South Asia	PARUR_10
Reading books improves vocabulary.	کتاباں پڑھن ذخیرہ الفاظ بہتر بنیندے۔	Brahui (Standard)	South Asia	PARUR_02
She cooked delicious biryani for the family.	اوں خاندان کیتے مزیدار بریانی پکائی۔	Brahui (Standard)	South Asia	PARUR_10
The teacher explained the lesson patiently.	استاد صبر نال سبق سمجھایا۔	Brahui (Standard)	South Asia	PARUR_08
Cooking together brings family members closer.	گڈے کھان پکاون خاندان دے ممبراں کوں نیڑے لیندے۔	Brahui (Standard)	South Asia	PARUR_08
Farmers wake up early to tend to crops.	کسان فصلاں دی سنبھال کیتے جلدی اٹھدے نیں۔	Brahui (Standard)	South Asia	PARUR_01
Smartphones have changed how people communicate.	اسمارٹ فوناں نے لوکاں دے رابطے دے طریقے کوں تبدیل کیتا اے۔	Brahui (Standard)	South Asia	PARUR_08
The river flows peacefully through the valley.	دریا وادی وچ پرامن طریقے نال وہندی اے۔	Brahui (Standard)	South Asia	PARUR_05
Small businesses create employment opportunities.	نکیاں کاروبار روزگار دے موقعے پیدا کریندے نیں۔	Brahui (Standard)	South Asia	PARUR_05
Birds were chirping in the trees.	پنچھی رکھاں وچ چہچہا رہے ہن۔	Brahui (Standard)	South Asia	PARUR_04
The wedding ceremony lasted three days.	شادی دی تقریب ترئے دینہہ چلی۔	Brahui (Standard)	South Asia	PARUR_05
Parents sacrifice their own needs for children.	والدین بچیاں کیتے اپنیاں ضرورتاں قربان کریندے نیں۔	Brahui (Standard)	South Asia	PARUR_08
Clear communication prevents misunderstandings.	صاف رابطہ غلط فہمیاں کوں روکیندے۔	Brahui (Standard)	South Asia	PARUR_09
After finishing his work, he sat down.	اپنا کم مکمل کرن دے بعد، او بیٹھ گیا۔	Brahui (Standard)	South Asia	PARUR_03
Cricket is a popular sport.	کرکٹ ہک مقبول کھیڈ اے۔	Brahui (Standard)	South Asia	PARUR_02
Reading books improves vocabulary.	کتاباں پڑھن ذخیرہ الفاظ بہتر بنیندے۔	Brahui (Standard)	South Asia	PARUR_08
The bus arrived late.	بس ڈیر نال پہنچی۔	Brahui (Standard)	South Asia	PARUR_04
The school organized a science fair.	سکول نے سائنس میلہ منظم کیتا۔	Brahui (Standard)	South Asia	PARUR_09
Online shopping has become popular.	آن لائن خریداری مقبول تھی گئی اے۔	Brahui (Standard)	South Asia	PARUR_10
Children were playing cricket in the street.	بچے سڑک تے کرکٹ کھیڈدے پئے ہن۔	Brahui (Standard)	South Asia	PARUR_02
Elderly people share wisdom and stories.	بزرگ لوک حکمت تے کہانیاں سانجھیاں کریندے نیں۔	Brahui (Standard)	South Asia	PARUR_05
Train journeys offer scenic views.	ریل دے سفر منظراں دے نظارے پیش کریندے نیں۔	Brahui (Standard)	South Asia	PARUR_06
The market was crowded with people.	بازار لوکاں نال بھریا ہویا ہا۔	Brahui (Standard)	South Asia	PARUR_06
Education opens doors to opportunities.	تعلیم موقعاں دے دروازے کولیندی اے۔	Brahui (Standard)	South Asia	PARUR_01
My grandmother told me stories.	میری دادی نے مینوں کہانیاں سنایاں۔	Brahui (Standard)	South Asia	PARUR_06
The internet connects people across continents.	انٹرنیٹ براعظماں وچ لوکاں کوں جوڑیندے۔	Brahui (Standard)	South Asia	PARUR_07
We decided to visit the old temple.	اساں پرانے مندر دیکھن دا فیصلہ کیتا۔	Brahui (Standard)	South Asia	PARUR_05
I woke up early this morning.	من اڄ صبح جلدی اٹھیا۔	Brahui (Standard)	South Asia	PARUR_03
Tourism brings revenue to regions with historical sites.	سیاحت تاریخی تھانواں والے علاقیاں کوں آمدنی لیندی اے۔	Brahui (Standard)	South Asia	PARUR_01
People celebrate festivals with great joy.	لوک ودی خوشی نال میلے منیندے نیں۔	Brahui (Standard)	South Asia	PARUR_03
Eating fresh fruits provides essential vitamins.	تازہ پھل کھان ضروری وٹامن فراہم کریندے۔	Brahui (Standard)	South Asia	PARUR_05
People travel long distances to visit religious sites.	لوک مذہبی تھانواں دیکھن کیتے لمبیاں دوریاں طے کریندے نیں۔	Brahui (Standard)	South Asia	PARUR_05
Family members support each other during difficult times.	خاندان دے ممبر مشکل وختاں وچ ہک دوجھے دی مدد کریندے نیں۔	Brahui (Standard)	South Asia	PARUR_07
Smartphones have changed how people communicate.	اسمارٹ فوناں نے لوکاں دے رابطے دے طریقے کوں تبدیل کیتا اے۔	Brahui (Standard)	South Asia	PARUR_05
Regular exercise helps maintain good health.	منظم ورزش چنگی صحت برقرار رکھن وچ مدد کریندی اے۔	Brahui (Standard)	South Asia	PARUR_03
Pollution in cities has become a serious problem.	شہراں وچ آلودگی ہک سنجیدہ مسئلہ بن گئی اے۔	Brahui (Standard)	South Asia	PARUR_09
She received a scholarship to study medicine.	اوں طب دی تعلیم کیتے اسکالرشپ حاصل کیتی۔	Brahui (Standard)	South Asia	PARUR_06
Tea is served to guests as a gesture of hospitality.	مہماناں کوں مہمان نوازی دی نشانی دے طور تے چاہ پیش کیتی ویندی اے۔	Brahui (Standard)	South Asia	PARUR_10
Small businesses create employment opportunities.	نکیاں کاروبار روزگار دے موقعے پیدا کریندے نیں۔	Brahui (Standard)	South Asia	PARUR_06
She cooked delicious biryani for the family.	اوں خاندان کیتے مزیدار بریانی پکائی۔	Brahui (Standard)	South Asia	PARUR_03
She walked slowly through the garden.	اوں باغ وچ آہستہ آہستہ ٹردی۔	Brahui (Standard)	South Asia	PARUR_06
Farmers wake up early to tend to crops.	کسان فصلاں دی سنبھال کیتے جلدی اٹھدے نیں۔	Brahui (Standard)	South Asia	PARUR_03
Cooking together brings family members closer.	گڈے کھان پکاون خاندان دے ممبراں کوں نیڑے لیندے۔	Brahui (Standard)	South Asia	PARUR_10
Learning a new language requires practice.	نوی زبان سکھن کیتے مشق دی لوڑ اے۔	Brahui (Standard)	South Asia	PARUR_03
The forest is home to many wild animals.	جنگل گھنے جنگلی جانوراں دا گھر اے۔	Brahui (Standard)	South Asia	PARUR_05
Birds were chirping in the trees.	پنچھی رکھاں وچ چہچہا رہے ہن۔	Brahui (Standard)	South Asia	PARUR_03
Agriculture remains the primary source of income.	زراعت آمدنی دا بنیادی ذریعہ رہندی اے۔	Brahui (Standard)	South Asia	PARUR_01
Farmers planted rice in the flooded fields.	کسان پانی والے کھیتراں وچ چاول پوکے۔	Brahui (Standard)	South Asia	PARUR_10
Students gathered in the library.	طالب علم لائبریری وچ گڈے تھئے۔	Brahui (Standard)	South Asia	PARUR_01
Handicrafts showcase artistic traditions.	ہتھکاریاں فنکارانہ روایات دکھیندیاں نیں۔	Brahui (Standard)	South Asia	PARUR_05
Respecting elders is an important value.	بزرگاں دا احترام ہک اہم قدر اے۔	Brahui (Standard)	South Asia	PARUR_03
The professor wrote equations on the blackboard.	پروفیسر تختے تے مساوات لکھیاں۔	Brahui (Standard)	South Asia	PARUR_06
Teachers shape young minds.	استاد نوجوان ذہناں کوں شکل دیندے نیں۔	Brahui (Standard)	South Asia	PARUR_09
Digital payments have made transactions faster.	ڈیجیٹل ادائیگیاں معاملات تیز کیتے نیں۔	Brahui (Standard)	South Asia	PARUR_05
Storytelling preserves culture and knowledge.	کہانی سناون ثقافت تے علم کوں محفوظ رکھیندے۔	Brahui (Standard)	South Asia	PARUR_04
The river flows peacefully through the valley.	دریا وادی وچ پرامن طریقے نال وہندی اے۔	Brahui (Standard)	South Asia	PARUR_03
Traditional music is important for our heritage.	روایتی موسیقی سادی ورثے کیتے اہم اے۔	Brahui (Standard)	South Asia	PARUR_10
Doctors recommend drinking plenty of water.	ڈاکٹر گھنے پانی پیون دی صلاح دیندے نیں۔	Brahui (Standard)	South Asia	PARUR_10
Spices add flavor to traditional dishes.	مصالحے روایتی کھاناں وچ ذائقہ ودیندے نیں۔	Brahui (Standard)	South Asia	PARUR_02
The teacher explained the lesson patiently.	استاد صبر نال سبق سمجھایا۔	Brahui (Standard)	South Asia	PARUR_04
Children learn best when they are interested.	بچے بہترین سکھدے نیں جدوں اوہ دلچسپی رکھدے نیں۔	Brahui (Standard)	South Asia	PARUR_08
Doctors work long hours to treat patients.	ڈاکٹر مریضاں دا علاج کرن کیتے لمبیاں گھڑیاں کم کریندے نیں۔	Brahui (Standard)	South Asia	PARUR_09
Sports teach teamwork and discipline.	کھیڈاں ٹیم ورک تے نظم و ضبط سکھیندیاں نیں۔	Brahui (Standard)	South Asia	PARUR_01
Children learn best when they are interested.	بچے بہترین سکھدے نیں جدوں اوہ دلچسپی رکھدے نیں۔	Brahui (Standard)	South Asia	PARUR_08
Handicrafts showcase artistic traditions.	ہتھکاریاں فنکارانہ روایات دکھیندیاں نیں۔	Brahui (Standard)	South Asia	PARUR_08
Farmers planted rice in the flooded fields.	کسان پانی والے کھیتراں وچ چاول پوکے۔	Brahui (Standard)	South Asia	PARUR_03
Elderly people share wisdom and stories.	بزرگ لوک حکمت تے کہانیاں سانجھیاں کریندے نیں۔	Brahui (Standard)	South Asia	PARUR_03
Clear communication prevents misunderstandings.	صاف رابطہ غلط فہمیاں کوں روکیندے۔	Brahui (Standard)	South Asia	PARUR_05
Farmers wake up early to tend to crops.	کسان فصلاں دی سنبھال کیتے جلدی اٹھدے نیں۔	Brahui (Standard)	South Asia	PARUR_05
Doctors recommend drinking plenty of water.	ڈاکٹر گھنے پانی پیون دی صلاح دیندے نیں۔	Brahui (Standard)	South Asia	PARUR_02
The market was crowded with people.	بازار لوکاں نال بھریا ہویا ہا۔	Brahui (Standard)	South Asia	PARUR_05
Tourism brings revenue to regions with historical sites.	سیاحت تاریخی تھانواں والے علاقیاں کوں آمدنی لیندی اے۔	Brahui (Standard)	South Asia	PARUR_07
I woke up early this morning.	من اڄ صبح جلدی اٹھیا۔	Brahui (Standard)	South Asia	PARUR_04
The school organized a science fair.	سکول نے سائنس میلہ منظم کیتا۔	Brahui (Standard)	South Asia	PARUR_04
Cooking together brings family members closer.	گڈے کھان پکاون خاندان دے ممبراں کوں نیڑے لیندے۔	Brahui (Standard)	South Asia	PARUR_03
She walked slowly through the garden.	اوں باغ وچ آہستہ آہستہ ٹردی۔	Brahui (Standard)	South Asia	PARUR_08
Respecting elders is an important value.	بزرگاں دا احترام ہک اہم قدر اے۔	Brahui (Standard)	South Asia	PARUR_09
Teachers shape young minds.	استاد نوجوان ذہناں کوں شکل دیندے نیں۔	Brahui (Standard)	South Asia	PARUR_09
Sports teach teamwork and discipline.	کھیڈاں ٹیم ورک تے نظم و ضبط سکھیندیاں نیں۔	Brahui (Standard)	South Asia	PARUR_05
People travel long distances to visit religious sites.	لوک مذہبی تھانواں دیکھن کیتے لمبیاں دوریاں طے کریندے نیں۔	Brahui (Standard)	South Asia	PARUR_06
After finishing his work, he sat down.	اپنا کم مکمل کرن دے بعد، او بیٹھ گیا۔	Brahui (Standard)	South Asia	PARUR_10
Education opens doors to opportunities.	تعلیم موقعاں دے دروازے کولیندی اے۔	Brahui (Standard)	South Asia	PARUR_04
The internet connects people across continents.	انٹرنیٹ براعظماں وچ لوکاں کوں جوڑیندے۔	Brahui (Standard)	South Asia	PARUR_01
Tea is served to guests as a gesture of hospitality.	مہماناں کوں مہمان نوازی دی نشانی دے طور تے چاہ پیش کیتی ویندی اے۔	Brahui (Standard)	South Asia	PARUR_06
She cooked delicious biryani for the family.	اوں خاندان کیتے مزیدار بریانی پکائی۔	Brahui (Standard)	South Asia	PARUR_01
Storytelling preserves culture and knowledge.	کہانی سناون ثقافت تے علم کوں محفوظ رکھیندے۔	Brahui (Standard)	South Asia	PARUR_07
The professor wrote equations on the blackboard.	پروفیسر تختے تے مساوات لکھیاں۔	Brahui (Standard)	South Asia	PARUR_10
People celebrate festivals with great joy.	لوک ودی خوشی نال میلے منیندے نیں۔	Brahui (Standard)	South Asia	PARUR_10
She received a scholarship to study medicine.	اوں طب دی تعلیم کیتے اسکالرشپ حاصل کیتی۔	Brahui (Standard)	South Asia	PARUR_09
Learning a new language requires practice.	نوی زبان سکھن کیتے مشق دی لوڑ اے۔	Brahui (Standard)	South Asia	PARUR_08
Regular exercise helps maintain good health.	منظم ورزش چنگی صحت برقرار رکھن وچ مدد کریندی اے۔	Brahui (Standard)	South Asia	PARUR_06
The river flows peacefully through the valley.	دریا وادی وچ پرامن طریقے نال وہندی اے۔	Brahui (Standard)	South Asia	PARUR_09
We decided to visit the old temple.	اساں پرانے مندر دیکھن دا فیصلہ کیتا۔	Brahui (Standard)	South Asia	PARUR_06
Agriculture remains the primary source of income.	زراعت آمدنی دا بنیادی ذریعہ رہندی اے۔	Brahui (Standard)	South Asia	PARUR_03
The forest is home to many wild animals.	جنگل گھنے جنگلی جانوراں دا گھر اے۔	Brahui (Standard)	South Asia	PARUR_06
Reading books improves vocabulary.	کتاباں پڑھن ذخیرہ الفاظ بہتر بنیندے۔	Brahui (Standard)	South Asia	PARUR_08
Online shopping has become popular.	آن لائن خریداری مقبول تھی گئی اے۔	Brahui (Standard)	South Asia	PARUR_03
Spices add flavor to traditional dishes.	مصالحے روایتی کھاناں وچ ذائقہ ودیندے نیں۔	Brahui (Standard)	South Asia	PARUR_05
Parents sacrifice their own needs for children.	والدین بچیاں کیتے اپنیاں ضرورتاں قربان کریندے نیں۔	Brahui (Standard)	South Asia	PARUR_10
Family members support each other during difficult times.	خاندان دے ممبر مشکل وختاں وچ ہک دوجھے دی مدد کریندے نیں۔	Brahui (Standard)	South Asia	PARUR_03
The bus arrived late.	بس ڈیر نال پہنچی۔	Brahui (Standard)	South Asia	PARUR_06
Doctors work long hours to treat patients.	ڈاکٹر مریضاں دا علاج کرن کیتے لمبیاں گھڑیاں کم کریندے نیں۔	Brahui (Standard)	South Asia	PARUR_10
The wedding ceremony lasted three days.	شادی دی تقریب ترئے دینہہ چلی۔	Brahui (Standard)	South Asia	PARUR_09
Traditional music is important for our heritage.	روایتی موسیقی سادی ورثے کیتے اہم اے۔	Brahui (Standard)	South Asia	PARUR_08
Children were playing cricket in the street.	بچے سڑک تے کرکٹ کھیڈدے پئے ہن۔	Brahui (Standard)	South Asia	PARUR_07
Pollution in cities has become a serious problem.	شہراں وچ آلودگی ہک سنجیدہ مسئلہ بن گئی اے۔	Brahui (Standard)	South Asia	PARUR_05
My grandmother told me stories.	میری دادی نے مینوں کہانیاں سنایاں۔	Brahui (Standard)	South Asia	PARUR_01
Train journeys offer scenic views.	ریل دے سفر منظراں دے نظارے پیش کریندے نیں۔	Brahui (Standard)	South Asia	PARUR_01
Birds were chirping in the trees.	پنچھی رکھاں وچ چہچہا رہے ہن۔	Brahui (Standard)	South Asia	PARUR_07
Cricket is a popular sport.	کرکٹ ہک مقبول کھیڈ اے۔	Brahui (Standard)	South Asia	PARUR_10
Smartphones have changed how people communicate.	اسمارٹ فوناں نے لوکاں دے رابطے دے طریقے کوں تبدیل کیتا اے۔	Brahui (Standard)	South Asia	PARUR_07
Eating fresh fruits provides essential vitamins.	تازہ پھل کھان ضروری وٹامن فراہم کریندے۔	Brahui (Standard)	South Asia	PARUR_05
Small businesses create employment opportunities.	نکیاں کاروبار روزگار دے موقعے پیدا کریندے نیں۔	Brahui (Standard)	South Asia	PARUR_07
Digital payments have made transactions faster.	ڈیجیٹل ادائیگیاں معاملات تیز کیتے نیں۔	Brahui (Standard)	South Asia	PARUR_10
The teacher explained the lesson patiently.	استاد صبر نال سبق سمجھایا۔	Brahui (Standard)	South Asia	PARUR_01
Students gathered in the library.	طالب علم لائبریری وچ گڈے تھئے۔	Brahui (Standard)	South Asia	PARUR_02
I woke up early this morning.	من اڄ صبح جلدی اٹھیا۔	Brahui (Standard)	South Asia	PARUR_07
Online shopping has become popular.	آن لائن خریداری مقبول تھی گئی اے۔	Brahui (Standard)	South Asia	PARUR_05
The internet connects people across continents.	انٹرنیٹ براعظماں وچ لوکاں کوں جوڑیندے۔	Brahui (Standard)	South Asia	PARUR_05
Sports teach teamwork and discipline.	کھیڈاں ٹیم ورک تے نظم و ضبط سکھیندیاں نیں۔	Brahui (Standard)	South Asia	PARUR_03
After finishing his work, he sat down.	اپنا کم مکمل کرن دے بعد، او بیٹھ گیا۔	Brahui (Standard)	South Asia	PARUR_04
She cooked delicious biryani for the family.	اوں خاندان کیتے مزیدار بریانی پکائی۔	Brahui (Standard)	South Asia	PARUR_08
The wedding ceremony lasted three days.	شادی دی تقریب ترئے دینہہ چلی۔	Brahui (Standard)	South Asia	PARUR_01
Tea is served to guests as a gesture of hospitality.	مہماناں کوں مہمان نوازی دی نشانی دے طور تے چاہ پیش کیتی ویندی اے۔	Brahui (Standard)	South Asia	PARUR_02
Elderly people share wisdom and stories.	بزرگ لوک حکمت تے کہانیاں سانجھیاں کریندے نیں۔	Brahui (Standard)	South Asia	PARUR_05
Pollution in cities has become a serious problem.	شہراں وچ آلودگی ہک سنجیدہ مسئلہ بن گئی اے۔	Brahui (Standard)	South Asia	PARUR_02
Eating fresh fruits provides essential vitamins.	تازہ پھل کھان ضروری وٹامن فراہم کریندے۔	Brahui (Standard)	South Asia	PARUR_06
My grandmother told me stories.	میری دادی نے مینوں کہانیاں سنایاں۔	Brahui (Standard)	South Asia	PARUR_06
Reading books improves vocabulary.	کتاباں پڑھن ذخیرہ الفاظ بہتر بنیندے۔	Brahui (Standard)	South Asia	PARUR_02
Farmers planted rice in the flooded fields.	کسان پانی والے کھیتراں وچ چاول پوکے۔	Brahui (Standard)	South Asia	PARUR_01
She walked slowly through the garden.	اوں باغ وچ آہستہ آہستہ ٹردی۔	Brahui (Standard)	South Asia	PARUR_06
The market was crowded with people.	بازار لوکاں نال بھریا ہویا ہا۔	Brahui (Standard)	South Asia	PARUR_02
Education opens doors to opportunities.	تعلیم موقعاں دے دروازے کولیندی اے۔	Brahui (Standard)	South Asia	PARUR_08
Small businesses create employment opportunities.	نکیاں کاروبار روزگار دے موقعے پیدا کریندے نیں۔	Brahui (Standard)	South Asia	PARUR_08
The school organized a science fair.	سکول نے سائنس میلہ منظم کیتا۔	Brahui (Standard)	South Asia	PARUR_06
Spices add flavor to traditional dishes.	مصالحے روایتی کھاناں وچ ذائقہ ودیندے نیں۔	Brahui (Standard)	South Asia	PARUR_08
Train journeys offer scenic views.	ریل دے سفر منظراں دے نظارے پیش کریندے نیں۔	Brahui (Standard)	South Asia	PARUR_09
Clear communication prevents misunderstandings.	صاف رابطہ غلط فہمیاں کوں روکیندے۔	Brahui (Standard)	South Asia	PARUR_07
Parents sacrifice their own needs for children.	والدین بچیاں کیتے اپنیاں ضرورتاں قربان کریندے نیں۔	Brahui (Standard)	South Asia	PARUR_02
Cricket is a popular sport.	کرکٹ ہک مقبول کھیڈ اے۔	Brahui (Standard)	South Asia	PARUR_03
Digital payments have made transactions faster.	ڈیجیٹل ادائیگیاں معاملات تیز کیتے نیں۔	Brahui (Standard)	South Asia	PARUR_04
Learning a new language requires practice.	نوی زبان سکھن کیتے مشق دی لوڑ اے۔	Brahui (Standard)	South Asia	PARUR_06
Family members support each other during difficult times.	خاندان دے ممبر مشکل وختاں وچ ہک دوجھے دی مدد کریندے نیں۔	Brahui (Standard)	South Asia	PARUR_09
Children were playing cricket in the street.	بچے سڑک تے کرکٹ کھیڈدے پئے ہن۔	Brahui (Standard)	South Asia	PARUR_08
Handicrafts showcase artistic traditions.	ہتھکاریاں فنکارانہ روایات دکھیندیاں نیں۔	Brahui (Standard)	South Asia	PARUR_07
Students gathered in the library.	طالب علم لائبریری وچ گڈے تھئے۔	Brahui (Standard)	South Asia	PARUR_07
Doctors work long hours to treat patients.	ڈاکٹر مریضاں دا علاج کرن کیتے لمبیاں گھڑیاں کم کریندے نیں۔	Brahui (Standard)	South Asia	PARUR_03
Children learn best when they are interested.	بچے بہترین سکھدے نیں جدوں اوہ دلچسپی رکھدے نیں۔	Brahui (Standard)	South Asia	PARUR_07
Doctors recommend drinking plenty of water.	ڈاکٹر گھنے پانی پیون دی صلاح دیندے نیں۔	Brahui (Standard)	South Asia	PARUR_10
Respecting elders is an important value.	بزرگاں دا احترام ہک اہم قدر اے۔	Brahui (Standard)	South Asia	PARUR_01
Cooking together brings family members closer.	گڈے کھان پکاون خاندان دے ممبراں کوں نیڑے لیندے۔	Brahui (Standard)	South Asia	PARUR_10
We decided to visit the old temple.	اساں پرانے مندر دیکھن دا فیصلہ کیتا۔	Brahui (Standard)	South Asia	PARUR_02
The teacher explained the lesson patiently.	استاد صبر نال سبق سمجھایا۔	Brahui (Standard)	South Asia	PARUR_02
The river flows peacefully through the valley.	دریا وادی وچ پرامن طریقے نال وہندی اے۔	Brahui (Standard)	South Asia	PARUR_10
Smartphones have changed how people communicate.	اسمارٹ فوناں نے لوکاں دے رابطے دے طریقے کوں تبدیل کیتا اے۔	Brahui (Standard)	South Asia	PARUR_07
Teachers shape young minds.	استاد نوجوان ذہناں کوں شکل دیندے نیں۔	Brahui (Standard)	South Asia	PARUR_04
People travel long distances to visit religious sites.	لوک مذہبی تھانواں دیکھن کیتے لمبیاں دوریاں طے کریندے نیں۔	Brahui (Standard)	South Asia	PARUR_03
People celebrate festivals with great joy.	لوک ودی خوشی نال میلے منیندے نیں۔	Brahui (Standard)	South Asia	PARUR_04
Storytelling preserves culture and knowledge.	کہانی سناون ثقافت تے علم کوں محفوظ رکھیندے۔	Brahui (Standard)	South Asia	PARUR_07
The forest is home to many wild animals.	جنگل گھنے جنگلی جانوراں دا گھر اے۔	Brahui (Standard)	South Asia	PARUR_03
The professor wrote equations on the blackboard.	پروفیسر تختے تے مساوات لکھیاں۔	Brahui (Standard)	South Asia	PARUR_06
Birds were chirping in the trees.	پنچھی رکھاں وچ چہچہا رہے ہن۔	Brahui (Standard)	South Asia	PARUR_04
Tourism brings revenue to regions with historical sites.	سیاحت تاریخی تھانواں والے علاقیاں کوں آمدنی لیندی اے۔	Brahui (Standard)	South Asia	PARUR_08
She received a scholarship to study medicine.	اوں طب دی تعلیم کیتے اسکالرشپ حاصل کیتی۔	Brahui (Standard)	South Asia	PARUR_09
Agriculture remains the primary source of income.	زراعت آمدنی دا بنیادی ذریعہ رہندی اے۔	Brahui (Standard)	South Asia	PARUR_07
Regular exercise helps maintain good health.	منظم ورزش چنگی صحت برقرار رکھن وچ مدد کریندی اے۔	Brahui (Standard)	South Asia	PARUR_04
Traditional music is important for our heritage.	روایتی موسیقی سادی ورثے کیتے اہم اے۔	Brahui (Standard)	South Asia	PARUR_01
The bus arrived late.	بس ڈیر نال پہنچی۔	Brahui (Standard)	South Asia	PARUR_08
Farmers wake up early to tend to crops.	کسان فصلاں دی سنبھال کیتے جلدی اٹھدے نیں۔	Brahui (Standard)	South Asia	PARUR_01
Cricket is a popular sport.	کرکٹ ہک مقبول کھیڈ اے۔	Brahui (Standard)	South Asia	PARUR_02
Pollution in cities has become a serious problem.	شہراں وچ آلودگی ہک سنجیدہ مسئلہ بن گئی اے۔	Brahui (Standard)	South Asia	PARUR_04
Children learn best when they are interested.	بچے بہترین سکھدے نیں جدوں اوہ دلچسپی رکھدے نیں۔	Brahui (Standard)	South Asia	PARUR_02
She walked slowly through the garden.	اوں باغ وچ آہستہ آہستہ ٹردی۔	Brahui (Standard)	South Asia	PARUR_07
Agriculture remains the primary source of income.	زراعت آمدنی دا بنیادی ذریعہ رہندی اے۔	Brahui (Standard)	South Asia	PARUR_09
She received a scholarship to study medicine.	اوں طب دی تعلیم کیتے اسکالرشپ حاصل کیتی۔	Brahui (Standard)	South Asia	PARUR_09
The river flows peacefully through the valley.	دریا وادی وچ پرامن طریقے نال وہندی اے۔	Brahui (Standard)	South Asia	PARUR_10
Elderly people share wisdom and stories.	بزرگ لوک حکمت تے کہانیاں سانجھیاں کریندے نیں۔	Brahui (Standard)	South Asia	PARUR_08
Clear communication prevents misunderstandings.	صاف رابطہ غلط فہمیاں کوں روکیندے۔	Brahui (Standard)	South Asia	PARUR_09
Farmers wake up early to tend to crops.	کسان فصلاں دی سنبھال کیتے جلدی اٹھدے نیں۔	Brahui (Standard)	South Asia	PARUR_01
People travel long distances to visit religious sites.	لوک مذہبی تھانواں دیکھن کیتے لمبیاں دوریاں طے کریندے نیں۔	Brahui (Standard)	South Asia	PARUR_04
After finishing his work, he sat down.	اپنا کم مکمل کرن دے بعد، او بیٹھ گیا۔	Brahui (Standard)	South Asia	PARUR_04
Birds were chirping in the trees.	پنچھی رکھاں وچ چہچہا رہے ہن۔	Brahui (Standard)	South Asia	PARUR_03
The wedding ceremony lasted three days.	شادی دی تقریب ترئے دینہہ چلی۔	Brahui (Standard)	South Asia	PARUR_04
Reading books improves vocabulary.	کتاباں پڑھن ذخیرہ الفاظ بہتر بنیندے۔	Brahui (Standard)	South Asia	PARUR_02
Learning a new language requires practice.	نوی زبان سکھن کیتے مشق دی لوڑ اے۔	Brahui (Standard)	South Asia	PARUR_07
Tourism brings revenue to regions with historical sites.	سیاحت تاریخی تھانواں والے علاقیاں کوں آمدنی لیندی اے۔	Brahui (Standard)	South Asia	PARUR_05
We decided to visit the old temple.	اساں پرانے مندر دیکھن دا فیصلہ کیتا۔	Brahui (Standard)	South Asia	PARUR_10
Online shopping has become popular.	آن لائن خریداری مقبول تھی گئی اے۔	Brahui (Standard)	South Asia	PARUR_06
Children were playing cricket in the street.	بچے سڑک تے کرکٹ کھیڈدے پئے ہن۔	Brahui (Standard)	South Asia	PARUR_09
Sports teach teamwork and discipline.	کھیڈاں ٹیم ورک تے نظم و ضبط سکھیندیاں نیں۔	Brahui (Standard)	South Asia	PARUR_07
Train journeys offer scenic views.	ریل دے سفر منظراں دے نظارے پیش کریندے نیں۔	Brahui (Standard)	South Asia	PARUR_05
Handicrafts showcase artistic traditions.	ہتھکاریاں فنکارانہ روایات دکھیندیاں نیں۔	Brahui (Standard)	South Asia	PARUR_10
Parents sacrifice their own needs for children.	والدین بچیاں کیتے اپنیاں ضرورتاں قربان کریندے نیں۔	Brahui (Standard)	South Asia	PARUR_02
Family members support each other during difficult times.	خاندان دے ممبر مشکل وختاں وچ ہک دوجھے دی مدد کریندے نیں۔	Brahui (Standard)	South Asia	PARUR_08
Eating fresh fruits provides essential vitamins.	تازہ پھل کھان ضروری وٹامن فراہم کریندے۔	Brahui (Standard)	South Asia	PARUR_01
My grandmother told me stories.	میری دادی نے مینوں کہانیاں سنایاں۔	Brahui (Standard)	South Asia	PARUR_06
The professor wrote equations on the blackboard.	پروفیسر تختے تے مساوات لکھیاں۔	Brahui (Standard)	South Asia	PARUR_09
Small businesses create employment opportunities.	نکیاں کاروبار روزگار دے موقعے پیدا کریندے نیں۔	Brahui (Standard)	South Asia	PARUR_01
Farmers planted rice in the flooded fields.	کسان پانی والے کھیتراں وچ چاول پوکے۔	Brahui (Standard)	South Asia	PARUR_04
Regular exercise helps maintain good health.	منظم ورزش چنگی صحت برقرار رکھن وچ مدد کریندی اے۔	Brahui (Standard)	South Asia	PARUR_01
Tea is served to guests as a gesture of hospitality.	مہماناں کوں مہمان نوازی دی نشانی دے طور تے چاہ پیش کیتی ویندی اے۔	Brahui (Standard)	South Asia	PARUR_08
Traditional music is important for our heritage.	روایتی موسیقی سادی ورثے کیتے اہم اے۔	Brahui (Standard)	South Asia	PARUR_02
The teacher explained the lesson patiently.	استاد صبر نال سبق سمجھایا۔	Brahui (Standard)	South Asia	PARUR_05
The forest is home to many wild animals.	جنگل گھنے جنگلی جانوراں دا گھر اے۔	Brahui (Standard)	South Asia	PARUR_07
Smartphones have changed how people communicate.	اسمارٹ فوناں نے لوکاں دے رابطے دے طریقے کوں تبدیل کیتا اے۔	Brahui (Standard)	South Asia	PARUR_01
Students gathered in the library.	طالب علم لائبریری وچ گڈے تھئے۔	Brahui (Standard)	South Asia	PARUR_02
She cooked delicious biryani for the family.	اوں خاندان کیتے مزیدار بریانی پکائی۔	Brahui (Standard)	South Asia	PARUR_01
Cooking together brings family members closer.	گڈے کھان پکاون خاندان دے ممبراں کوں نیڑے لیندے۔	Brahui (Standard)	South Asia	PARUR_10
Teachers shape young minds.	استاد نوجوان ذہناں کوں شکل دیندے نیں۔	Brahui (Standard)	South Asia	PARUR_10
Respecting elders is an important value.	بزرگاں دا احترام ہک اہم قدر اے۔	Brahui (Standard)	South Asia	PARUR_06
People celebrate festivals with great joy.	لوک ودی خوشی نال میلے منیندے نیں۔	Brahui (Standard)	South Asia	PARUR_09
The market was crowded with people.	بازار لوکاں نال بھریا ہویا ہا۔	Brahui (Standard)	South Asia	PARUR_08
Doctors recommend drinking plenty of water.	ڈاکٹر گھنے پانی پیون دی صلاح دیندے نیں۔	Brahui (Standard)	South Asia	PARUR_03
Doctors work long hours to treat patients.	ڈاکٹر مریضاں دا علاج کرن کیتے لمبیاں گھڑیاں کم کریندے نیں۔	Brahui (Standard)	South Asia	PARUR_05
Digital payments have made transactions faster.	ڈیجیٹل ادائیگیاں معاملات تیز کیتے نیں۔	Brahui (Standard)	South Asia	PARUR_05
Spices add flavor to traditional dishes.	مصالحے روایتی کھاناں وچ ذائقہ ودیندے نیں۔	Brahui (Standard)	South Asia	PARUR_02
The bus arrived late.	بس ڈیر نال پہنچی۔	Brahui (Standard)	South Asia	PARUR_02
I woke up early this morning.	من اڄ صبح جلدی اٹھیا۔	Brahui (Standard)	South Asia	PARUR_02
Education opens doors to opportunities.	تعلیم موقعاں دے دروازے کولیندی اے۔	Brahui (Standard)	South Asia	PARUR_04
The internet connects people across continents.	انٹرنیٹ براعظماں وچ لوکاں کوں جوڑیندے۔	Brahui (Standard)	South Asia	PARUR_10
The school organized a science fair.	سکول نے سائنس میلہ منظم کیتا۔	Brahui (Standard)	South Asia	PARUR_08
Storytelling preserves culture and knowledge.	کہانی سناون ثقافت تے علم کوں محفوظ رکھیندے۔	Brahui (Standard)	South Asia	PARUR_04
She walked slowly through the garden.	اوں باغ وچ آہستہ آہستہ ٹردی۔	Brahui (Standard)	South Asia	PARUR_01
Doctors work long hours to treat patients.	ڈاکٹر مریضاں دا علاج کرن کیتے لمبیاں گھڑیاں کم کریندے نیں۔	Brahui (Standard)	South Asia	PARUR_04
Digital payments have made transactions faster.	ڈیجیٹل ادائیگیاں معاملات تیز کیتے نیں۔	Brahui (Standard)	South Asia	PARUR_02
Agriculture remains the primary source of income.	زراعت آمدنی دا بنیادی ذریعہ رہندی اے۔	Brahui (Standard)	South Asia	PARUR_01
Small businesses create employment opportunities.	نکیاں کاروبار روزگار دے موقعے پیدا کریندے نیں۔	Brahui (Standard)	South Asia	PARUR_06
Birds were chirping in the trees.	پنچھی رکھاں وچ چہچہا رہے ہن۔	Brahui (Standard)	South Asia	PARUR_02
Students gathered in the library.	طالب علم لائبریری وچ گڈے تھئے۔	Brahui (Standard)	South Asia	PARUR_10
Cricket is a popular sport.	کرکٹ ہک مقبول کھیڈ اے۔	Brahui (Standard)	South Asia	PARUR_07
The professor wrote equations on the blackboard.	پروفیسر تختے تے مساوات لکھیاں۔	Brahui (Standard)	South Asia	PARUR_09
Pollution in cities has become a serious problem.	شہراں وچ آلودگی ہک سنجیدہ مسئلہ بن گئی اے۔	Brahui (Standard)	South Asia	PARUR_02
Elderly people share wisdom and stories.	بزرگ لوک حکمت تے کہانیاں سانجھیاں کریندے نیں۔	Brahui (Standard)	South Asia	PARUR_05
Online shopping has become popular.	آن لائن خریداری مقبول تھی گئی اے۔	Brahui (Standard)	South Asia	PARUR_07
Children learn best when they are interested.	بچے بہترین سکھدے نیں جدوں اوہ دلچسپی رکھدے نیں۔	Brahui (Standard)	South Asia	PARUR_10
The market was crowded with people.	بازار لوکاں نال بھریا ہویا ہا۔	Brahui (Standard)	South Asia	PARUR_02
Traditional music is important for our heritage.	روایتی موسیقی سادی ورثے کیتے اہم اے۔	Brahui (Standard)	South Asia	PARUR_01
Storytelling preserves culture and knowledge.	کہانی سناون ثقافت تے علم کوں محفوظ رکھیندے۔	Brahui (Standard)	South Asia	PARUR_08
Children were playing cricket in the street.	بچے سڑک تے کرکٹ کھیڈدے پئے ہن۔	Brahui (Standard)	South Asia	PARUR_07
The river flows peacefully through the valley.	دریا وادی وچ پرامن طریقے نال وہندی اے۔	Brahui (Standard)	South Asia	PARUR_05
The internet connects people across continents.	انٹرنیٹ براعظماں وچ لوکاں کوں جوڑیندے۔	Brahui (Standard)	South Asia	PARUR_04
Reading books improves vocabulary.	کتاباں پڑھن ذخیرہ الفاظ بہتر بنیندے۔	Brahui (Standard)	South Asia	PARUR_03
Eating fresh fruits provides essential vitamins.	تازہ پھل کھان ضروری وٹامن فراہم کریندے۔	Brahui (Standard)	South Asia	PARUR_07
I woke up early this morning.	من اڄ صبح جلدی اٹھیا۔	Brahui (Standard)	South Asia	PARUR_04
Learning a new language requires practice.	نوی زبان سکھن کیتے مشق دی لوڑ اے۔	Brahui (Standard)	South Asia	PARUR_02
The school organized a science fair.	سکول نے سائنس میلہ منظم کیتا۔	Brahui (Standard)	South Asia	PARUR_05
Farmers planted rice in the flooded fields.	کسان پانی والے کھیتراں وچ چاول پوکے۔	Brahui (Standard)	South Asia	PARUR_03
Cooking together brings family members closer.	گڈے کھان پکاون خاندان دے ممبراں کوں نیڑے لیندے۔	Brahui (Standard)	South Asia	PARUR_05
The wedding ceremony lasted three days.	شادی دی تقریب ترئے دینہہ چلی۔	Brahui (Standard)	South Asia	PARUR_04
Farmers wake up early to tend to crops.	کسان فصلاں دی سنبھال کیتے جلدی اٹھدے نیں۔	Brahui (Standard)	South Asia	PARUR_09
Regular exercise helps maintain good health.	منظم ورزش چنگی صحت برقرار رکھن وچ مدد کریندی اے۔	Brahui (Standard)	South Asia	PARUR_03
The forest is home to many wild animals.	جنگل گھنے جنگلی جانوراں دا گھر اے۔	Brahui (Standard)	South Asia	PARUR_03
She received a scholarship to study medicine.	اوں طب دی تعلیم کیتے اسکالرشپ حاصل کیتی۔	Brahui (Standard)	South Asia	PARUR_05
We decided to visit the old temple.	اساں پرانے مندر دیکھن دا فیصلہ کیتا۔	Brahui (Standard)	South Asia	PARUR_05
Respecting elders is an important value.	بزرگاں دا احترام ہک اہم قدر اے۔	Brahui (Standard)	South Asia	PARUR_03
People travel long distances to visit religious sites.	لوک مذہبی تھانواں دیکھن کیتے لمبیاں دوریاں طے کریندے نیں۔	Brahui (Standard)	South Asia	PARUR_10
Parents sacrifice their own needs for children.	والدین بچیاں کیتے اپنیاں ضرورتاں قربان کریندے نیں۔	Brahui (Standard)	South Asia	PARUR_06
Handicrafts showcase artistic traditions.	ہتھکاریاں فنکارانہ روایات دکھیندیاں نیں۔	Brahui (Standard)	South Asia	PARUR_02
She cooked delicious biryani for the family.	اوں خاندان کیتے مزیدار بریانی پکائی۔	Brahui (Standard)	South Asia	PARUR_06
Education opens doors to opportunities.	تعلیم موقعاں دے دروازے کولیندی اے۔	Brahui (Standard)	South Asia	PARUR_04
Smartphones have changed how people communicate.	اسمارٹ فوناں نے لوکاں دے رابطے دے طریقے کوں تبدیل کیتا اے۔	Brahui (Standard)	South Asia	PARUR_09
Spices add flavor to traditional dishes.	مصالحے روایتی کھاناں وچ ذائقہ ودیندے نیں۔	Brahui (Standard)	South Asia	PARUR_05
Train journeys offer scenic views.	ریل دے سفر منظراں دے نظارے پیش کریندے نیں۔	Brahui (Standard)	South Asia	PARUR_02
Tourism brings revenue to regions with historical sites.	سیاحت تاریخی تھانواں والے علاقیاں کوں آمدنی لیندی اے۔	Brahui (Standard)	South Asia	PARUR_01
The bus arrived late.	بس ڈیر نال پہنچی۔	Brahui (Standard)	South Asia	PARUR_03
The teacher explained the lesson patiently.	استاد صبر نال سبق سمجھایا۔	Brahui (Standard)	South Asia	PARUR_05
After finishing his work, he sat down.	اپنا کم مکمل کرن دے بعد، او بیٹھ گیا۔	Brahui (Standard)	South Asia	PARUR_01
Teachers shape young minds.	استاد نوجوان ذہناں کوں شکل دیندے نیں۔	Brahui (Standard)	South Asia	PARUR_10
Family members support each other during difficult times.	خاندان دے ممبر مشکل وختاں وچ ہک دوجھے دی مدد کریندے نیں۔	Brahui (Standard)	South Asia	PARUR_08
My grandmother told me stories.	میری دادی نے مینوں کہانیاں سنایاں۔	Brahui (Standard)	South Asia	PARUR_06
Tea is served to guests as a gesture of hospitality.	مہماناں کوں مہمان نوازی دی نشانی دے طور تے چاہ پیش کیتی ویندی اے۔	Brahui (Standard)	South Asia	PARUR_03
Clear communication prevents misunderstandings.	صاف رابطہ غلط فہمیاں کوں روکیندے۔	Brahui (Standard)	South Asia	PARUR_07
Doctors recommend drinking plenty of water.	ڈاکٹر گھنے پانی پیون دی صلاح دیندے نیں۔	Brahui (Standard)	South Asia	PARUR_01
Sports teach teamwork and discipline.	کھیڈاں ٹیم ورک تے نظم و ضبط سکھیندیاں نیں۔	Brahui (Standard)	South Asia	PARUR_07
People celebrate festivals with great joy.	لوک ودی خوشی نال میلے منیندے نیں۔	Brahui (Standard)	South Asia	PARUR_07
My grandmother told me stories.	میری دادی نے مینوں کہانیاں سنایاں۔	Brahui (Standard)	South Asia	PARUR_06
The wedding ceremony lasted three days.	شادی دی تقریب ترئے دینہہ چلی۔	Brahui (Standard)	South Asia	PARUR_05
Doctors work long hours to treat patients.	ڈاکٹر مریضاں دا علاج کرن کیتے لمبیاں گھڑیاں کم کریندے نیں۔	Brahui (Standard)	South Asia	PARUR_04
Tea is served to guests as a gesture of hospitality.	مہماناں کوں مہمان نوازی دی نشانی دے طور تے چاہ پیش کیتی ویندی اے۔	Brahui (Standard)	South Asia	PARUR_02
People travel long distances to visit religious sites.	لوک مذہبی تھانواں دیکھن کیتے لمبیاں دوریاں طے کریندے نیں۔	Brahui (Standard)	South Asia	PARUR_02
The internet connects people across continents.	انٹرنیٹ براعظماں وچ لوکاں کوں جوڑیندے۔	Brahui (Standard)	South Asia	PARUR_04
Cricket is a popular sport.	کرکٹ ہک مقبول کھیڈ اے۔	Brahui (Standard)	South Asia	PARUR_01
Elderly people share wisdom and stories.	بزرگ لوک حکمت تے کہانیاں سانجھیاں کریندے نیں۔	Brahui (Standard)	South Asia	PARUR_10
The river flows peacefully through the valley.	دریا وادی وچ پرامن طریقے نال وہندی اے۔	Brahui (Standard)	South Asia	PARUR_07
Tourism brings revenue to regions with historical sites.	سیاحت تاریخی تھانواں والے علاقیاں کوں آمدنی لیندی اے۔	Brahui (Standard)	South Asia	PARUR_04
Pollution in cities has become a serious problem.	شہراں وچ آلودگی ہک سنجیدہ مسئلہ بن گئی اے۔	Brahui (Standard)	South Asia	PARUR_08
Storytelling preserves culture and knowledge.	کہانی سناون ثقافت تے علم کوں محفوظ رکھیندے۔	Brahui (Standard)	South Asia	PARUR_08
Students gathered in the library.	طالب علم لائبریری وچ گڈے تھئے۔	Brahui (Standard)	South Asia	PARUR_05
The school organized a science fair.	سکول نے سائنس میلہ منظم کیتا۔	Brahui (Standard)	South Asia	PARUR_01
Learning a new language requires practice.	نوی زبان سکھن کیتے مشق دی لوڑ اے۔	Brahui (Standard)	South Asia	PARUR_02
The forest is home to many wild animals.	جنگل گھنے جنگلی جانوراں دا گھر اے۔	Brahui (Standard)	South Asia	PARUR_10
Children learn best when they are interested.	بچے بہترین سکھدے نیں جدوں اوہ دلچسپی رکھدے نیں۔	Brahui (Standard)	South Asia	PARUR_05
I woke up early this morning.	من اڄ صبح جلدی اٹھیا۔	Brahui (Standard)	South Asia	PARUR_03
Children were playing cricket in the street.	بچے سڑک تے کرکٹ کھیڈدے پئے ہن۔	Brahui (Standard)	South Asia	PARUR_03
The market was crowded with people.	بازار لوکاں نال بھریا ہویا ہا۔	Brahui (Standard)	South Asia	PARUR_09
Clear communication prevents misunderstandings.	صاف رابطہ غلط فہمیاں کوں روکیندے۔	Brahui (Standard)	South Asia	PARUR_06
Cooking together brings family members closer.	گڈے کھان پکاون خاندان دے ممبراں کوں نیڑے لیندے۔	Brahui (Standard)	South Asia	PARUR_03
The professor wrote equations on the blackboard.	پروفیسر تختے تے مساوات لکھیاں۔	Brahui (Standard)	South Asia	PARUR_03
Doctors recommend drinking plenty of water.	ڈاکٹر گھنے پانی پیون دی صلاح دیندے نیں۔	Brahui (Standard)	South Asia	PARUR_01
Reading books improves vocabulary.	کتاباں پڑھن ذخیرہ الفاظ بہتر بنیندے۔	Brahui (Standard)	South Asia	PARUR_05
Traditional music is important for our heritage.	روایتی موسیقی سادی ورثے کیتے اہم اے۔	Brahui (Standard)	South Asia	PARUR_04
Birds were chirping in the trees.	پنچھی رکھاں وچ چہچہا رہے ہن۔	Brahui (Standard)	South Asia	PARUR_04
Farmers wake up early to tend to crops.	کسان فصلاں دی سنبھال کیتے جلدی اٹھدے نیں۔	Brahui (Standard)	South Asia	PARUR_01
Handicrafts showcase artistic traditions.	ہتھکاریاں فنکارانہ روایات دکھیندیاں نیں۔	Brahui (Standard)	South Asia	PARUR_01
Education opens doors to opportunities.	تعلیم موقعاں دے دروازے کولیندی اے۔	Brahui (Standard)	South Asia	PARUR_07
The bus arrived late.	بس ڈیر نال پہنچی۔	Brahui (Standard)	South Asia	PARUR_03
Spices add flavor to traditional dishes.	مصالحے روایتی کھاناں وچ ذائقہ ودیندے نیں۔	Brahui (Standard)	South Asia	PARUR_04
Parents sacrifice their own needs for children.	والدین بچیاں کیتے اپنیاں ضرورتاں قربان کریندے نیں۔	Brahui (Standard)	South Asia	PARUR_01
Small businesses create employment opportunities.	نکیاں کاروبار روزگار دے موقعے پیدا کریندے نیں۔	Brahui (Standard)	South Asia	PARUR_06
Teachers shape young minds.	استاد نوجوان ذہناں کوں شکل دیندے نیں۔	Brahui (Standard)	South Asia	PARUR_01
People celebrate festivals with great joy.	لوک ودی خوشی نال میلے منیندے نیں۔	Brahui (Standard)	South Asia	PARUR_05
Farmers planted rice in the flooded fields.	کسان پانی والے کھیتراں وچ چاول پوکے۔	Brahui (Standard)	South Asia	PARUR_08
Regular exercise helps maintain good health.	منظم ورزش چنگی صحت برقرار رکھن وچ مدد کریندی اے۔	Brahui (Standard)	South Asia	PARUR_09
We decided to visit the old temple.	اساں پرانے مندر دیکھن دا فیصلہ کیتا۔	Brahui (Standard)	South Asia	PARUR_03
Online shopping has become popular.	آن لائن خریداری مقبول تھی گئی اے۔	Brahui (Standard)	South Asia	PARUR_08
After finishing his work, he sat down.	اپنا کم مکمل کرن دے بعد، او بیٹھ گیا۔	Brahui (Standard)	South Asia	PARUR_08
Respecting elders is an important value.	بزرگاں دا احترام ہک اہم قدر اے۔	Brahui (Standard)	South Asia	PARUR_04
Digital payments have made transactions faster.	ڈیجیٹل ادائیگیاں معاملات تیز کیتے نیں۔	Brahui (Standard)	South Asia	PARUR_05
Eating fresh fruits provides essential vitamins.	تازہ پھل کھان ضروری وٹامن فراہم کریندے۔	Brahui (Standard)	South Asia	PARUR_06
Sports teach teamwork and discipline.	کھیڈاں ٹیم ورک تے نظم و ضبط سکھیندیاں نیں۔	Brahui (Standard)	South Asia	PARUR_08
Train journeys offer scenic views.	ریل دے سفر منظراں دے نظارے پیش کریندے نیں۔	Brahui (Standard)	South Asia	PARUR_04
She received a scholarship to study medicine.	اوں طب دی تعلیم کیتے اسکالرشپ حاصل کیتی۔	Brahui (Standard)	South Asia	PARUR_05
She walked slowly through the garden.	اوں باغ وچ آہستہ آہستہ ٹردی۔	Brahui (Standard)	South Asia	PARUR_07
Agriculture remains the primary source of income.	زراعت آمدنی دا بنیادی ذریعہ رہندی اے۔	Brahui (Standard)	South Asia	PARUR_06
The teacher explained the lesson patiently.	استاد صبر نال سبق سمجھایا۔	Brahui (Standard)	South Asia	PARUR_03
She cooked delicious biryani for the family.	اوں خاندان کیتے مزیدار بریانی پکائی۔	Brahui (Standard)	South Asia	PARUR_07
Family members support each other during difficult times.	خاندان دے ممبر مشکل وختاں وچ ہک دوجھے دی مدد کریندے نیں۔	Brahui (Standard)	South Asia	PARUR_08
Smartphones have changed how people communicate.	اسمارٹ فوناں نے لوکاں دے رابطے دے طریقے کوں تبدیل کیتا اے۔	Brahui (Standard)	South Asia	PARUR_05
Farmers wake up early to tend to crops.	کسان فصلاں دی سنبھال کیتے جلدی اٹھدے نیں۔	Brahui (Standard)	South Asia	PARUR_10
Sports teach teamwork and discipline.	کھیڈاں ٹیم ورک تے نظم و ضبط سکھیندیاں نیں۔	Brahui (Standard)	South Asia	PARUR_10
The professor wrote equations on the blackboard.	پروفیسر تختے تے مساوات لکھیاں۔	Brahui (Standard)	South Asia	PARUR_09
Handicrafts showcase artistic traditions.	ہتھکاریاں فنکارانہ روایات دکھیندیاں نیں۔	Brahui (Standard)	South Asia	PARUR_09
She cooked delicious biryani for the family.	اوں خاندان کیتے مزیدار بریانی پکائی۔	Brahui (Standard)	South Asia	PARUR_04
Respecting elders is an important value.	بزرگاں دا احترام ہک اہم قدر اے۔	Brahui (Standard)	South Asia	PARUR_06
Tea is served to guests as a gesture of hospitality.	مہماناں کوں مہمان نوازی دی نشانی دے طور تے چاہ پیش کیتی ویندی اے۔	Brahui (Standard)	South Asia	PARUR_02
She received a scholarship to study medicine.	اوں طب دی تعلیم کیتے اسکالرشپ حاصل کیتی۔	Brahui (Standard)	South Asia	PARUR_10
Traditional music is important for our heritage.	روایتی موسیقی سادی ورثے کیتے اہم اے۔	Brahui (Standard)	South Asia	PARUR_10
My grandmother told me stories.	میری دادی نے مینوں کہانیاں سنایاں۔	Brahui (Standard)	South Asia	PARUR_02
People travel long distances to visit religious sites.	لوک مذہبی تھانواں دیکھن کیتے لمبیاں دوریاں طے کریندے نیں۔	Brahui (Standard)	South Asia	PARUR_08
Digital payments have made transactions faster.	ڈیجیٹل ادائیگیاں معاملات تیز کیتے نیں۔	Brahui (Standard)	South Asia	PARUR_08
We decided to visit the old temple.	اساں پرانے مندر دیکھن دا فیصلہ کیتا۔	Brahui (Standard)	South Asia	PARUR_04
The bus arrived late.	بس ڈیر نال پہنچی۔	Brahui (Standard)	South Asia	PARUR_08
The internet connects people across continents.	انٹرنیٹ براعظماں وچ لوکاں کوں جوڑیندے۔	Brahui (Standard)	South Asia	PARUR_07
Spices add flavor to traditional dishes.	مصالحے روایتی کھاناں وچ ذائقہ ودیندے نیں۔	Brahui (Standard)	South Asia	PARUR_07
Cricket is a popular sport.	کرکٹ ہک مقبول کھیڈ اے۔	Brahui (Standard)	South Asia	PARUR_01
Smartphones have changed how people communicate.	اسمارٹ فوناں نے لوکاں دے رابطے دے طریقے کوں تبدیل کیتا اے۔	Brahui (Standard)	South Asia	PARUR_07
Parents sacrifice their own needs for children.	والدین بچیاں کیتے اپنیاں ضرورتاں قربان کریندے نیں۔	Brahui (Standard)	South Asia	PARUR_03
Pollution in cities has become a serious problem.	شہراں وچ آلودگی ہک سنجیدہ مسئلہ بن گئی اے۔	Brahui (Standard)	South Asia	PARUR_06
Learning a new language requires practice.	نوی زبان سکھن کیتے مشق دی لوڑ اے۔	Brahui (Standard)	South Asia	PARUR_10
Online shopping has become popular.	آن لائن خریداری مقبول تھی گئی اے۔	Brahui (Standard)	South Asia	PARUR_04
Farmers planted rice in the flooded fields.	کسان پانی والے کھیتراں وچ چاول پوکے۔	Brahui (Standard)	South Asia	PARUR_08
The river flows peacefully through the valley.	دریا وادی وچ پرامن طریقے نال وہندی اے۔	Brahui (Standard)	South Asia	PARUR_08
Doctors work long hours to treat patients.	ڈاکٹر مریضاں دا علاج کرن کیتے لمبیاں گھڑیاں کم کریندے نیں۔	Brahui (Standard)	South Asia	PARUR_03
Train journeys offer scenic views.	ریل دے سفر منظراں دے نظارے پیش کریندے نیں۔	Brahui (Standard)	South Asia	PARUR_05
The wedding ceremony lasted three days.	شادی دی تقریب ترئے دینہہ چلی۔	Brahui (Standard)	South Asia	PARUR_06
Eating fresh fruits provides essential vitamins.	تازہ پھل کھان ضروری وٹامن فراہم کریندے۔	Brahui (Standard)	South Asia	PARUR_08
Small businesses create employment opportunities.	نکیاں کاروبار روزگار دے موقعے پیدا کریندے نیں۔	Brahui (Standard)	South Asia	PARUR_05
Education opens doors to opportunities.	تعلیم موقعاں دے دروازے کولیندی اے۔	Brahui (Standard)	South Asia	PARUR_05
Children were playing cricket in the street.	بچے سڑک تے کرکٹ کھیڈدے پئے ہن۔	Brahui (Standard)	South Asia	PARUR_02
The teacher explained the lesson patiently.	استاد صبر نال سبق سمجھایا۔	Brahui (Standard)	South Asia	PARUR_06
The school organized a science fair.	سکول نے سائنس میلہ منظم کیتا۔	Brahui (Standard)	South Asia	PARUR_04
I woke up early this morning.	من اڄ صبح جلدی اٹھیا۔	Brahui (Standard)	South Asia	PARUR_10
Students gathered in the library.	طالب علم لائبریری وچ گڈے تھئے۔	Brahui (Standard)	South Asia	PARUR_07
Clear communication prevents misunderstandings.	صاف رابطہ غلط فہمیاں کوں روکیندے۔	Brahui (Standard)	South Asia	PARUR_07
Doctors recommend drinking plenty of water.	ڈاکٹر گھنے پانی پیون دی صلاح دیندے نیں۔	Brahui (Standard)	South Asia	PARUR_01
The market was crowded with people.	بازار لوکاں نال بھریا ہویا ہا۔	Brahui (Standard)	South Asia	PARUR_09
The forest is home to many wild animals.	جنگل گھنے جنگلی جانوراں دا گھر اے۔	Brahui (Standard)	South Asia	PARUR_07
Teachers shape young minds.	استاد نوجوان ذہناں کوں شکل دیندے نیں۔	Brahui (Standard)	South Asia	PARUR_01
Children learn best when they are interested.	بچے بہترین سکھدے نیں جدوں اوہ دلچسپی رکھدے نیں۔	Brahui (Standard)	South Asia	PARUR_05
People celebrate festivals with great joy.	لوک ودی خوشی نال میلے منیندے نیں۔	Brahui (Standard)	South Asia	PARUR_09
Agriculture remains the primary source of income.	زراعت آمدنی دا بنیادی ذریعہ رہندی اے۔	Brahui (Standard)	South Asia	PARUR_10
Reading books improves vocabulary.	کتاباں پڑھن ذخیرہ الفاظ بہتر بنیندے۔	Brahui (Standard)	South Asia	PARUR_10
She walked slowly through the garden.	اوں باغ وچ آہستہ آہستہ ٹردی۔	Brahui (Standard)	South Asia	PARUR_05
Birds were chirping in the trees.	پنچھی رکھاں وچ چہچہا رہے ہن۔	Brahui (Standard)	South Asia	PARUR_01
Tourism brings revenue to regions with historical sites.	سیاحت تاریخی تھانواں والے علاقیاں کوں آمدنی لیندی اے۔	Brahui (Standard)	South Asia	PARUR_02
Elderly people share wisdom and stories.	بزرگ لوک حکمت تے کہانیاں سانجھیاں کریندے نیں۔	Brahui (Standard)	South Asia	PARUR_09
After finishing his work, he sat down.	اپنا کم مکمل کرن دے بعد، او بیٹھ گیا۔	Brahui (Standard)	South Asia	PARUR_06
Cooking together brings family members closer.	گڈے کھان پکاون خاندان دے ممبراں کوں نیڑے لیندے۔	Brahui (Standard)	South Asia	PARUR_02
Family members support each other during difficult times.	خاندان دے ممبر مشکل وختاں وچ ہک دوجھے دی مدد کریندے نیں۔	Brahui (Standard)	South Asia	PARUR_05
Storytelling preserves culture and knowledge.	کہانی سناون ثقافت تے علم کوں محفوظ رکھیندے۔	Brahui (Standard)	South Asia	PARUR_10
Regular exercise helps maintain good health.	منظم ورزش چنگی صحت برقرار رکھن وچ مدد کریندی اے۔	Brahui (Standard)	South Asia	PARUR_07
Eating fresh fruits provides essential vitamins.	تازہ پھل کھان ضروری وٹامن فراہم کریندے۔	Brahui (Standard)	South Asia	PARUR_09
Train journeys offer scenic views.	ریل دے سفر منظراں دے نظارے پیش کریندے نیں۔	Brahui (Standard)	South Asia	PARUR_08
Doctors recommend drinking plenty of water.	ڈاکٹر گھنے پانی پیون دی صلاح دیندے نیں۔	Brahui (Standard)	South Asia	PARUR_04
The internet connects people across continents.	انٹرنیٹ براعظماں وچ لوکاں کوں جوڑیندے۔	Brahui (Standard)	South Asia	PARUR_07
Tea is served to guests as a gesture of hospitality.	مہماناں کوں مہمان نوازی دی نشانی دے طور تے چاہ پیش کیتی ویندی اے۔	Brahui (Standard)	South Asia	PARUR_09
Children were playing cricket in the street.	بچے سڑک تے کرکٹ کھیڈدے پئے ہن۔	Brahui (Standard)	South Asia	PARUR_10
She received a scholarship to study medicine.	اوں طب دی تعلیم کیتے اسکالرشپ حاصل کیتی۔	Brahui (Standard)	South Asia	PARUR_05
Elderly people share wisdom and stories.	بزرگ لوک حکمت تے کہانیاں سانجھیاں کریندے نیں۔	Brahui (Standard)	South Asia	PARUR_06
Teachers shape young minds.	استاد نوجوان ذہناں کوں شکل دیندے نیں۔	Brahui (Standard)	South Asia	PARUR_07
Sports teach teamwork and discipline.	کھیڈاں ٹیم ورک تے نظم و ضبط سکھیندیاں نیں۔	Brahui (Standard)	South Asia	PARUR_02
Storytelling preserves culture and knowledge.	کہانی سناون ثقافت تے علم کوں محفوظ رکھیندے۔	Brahui (Standard)	South Asia	PARUR_09
Handicrafts showcase artistic traditions.	ہتھکاریاں فنکارانہ روایات دکھیندیاں نیں۔	Brahui (Standard)	South Asia	PARUR_10
The market was crowded with people.	بازار لوکاں نال بھریا ہویا ہا۔	Brahui (Standard)	South Asia	PARUR_02
Tourism brings revenue to regions with historical sites.	سیاحت تاریخی تھانواں والے علاقیاں کوں آمدنی لیندی اے۔	Brahui (Standard)	South Asia	PARUR_04
Clear communication prevents misunderstandings.	صاف رابطہ غلط فہمیاں کوں روکیندے۔	Brahui (Standard)	South Asia	PARUR_05
The school organized a science fair.	سکول نے سائنس میلہ منظم کیتا۔	Brahui (Standard)	South Asia	PARUR_10
Learning a new language requires practice.	نوی زبان سکھن کیتے مشق دی لوڑ اے۔	Brahui (Standard)	South Asia	PARUR_04
The bus arrived late.	بس ڈیر نال پہنچی۔	Brahui (Standard)	South Asia	PARUR_02
Respecting elders is an important value.	بزرگاں دا احترام ہک اہم قدر اے۔	Brahui (Standard)	South Asia	PARUR_07
Smartphones have changed how people communicate.	اسمارٹ فوناں نے لوکاں دے رابطے دے طریقے کوں تبدیل کیتا اے۔	Brahui (Standard)	South Asia	PARUR_08
The forest is home to many wild animals.	جنگل گھنے جنگلی جانوراں دا گھر اے۔	Brahui (Standard)	South Asia	PARUR_06
Farmers wake up early to tend to crops.	کسان فصلاں دی سنبھال کیتے جلدی اٹھدے نیں۔	Brahui (Standard)	South Asia	PARUR_06
Birds were chirping in the trees.	پنچھی رکھاں وچ چہچہا رہے ہن۔	Brahui (Standard)	South Asia	PARUR_01
The professor wrote equations on the blackboard.	پروفیسر تختے تے مساوات لکھیاں۔	Brahui (Standard)	South Asia	PARUR_04
Cricket is a popular sport.	کرکٹ ہک مقبول کھیڈ اے۔	Brahui (Standard)	South Asia	PARUR_02
Cooking together brings family members closer.	گڈے کھان پکاون خاندان دے ممبراں کوں نیڑے لیندے۔	Brahui (Standard)	South Asia	PARUR_01
People celebrate festivals with great joy.	لوک ودی خوشی نال میلے منیندے نیں۔	Brahui (Standard)	South Asia	PARUR_10
Spices add flavor to traditional dishes.	مصالحے روایتی کھاناں وچ ذائقہ ودیندے نیں۔	Brahui (Standard)	South Asia	PARUR_04
My grandmother told me stories.	میری دادی نے مینوں کہانیاں سنایاں۔	Brahui (Standard)	South Asia	PARUR_09
I woke up early this morning.	من اڄ صبح جلدی اٹھیا۔	Brahui (Standard)	South Asia	PARUR_09
After finishing his work, he sat down.	اپنا کم مکمل کرن دے بعد، او بیٹھ گیا۔	Brahui (Standard)	South Asia	PARUR_09
The river flows peacefully through the valley.	دریا وادی وچ پرامن طریقے نال وہندی اے۔	Brahui (Standard)	South Asia	PARUR_03
We decided to visit the old temple.	اساں پرانے مندر دیکھن دا فیصلہ کیتا۔	Brahui (Standard)	South Asia	PARUR_10
Pollution in cities has become a serious problem.	شہراں وچ آلودگی ہک سنجیدہ مسئلہ بن گئی اے۔	Brahui (Standard)	South Asia	PARUR_06
Reading books improves vocabulary.	کتاباں پڑھن ذخیرہ الفاظ بہتر بنیندے۔	Brahui (Standard)	South Asia	PARUR_07
People travel long distances to visit religious sites.	لوک مذہبی تھانواں دیکھن کیتے لمبیاں دوریاں طے کریندے نیں۔	Brahui (Standard)	South Asia	PARUR_04
Family members support each other during difficult times.	خاندان دے ممبر مشکل وختاں وچ ہک دوجھے دی مدد کریندے نیں۔	Brahui (Standard)	South Asia	PARUR_08
Students gathered in the library.	طالب علم لائبریری وچ گڈے تھئے۔	Brahui (Standard)	South Asia	PARUR_10
Digital payments have made transactions faster.	ڈیجیٹل ادائیگیاں معاملات تیز کیتے نیں۔	Brahui (Standard)	South Asia	PARUR_08
Online shopping has become popular.	آن لائن خریداری مقبول تھی گئی اے۔	Brahui (Standard)	South Asia	PARUR_04
Children learn best when they are interested.	بچے بہترین سکھدے نیں جدوں اوہ دلچسپی رکھدے نیں۔	Brahui (Standard)	South Asia	PARUR_07
The teacher explained the lesson patiently.	استاد صبر نال سبق سمجھایا۔	Brahui (Standard)	South Asia	PARUR_08
Doctors work long hours to treat patients.	ڈاکٹر مریضاں دا علاج کرن کیتے لمبیاں گھڑیاں کم کریندے نیں۔	Brahui (Standard)	South Asia	PARUR_09
Small businesses create employment opportunities.	نکیاں کاروبار روزگار دے موقعے پیدا کریندے نیں۔	Brahui (Standard)	South Asia	PARUR_10
Farmers planted rice in the flooded fields.	کسان پانی والے کھیتراں وچ چاول پوکے۔	Brahui (Standard)	South Asia	PARUR_09
The wedding ceremony lasted three days.	شادی دی تقریب ترئے دینہہ چلی۔	Brahui (Standard)	South Asia	PARUR_09
Traditional music is important for our heritage.	روایتی موسیقی سادی ورثے کیتے اہم اے۔	Brahui (Standard)	South Asia	PARUR_01
Regular exercise helps maintain good health.	منظم ورزش چنگی صحت برقرار رکھن وچ مدد کریندی اے۔	Brahui (Standard)	South Asia	PARUR_02
Agriculture remains the primary source of income.	زراعت آمدنی دا بنیادی ذریعہ رہندی اے۔	Brahui (Standard)	South Asia	PARUR_10
She cooked delicious biryani for the family.	اوں خاندان کیتے مزیدار بریانی پکائی۔	Brahui (Standard)	South Asia	PARUR_07
Education opens doors to opportunities.	تعلیم موقعاں دے دروازے کولیندی اے۔	Brahui (Standard)	South Asia	PARUR_03
She walked slowly through the garden.	اوں باغ وچ آہستہ آہستہ ٹردی۔	Brahui (Standard)	South Asia	PARUR_03
Parents sacrifice their own needs for children.	والدین بچیاں کیتے اپنیاں ضرورتاں قربان کریندے نیں۔	Brahui (Standard)	South Asia	PARUR_04
Tourism brings revenue to regions with historical sites.	سیاحت تاریخی تھانواں والے علاقیاں کوں آمدنی لیندی اے۔	Brahui (Standard)	South Asia	PARUR_02
Pollution in cities has become a serious problem.	شہراں وچ آلودگی ہک سنجیدہ مسئلہ بن گئی اے۔	Brahui (Standard)	South Asia	PARUR_05
Learning a new language requires practice.	نوی زبان سکھن کیتے مشق دی لوڑ اے۔	Brahui (Standard)	South Asia	PARUR_03
The professor wrote equations on the blackboard.	پروفیسر تختے تے مساوات لکھیاں۔	Brahui (Standard)	South Asia	PARUR_02
Train journeys offer scenic views.	ریل دے سفر منظراں دے نظارے پیش کریندے نیں۔	Brahui (Standard)	South Asia	PARUR_02
She received a scholarship to study medicine.	اوں طب دی تعلیم کیتے اسکالرشپ حاصل کیتی۔	Brahui (Standard)	South Asia	PARUR_03
My grandmother told me stories.	میری دادی نے مینوں کہانیاں سنایاں۔	Brahui (Standard)	South Asia	PARUR_06
The market was crowded with people.	بازار لوکاں نال بھریا ہویا ہا۔	Brahui (Standard)	South Asia	PARUR_04
We decided to visit the old temple.	اساں پرانے مندر دیکھن دا فیصلہ کیتا۔	Brahui (Standard)	South Asia	PARUR_05
Farmers planted rice in the flooded fields.	کسان پانی والے کھیتراں وچ چاول پوکے۔	Brahui (Standard)	South Asia	PARUR_01
The forest is home to many wild animals.	جنگل گھنے جنگلی جانوراں دا گھر اے۔	Brahui (Standard)	South Asia	PARUR_05
Handicrafts showcase artistic traditions.	ہتھکاریاں فنکارانہ روایات دکھیندیاں نیں۔	Brahui (Standard)	South Asia	PARUR_05
Doctors recommend drinking plenty of water.	ڈاکٹر گھنے پانی پیون دی صلاح دیندے نیں۔	Brahui (Standard)	South Asia	PARUR_05
Tea is served to guests as a gesture of hospitality.	مہماناں کوں مہمان نوازی دی نشانی دے طور تے چاہ پیش کیتی ویندی اے۔	Brahui (Standard)	South Asia	PARUR_05
People travel long distances to visit religious sites.	لوک مذہبی تھانواں دیکھن کیتے لمبیاں دوریاں طے کریندے نیں۔	Brahui (Standard)	South Asia	PARUR_01
The internet connects people across continents.	انٹرنیٹ براعظماں وچ لوکاں کوں جوڑیندے۔	Brahui (Standard)	South Asia	PARUR_08
Online shopping has become popular.	آن لائن خریداری مقبول تھی گئی اے۔	Brahui (Standard)	South Asia	PARUR_03
Children were playing cricket in the street.	بچے سڑک تے کرکٹ کھیڈدے پئے ہن۔	Brahui (Standard)	South Asia	PARUR_02
Children learn best when they are interested.	بچے بہترین سکھدے نیں جدوں اوہ دلچسپی رکھدے نیں۔	Brahui (Standard)	South Asia	PARUR_02
Reading books improves vocabulary.	کتاباں پڑھن ذخیرہ الفاظ بہتر بنیندے۔	Brahui (Standard)	South Asia	PARUR_02
Digital payments have made transactions faster.	ڈیجیٹل ادائیگیاں معاملات تیز کیتے نیں۔	Brahui (Standard)	South Asia	PARUR_03
Eating fresh fruits provides essential vitamins.	تازہ پھل کھان ضروری وٹامن فراہم کریندے۔	Brahui (Standard)	South Asia	PARUR_06
Sports teach teamwork and discipline.	کھیڈاں ٹیم ورک تے نظم و ضبط سکھیندیاں نیں۔	Brahui (Standard)	South Asia	PARUR_10
Teachers shape young minds.	استاد نوجوان ذہناں کوں شکل دیندے نیں۔	Brahui (Standard)	South Asia	PARUR_07
The river flows peacefully through the valley.	دریا وادی وچ پرامن طریقے نال وہندی اے۔	Brahui (Standard)	South Asia	PARUR_07
Cricket is a popular sport.	کرکٹ ہک مقبول کھیڈ اے۔	Brahui (Standard)	South Asia	PARUR_08
Birds were chirping in the trees.	پنچھی رکھاں وچ چہچہا رہے ہن۔	Brahui (Standard)	South Asia	PARUR_10
Students gathered in the library.	طالب علم لائبریری وچ گڈے تھئے۔	Brahui (Standard)	South Asia	PARUR_06
Agriculture remains the primary source of income.	زراعت آمدنی دا بنیادی ذریعہ رہندی اے۔	Brahui (Standard)	South Asia	PARUR_07
Cooking together brings family members closer.	گڈے کھان پکاون خاندان دے ممبراں کوں نیڑے لیندے۔	Brahui (Standard)	South Asia	PARUR_02
Elderly people share wisdom and stories.	بزرگ لوک حکمت تے کہانیاں سانجھیاں کریندے نیں۔	Brahui (Standard)	South Asia	PARUR_02
Storytelling preserves culture and knowledge.	کہانی سناون ثقافت تے علم کوں محفوظ رکھیندے۔	Brahui (Standard)	South Asia	PARUR_04
The wedding ceremony lasted three days.	شادی دی تقریب ترئے دینہہ چلی۔	Brahui (Standard)	South Asia	PARUR_10
Respecting elders is an important value.	بزرگاں دا احترام ہک اہم قدر اے۔	Brahui (Standard)	South Asia	PARUR_04
Traditional music is important for our heritage.	روایتی موسیقی سادی ورثے کیتے اہم اے۔	Brahui (Standard)	South Asia	PARUR_06
Spices add flavor to traditional dishes.	مصالحے روایتی کھاناں وچ ذائقہ ودیندے نیں۔	Brahui (Standard)	South Asia	PARUR_04
Clear communication prevents misunderstandings.	صاف رابطہ غلط فہمیاں کوں روکیندے۔	Brahui (Standard)	South Asia	PARUR_01
The teacher explained the lesson patiently.	استاد صبر نال سبق سمجھایا۔	Brahui (Standard)	South Asia	PARUR_02
The bus arrived late.	بس ڈیر نال پہنچی۔	Brahui (Standard)	South Asia	PARUR_10
Regular exercise helps maintain good health.	منظم ورزش چنگی صحت برقرار رکھن وچ مدد کریندی اے۔	Brahui (Standard)	South Asia	PARUR_04
She walked slowly through the garden.	اوں باغ وچ آہستہ آہستہ ٹردی۔	Brahui (Standard)	South Asia	PARUR_07
Education opens doors to opportunities.	تعلیم موقعاں دے دروازے کولیندی اے۔	Brahui (Standard)	South Asia	PARUR_04
Farmers wake up early to tend to crops.	کسان فصلاں دی سنبھال کیتے جلدی اٹھدے نیں۔	Brahui (Standard)	South Asia	PARUR_04
Doctors work long hours to treat patients.	ڈاکٹر مریضاں دا علاج کرن کیتے لمبیاں گھڑیاں کم کریندے نیں۔	Brahui (Standard)	South Asia	PARUR_10
She cooked delicious biryani for the family.	اوں خاندان کیتے مزیدار بریانی پکائی۔	Brahui (Standard)	South Asia	PARUR_06
I woke up early this morning.	من اڄ صبح جلدی اٹھیا۔	Brahui (Standard)	South Asia	PARUR_10
Family members support each other during difficult times.	خاندان دے ممبر مشکل وختاں وچ ہک دوجھے دی مدد کریندے نیں۔	Brahui (Standard)	South Asia	PARUR_08
The school organized a science fair.	سکول نے سائنس میلہ منظم کیتا۔	Brahui (Standard)	South Asia	PARUR_06
People celebrate festivals with great joy.	لوک ودی خوشی نال میلے منیندے نیں۔	Brahui (Standard)	South Asia	PARUR_08
Smartphones have changed how people communicate.	اسمارٹ فوناں نے لوکاں دے رابطے دے طریقے کوں تبدیل کیتا اے۔	Brahui (Standard)	South Asia	PARUR_08
After finishing his work, he sat down.	اپنا کم مکمل کرن دے بعد، او بیٹھ گیا۔	Brahui (Standard)	South Asia	PARUR_09
Parents sacrifice their own needs for children.	والدین بچیاں کیتے اپنیاں ضرورتاں قربان کریندے نیں۔	Brahui (Standard)	South Asia	PARUR_10
Small businesses create employment opportunities.	نکیاں کاروبار روزگار دے موقعے پیدا کریندے نیں۔	Brahui (Standard)	South Asia	PARUR_08
Students gathered in the library.	طالب علم لائبریری وچ گڈے تھئے۔	Brahui (Standard)	South Asia	PARUR_08
Children learn best when they are interested.	بچے بہترین سکھدے نیں جدوں اوہ دلچسپی رکھدے نیں۔	Brahui (Standard)	South Asia	PARUR_07
Respecting elders is an important value.	بزرگاں دا احترام ہک اہم قدر اے۔	Brahui (Standard)	South Asia	PARUR_02
We decided to visit the old temple.	اساں پرانے مندر دیکھن دا فیصلہ کیتا۔	Brahui (Standard)	South Asia	PARUR_03
Elderly people share wisdom and stories.	بزرگ لوک حکمت تے کہانیاں سانجھیاں کریندے نیں۔	Brahui (Standard)	South Asia	PARUR_08
Doctors work long hours to treat patients.	ڈاکٹر مریضاں دا علاج کرن کیتے لمبیاں گھڑیاں کم کریندے نیں۔	Brahui (Standard)	South Asia	PARUR_07
Farmers planted rice in the flooded fields.	کسان پانی والے کھیتراں وچ چاول پوکے۔	Brahui (Standard)	South Asia	PARUR_06
Digital payments have made transactions faster.	ڈیجیٹل ادائیگیاں معاملات تیز کیتے نیں۔	Brahui (Standard)	South Asia	PARUR_02
Agriculture remains the primary source of income.	زراعت آمدنی دا بنیادی ذریعہ رہندی اے۔	Brahui (Standard)	South Asia	PARUR_05
Parents sacrifice their own needs for children.	والدین بچیاں کیتے اپنیاں ضرورتاں قربان کریندے نیں۔	Brahui (Standard)	South Asia	PARUR_10
I woke up early this morning.	من اڄ صبح جلدی اٹھیا۔	Brahui (Standard)	South Asia	PARUR_03
She received a scholarship to study medicine.	اوں طب دی تعلیم کیتے اسکالرشپ حاصل کیتی۔	Brahui (Standard)	South Asia	PARUR_05
Learning a new language requires practice.	نوی زبان سکھن کیتے مشق دی لوڑ اے۔	Brahui (Standard)	South Asia	PARUR_02
Handicrafts showcase artistic traditions.	ہتھکاریاں فنکارانہ روایات دکھیندیاں نیں۔	Brahui (Standard)	South Asia	PARUR_01
People travel long distances to visit religious sites.	لوک مذہبی تھانواں دیکھن کیتے لمبیاں دوریاں طے کریندے نیں۔	Brahui (Standard)	South Asia	PARUR_01
Spices add flavor to traditional dishes.	مصالحے روایتی کھاناں وچ ذائقہ ودیندے نیں۔	Brahui (Standard)	South Asia	PARUR_10
Eating fresh fruits provides essential vitamins.	تازہ پھل کھان ضروری وٹامن فراہم کریندے۔	Brahui (Standard)	South Asia	PARUR_07
Doctors recommend drinking plenty of water.	ڈاکٹر گھنے پانی پیون دی صلاح دیندے نیں۔	Brahui (Standard)	South Asia	PARUR_10
The wedding ceremony lasted three days.	شادی دی تقریب ترئے دینہہ چلی۔	Brahui (Standard)	South Asia	PARUR_01
People celebrate festivals with great joy.	لوک ودی خوشی نال میلے منیندے نیں۔	Brahui (Standard)	South Asia	PARUR_01
My grandmother told me stories.	میری دادی نے مینوں کہانیاں سنایاں۔	Brahui (Standard)	South Asia	PARUR_05
Cricket is a popular sport.	کرکٹ ہک مقبول کھیڈ اے۔	Brahui (Standard)	South Asia	PARUR_02
Sports teach teamwork and discipline.	کھیڈاں ٹیم ورک تے نظم و ضبط سکھیندیاں نیں۔	Brahui (Standard)	South Asia	PARUR_09
The bus arrived late.	بس ڈیر نال پہنچی۔	Brahui (Standard)	South Asia	PARUR_02
Reading books improves vocabulary.	کتاباں پڑھن ذخیرہ الفاظ بہتر بنیندے۔	Brahui (Standard)	South Asia	PARUR_04
Teachers shape young minds.	استاد نوجوان ذہناں کوں شکل دیندے نیں۔	Brahui (Standard)	South Asia	PARUR_07
Education opens doors to opportunities.	تعلیم موقعاں دے دروازے کولیندی اے۔	Brahui (Standard)	South Asia	PARUR_07
Family members support each other during difficult times.	خاندان دے ممبر مشکل وختاں وچ ہک دوجھے دی مدد کریندے نیں۔	Brahui (Standard)	South Asia	PARUR_03
Storytelling preserves culture and knowledge.	کہانی سناون ثقافت تے علم کوں محفوظ رکھیندے۔	Brahui (Standard)	South Asia	PARUR_01
The river flows peacefully through the valley.	دریا وادی وچ پرامن طریقے نال وہندی اے۔	Brahui (Standard)	South Asia	PARUR_07
Smartphones have changed how people communicate.	اسمارٹ فوناں نے لوکاں دے رابطے دے طریقے کوں تبدیل کیتا اے۔	Brahui (Standard)	South Asia	PARUR_07
She walked slowly through the garden.	اوں باغ وچ آہستہ آہستہ ٹردی۔	Brahui (Standard)	South Asia	PARUR_07
The school organized a science fair.	سکول نے سائنس میلہ منظم کیتا۔	Brahui (Standard)	South Asia	PARUR_02
Small businesses create employment opportunities.	نکیاں کاروبار روزگار دے موقعے پیدا کریندے نیں۔	Brahui (Standard)	South Asia	PARUR_01
Online shopping has become popular.	آن لائن خریداری مقبول تھی گئی اے۔	Brahui (Standard)	South Asia	PARUR_03
Farmers wake up early to tend to crops.	کسان فصلاں دی سنبھال کیتے جلدی اٹھدے نیں۔	Brahui (Standard)	South Asia	PARUR_01
After finishing his work, he sat down.	اپنا کم مکمل کرن دے بعد، او بیٹھ گیا۔	Brahui (Standard)	South Asia	PARUR_02
Traditional music is important for our heritage.	روایتی موسیقی سادی ورثے کیتے اہم اے۔	Brahui (Standard)	South Asia	PARUR_02
The professor wrote equations on the blackboard.	پروفیسر تختے تے مساوات لکھیاں۔	Brahui (Standard)	South Asia	PARUR_08
She cooked delicious biryani for the family.	اوں خاندان کیتے مزیدار بریانی پکائی۔	Brahui (Standard)	South Asia	PARUR_05
Train journeys offer scenic views.	ریل دے سفر منظراں دے نظارے پیش کریندے نیں۔	Brahui (Standard)	South Asia	PARUR_06
Tourism brings revenue to regions with historical sites.	سیاحت تاریخی تھانواں والے علاقیاں کوں آمدنی لیندی اے۔	Brahui (Standard)	South Asia	PARUR_02
The internet connects people across continents.	انٹرنیٹ براعظماں وچ لوکاں کوں جوڑیندے۔	Brahui (Standard)	South Asia	PARUR_09
Cooking together brings family members closer.	گڈے کھان پکاون خاندان دے ممبراں کوں نیڑے لیندے۔	Brahui (Standard)	South Asia	PARUR_09
Birds were chirping in the trees.	پنچھی رکھاں وچ چہچہا رہے ہن۔	Brahui (Standard)	South Asia	PARUR_10
The teacher explained the lesson patiently.	استاد صبر نال سبق سمجھایا۔	Brahui (Standard)	South Asia	PARUR_04
Regular exercise helps maintain good health.	منظم ورزش چنگی صحت برقرار رکھن وچ مدد کریندی اے۔	Brahui (Standard)	South Asia	PARUR_05
Pollution in cities has become a serious problem.	شہراں وچ آلودگی ہک سنجیدہ مسئلہ بن گئی اے۔	Brahui (Standard)	South Asia	PARUR_08
Clear communication prevents misunderstandings.	صاف رابطہ غلط فہمیاں کوں روکیندے۔	Brahui (Standard)	South Asia	PARUR_08
The market was crowded with people.	بازار لوکاں نال بھریا ہویا ہا۔	Brahui (Standard)	South Asia	PARUR_04
Tea is served to guests as a gesture of hospitality.	مہماناں کوں مہمان نوازی دی نشانی دے طور تے چاہ پیش کیتی ویندی اے۔	Brahui (Standard)	South Asia	PARUR_02
The forest is home to many wild animals.	جنگل گھنے جنگلی جانوراں دا گھر اے۔	Brahui (Standard)	South Asia	PARUR_01
Children were playing cricket in the street.	بچے سڑک تے کرکٹ کھیڈدے پئے ہن۔	Brahui (Standard)	South Asia	PARUR_02
Elderly people share wisdom and stories.	بزرگ لوک حکمت تے کہانیاں سانجھیاں کریندے نیں۔	Brahui (Standard)	South Asia	PARUR_02
Cricket is a popular sport.	کرکٹ ہک مقبول کھیڈ اے۔	Brahui (Standard)	South Asia	PARUR_01
People travel long distances to visit religious sites.	لوک مذہبی تھانواں دیکھن کیتے لمبیاں دوریاں طے کریندے نیں۔	Brahui (Standard)	South Asia	PARUR_07
The bus arrived late.	بس ڈیر نال پہنچی۔	Brahui (Standard)	South Asia	PARUR_01
She received a scholarship to study medicine.	اوں طب دی تعلیم کیتے اسکالرشپ حاصل کیتی۔	Brahui (Standard)	South Asia	PARUR_01
Birds were chirping in the trees.	پنچھی رکھاں وچ چہچہا رہے ہن۔	Brahui (Standard)	South Asia	PARUR_04
After finishing his work, he sat down.	اپنا کم مکمل کرن دے بعد، او بیٹھ گیا۔	Brahui (Standard)	South Asia	PARUR_01
Doctors work long hours to treat patients.	ڈاکٹر مریضاں دا علاج کرن کیتے لمبیاں گھڑیاں کم کریندے نیں۔	Brahui (Standard)	South Asia	PARUR_09
We decided to visit the old temple.	اساں پرانے مندر دیکھن دا فیصلہ کیتا۔	Brahui (Standard)	South Asia	PARUR_06
The internet connects people across continents.	انٹرنیٹ براعظماں وچ لوکاں کوں جوڑیندے۔	Brahui (Standard)	South Asia	PARUR_10
Children were playing cricket in the street.	بچے سڑک تے کرکٹ کھیڈدے پئے ہن۔	Brahui (Standard)	South Asia	PARUR_08
The teacher explained the lesson patiently.	استاد صبر نال سبق سمجھایا۔	Brahui (Standard)	South Asia	PARUR_04
Traditional music is important for our heritage.	روایتی موسیقی سادی ورثے کیتے اہم اے۔	Brahui (Standard)	South Asia	PARUR_08
Farmers planted rice in the flooded fields.	کسان پانی والے کھیتراں وچ چاول پوکے۔	Brahui (Standard)	South Asia	PARUR_01
Parents sacrifice their own needs for children.	والدین بچیاں کیتے اپنیاں ضرورتاں قربان کریندے نیں۔	Brahui (Standard)	South Asia	PARUR_07
Farmers wake up early to tend to crops.	کسان فصلاں دی سنبھال کیتے جلدی اٹھدے نیں۔	Brahui (Standard)	South Asia	PARUR_02
My grandmother told me stories.	میری دادی نے مینوں کہانیاں سنایاں۔	Brahui (Standard)	South Asia	PARUR_03
The wedding ceremony lasted three days.	شادی دی تقریب ترئے دینہہ چلی۔	Brahui (Standard)	South Asia	PARUR_05
Reading books improves vocabulary.	کتاباں پڑھن ذخیرہ الفاظ بہتر بنیندے۔	Brahui (Standard)	South Asia	PARUR_06
She cooked delicious biryani for the family.	اوں خاندان کیتے مزیدار بریانی پکائی۔	Brahui (Standard)	South Asia	PARUR_06
Eating fresh fruits provides essential vitamins.	تازہ پھل کھان ضروری وٹامن فراہم کریندے۔	Brahui (Standard)	South Asia	PARUR_06
Cooking together brings family members closer.	گڈے کھان پکاون خاندان دے ممبراں کوں نیڑے لیندے۔	Brahui (Standard)	South Asia	PARUR_02
Handicrafts showcase artistic traditions.	ہتھکاریاں فنکارانہ روایات دکھیندیاں نیں۔	Brahui (Standard)	South Asia	PARUR_10
Students gathered in the library.	طالب علم لائبریری وچ گڈے تھئے۔	Brahui (Standard)	South Asia	PARUR_06
Pollution in cities has become a serious problem.	شہراں وچ آلودگی ہک سنجیدہ مسئلہ بن گئی اے۔	Brahui (Standard)	South Asia	PARUR_02
The forest is home to many wild animals.	جنگل گھنے جنگلی جانوراں دا گھر اے۔	Brahui (Standard)	South Asia	PARUR_04
Respecting elders is an important value.	بزرگاں دا احترام ہک اہم قدر اے۔	Brahui (Standard)	South Asia	PARUR_03
Digital payments have made transactions faster.	ڈیجیٹل ادائیگیاں معاملات تیز کیتے نیں۔	Brahui (Standard)	South Asia	PARUR_03
Agriculture remains the primary source of income.	زراعت آمدنی دا بنیادی ذریعہ رہندی اے۔	Brahui (Standard)	South Asia	PARUR_03
Online shopping has become popular.	آن لائن خریداری مقبول تھی گئی اے۔	Brahui (Standard)	South Asia	PARUR_07
Education opens doors to opportunities.	تعلیم موقعاں دے دروازے کولیندی اے۔	Brahui (Standard)	South Asia	PARUR_07
Sports teach teamwork and discipline.	کھیڈاں ٹیم ورک تے نظم و ضبط سکھیندیاں نیں۔	Brahui (Standard)	South Asia	PARUR_06
Family members support each other during difficult times.	خاندان دے ممبر مشکل وختاں وچ ہک دوجھے دی مدد کریندے نیں۔	Brahui (Standard)	South Asia	PARUR_01
Tea is served to guests as a gesture of hospitality.	مہماناں کوں مہمان نوازی دی نشانی دے طور تے چاہ پیش کیتی ویندی اے۔	Brahui (Standard)	South Asia	PARUR_10
Doctors recommend drinking plenty of water.	ڈاکٹر گھنے پانی پیون دی صلاح دیندے نیں۔	Brahui (Standard)	South Asia	PARUR_09
Spices add flavor to traditional dishes.	مصالحے روایتی کھاناں وچ ذائقہ ودیندے نیں۔	Brahui (Standard)	South Asia	PARUR_01
Regular exercise helps maintain good health.	منظم ورزش چنگی صحت برقرار رکھن وچ مدد کریندی اے۔	Brahui (Standard)	South Asia	PARUR_02
I woke up early this morning.	من اڄ صبح جلدی اٹھیا۔	Brahui (Standard)	South Asia	PARUR_08
Small businesses create employment opportunities.	نکیاں کاروبار روزگار دے موقعے پیدا کریندے نیں۔	Brahui (Standard)	South Asia	PARUR_01
Storytelling preserves culture and knowledge.	کہانی سناون ثقافت تے علم کوں محفوظ رکھیندے۔	Brahui (Standard)	South Asia	PARUR_06
People celebrate festivals with great joy.	لوک ودی خوشی نال میلے منیندے نیں۔	Brahui (Standard)	South Asia	PARUR_07
The professor wrote equations on the blackboard.	پروفیسر تختے تے مساوات لکھیاں۔	Brahui (Standard)	South Asia	PARUR_10
The school organized a science fair.	سکول نے سائنس میلہ منظم کیتا۔	Brahui (Standard)	South Asia	PARUR_05
Smartphones have changed how people communicate.	اسمارٹ فوناں نے لوکاں دے رابطے دے طریقے کوں تبدیل کیتا اے۔	Brahui (Standard)	South Asia	PARUR_10
Children learn best when they are interested.	بچے بہترین سکھدے نیں جدوں اوہ دلچسپی رکھدے نیں۔	Brahui (Standard)	South Asia	PARUR_01
Learning a new language requires practice.	نوی زبان سکھن کیتے مشق دی لوڑ اے۔	Brahui (Standard)	South Asia	PARUR_05
Tourism brings revenue to regions with historical sites.	سیاحت تاریخی تھانواں والے علاقیاں کوں آمدنی لیندی اے۔	Brahui (Standard)	South Asia	PARUR_06
Teachers shape young minds.	استاد نوجوان ذہناں کوں شکل دیندے نیں۔	Brahui (Standard)	South Asia	PARUR_08
The market was crowded with people.	بازار لوکاں نال بھریا ہویا ہا۔	Brahui (Standard)	South Asia	PARUR_09
The river flows peacefully through the valley.	دریا وادی وچ پرامن طریقے نال وہندی اے۔	Brahui (Standard)	South Asia	PARUR_09
Train journeys offer scenic views.	ریل دے سفر منظراں دے نظارے پیش کریندے نیں۔	Brahui (Standard)	South Asia	PARUR_05
She walked slowly through the garden.	اوں باغ وچ آہستہ آہستہ ٹردی۔	Brahui (Standard)	South Asia	PARUR_08
Clear communication prevents misunderstandings.	صاف رابطہ غلط فہمیاں کوں روکیندے۔	Brahui (Standard)	South Asia	PARUR_02
Smartphones have changed how people communicate.	اسمارٹ فوناں نے لوکاں دے رابطے دے طریقے کوں تبدیل کیتا اے۔	Brahui (Standard)	South Asia	PARUR_05
Clear communication prevents misunderstandings.	صاف رابطہ غلط فہمیاں کوں روکیندے۔	Brahui (Standard)	South Asia	PARUR_04
Digital payments have made transactions faster.	ڈیجیٹل ادائیگیاں معاملات تیز کیتے نیں۔	Brahui (Standard)	South Asia	PARUR_06
The school organized a science fair.	سکول نے سائنس میلہ منظم کیتا۔	Brahui (Standard)	South Asia	PARUR_02
She walked slowly through the garden.	اوں باغ وچ آہستہ آہستہ ٹردی۔	Brahui (Standard)	South Asia	PARUR_03
People celebrate festivals with great joy.	لوک ودی خوشی نال میلے منیندے نیں۔	Brahui (Standard)	South Asia	PARUR_01
The bus arrived late.	بس ڈیر نال پہنچی۔	Brahui (Standard)	South Asia	PARUR_01
Education opens doors to opportunities.	تعلیم موقعاں دے دروازے کولیندی اے۔	Brahui (Standard)	South Asia	PARUR_05
Farmers wake up early to tend to crops.	کسان فصلاں دی سنبھال کیتے جلدی اٹھدے نیں۔	Brahui (Standard)	South Asia	PARUR_06
Family members support each other during difficult times.	خاندان دے ممبر مشکل وختاں وچ ہک دوجھے دی مدد کریندے نیں۔	Brahui (Standard)	South Asia	PARUR_02
Online shopping has become popular.	آن لائن خریداری مقبول تھی گئی اے۔	Brahui (Standard)	South Asia	PARUR_06
The forest is home to many wild animals.	جنگل گھنے جنگلی جانوراں دا گھر اے۔	Brahui (Standard)	South Asia	PARUR_09
Tourism brings revenue to regions with historical sites.	سیاحت تاریخی تھانواں والے علاقیاں کوں آمدنی لیندی اے۔	Brahui (Standard)	South Asia	PARUR_03
I woke up early this morning.	من اڄ صبح جلدی اٹھیا۔	Brahui (Standard)	South Asia	PARUR_09
The river flows peacefully through the valley.	دریا وادی وچ پرامن طریقے نال وہندی اے۔	Brahui (Standard)	South Asia	PARUR_05
Traditional music is important for our heritage.	روایتی موسیقی سادی ورثے کیتے اہم اے۔	Brahui (Standard)	South Asia	PARUR_04
Farmers planted rice in the flooded fields.	کسان پانی والے کھیتراں وچ چاول پوکے۔	Brahui (Standard)	South Asia	PARUR_07
Students gathered in the library.	طالب علم لائبریری وچ گڈے تھئے۔	Brahui (Standard)	South Asia	PARUR_06
Regular exercise helps maintain good health.	منظم ورزش چنگی صحت برقرار رکھن وچ مدد کریندی اے۔	Brahui (Standard)	South Asia	PARUR_07
The professor wrote equations on the blackboard.	پروفیسر تختے تے مساوات لکھیاں۔	Brahui (Standard)	South Asia	PARUR_09
Tea is served to guests as a gesture of hospitality.	مہماناں کوں مہمان نوازی دی نشانی دے طور تے چاہ پیش کیتی ویندی اے۔	Brahui (Standard)	South Asia	PARUR_06
She cooked delicious biryani for the family.	اوں خاندان کیتے مزیدار بریانی پکائی۔	Brahui (Standard)	South Asia	PARUR_09
The market was crowded with people.	بازار لوکاں نال بھریا ہویا ہا۔	Brahui (Standard)	South Asia	PARUR_07
Doctors work long hours to treat patients.	ڈاکٹر مریضاں دا علاج کرن کیتے لمبیاں گھڑیاں کم کریندے نیں۔	Brahui (Standard)	South Asia	PARUR_10
Eating fresh fruits provides essential vitamins.	تازہ پھل کھان ضروری وٹامن فراہم کریندے۔	Brahui (Standard)	South Asia	PARUR_08
Teachers shape young minds.	استاد نوجوان ذہناں کوں شکل دیندے نیں۔	Brahui (Standard)	South Asia	PARUR_05
Doctors recommend drinking plenty of water.	ڈاکٹر گھنے پانی پیون دی صلاح دیندے نیں۔	Brahui (Standard)	South Asia	PARUR_05
Storytelling preserves culture and knowledge.	کہانی سناون ثقافت تے علم کوں محفوظ رکھیندے۔	Brahui (Standard)	South Asia	PARUR_04
Sports teach teamwork and discipline.	کھیڈاں ٹیم ورک تے نظم و ضبط سکھیندیاں نیں۔	Brahui (Standard)	South Asia	PARUR_01
Cricket is a popular sport.	کرکٹ ہک مقبول کھیڈ اے۔	Brahui (Standard)	South Asia	PARUR_03
Reading books improves vocabulary.	کتاباں پڑھن ذخیرہ الفاظ بہتر بنیندے۔	Brahui (Standard)	South Asia	PARUR_08
The wedding ceremony lasted three days.	شادی دی تقریب ترئے دینہہ چلی۔	Brahui (Standard)	South Asia	PARUR_09
Children were playing cricket in the street.	بچے سڑک تے کرکٹ کھیڈدے پئے ہن۔	Brahui (Standard)	South Asia	PARUR_10
She received a scholarship to study medicine.	اوں طب دی تعلیم کیتے اسکالرشپ حاصل کیتی۔	Brahui (Standard)	South Asia	PARUR_02
Children learn best when they are interested.	بچے بہترین سکھدے نیں جدوں اوہ دلچسپی رکھدے نیں۔	Brahui (Standard)	South Asia	PARUR_02
The internet connects people across continents.	انٹرنیٹ براعظماں وچ لوکاں کوں جوڑیندے۔	Brahui (Standard)	South Asia	PARUR_08
Agriculture remains the primary source of income.	زراعت آمدنی دا بنیادی ذریعہ رہندی اے۔	Brahui (Standard)	South Asia	PARUR_05
The teacher explained the lesson patiently.	استاد صبر نال سبق سمجھایا۔	Brahui (Standard)	South Asia	PARUR_06
Train journeys offer scenic views.	ریل دے سفر منظراں دے نظارے پیش کریندے نیں۔	Brahui (Standard)	South Asia	PARUR_07
Respecting elders is an important value.	بزرگاں دا احترام ہک اہم قدر اے۔	Brahui (Standard)	South Asia	PARUR_02
Parents sacrifice their own needs for children.	والدین بچیاں کیتے اپنیاں ضرورتاں قربان کریندے نیں۔	Brahui (Standard)	South Asia	PARUR_09
Learning a new language requires practice.	نوی زبان سکھن کیتے مشق دی لوڑ اے۔	Brahui (Standard)	South Asia	PARUR_06
Handicrafts showcase artistic traditions.	ہتھکاریاں فنکارانہ روایات دکھیندیاں نیں۔	Brahui (Standard)	South Asia	PARUR_02
We decided to visit the old temple.	اساں پرانے مندر دیکھن دا فیصلہ کیتا۔	Brahui (Standard)	South Asia	PARUR_03
After finishing his work, he sat down.	اپنا کم مکمل کرن دے بعد، او بیٹھ گیا۔	Brahui (Standard)	South Asia	PARUR_01
Spices add flavor to traditional dishes.	مصالحے روایتی کھاناں وچ ذائقہ ودیندے نیں۔	Brahui (Standard)	South Asia	PARUR_06
Pollution in cities has become a serious problem.	شہراں وچ آلودگی ہک سنجیدہ مسئلہ بن گئی اے۔	Brahui (Standard)	South Asia	PARUR_05
Elderly people share wisdom and stories.	بزرگ لوک حکمت تے کہانیاں سانجھیاں کریندے نیں۔	Brahui (Standard)	South Asia	PARUR_01
My grandmother told me stories.	میری دادی نے مینوں کہانیاں سنایاں۔	Brahui (Standard)	South Asia	PARUR_05
Birds were chirping in the trees.	پنچھی رکھاں وچ چہچہا رہے ہن۔	Brahui (Standard)	South Asia	PARUR_09
People travel long distances to visit religious sites.	لوک مذہبی تھانواں دیکھن کیتے لمبیاں دوریاں طے کریندے نیں۔	Brahui (Standard)	South Asia	PARUR_04
Cooking together brings family members closer.	گڈے کھان پکاون خاندان دے ممبراں کوں نیڑے لیندے۔	Brahui (Standard)	South Asia	PARUR_05
Small businesses create employment opportunities.	نکیاں کاروبار روزگار دے موقعے پیدا کریندے نیں۔	Brahui (Standard)	South Asia	PARUR_06
Family members support each other during difficult times.	خاندان دے ممبر مشکل وختاں وچ ہک دوجھے دی مدد کریندے نیں۔	Brahui (Standard)	South Asia	PARUR_08
Learning a new language requires practice.	نوی زبان سکھن کیتے مشق دی لوڑ اے۔	Brahui (Standard)	South Asia	PARUR_07
She walked slowly through the garden.	اوں باغ وچ آہستہ آہستہ ٹردی۔	Brahui (Standard)	South Asia	PARUR_09
Birds were chirping in the trees.	پنچھی رکھاں وچ چہچہا رہے ہن۔	Brahui (Standard)	South Asia	PARUR_03
Agriculture remains the primary source of income.	زراعت آمدنی دا بنیادی ذریعہ رہندی اے۔	Brahui (Standard)	South Asia	PARUR_06
Smartphones have changed how people communicate.	اسمارٹ فوناں نے لوکاں دے رابطے دے طریقے کوں تبدیل کیتا اے۔	Brahui (Standard)	South Asia	PARUR_05
Parents sacrifice their own needs for children.	والدین بچیاں کیتے اپنیاں ضرورتاں قربان کریندے نیں۔	Brahui (Standard)	South Asia	PARUR_02
People travel long distances to visit religious sites.	لوک مذہبی تھانواں دیکھن کیتے لمبیاں دوریاں طے کریندے نیں۔	Brahui (Standard)	South Asia	PARUR_04
Train journeys offer scenic views.	ریل دے سفر منظراں دے نظارے پیش کریندے نیں۔	Brahui (Standard)	South Asia	PARUR_03
Handicrafts showcase artistic traditions.	ہتھکاریاں فنکارانہ روایات دکھیندیاں نیں۔	Brahui (Standard)	South Asia	PARUR_02
Farmers planted rice in the flooded fields.	کسان پانی والے کھیتراں وچ چاول پوکے۔	Brahui (Standard)	South Asia	PARUR_05
My grandmother told me stories.	میری دادی نے مینوں کہانیاں سنایاں۔	Brahui (Standard)	South Asia	PARUR_07
Sports teach teamwork and discipline.	کھیڈاں ٹیم ورک تے نظم و ضبط سکھیندیاں نیں۔	Brahui (Standard)	South Asia	PARUR_01
Clear communication prevents misunderstandings.	صاف رابطہ غلط فہمیاں کوں روکیندے۔	Brahui (Standard)	South Asia	PARUR_08
Children were playing cricket in the street.	بچے سڑک تے کرکٹ کھیڈدے پئے ہن۔	Brahui (Standard)	South Asia	PARUR_08
Students gathered in the library.	طالب علم لائبریری وچ گڈے تھئے۔	Brahui (Standard)	South Asia	PARUR_09
Farmers wake up early to tend to crops.	کسان فصلاں دی سنبھال کیتے جلدی اٹھدے نیں۔	Brahui (Standard)	South Asia	PARUR_02
She received a scholarship to study medicine.	اوں طب دی تعلیم کیتے اسکالرشپ حاصل کیتی۔	Brahui (Standard)	South Asia	PARUR_09
Education opens doors to opportunities.	تعلیم موقعاں دے دروازے کولیندی اے۔	Brahui (Standard)	South Asia	PARUR_05
Tea is served to guests as a gesture of hospitality.	مہماناں کوں مہمان نوازی دی نشانی دے طور تے چاہ پیش کیتی ویندی اے۔	Brahui (Standard)	South Asia	PARUR_04
Online shopping has become popular.	آن لائن خریداری مقبول تھی گئی اے۔	Brahui (Standard)	South Asia	PARUR_10
People celebrate festivals with great joy.	لوک ودی خوشی نال میلے منیندے نیں۔	Brahui (Standard)	South Asia	PARUR_04
The internet connects people across continents.	انٹرنیٹ براعظماں وچ لوکاں کوں جوڑیندے۔	Brahui (Standard)	South Asia	PARUR_10
After finishing his work, he sat down.	اپنا کم مکمل کرن دے بعد، او بیٹھ گیا۔	Brahui (Standard)	South Asia	PARUR_06
Reading books improves vocabulary.	کتاباں پڑھن ذخیرہ الفاظ بہتر بنیندے۔	Brahui (Standard)	South Asia	PARUR_08
Elderly people share wisdom and stories.	بزرگ لوک حکمت تے کہانیاں سانجھیاں کریندے نیں۔	Brahui (Standard)	South Asia	PARUR_09
Doctors recommend drinking plenty of water.	ڈاکٹر گھنے پانی پیون دی صلاح دیندے نیں۔	Brahui (Standard)	South Asia	PARUR_05
Cricket is a popular sport.	کرکٹ ہک مقبول کھیڈ اے۔	Brahui (Standard)	South Asia	PARUR_08
The bus arrived late.	بس ڈیر نال پہنچی۔	Brahui (Standard)	South Asia	PARUR_07
We decided to visit the old temple.	اساں پرانے مندر دیکھن دا فیصلہ کیتا۔	Brahui (Standard)	South Asia	PARUR_06
The market was crowded with people.	بازار لوکاں نال بھریا ہویا ہا۔	Brahui (Standard)	South Asia	PARUR_01
Small businesses create employment opportunities.	نکیاں کاروبار روزگار دے موقعے پیدا کریندے نیں۔	Brahui (Standard)	South Asia	PARUR_06
Respecting elders is an important value.	بزرگاں دا احترام ہک اہم قدر اے۔	Brahui (Standard)	South Asia	PARUR_05
Spices add flavor to traditional dishes.	مصالحے روایتی کھاناں وچ ذائقہ ودیندے نیں۔	Brahui (Standard)	South Asia	PARUR_08
Doctors work long hours to treat patients.	ڈاکٹر مریضاں دا علاج کرن کیتے لمبیاں گھڑیاں کم کریندے نیں۔	Brahui (Standard)	South Asia	PARUR_07
She cooked delicious biryani for the family.	اوں خاندان کیتے مزیدار بریانی پکائی۔	Brahui (Standard)	South Asia	PARUR_08
I woke up early this morning.	من اڄ صبح جلدی اٹھیا۔	Brahui (Standard)	South Asia	PARUR_05
The professor wrote equations on the blackboard.	پروفیسر تختے تے مساوات لکھیاں۔	Brahui (Standard)	South Asia	PARUR_05
Tourism brings revenue to regions with historical sites.	سیاحت تاریخی تھانواں والے علاقیاں کوں آمدنی لیندی اے۔	Brahui (Standard)	South Asia	PARUR_06
The forest is home to many wild animals.	جنگل گھنے جنگلی جانوراں دا گھر اے۔	Brahui (Standard)	South Asia	PARUR_04
Cooking together brings family members closer.	گڈے کھان پکاون خاندان دے ممبراں کوں نیڑے لیندے۔	Brahui (Standard)	South Asia	PARUR_02
Children learn best when they are interested.	بچے بہترین سکھدے نیں جدوں اوہ دلچسپی رکھدے نیں۔	Brahui (Standard)	South Asia	PARUR_04
The river flows peacefully through the valley.	دریا وادی وچ پرامن طریقے نال وہندی اے۔	Brahui (Standard)	South Asia	PARUR_09
Pollution in cities has become a serious problem.	شہراں وچ آلودگی ہک سنجیدہ مسئلہ بن گئی اے۔	Brahui (Standard)	South Asia	PARUR_07
Regular exercise helps maintain good health.	منظم ورزش چنگی صحت برقرار رکھن وچ مدد کریندی اے۔	Brahui (Standard)	South Asia	PARUR_08
Teachers shape young minds.	استاد نوجوان ذہناں کوں شکل دیندے نیں۔	Brahui (Standard)	South Asia	PARUR_09
Storytelling preserves culture and knowledge.	کہانی سناون ثقافت تے علم کوں محفوظ رکھیندے۔	Brahui (Standard)	South Asia	PARUR_03
Traditional music is important for our heritage.	روایتی موسیقی سادی ورثے کیتے اہم اے۔	Brahui (Standard)	South Asia	PARUR_04
The wedding ceremony lasted three days.	شادی دی تقریب ترئے دینہہ چلی۔	Brahui (Standard)	South Asia	PARUR_07
The school organized a science fair.	سکول نے سائنس میلہ منظم کیتا۔	Brahui (Standard)	South Asia	PARUR_03
Digital payments have made transactions faster.	ڈیجیٹل ادائیگیاں معاملات تیز کیتے نیں۔	Brahui (Standard)	South Asia	PARUR_08
Eating fresh fruits provides essential vitamins.	تازہ پھل کھان ضروری وٹامن فراہم کریندے۔	Brahui (Standard)	South Asia	PARUR_09
The teacher explained the lesson patiently.	استاد صبر نال سبق سمجھایا۔	Brahui (Standard)	South Asia	PARUR_05
She walked slowly through the garden.	اوں باغ وچ آہستہ آہستہ ٹردی۔	Brahui (Standard)	South Asia	PARUR_03
The bus arrived late.	بس ڈیر نال پہنچی۔	Brahui (Standard)	South Asia	PARUR_04
Respecting elders is an important value.	بزرگاں دا احترام ہک اہم قدر اے۔	Brahui (Standard)	South Asia	PARUR_08
Clear communication prevents misunderstandings.	صاف رابطہ غلط فہمیاں کوں روکیندے۔	Brahui (Standard)	South Asia	PARUR_05
Cricket is a popular sport.	کرکٹ ہک مقبول کھیڈ اے۔	Brahui (Standard)	South Asia	PARUR_01
Train journeys offer scenic views.	ریل دے سفر منظراں دے نظارے پیش کریندے نیں۔	Brahui (Standard)	South Asia	PARUR_06
She received a scholarship to study medicine.	اوں طب دی تعلیم کیتے اسکالرشپ حاصل کیتی۔	Brahui (Standard)	South Asia	PARUR_02
Handicrafts showcase artistic traditions.	ہتھکاریاں فنکارانہ روایات دکھیندیاں نیں۔	Brahui (Standard)	South Asia	PARUR_08
Reading books improves vocabulary.	کتاباں پڑھن ذخیرہ الفاظ بہتر بنیندے۔	Brahui (Standard)	South Asia	PARUR_02
Cooking together brings family members closer.	گڈے کھان پکاون خاندان دے ممبراں کوں نیڑے لیندے۔	Brahui (Standard)	South Asia	PARUR_08
Sports teach teamwork and discipline.	کھیڈاں ٹیم ورک تے نظم و ضبط سکھیندیاں نیں۔	Brahui (Standard)	South Asia	PARUR_06
Regular exercise helps maintain good health.	منظم ورزش چنگی صحت برقرار رکھن وچ مدد کریندی اے۔	Brahui (Standard)	South Asia	PARUR_08
Teachers shape young minds.	استاد نوجوان ذہناں کوں شکل دیندے نیں۔	Brahui (Standard)	South Asia	PARUR_04
We decided to visit the old temple.	اساں پرانے مندر دیکھن دا فیصلہ کیتا۔	Brahui (Standard)	South Asia	PARUR_03
Tea is served to guests as a gesture of hospitality.	مہماناں کوں مہمان نوازی دی نشانی دے طور تے چاہ پیش کیتی ویندی اے۔	Brahui (Standard)	South Asia	PARUR_03
Agriculture remains the primary source of income.	زراعت آمدنی دا بنیادی ذریعہ رہندی اے۔	Brahui (Standard)	South Asia	PARUR_09
The market was crowded with people.	بازار لوکاں نال بھریا ہویا ہا۔	Brahui (Standard)	South Asia	PARUR_04
Birds were chirping in the trees.	پنچھی رکھاں وچ چہچہا رہے ہن۔	Brahui (Standard)	South Asia	PARUR_07
People travel long distances to visit religious sites.	لوک مذہبی تھانواں دیکھن کیتے لمبیاں دوریاں طے کریندے نیں۔	Brahui (Standard)	South Asia	PARUR_02
The river flows peacefully through the valley.	دریا وادی وچ پرامن طریقے نال وہندی اے۔	Brahui (Standard)	South Asia	PARUR_04
Tourism brings revenue to regions with historical sites.	سیاحت تاریخی تھانواں والے علاقیاں کوں آمدنی لیندی اے۔	Brahui (Standard)	South Asia	PARUR_09
The internet connects people across continents.	انٹرنیٹ براعظماں وچ لوکاں کوں جوڑیندے۔	Brahui (Standard)	South Asia	PARUR_02
Pollution in cities has become a serious problem.	شہراں وچ آلودگی ہک سنجیدہ مسئلہ بن گئی اے۔	Brahui (Standard)	South Asia	PARUR_05
She cooked delicious biryani for the family.	اوں خاندان کیتے مزیدار بریانی پکائی۔	Brahui (Standard)	South Asia	PARUR_03
Children learn best when they are interested.	بچے بہترین سکھدے نیں جدوں اوہ دلچسپی رکھدے نیں۔	Brahui (Standard)	South Asia	PARUR_01
Doctors recommend drinking plenty of water.	ڈاکٹر گھنے پانی پیون دی صلاح دیندے نیں۔	Brahui (Standard)	South Asia	PARUR_01
I woke up early this morning.	من اڄ صبح جلدی اٹھیا۔	Brahui (Standard)	South Asia	PARUR_03
Parents sacrifice their own needs for children.	والدین بچیاں کیتے اپنیاں ضرورتاں قربان کریندے نیں۔	Brahui (Standard)	South Asia	PARUR_09
Storytelling preserves culture and knowledge.	کہانی سناون ثقافت تے علم کوں محفوظ رکھیندے۔	Brahui (Standard)	South Asia	PARUR_08
Family members support each other during difficult times.	خاندان دے ممبر مشکل وختاں وچ ہک دوجھے دی مدد کریندے نیں۔	Brahui (Standard)	South Asia	PARUR_04
Students gathered in the library.	طالب علم لائبریری وچ گڈے تھئے۔	Brahui (Standard)	South Asia	PARUR_05
Children were playing cricket in the street.	بچے سڑک تے کرکٹ کھیڈدے پئے ہن۔	Brahui (Standard)	South Asia	PARUR_01
My grandmother told me stories.	میری دادی نے مینوں کہانیاں سنایاں۔	Brahui (Standard)	South Asia	PARUR_04
The wedding ceremony lasted three days.	شادی دی تقریب ترئے دینہہ چلی۔	Brahui (Standard)	South Asia	PARUR_07
Smartphones have changed how people communicate.	اسمارٹ فوناں نے لوکاں دے رابطے دے طریقے کوں تبدیل کیتا اے۔	Brahui (Standard)	South Asia	PARUR_03
Doctors work long hours to treat patients.	ڈاکٹر مریضاں دا علاج کرن کیتے لمبیاں گھڑیاں کم کریندے نیں۔	Brahui (Standard)	South Asia	PARUR_08
Elderly people share wisdom and stories.	بزرگ لوک حکمت تے کہانیاں سانجھیاں کریندے نیں۔	Brahui (Standard)	South Asia	PARUR_06
After finishing his work, he sat down.	اپنا کم مکمل کرن دے بعد، او بیٹھ گیا۔	Brahui (Standard)	South Asia	PARUR_07
The teacher explained the lesson patiently.	استاد صبر نال سبق سمجھایا۔	Brahui (Standard)	South Asia	PARUR_03
The school organized a science fair.	سکول نے سائنس میلہ منظم کیتا۔	Brahui (Standard)	South Asia	PARUR_10
Learning a new language requires practice.	نوی زبان سکھن کیتے مشق دی لوڑ اے۔	Brahui (Standard)	South Asia	PARUR_06
Education opens doors to opportunities.	تعلیم موقعاں دے دروازے کولیندی اے۔	Brahui (Standard)	South Asia	PARUR_03
Online shopping has become popular.	آن لائن خریداری مقبول تھی گئی اے۔	Brahui (Standard)	South Asia	PARUR_03
Farmers planted rice in the flooded fields.	کسان پانی والے کھیتراں وچ چاول پوکے۔	Brahui (Standard)	South Asia	PARUR_05
Farmers wake up early to tend to crops.	کسان فصلاں دی سنبھال کیتے جلدی اٹھدے نیں۔	Brahui (Standard)	South Asia	PARUR_03
The professor wrote equations on the blackboard.	پروفیسر تختے تے مساوات لکھیاں۔	Brahui (Standard)	South Asia	PARUR_10
Spices add flavor to traditional dishes.	مصالحے روایتی کھاناں وچ ذائقہ ودیندے نیں۔	Brahui (Standard)	South Asia	PARUR_04
People celebrate festivals with great joy.	لوک ودی خوشی نال میلے منیندے نیں۔	Brahui (Standard)	South Asia	PARUR_03
Small businesses create employment opportunities.	نکیاں کاروبار روزگار دے موقعے پیدا کریندے نیں۔	Brahui (Standard)	South Asia	PARUR_07
The forest is home to many wild animals.	جنگل گھنے جنگلی جانوراں دا گھر اے۔	Brahui (Standard)	South Asia	PARUR_08
Digital payments have made transactions faster.	ڈیجیٹل ادائیگیاں معاملات تیز کیتے نیں۔	Brahui (Standard)	South Asia	PARUR_05
Eating fresh fruits provides essential vitamins.	تازہ پھل کھان ضروری وٹامن فراہم کریندے۔	Brahui (Standard)	South Asia	PARUR_06
Traditional music is important for our heritage.	روایتی موسیقی سادی ورثے کیتے اہم اے۔	Brahui (Standard)	South Asia	PARUR_03
Online shopping has become popular.	آن لائن خریداری مقبول تھی گئی اے۔	Brahui (Standard)	South Asia	PARUR_01
Cricket is a popular sport.	کرکٹ ہک مقبول کھیڈ اے۔	Brahui (Standard)	South Asia	PARUR_09
Learning a new language requires practice.	نوی زبان سکھن کیتے مشق دی لوڑ اے۔	Brahui (Standard)	South Asia	PARUR_03
Pollution in cities has become a serious problem.	شہراں وچ آلودگی ہک سنجیدہ مسئلہ بن گئی اے۔	Brahui (Standard)	South Asia	PARUR_07
Digital payments have made transactions faster.	ڈیجیٹل ادائیگیاں معاملات تیز کیتے نیں۔	Brahui (Standard)	South Asia	PARUR_01
She cooked delicious biryani for the family.	اوں خاندان کیتے مزیدار بریانی پکائی۔	Brahui (Standard)	South Asia	PARUR_08
The river flows peacefully through the valley.	دریا وادی وچ پرامن طریقے نال وہندی اے۔	Brahui (Standard)	South Asia	PARUR_06
Birds were chirping in the trees.	پنچھی رکھاں وچ چہچہا رہے ہن۔	Brahui (Standard)	South Asia	PARUR_10
Agriculture remains the primary source of income.	زراعت آمدنی دا بنیادی ذریعہ رہندی اے۔	Brahui (Standard)	South Asia	PARUR_09
Teachers shape young minds.	استاد نوجوان ذہناں کوں شکل دیندے نیں۔	Brahui (Standard)	South Asia	PARUR_02
Farmers planted rice in the flooded fields.	کسان پانی والے کھیتراں وچ چاول پوکے۔	Brahui (Standard)	South Asia	PARUR_08
Sports teach teamwork and discipline.	کھیڈاں ٹیم ورک تے نظم و ضبط سکھیندیاں نیں۔	Brahui (Standard)	South Asia	PARUR_04
Clear communication prevents misunderstandings.	صاف رابطہ غلط فہمیاں کوں روکیندے۔	Brahui (Standard)	South Asia	PARUR_02
The market was crowded with people.	بازار لوکاں نال بھریا ہویا ہا۔	Brahui (Standard)	South Asia	PARUR_02
The professor wrote equations on the blackboard.	پروفیسر تختے تے مساوات لکھیاں۔	Brahui (Standard)	South Asia	PARUR_07
Eating fresh fruits provides essential vitamins.	تازہ پھل کھان ضروری وٹامن فراہم کریندے۔	Brahui (Standard)	South Asia	PARUR_01
Spices add flavor to traditional dishes.	مصالحے روایتی کھاناں وچ ذائقہ ودیندے نیں۔	Brahui (Standard)	South Asia	PARUR_02
Children were playing cricket in the street.	بچے سڑک تے کرکٹ کھیڈدے پئے ہن۔	Brahui (Standard)	South Asia	PARUR_03
Smartphones have changed how people communicate.	اسمارٹ فوناں نے لوکاں دے رابطے دے طریقے کوں تبدیل کیتا اے۔	Brahui (Standard)	South Asia	PARUR_05
The internet connects people across continents.	انٹرنیٹ براعظماں وچ لوکاں کوں جوڑیندے۔	Brahui (Standard)	South Asia	PARUR_01
Train journeys offer scenic views.	ریل دے سفر منظراں دے نظارے پیش کریندے نیں۔	Brahui (Standard)	South Asia	PARUR_04
Handicrafts showcase artistic traditions.	ہتھکاریاں فنکارانہ روایات دکھیندیاں نیں۔	Brahui (Standard)	South Asia	PARUR_07
Doctors work long hours to treat patients.	ڈاکٹر مریضاں دا علاج کرن کیتے لمبیاں گھڑیاں کم کریندے نیں۔	Brahui (Standard)	South Asia	PARUR_01
Small businesses create employment opportunities.	نکیاں کاروبار روزگار دے موقعے پیدا کریندے نیں۔	Brahui (Standard)	South Asia	PARUR_04
Students gathered in the library.	طالب علم لائبریری وچ گڈے تھئے۔	Brahui (Standard)	South Asia	PARUR_07
Parents sacrifice their own needs for children.	والدین بچیاں کیتے اپنیاں ضرورتاں قربان کریندے نیں۔	Brahui (Standard)	South Asia	PARUR_01
Traditional music is important for our heritage.	روایتی موسیقی سادی ورثے کیتے اہم اے۔	Brahui (Standard)	South Asia	PARUR_09
Farmers wake up early to tend to crops.	کسان فصلاں دی سنبھال کیتے جلدی اٹھدے نیں۔	Brahui (Standard)	South Asia	PARUR_03
Respecting elders is an important value.	بزرگاں دا احترام ہک اہم قدر اے۔	Brahui (Standard)	South Asia	PARUR_08
Storytelling preserves culture and knowledge.	کہانی سناون ثقافت تے علم کوں محفوظ رکھیندے۔	Brahui (Standard)	South Asia	PARUR_09
Reading books improves vocabulary.	کتاباں پڑھن ذخیرہ الفاظ بہتر بنیندے۔	Brahui (Standard)	South Asia	PARUR_02
Cooking together brings family members closer.	گڈے کھان پکاون خاندان دے ممبراں کوں نیڑے لیندے۔	Brahui (Standard)	South Asia	PARUR_06
People travel long distances to visit religious sites.	لوک مذہبی تھانواں دیکھن کیتے لمبیاں دوریاں طے کریندے نیں۔	Brahui (Standard)	South Asia	PARUR_08
We decided to visit the old temple.	اساں پرانے مندر دیکھن دا فیصلہ کیتا۔	Brahui (Standard)	South Asia	PARUR_06
Education opens doors to opportunities.	تعلیم موقعاں دے دروازے کولیندی اے۔	Brahui (Standard)	South Asia	PARUR_09
Tourism brings revenue to regions with historical sites.	سیاحت تاریخی تھانواں والے علاقیاں کوں آمدنی لیندی اے۔	Brahui (Standard)	South Asia	PARUR_05
I woke up early this morning.	من اڄ صبح جلدی اٹھیا۔	Brahui (Standard)	South Asia	PARUR_10
Elderly people share wisdom and stories.	بزرگ لوک حکمت تے کہانیاں سانجھیاں کریندے نیں۔	Brahui (Standard)	South Asia	PARUR_09
The teacher explained the lesson patiently.	استاد صبر نال سبق سمجھایا۔	Brahui (Standard)	South Asia	PARUR_08
After finishing his work, he sat down.	اپنا کم مکمل کرن دے بعد، او بیٹھ گیا۔	Brahui (Standard)	South Asia	PARUR_06
She walked slowly through the garden.	اوں باغ وچ آہستہ آہستہ ٹردی۔	Brahui (Standard)	South Asia	PARUR_06
She received a scholarship to study medicine.	اوں طب دی تعلیم کیتے اسکالرشپ حاصل کیتی۔	Brahui (Standard)	South Asia	PARUR_03
Tea is served to guests as a gesture of hospitality.	مہماناں کوں مہمان نوازی دی نشانی دے طور تے چاہ پیش کیتی ویندی اے۔	Brahui (Standard)	South Asia	PARUR_09
Regular exercise helps maintain good health.	منظم ورزش چنگی صحت برقرار رکھن وچ مدد کریندی اے۔	Brahui (Standard)	South Asia	PARUR_02
People celebrate festivals with great joy.	لوک ودی خوشی نال میلے منیندے نیں۔	Brahui (Standard)	South Asia	PARUR_01
The school organized a science fair.	سکول نے سائنس میلہ منظم کیتا۔	Brahui (Standard)	South Asia	PARUR_10
Children learn best when they are interested.	بچے بہترین سکھدے نیں جدوں اوہ دلچسپی رکھدے نیں۔	Brahui (Standard)	South Asia	PARUR_04
Family members support each other during difficult times.	خاندان دے ممبر مشکل وختاں وچ ہک دوجھے دی مدد کریندے نیں۔	Brahui (Standard)	South Asia	PARUR_02
The forest is home to many wild animals.	جنگل گھنے جنگلی جانوراں دا گھر اے۔	Brahui (Standard)	South Asia	PARUR_10
My grandmother told me stories.	میری دادی نے مینوں کہانیاں سنایاں۔	Brahui (Standard)	South Asia	PARUR_10
Doctors recommend drinking plenty of water.	ڈاکٹر گھنے پانی پیون دی صلاح دیندے نیں۔	Brahui (Standard)	South Asia	PARUR_04
The bus arrived late.	بس ڈیر نال پہنچی۔	Brahui (Standard)	South Asia	PARUR_09
The wedding ceremony lasted three days.	شادی دی تقریب ترئے دینہہ چلی۔	Brahui (Standard)	South Asia	PARUR_10
Doctors work long hours to treat patients.	ڈاکٹر مریضاں دا علاج کرن کیتے لمبیاں گھڑیاں کم کریندے نیں۔	Brahui (Standard)	South Asia	PARUR_07
Clear communication prevents misunderstandings.	صاف رابطہ غلط فہمیاں کوں روکیندے۔	Brahui (Standard)	South Asia	PARUR_04
Children were playing cricket in the street.	بچے سڑک تے کرکٹ کھیڈدے پئے ہن۔	Brahui (Standard)	South Asia	PARUR_06
Cooking together brings family members closer.	گڈے کھان پکاون خاندان دے ممبراں کوں نیڑے لیندے۔	Brahui (Standard)	South Asia	PARUR_06
Online shopping has become popular.	آن لائن خریداری مقبول تھی گئی اے۔	Brahui (Standard)	South Asia	PARUR_03
Tea is served to guests as a gesture of hospitality.	مہماناں کوں مہمان نوازی دی نشانی دے طور تے چاہ پیش کیتی ویندی اے۔	Brahui (Standard)	South Asia	PARUR_04
After finishing his work, he sat down.	اپنا کم مکمل کرن دے بعد، او بیٹھ گیا۔	Brahui (Standard)	South Asia	PARUR_02
People travel long distances to visit religious sites.	لوک مذہبی تھانواں دیکھن کیتے لمبیاں دوریاں طے کریندے نیں۔	Brahui (Standard)	South Asia	PARUR_04
Storytelling preserves culture and knowledge.	کہانی سناون ثقافت تے علم کوں محفوظ رکھیندے۔	Brahui (Standard)	South Asia	PARUR_04
Reading books improves vocabulary.	کتاباں پڑھن ذخیرہ الفاظ بہتر بنیندے۔	Brahui (Standard)	South Asia	PARUR_06
People celebrate festivals with great joy.	لوک ودی خوشی نال میلے منیندے نیں۔	Brahui (Standard)	South Asia	PARUR_09
I woke up early this morning.	من اڄ صبح جلدی اٹھیا۔	Brahui (Standard)	South Asia	PARUR_07
Digital payments have made transactions faster.	ڈیجیٹل ادائیگیاں معاملات تیز کیتے نیں۔	Brahui (Standard)	South Asia	PARUR_03
Cricket is a popular sport.	کرکٹ ہک مقبول کھیڈ اے۔	Brahui (Standard)	South Asia	PARUR_07
My grandmother told me stories.	میری دادی نے مینوں کہانیاں سنایاں۔	Brahui (Standard)	South Asia	PARUR_09
The market was crowded with people.	بازار لوکاں نال بھریا ہویا ہا۔	Brahui (Standard)	South Asia	PARUR_06
She received a scholarship to study medicine.	اوں طب دی تعلیم کیتے اسکالرشپ حاصل کیتی۔	Brahui (Standard)	South Asia	PARUR_01
Learning a new language requires practice.	نوی زبان سکھن کیتے مشق دی لوڑ اے۔	Brahui (Standard)	South Asia	PARUR_04
Traditional music is important for our heritage.	روایتی موسیقی سادی ورثے کیتے اہم اے۔	Brahui (Standard)	South Asia	PARUR_09
Agriculture remains the primary source of income.	زراعت آمدنی دا بنیادی ذریعہ رہندی اے۔	Brahui (Standard)	South Asia	PARUR_06
Education opens doors to opportunities.	تعلیم موقعاں دے دروازے کولیندی اے۔	Brahui (Standard)	South Asia	PARUR_01
She cooked delicious biryani for the family.	اوں خاندان کیتے مزیدار بریانی پکائی۔	Brahui (Standard)	South Asia	PARUR_05
Teachers shape young minds.	استاد نوجوان ذہناں کوں شکل دیندے نیں۔	Brahui (Standard)	South Asia	PARUR_05
Elderly people share wisdom and stories.	بزرگ لوک حکمت تے کہانیاں سانجھیاں کریندے نیں۔	Brahui (Standard)	South Asia	PARUR_09
Birds were chirping in the trees.	پنچھی رکھاں وچ چہچہا رہے ہن۔	Brahui (Standard)	South Asia	PARUR_07
The professor wrote equations on the blackboard.	پروفیسر تختے تے مساوات لکھیاں۔	Brahui (Standard)	South Asia	PARUR_01
Children learn best when they are interested.	بچے بہترین سکھدے نیں جدوں اوہ دلچسپی رکھدے نیں۔	Brahui (Standard)	South Asia	PARUR_02
Spices add flavor to traditional dishes.	مصالحے روایتی کھاناں وچ ذائقہ ودیندے نیں۔	Brahui (Standard)	South Asia	PARUR_01
Students gathered in the library.	طالب علم لائبریری وچ گڈے تھئے۔	Brahui (Standard)	South Asia	PARUR_02
We decided to visit the old temple.	اساں پرانے مندر دیکھن دا فیصلہ کیتا۔	Brahui (Standard)	South Asia	PARUR_07
The teacher explained the lesson patiently.	استاد صبر نال سبق سمجھایا۔	Brahui (Standard)	South Asia	PARUR_04
Respecting elders is an important value.	بزرگاں دا احترام ہک اہم قدر اے۔	Brahui (Standard)	South Asia	PARUR_03
Farmers wake up early to tend to crops.	کسان فصلاں دی سنبھال کیتے جلدی اٹھدے نیں۔	Brahui (Standard)	South Asia	PARUR_10
Family members support each other during difficult times.	خاندان دے ممبر مشکل وختاں وچ ہک دوجھے دی مدد کریندے نیں۔	Brahui (Standard)	South Asia	PARUR_01
Regular exercise helps maintain good health.	منظم ورزش چنگی صحت برقرار رکھن وچ مدد کریندی اے۔	Brahui (Standard)	South Asia	PARUR_01
Parents sacrifice their own needs for children.	والدین بچیاں کیتے اپنیاں ضرورتاں قربان کریندے نیں۔	Brahui (Standard)	South Asia	PARUR_01
Farmers planted rice in the flooded fields.	کسان پانی والے کھیتراں وچ چاول پوکے۔	Brahui (Standard)	South Asia	PARUR_05
Sports teach teamwork and discipline.	کھیڈاں ٹیم ورک تے نظم و ضبط سکھیندیاں نیں۔	Brahui (Standard)	South Asia	PARUR_03
She walked slowly through the garden.	اوں باغ وچ آہستہ آہستہ ٹردی۔	Brahui (Standard)	South Asia	PARUR_02
Pollution in cities has become a serious problem.	شہراں وچ آلودگی ہک سنجیدہ مسئلہ بن گئی اے۔	Brahui (Standard)	South Asia	PARUR_10
Tourism brings revenue to regions with historical sites.	سیاحت تاریخی تھانواں والے علاقیاں کوں آمدنی لیندی اے۔	Brahui (Standard)	South Asia	PARUR_10
Smartphones have changed how people communicate.	اسمارٹ فوناں نے لوکاں دے رابطے دے طریقے کوں تبدیل کیتا اے۔	Brahui (Standard)	South Asia	PARUR_09
The wedding ceremony lasted three days.	شادی دی تقریب ترئے دینہہ چلی۔	Brahui (Standard)	South Asia	PARUR_10
The bus arrived late.	بس ڈیر نال پہنچی۔	Brahui (Standard)	South Asia	PARUR_04
Train journeys offer scenic views.	ریل دے سفر منظراں دے نظارے پیش کریندے نیں۔	Brahui (Standard)	South Asia	PARUR_10
The internet connects people across continents.	انٹرنیٹ براعظماں وچ لوکاں کوں جوڑیندے۔	Brahui (Standard)	South Asia	PARUR_07
The river flows peacefully through the valley.	دریا وادی وچ پرامن طریقے نال وہندی اے۔	Brahui (Standard)	South Asia	PARUR_01
Doctors recommend drinking plenty of water.	ڈاکٹر گھنے پانی پیون دی صلاح دیندے نیں۔	Brahui (Standard)	South Asia	PARUR_08
The forest is home to many wild animals.	جنگل گھنے جنگلی جانوراں دا گھر اے۔	Brahui (Standard)	South Asia	PARUR_04
Eating fresh fruits provides essential vitamins.	تازہ پھل کھان ضروری وٹامن فراہم کریندے۔	Brahui (Standard)	South Asia	PARUR_04
The school organized a science fair.	سکول نے سائنس میلہ منظم کیتا۔	Brahui (Standard)	South Asia	PARUR_02
Handicrafts showcase artistic traditions.	ہتھکاریاں فنکارانہ روایات دکھیندیاں نیں۔	Brahui (Standard)	South Asia	PARUR_03
Small businesses create employment opportunities.	نکیاں کاروبار روزگار دے موقعے پیدا کریندے نیں۔	Brahui (Standard)	South Asia	PARUR_06
Eating fresh fruits provides essential vitamins.	تازہ پھل کھان ضروری وٹامن فراہم کریندے۔	Brahui (Standard)	South Asia	PARUR_07
The teacher explained the lesson patiently.	استاد صبر نال سبق سمجھایا۔	Brahui (Standard)	South Asia	PARUR_07
She received a scholarship to study medicine.	اوں طب دی تعلیم کیتے اسکالرشپ حاصل کیتی۔	Brahui (Standard)	South Asia	PARUR_02
Smartphones have changed how people communicate.	اسمارٹ فوناں نے لوکاں دے رابطے دے طریقے کوں تبدیل کیتا اے۔	Brahui (Standard)	South Asia	PARUR_05
Family members support each other during difficult times.	خاندان دے ممبر مشکل وختاں وچ ہک دوجھے دی مدد کریندے نیں۔	Brahui (Standard)	South Asia	PARUR_03
Tourism brings revenue to regions with historical sites.	سیاحت تاریخی تھانواں والے علاقیاں کوں آمدنی لیندی اے۔	Brahui (Standard)	South Asia	PARUR_01
Cooking together brings family members closer.	گڈے کھان پکاون خاندان دے ممبراں کوں نیڑے لیندے۔	Brahui (Standard)	South Asia	PARUR_07
We decided to visit the old temple.	اساں پرانے مندر دیکھن دا فیصلہ کیتا۔	Brahui (Standard)	South Asia	PARUR_03
Pollution in cities has become a serious problem.	شہراں وچ آلودگی ہک سنجیدہ مسئلہ بن گئی اے۔	Brahui (Standard)	South Asia	PARUR_02
My grandmother told me stories.	میری دادی نے مینوں کہانیاں سنایاں۔	Brahui (Standard)	South Asia	PARUR_05
Elderly people share wisdom and stories.	بزرگ لوک حکمت تے کہانیاں سانجھیاں کریندے نیں۔	Brahui (Standard)	South Asia	PARUR_01
Traditional music is important for our heritage.	روایتی موسیقی سادی ورثے کیتے اہم اے۔	Brahui (Standard)	South Asia	PARUR_03
Tea is served to guests as a gesture of hospitality.	مہماناں کوں مہمان نوازی دی نشانی دے طور تے چاہ پیش کیتی ویندی اے۔	Brahui (Standard)	South Asia	PARUR_05
Farmers wake up early to tend to crops.	کسان فصلاں دی سنبھال کیتے جلدی اٹھدے نیں۔	Brahui (Standard)	South Asia	PARUR_10
Birds were chirping in the trees.	پنچھی رکھاں وچ چہچہا رہے ہن۔	Brahui (Standard)	South Asia	PARUR_10
Clear communication prevents misunderstandings.	صاف رابطہ غلط فہمیاں کوں روکیندے۔	Brahui (Standard)	South Asia	PARUR_09
Students gathered in the library.	طالب علم لائبریری وچ گڈے تھئے۔	Brahui (Standard)	South Asia	PARUR_09
The professor wrote equations on the blackboard.	پروفیسر تختے تے مساوات لکھیاں۔	Brahui (Standard)	South Asia	PARUR_10
The internet connects people across continents.	انٹرنیٹ براعظماں وچ لوکاں کوں جوڑیندے۔	Brahui (Standard)	South Asia	PARUR_04
I woke up early this morning.	من اڄ صبح جلدی اٹھیا۔	Brahui (Standard)	South Asia	PARUR_05
Doctors work long hours to treat patients.	ڈاکٹر مریضاں دا علاج کرن کیتے لمبیاں گھڑیاں کم کریندے نیں۔	Brahui (Standard)	South Asia	PARUR_03
Learning a new language requires practice.	نوی زبان سکھن کیتے مشق دی لوڑ اے۔	Brahui (Standard)	South Asia	PARUR_02
The wedding ceremony lasted three days.	شادی دی تقریب ترئے دینہہ چلی۔	Brahui (Standard)	South Asia	PARUR_08
The school organized a science fair.	سکول نے سائنس میلہ منظم کیتا۔	Brahui (Standard)	South Asia	PARUR_02
Sports teach teamwork and discipline.	کھیڈاں ٹیم ورک تے نظم و ضبط سکھیندیاں نیں۔	Brahui (Standard)	South Asia	PARUR_02
The river flows peacefully through the valley.	دریا وادی وچ پرامن طریقے نال وہندی اے۔	Brahui (Standard)	South Asia	PARUR_06
Teachers shape young minds.	استاد نوجوان ذہناں کوں شکل دیندے نیں۔	Brahui (Standard)	South Asia	PARUR_03
Children were playing cricket in the street.	بچے سڑک تے کرکٹ کھیڈدے پئے ہن۔	Brahui (Standard)	South Asia	PARUR_03
The forest is home to many wild animals.	جنگل گھنے جنگلی جانوراں دا گھر اے۔	Brahui (Standard)	South Asia	PARUR_04
Small businesses create employment opportunities.	نکیاں کاروبار روزگار دے موقعے پیدا کریندے نیں۔	Brahui (Standard)	South Asia	PARUR_02
Children learn best when they are interested.	بچے بہترین سکھدے نیں جدوں اوہ دلچسپی رکھدے نیں۔	Brahui (Standard)	South Asia	PARUR_03
Handicrafts showcase artistic traditions.	ہتھکاریاں فنکارانہ روایات دکھیندیاں نیں۔	Brahui (Standard)	South Asia	PARUR_09
People celebrate festivals with great joy.	لوک ودی خوشی نال میلے منیندے نیں۔	Brahui (Standard)	South Asia	PARUR_05
People travel long distances to visit religious sites.	لوک مذہبی تھانواں دیکھن کیتے لمبیاں دوریاں طے کریندے نیں۔	Brahui (Standard)	South Asia	PARUR_02
Farmers planted rice in the flooded fields.	کسان پانی والے کھیتراں وچ چاول پوکے۔	Brahui (Standard)	South Asia	PARUR_06
Respecting elders is an important value.	بزرگاں دا احترام ہک اہم قدر اے۔	Brahui (Standard)	South Asia	PARUR_03
Parents sacrifice their own needs for children.	والدین بچیاں کیتے اپنیاں ضرورتاں قربان کریندے نیں۔	Brahui (Standard)	South Asia	PARUR_08
Doctors recommend drinking plenty of water.	ڈاکٹر گھنے پانی پیون دی صلاح دیندے نیں۔	Brahui (Standard)	South Asia	PARUR_08
Agriculture remains the primary source of income.	زراعت آمدنی دا بنیادی ذریعہ رہندی اے۔	Brahui (Standard)	South Asia	PARUR_07
Online shopping has become popular.	آن لائن خریداری مقبول تھی گئی اے۔	Brahui (Standard)	South Asia	PARUR_06
Regular exercise helps maintain good health.	منظم ورزش چنگی صحت برقرار رکھن وچ مدد کریندی اے۔	Brahui (Standard)	South Asia	PARUR_06
After finishing his work, he sat down.	اپنا کم مکمل کرن دے بعد، او بیٹھ گیا۔	Brahui (Standard)	South Asia	PARUR_10
Spices add flavor to traditional dishes.	مصالحے روایتی کھاناں وچ ذائقہ ودیندے نیں۔	Brahui (Standard)	South Asia	PARUR_03
Reading books improves vocabulary.	کتاباں پڑھن ذخیرہ الفاظ بہتر بنیندے۔	Brahui (Standard)	South Asia	PARUR_06
She cooked delicious biryani for the family.	اوں خاندان کیتے مزیدار بریانی پکائی۔	Brahui (Standard)	South Asia	PARUR_04
The market was crowded with people.	بازار لوکاں نال بھریا ہویا ہا۔	Brahui (Standard)	South Asia	PARUR_03
Education opens doors to opportunities.	تعلیم موقعاں دے دروازے کولیندی اے۔	Brahui (Standard)	South Asia	PARUR_05
The bus arrived late.	بس ڈیر نال پہنچی۔	Brahui (Standard)	South Asia	PARUR_03
Storytelling preserves culture and knowledge.	کہانی سناون ثقافت تے علم کوں محفوظ رکھیندے۔	Brahui (Standard)	South Asia	PARUR_06
She walked slowly through the garden.	اوں باغ وچ آہستہ آہستہ ٹردی۔	Brahui (Standard)	South Asia	PARUR_05
Cricket is a popular sport.	کرکٹ ہک مقبول کھیڈ اے۔	Brahui (Standard)	South Asia	PARUR_08
Digital payments have made transactions faster.	ڈیجیٹل ادائیگیاں معاملات تیز کیتے نیں۔	Brahui (Standard)	South Asia	PARUR_06
Train journeys offer scenic views.	ریل دے سفر منظراں دے نظارے پیش کریندے نیں۔	Brahui (Standard)	South Asia	PARUR_10
Cooking together brings family members closer.	گڈے کھان پکاون خاندان دے ممبراں کوں نیڑے لیندے۔	Brahui (Standard)	South Asia	PARUR_06
Education opens doors to opportunities.	تعلیم موقعاں دے دروازے کولیندی اے۔	Brahui (Standard)	South Asia	PARUR_08
Learning a new language requires practice.	نوی زبان سکھن کیتے مشق دی لوڑ اے۔	Brahui (Standard)	South Asia	PARUR_07
Teachers shape young minds.	استاد نوجوان ذہناں کوں شکل دیندے نیں۔	Brahui (Standard)	South Asia	PARUR_03
Reading books improves vocabulary.	کتاباں پڑھن ذخیرہ الفاظ بہتر بنیندے۔	Brahui (Standard)	South Asia	PARUR_05
Smartphones have changed how people communicate.	اسمارٹ فوناں نے لوکاں دے رابطے دے طریقے کوں تبدیل کیتا اے۔	Brahui (Standard)	South Asia	PARUR_10
Small businesses create employment opportunities.	نکیاں کاروبار روزگار دے موقعے پیدا کریندے نیں۔	Brahui (Standard)	South Asia	PARUR_03
After finishing his work, he sat down.	اپنا کم مکمل کرن دے بعد، او بیٹھ گیا۔	Brahui (Standard)	South Asia	PARUR_10
The internet connects people across continents.	انٹرنیٹ براعظماں وچ لوکاں کوں جوڑیندے۔	Brahui (Standard)	South Asia	PARUR_09
Doctors work long hours to treat patients.	ڈاکٹر مریضاں دا علاج کرن کیتے لمبیاں گھڑیاں کم کریندے نیں۔	Brahui (Standard)	South Asia	PARUR_10
We decided to visit the old temple.	اساں پرانے مندر دیکھن دا فیصلہ کیتا۔	Brahui (Standard)	South Asia	PARUR_07
Cricket is a popular sport.	کرکٹ ہک مقبول کھیڈ اے۔	Brahui (Standard)	South Asia	PARUR_02
The professor wrote equations on the blackboard.	پروفیسر تختے تے مساوات لکھیاں۔	Brahui (Standard)	South Asia	PARUR_09
She walked slowly through the garden.	اوں باغ وچ آہستہ آہستہ ٹردی۔	Brahui (Standard)	South Asia	PARUR_08
Doctors recommend drinking plenty of water.	ڈاکٹر گھنے پانی پیون دی صلاح دیندے نیں۔	Brahui (Standard)	South Asia	PARUR_06
I woke up early this morning.	من اڄ صبح جلدی اٹھیا۔	Brahui (Standard)	South Asia	PARUR_03
Train journeys offer scenic views.	ریل دے سفر منظراں دے نظارے پیش کریندے نیں۔	Brahui (Standard)	South Asia	PARUR_09
Handicrafts showcase artistic traditions.	ہتھکاریاں فنکارانہ روایات دکھیندیاں نیں۔	Brahui (Standard)	South Asia	PARUR_09
Spices add flavor to traditional dishes.	مصالحے روایتی کھاناں وچ ذائقہ ودیندے نیں۔	Brahui (Standard)	South Asia	PARUR_03
The market was crowded with people.	بازار لوکاں نال بھریا ہویا ہا۔	Brahui (Standard)	South Asia	PARUR_09
Farmers wake up early to tend to crops.	کسان فصلاں دی سنبھال کیتے جلدی اٹھدے نیں۔	Brahui (Standard)	South Asia	PARUR_02
Family members support each other during difficult times.	خاندان دے ممبر مشکل وختاں وچ ہک دوجھے دی مدد کریندے نیں۔	Brahui (Standard)	South Asia	PARUR_08
The school organized a science fair.	سکول نے سائنس میلہ منظم کیتا۔	Brahui (Standard)	South Asia	PARUR_01
Children learn best when they are interested.	بچے بہترین سکھدے نیں جدوں اوہ دلچسپی رکھدے نیں۔	Brahui (Standard)	South Asia	PARUR_03
She received a scholarship to study medicine.	اوں طب دی تعلیم کیتے اسکالرشپ حاصل کیتی۔	Brahui (Standard)	South Asia	PARUR_07
Regular exercise helps maintain good health.	منظم ورزش چنگی صحت برقرار رکھن وچ مدد کریندی اے۔	Brahui (Standard)	South Asia	PARUR_03
Birds were chirping in the trees.	پنچھی رکھاں وچ چہچہا رہے ہن۔	Brahui (Standard)	South Asia	PARUR_05
People celebrate festivals with great joy.	لوک ودی خوشی نال میلے منیندے نیں۔	Brahui (Standard)	South Asia	PARUR_06
Farmers planted rice in the flooded fields.	کسان پانی والے کھیتراں وچ چاول پوکے۔	Brahui (Standard)	South Asia	PARUR_09
Students gathered in the library.	طالب علم لائبریری وچ گڈے تھئے۔	Brahui (Standard)	South Asia	PARUR_06
Elderly people share wisdom and stories.	بزرگ لوک حکمت تے کہانیاں سانجھیاں کریندے نیں۔	Brahui (Standard)	South Asia	PARUR_03
Clear communication prevents misunderstandings.	صاف رابطہ غلط فہمیاں کوں روکیندے۔	Brahui (Standard)	South Asia	PARUR_03
Children were playing cricket in the street.	بچے سڑک تے کرکٹ کھیڈدے پئے ہن۔	Brahui (Standard)	South Asia	PARUR_05
People travel long distances to visit religious sites.	لوک مذہبی تھانواں دیکھن کیتے لمبیاں دوریاں طے کریندے نیں۔	Brahui (Standard)	South Asia	PARUR_04
The wedding ceremony lasted three days.	شادی دی تقریب ترئے دینہہ چلی۔	Brahui (Standard)	South Asia	PARUR_02
The river flows peacefully through the valley.	دریا وادی وچ پرامن طریقے نال وہندی اے۔	Brahui (Standard)	South Asia	PARUR_07
Tea is served to guests as a gesture of hospitality.	مہماناں کوں مہمان نوازی دی نشانی دے طور تے چاہ پیش کیتی ویندی اے۔	Brahui (Standard)	South Asia	PARUR_08
She cooked delicious biryani for the family.	اوں خاندان کیتے مزیدار بریانی پکائی۔	Brahui (Standard)	South Asia	PARUR_03
Pollution in cities has become a serious problem.	شہراں وچ آلودگی ہک سنجیدہ مسئلہ بن گئی اے۔	Brahui (Standard)	South Asia	PARUR_01
Tourism brings revenue to regions with historical sites.	سیاحت تاریخی تھانواں والے علاقیاں کوں آمدنی لیندی اے۔	Brahui (Standard)	South Asia	PARUR_09
Traditional music is important for our heritage.	روایتی موسیقی سادی ورثے کیتے اہم اے۔	Brahui (Standard)	South Asia	PARUR_04
Online shopping has become popular.	آن لائن خریداری مقبول تھی گئی اے۔	Brahui (Standard)	South Asia	PARUR_09
Respecting elders is an important value.	بزرگاں دا احترام ہک اہم قدر اے۔	Brahui (Standard)	South Asia	PARUR_09
The teacher explained the lesson patiently.	استاد صبر نال سبق سمجھایا۔	Brahui (Standard)	South Asia	PARUR_09
Sports teach teamwork and discipline.	کھیڈاں ٹیم ورک تے نظم و ضبط سکھیندیاں نیں۔	Brahui (Standard)	South Asia	PARUR_05
Storytelling preserves culture and knowledge.	کہانی سناون ثقافت تے علم کوں محفوظ رکھیندے۔	Brahui (Standard)	South Asia	PARUR_07
The bus arrived late.	بس ڈیر نال پہنچی۔	Brahui (Standard)	South Asia	PARUR_02
Agriculture remains the primary source of income.	زراعت آمدنی دا بنیادی ذریعہ رہندی اے۔	Brahui (Standard)	South Asia	PARUR_01
Eating fresh fruits provides essential vitamins.	تازہ پھل کھان ضروری وٹامن فراہم کریندے۔	Brahui (Standard)	South Asia	PARUR_09
The forest is home to many wild animals.	جنگل گھنے جنگلی جانوراں دا گھر اے۔	Brahui (Standard)	South Asia	PARUR_07
Parents sacrifice their own needs for children.	والدین بچیاں کیتے اپنیاں ضرورتاں قربان کریندے نیں۔	Brahui (Standard)	South Asia	PARUR_03
Digital payments have made transactions faster.	ڈیجیٹل ادائیگیاں معاملات تیز کیتے نیں۔	Brahui (Standard)	South Asia	PARUR_03
My grandmother told me stories.	میری دادی نے مینوں کہانیاں سنایاں۔	Brahui (Standard)	South Asia	PARUR_07
The professor wrote equations on the blackboard.	پروفیسر تختے تے مساوات لکھیاں۔	Brahui (Standard)	South Asia	PARUR_06
The school organized a science fair.	سکول نے سائنس میلہ منظم کیتا۔	Brahui (Standard)	South Asia	PARUR_10
Farmers planted rice in the flooded fields.	کسان پانی والے کھیتراں وچ چاول پوکے۔	Brahui (Standard)	South Asia	PARUR_02
Handicrafts showcase artistic traditions.	ہتھکاریاں فنکارانہ روایات دکھیندیاں نیں۔	Brahui (Standard)	South Asia	PARUR_10
Cricket is a popular sport.	کرکٹ ہک مقبول کھیڈ اے۔	Brahui (Standard)	South Asia	PARUR_05
Education opens doors to opportunities.	تعلیم موقعاں دے دروازے کولیندی اے۔	Brahui (Standard)	South Asia	PARUR_01
Students gathered in the library.	طالب علم لائبریری وچ گڈے تھئے۔	Brahui (Standard)	South Asia	PARUR_07
The bus arrived late.	بس ڈیر نال پہنچی۔	Brahui (Standard)	South Asia	PARUR_07
I woke up early this morning.	من اڄ صبح جلدی اٹھیا۔	Brahui (Standard)	South Asia	PARUR_10
Family members support each other during difficult times.	خاندان دے ممبر مشکل وختاں وچ ہک دوجھے دی مدد کریندے نیں۔	Brahui (Standard)	South Asia	PARUR_05
Smartphones have changed how people communicate.	اسمارٹ فوناں نے لوکاں دے رابطے دے طریقے کوں تبدیل کیتا اے۔	Brahui (Standard)	South Asia	PARUR_03
Regular exercise helps maintain good health.	منظم ورزش چنگی صحت برقرار رکھن وچ مدد کریندی اے۔	Brahui (Standard)	South Asia	PARUR_06
Cooking together brings family members closer.	گڈے کھان پکاون خاندان دے ممبراں کوں نیڑے لیندے۔	Brahui (Standard)	South Asia	PARUR_01
Sports teach teamwork and discipline.	کھیڈاں ٹیم ورک تے نظم و ضبط سکھیندیاں نیں۔	Brahui (Standard)	South Asia	PARUR_06
Teachers shape young minds.	استاد نوجوان ذہناں کوں شکل دیندے نیں۔	Brahui (Standard)	South Asia	PARUR_06
Reading books improves vocabulary.	کتاباں پڑھن ذخیرہ الفاظ بہتر بنیندے۔	Brahui (Standard)	South Asia	PARUR_07
Train journeys offer scenic views.	ریل دے سفر منظراں دے نظارے پیش کریندے نیں۔	Brahui (Standard)	South Asia	PARUR_03
People celebrate festivals with great joy.	لوک ودی خوشی نال میلے منیندے نیں۔	Brahui (Standard)	South Asia	PARUR_10
Children learn best when they are interested.	بچے بہترین سکھدے نیں جدوں اوہ دلچسپی رکھدے نیں۔	Brahui (Standard)	South Asia	PARUR_08
She received a scholarship to study medicine.	اوں طب دی تعلیم کیتے اسکالرشپ حاصل کیتی۔	Brahui (Standard)	South Asia	PARUR_06
She walked slowly through the garden.	اوں باغ وچ آہستہ آہستہ ٹردی۔	Brahui (Standard)	South Asia	PARUR_06
We decided to visit the old temple.	اساں پرانے مندر دیکھن دا فیصلہ کیتا۔	Brahui (Standard)	South Asia	PARUR_10
Doctors recommend drinking plenty of water.	ڈاکٹر گھنے پانی پیون دی صلاح دیندے نیں۔	Brahui (Standard)	South Asia	PARUR_04
Elderly people share wisdom and stories.	بزرگ لوک حکمت تے کہانیاں سانجھیاں کریندے نیں۔	Brahui (Standard)	South Asia	PARUR_04
Learning a new language requires practice.	نوی زبان سکھن کیتے مشق دی لوڑ اے۔	Brahui (Standard)	South Asia	PARUR_09
Agriculture remains the primary source of income.	زراعت آمدنی دا بنیادی ذریعہ رہندی اے۔	Brahui (Standard)	South Asia	PARUR_05
Tea is served to guests as a gesture of hospitality.	مہماناں کوں مہمان نوازی دی نشانی دے طور تے چاہ پیش کیتی ویندی اے۔	Brahui (Standard)	South Asia	PARUR_02
My grandmother told me stories.	میری دادی نے مینوں کہانیاں سنایاں۔	Brahui (Standard)	South Asia	PARUR_10
Farmers wake up early to tend to crops.	کسان فصلاں دی سنبھال کیتے جلدی اٹھدے نیں۔	Brahui (Standard)	South Asia	PARUR_07
Tourism brings revenue to regions with historical sites.	سیاحت تاریخی تھانواں والے علاقیاں کوں آمدنی لیندی اے۔	Brahui (Standard)	South Asia	PARUR_03
Clear communication prevents misunderstandings.	صاف رابطہ غلط فہمیاں کوں روکیندے۔	Brahui (Standard)	South Asia	PARUR_02
The market was crowded with people.	بازار لوکاں نال بھریا ہویا ہا۔	Brahui (Standard)	South Asia	PARUR_10
Doctors work long hours to treat patients.	ڈاکٹر مریضاں دا علاج کرن کیتے لمبیاں گھڑیاں کم کریندے نیں۔	Brahui (Standard)	South Asia	PARUR_09
The internet connects people across continents.	انٹرنیٹ براعظماں وچ لوکاں کوں جوڑیندے۔	Brahui (Standard)	South Asia	PARUR_06
The river flows peacefully through the valley.	دریا وادی وچ پرامن طریقے نال وہندی اے۔	Brahui (Standard)	South Asia	PARUR_02
Storytelling preserves culture and knowledge.	کہانی سناون ثقافت تے علم کوں محفوظ رکھیندے۔	Brahui (Standard)	South Asia	PARUR_06
Small businesses create employment opportunities.	نکیاں کاروبار روزگار دے موقعے پیدا کریندے نیں۔	Brahui (Standard)	South Asia	PARUR_06
The wedding ceremony lasted three days.	شادی دی تقریب ترئے دینہہ چلی۔	Brahui (Standard)	South Asia	PARUR_04
People travel long distances to visit religious sites.	لوک مذہبی تھانواں دیکھن کیتے لمبیاں دوریاں طے کریندے نیں۔	Brahui (Standard)	South Asia	PARUR_09
Birds were chirping in the trees.	پنچھی رکھاں وچ چہچہا رہے ہن۔	Brahui (Standard)	South Asia	PARUR_09
Respecting elders is an important value.	بزرگاں دا احترام ہک اہم قدر اے۔	Brahui (Standard)	South Asia	PARUR_05
Children were playing cricket in the street.	بچے سڑک تے کرکٹ کھیڈدے پئے ہن۔	Brahui (Standard)	South Asia	PARUR_07
Traditional music is important for our heritage.	روایتی موسیقی سادی ورثے کیتے اہم اے۔	Brahui (Standard)	South Asia	PARUR_10
Pollution in cities has become a serious problem.	شہراں وچ آلودگی ہک سنجیدہ مسئلہ بن گئی اے۔	Brahui (Standard)	South Asia	PARUR_08
Eating fresh fruits provides essential vitamins.	تازہ پھل کھان ضروری وٹامن فراہم کریندے۔	Brahui (Standard)	South Asia	PARUR_06
Online shopping has become popular.	آن لائن خریداری مقبول تھی گئی اے۔	Brahui (Standard)	South Asia	PARUR_04
The forest is home to many wild animals.	جنگل گھنے جنگلی جانوراں دا گھر اے۔	Brahui (Standard)	South Asia	PARUR_09
After finishing his work, he sat down.	اپنا کم مکمل کرن دے بعد، او بیٹھ گیا۔	Brahui (Standard)	South Asia	PARUR_05
She cooked delicious biryani for the family.	اوں خاندان کیتے مزیدار بریانی پکائی۔	Brahui (Standard)	South Asia	PARUR_08
The teacher explained the lesson patiently.	استاد صبر نال سبق سمجھایا۔	Brahui (Standard)	South Asia	PARUR_04
Digital payments have made transactions faster.	ڈیجیٹل ادائیگیاں معاملات تیز کیتے نیں۔	Brahui (Standard)	South Asia	PARUR_07
Parents sacrifice their own needs for children.	والدین بچیاں کیتے اپنیاں ضرورتاں قربان کریندے نیں۔	Brahui (Standard)	South Asia	PARUR_06
Spices add flavor to traditional dishes.	مصالحے روایتی کھاناں وچ ذائقہ ودیندے نیں۔	Brahui (Standard)	South Asia	PARUR_10
Farmers wake up early to tend to crops.	کسان فصلاں دی سنبھال کیتے جلدی اٹھدے نیں۔	Brahui (Standard)	South Asia	PARUR_03
Handicrafts showcase artistic traditions.	ہتھکاریاں فنکارانہ روایات دکھیندیاں نیں۔	Brahui (Standard)	South Asia	PARUR_08
Eating fresh fruits provides essential vitamins.	تازہ پھل کھان ضروری وٹامن فراہم کریندے۔	Brahui (Standard)	South Asia	PARUR_07
Smartphones have changed how people communicate.	اسمارٹ فوناں نے لوکاں دے رابطے دے طریقے کوں تبدیل کیتا اے۔	Brahui (Standard)	South Asia	PARUR_07
Pollution in cities has become a serious problem.	شہراں وچ آلودگی ہک سنجیدہ مسئلہ بن گئی اے۔	Brahui (Standard)	South Asia	PARUR_02
The wedding ceremony lasted three days.	شادی دی تقریب ترئے دینہہ چلی۔	Brahui (Standard)	South Asia	PARUR_02
I woke up early this morning.	من اڄ صبح جلدی اٹھیا۔	Brahui (Standard)	South Asia	PARUR_04
Respecting elders is an important value.	بزرگاں دا احترام ہک اہم قدر اے۔	Brahui (Standard)	South Asia	PARUR_02
Storytelling preserves culture and knowledge.	کہانی سناون ثقافت تے علم کوں محفوظ رکھیندے۔	Brahui (Standard)	South Asia	PARUR_08
Sports teach teamwork and discipline.	کھیڈاں ٹیم ورک تے نظم و ضبط سکھیندیاں نیں۔	Brahui (Standard)	South Asia	PARUR_07
Doctors work long hours to treat patients.	ڈاکٹر مریضاں دا علاج کرن کیتے لمبیاں گھڑیاں کم کریندے نیں۔	Brahui (Standard)	South Asia	PARUR_02
Family members support each other during difficult times.	خاندان دے ممبر مشکل وختاں وچ ہک دوجھے دی مدد کریندے نیں۔	Brahui (Standard)	South Asia	PARUR_06
The market was crowded with people.	بازار لوکاں نال بھریا ہویا ہا۔	Brahui (Standard)	South Asia	PARUR_09
The professor wrote equations on the blackboard.	پروفیسر تختے تے مساوات لکھیاں۔	Brahui (Standard)	South Asia	PARUR_07
Farmers planted rice in the flooded fields.	کسان پانی والے کھیتراں وچ چاول پوکے۔	Brahui (Standard)	South Asia	PARUR_06
Doctors recommend drinking plenty of water.	ڈاکٹر گھنے پانی پیون دی صلاح دیندے نیں۔	Brahui (Standard)	South Asia	PARUR_01
Students gathered in the library.	طالب علم لائبریری وچ گڈے تھئے۔	Brahui (Standard)	South Asia	PARUR_05
Small businesses create employment opportunities.	نکیاں کاروبار روزگار دے موقعے پیدا کریندے نیں۔	Brahui (Standard)	South Asia	PARUR_09
The river flows peacefully through the valley.	دریا وادی وچ پرامن طریقے نال وہندی اے۔	Brahui (Standard)	South Asia	PARUR_08
Elderly people share wisdom and stories.	بزرگ لوک حکمت تے کہانیاں سانجھیاں کریندے نیں۔	Brahui (Standard)	South Asia	PARUR_01
Teachers shape young minds.	استاد نوجوان ذہناں کوں شکل دیندے نیں۔	Brahui (Standard)	South Asia	PARUR_09
Agriculture remains the primary source of income.	زراعت آمدنی دا بنیادی ذریعہ رہندی اے۔	Brahui (Standard)	South Asia	PARUR_08
Cricket is a popular sport.	کرکٹ ہک مقبول کھیڈ اے۔	Brahui (Standard)	South Asia	PARUR_03
She cooked delicious biryani for the family.	اوں خاندان کیتے مزیدار بریانی پکائی۔	Brahui (Standard)	South Asia	PARUR_09
Tourism brings revenue to regions with historical sites.	سیاحت تاریخی تھانواں والے علاقیاں کوں آمدنی لیندی اے۔	Brahui (Standard)	South Asia	PARUR_05
Education opens doors to opportunities.	تعلیم موقعاں دے دروازے کولیندی اے۔	Brahui (Standard)	South Asia	PARUR_01
The bus arrived late.	بس ڈیر نال پہنچی۔	Brahui (Standard)	South Asia	PARUR_02
The internet connects people across continents.	انٹرنیٹ براعظماں وچ لوکاں کوں جوڑیندے۔	Brahui (Standard)	South Asia	PARUR_01
Parents sacrifice their own needs for children.	والدین بچیاں کیتے اپنیاں ضرورتاں قربان کریندے نیں۔	Brahui (Standard)	South Asia	PARUR_07
After finishing his work, he sat down.	اپنا کم مکمل کرن دے بعد، او بیٹھ گیا۔	Brahui (Standard)	South Asia	PARUR_08
Tea is served to guests as a gesture of hospitality.	مہماناں کوں مہمان نوازی دی نشانی دے طور تے چاہ پیش کیتی ویندی اے۔	Brahui (Standard)	South Asia	PARUR_07
Train journeys offer scenic views.	ریل دے سفر منظراں دے نظارے پیش کریندے نیں۔	Brahui (Standard)	South Asia	PARUR_05
The school organized a science fair.	سکول نے سائنس میلہ منظم کیتا۔	Brahui (Standard)	South Asia	PARUR_06
Clear communication prevents misunderstandings.	صاف رابطہ غلط فہمیاں کوں روکیندے۔	Brahui (Standard)	South Asia	PARUR_05
The forest is home to many wild animals.	جنگل گھنے جنگلی جانوراں دا گھر اے۔	Brahui (Standard)	South Asia	PARUR_01
The teacher explained the lesson patiently.	استاد صبر نال سبق سمجھایا۔	Brahui (Standard)	South Asia	PARUR_06
My grandmother told me stories.	میری دادی نے مینوں کہانیاں سنایاں۔	Brahui (Standard)	South Asia	PARUR_07
Children learn best when they are interested.	بچے بہترین سکھدے نیں جدوں اوہ دلچسپی رکھدے نیں۔	Brahui (Standard)	South Asia	PARUR_01
People travel long distances to visit religious sites.	لوک مذہبی تھانواں دیکھن کیتے لمبیاں دوریاں طے کریندے نیں۔	Brahui (Standard)	South Asia	PARUR_03
Digital payments have made transactions faster.	ڈیجیٹل ادائیگیاں معاملات تیز کیتے نیں۔	Brahui (Standard)	South Asia	PARUR_01
Regular exercise helps maintain good health.	منظم ورزش چنگی صحت برقرار رکھن وچ مدد کریندی اے۔	Brahui (Standard)	South Asia	PARUR_02
People celebrate festivals with great joy.	لوک ودی خوشی نال میلے منیندے نیں۔	Brahui (Standard)	South Asia	PARUR_09
Learning a new language requires practice.	نوی زبان سکھن کیتے مشق دی لوڑ اے۔	Brahui (Standard)	South Asia	PARUR_08
Children were playing cricket in the street.	بچے سڑک تے کرکٹ کھیڈدے پئے ہن۔	Brahui (Standard)	South Asia	PARUR_04
She received a scholarship to study medicine.	اوں طب دی تعلیم کیتے اسکالرشپ حاصل کیتی۔	Brahui (Standard)	South Asia	PARUR_03
She walked slowly through the garden.	اوں باغ وچ آہستہ آہستہ ٹردی۔	Brahui (Standard)	South Asia	PARUR_09
Online shopping has become popular.	آن لائن خریداری مقبول تھی گئی اے۔	Brahui (Standard)	South Asia	PARUR_06
Spices add flavor to traditional dishes.	مصالحے روایتی کھاناں وچ ذائقہ ودیندے نیں۔	Brahui (Standard)	South Asia	PARUR_07
Cooking together brings family members closer.	گڈے کھان پکاون خاندان دے ممبراں کوں نیڑے لیندے۔	Brahui (Standard)	South Asia	PARUR_06
We decided to visit the old temple.	اساں پرانے مندر دیکھن دا فیصلہ کیتا۔	Brahui (Standard)	South Asia	PARUR_09
Traditional music is important for our heritage.	روایتی موسیقی سادی ورثے کیتے اہم اے۔	Brahui (Standard)	South Asia	PARUR_01
Reading books improves vocabulary.	کتاباں پڑھن ذخیرہ الفاظ بہتر بنیندے۔	Brahui (Standard)	South Asia	PARUR_10
Birds were chirping in the trees.	پنچھی رکھاں وچ چہچہا رہے ہن۔	Brahui (Standard)	South Asia	PARUR_01
Family members support each other during difficult times.	خاندان دے ممبر مشکل وختاں وچ ہک دوجھے دی مدد کریندے نیں۔	Brahui (Standard)	South Asia	PARUR_06
Sports teach teamwork and discipline.	کھیڈاں ٹیم ورک تے نظم و ضبط سکھیندیاں نیں۔	Brahui (Standard)	South Asia	PARUR_04
Cricket is a popular sport.	کرکٹ ہک مقبول کھیڈ اے۔	Brahui (Standard)	South Asia	PARUR_09
Train journeys offer scenic views.	ریل دے سفر منظراں دے نظارے پیش کریندے نیں۔	Brahui (Standard)	South Asia	PARUR_01
Spices add flavor to traditional dishes.	مصالحے روایتی کھاناں وچ ذائقہ ودیندے نیں۔	Brahui (Standard)	South Asia	PARUR_06
Doctors work long hours to treat patients.	ڈاکٹر مریضاں دا علاج کرن کیتے لمبیاں گھڑیاں کم کریندے نیں۔	Brahui (Standard)	South Asia	PARUR_04
People celebrate festivals with great joy.	لوک ودی خوشی نال میلے منیندے نیں۔	Brahui (Standard)	South Asia	PARUR_05
Elderly people share wisdom and stories.	بزرگ لوک حکمت تے کہانیاں سانجھیاں کریندے نیں۔	Brahui (Standard)	South Asia	PARUR_07
Teachers shape young minds.	استاد نوجوان ذہناں کوں شکل دیندے نیں۔	Brahui (Standard)	South Asia	PARUR_06
Reading books improves vocabulary.	کتاباں پڑھن ذخیرہ الفاظ بہتر بنیندے۔	Brahui (Standard)	South Asia	PARUR_01
The school organized a science fair.	سکول نے سائنس میلہ منظم کیتا۔	Brahui (Standard)	South Asia	PARUR_04
Agriculture remains the primary source of income.	زراعت آمدنی دا بنیادی ذریعہ رہندی اے۔	Brahui (Standard)	South Asia	PARUR_03
My grandmother told me stories.	میری دادی نے مینوں کہانیاں سنایاں۔	Brahui (Standard)	South Asia	PARUR_05
Children learn best when they are interested.	بچے بہترین سکھدے نیں جدوں اوہ دلچسپی رکھدے نیں۔	Brahui (Standard)	South Asia	PARUR_01
Learning a new language requires practice.	نوی زبان سکھن کیتے مشق دی لوڑ اے۔	Brahui (Standard)	South Asia	PARUR_04
I woke up early this morning.	من اڄ صبح جلدی اٹھیا۔	Brahui (Standard)	South Asia	PARUR_01
The teacher explained the lesson patiently.	استاد صبر نال سبق سمجھایا۔	Brahui (Standard)	South Asia	PARUR_08
Online shopping has become popular.	آن لائن خریداری مقبول تھی گئی اے۔	Brahui (Standard)	South Asia	PARUR_01
Cooking together brings family members closer.	گڈے کھان پکاون خاندان دے ممبراں کوں نیڑے لیندے۔	Brahui (Standard)	South Asia	PARUR_04
Respecting elders is an important value.	بزرگاں دا احترام ہک اہم قدر اے۔	Brahui (Standard)	South Asia	PARUR_01
Doctors recommend drinking plenty of water.	ڈاکٹر گھنے پانی پیون دی صلاح دیندے نیں۔	Brahui (Standard)	South Asia	PARUR_09
Pollution in cities has become a serious problem.	شہراں وچ آلودگی ہک سنجیدہ مسئلہ بن گئی اے۔	Brahui (Standard)	South Asia	PARUR_09
Tea is served to guests as a gesture of hospitality.	مہماناں کوں مہمان نوازی دی نشانی دے طور تے چاہ پیش کیتی ویندی اے۔	Brahui (Standard)	South Asia	PARUR_06
The river flows peacefully through the valley.	دریا وادی وچ پرامن طریقے نال وہندی اے۔	Brahui (Standard)	South Asia	PARUR_05
We decided to visit the old temple.	اساں پرانے مندر دیکھن دا فیصلہ کیتا۔	Brahui (Standard)	South Asia	PARUR_03
Tourism brings revenue to regions with historical sites.	سیاحت تاریخی تھانواں والے علاقیاں کوں آمدنی لیندی اے۔	Brahui (Standard)	South Asia	PARUR_04
She cooked delicious biryani for the family.	اوں خاندان کیتے مزیدار بریانی پکائی۔	Brahui (Standard)	South Asia	PARUR_05
She walked slowly through the garden.	اوں باغ وچ آہستہ آہستہ ٹردی۔	Brahui (Standard)	South Asia	PARUR_09
The forest is home to many wild animals.	جنگل گھنے جنگلی جانوراں دا گھر اے۔	Brahui (Standard)	South Asia	PARUR_10
Traditional music is important for our heritage.	روایتی موسیقی سادی ورثے کیتے اہم اے۔	Brahui (Standard)	South Asia	PARUR_09
Digital payments have made transactions faster.	ڈیجیٹل ادائیگیاں معاملات تیز کیتے نیں۔	Brahui (Standard)	South Asia	PARUR_04
The bus arrived late.	بس ڈیر نال پہنچی۔	Brahui (Standard)	South Asia	PARUR_08
Clear communication prevents misunderstandings.	صاف رابطہ غلط فہمیاں کوں روکیندے۔	Brahui (Standard)	South Asia	PARUR_07
The market was crowded with people.	بازار لوکاں نال بھریا ہویا ہا۔	Brahui (Standard)	South Asia	PARUR_04
Farmers planted rice in the flooded fields.	کسان پانی والے کھیتراں وچ چاول پوکے۔	Brahui (Standard)	South Asia	PARUR_09
Students gathered in the library.	طالب علم لائبریری وچ گڈے تھئے۔	Brahui (Standard)	South Asia	PARUR_10
Small businesses create employment opportunities.	نکیاں کاروبار روزگار دے موقعے پیدا کریندے نیں۔	Brahui (Standard)	South Asia	PARUR_06
People travel long distances to visit religious sites.	لوک مذہبی تھانواں دیکھن کیتے لمبیاں دوریاں طے کریندے نیں۔	Brahui (Standard)	South Asia	PARUR_07
The wedding ceremony lasted three days.	شادی دی تقریب ترئے دینہہ چلی۔	Brahui (Standard)	South Asia	PARUR_01
Farmers wake up early to tend to crops.	کسان فصلاں دی سنبھال کیتے جلدی اٹھدے نیں۔	Brahui (Standard)	South Asia	PARUR_09
Storytelling preserves culture and knowledge.	کہانی سناون ثقافت تے علم کوں محفوظ رکھیندے۔	Brahui (Standard)	South Asia	PARUR_10
She received a scholarship to study medicine.	اوں طب دی تعلیم کیتے اسکالرشپ حاصل کیتی۔	Brahui (Standard)	South Asia	PARUR_08
Handicrafts showcase artistic traditions.	ہتھکاریاں فنکارانہ روایات دکھیندیاں نیں۔	Brahui (Standard)	South Asia	PARUR_04
The internet connects people across continents.	انٹرنیٹ براعظماں وچ لوکاں کوں جوڑیندے۔	Brahui (Standard)	South Asia	PARUR_07
The professor wrote equations on the blackboard.	پروفیسر تختے تے مساوات لکھیاں۔	Brahui (Standard)	South Asia	PARUR_06
Parents sacrifice their own needs for children.	والدین بچیاں کیتے اپنیاں ضرورتاں قربان کریندے نیں۔	Brahui (Standard)	South Asia	PARUR_05
After finishing his work, he sat down.	اپنا کم مکمل کرن دے بعد، او بیٹھ گیا۔	Brahui (Standard)	South Asia	PARUR_08
Children were playing cricket in the street.	بچے سڑک تے کرکٹ کھیڈدے پئے ہن۔	Brahui (Standard)	South Asia	PARUR_08
Regular exercise helps maintain good health.	منظم ورزش چنگی صحت برقرار رکھن وچ مدد کریندی اے۔	Brahui (Standard)	South Asia	PARUR_05
Eating fresh fruits provides essential vitamins.	تازہ پھل کھان ضروری وٹامن فراہم کریندے۔	Brahui (Standard)	South Asia	PARUR_07
Education opens doors to opportunities.	تعلیم موقعاں دے دروازے کولیندی اے۔	Brahui (Standard)	South Asia	PARUR_01
Birds were chirping in the trees.	پنچھی رکھاں وچ چہچہا رہے ہن۔	Brahui (Standard)	South Asia	PARUR_02
Smartphones have changed how people communicate.	اسمارٹ فوناں نے لوکاں دے رابطے دے طریقے کوں تبدیل کیتا اے۔	Brahui (Standard)	South Asia	PARUR_02
My grandmother told me stories.	میری دادی نے مینوں کہانیاں سنایاں۔	Brahui (Standard)	South Asia	PARUR_01
Students gathered in the library.	طالب علم لائبریری وچ گڈے تھئے۔	Brahui (Standard)	South Asia	PARUR_09
Doctors recommend drinking plenty of water.	ڈاکٹر گھنے پانی پیون دی صلاح دیندے نیں۔	Brahui (Standard)	South Asia	PARUR_05
Small businesses create employment opportunities.	نکیاں کاروبار روزگار دے موقعے پیدا کریندے نیں۔	Brahui (Standard)	South Asia	PARUR_04
The internet connects people across continents.	انٹرنیٹ براعظماں وچ لوکاں کوں جوڑیندے۔	Brahui (Standard)	South Asia	PARUR_10
Handicrafts showcase artistic traditions.	ہتھکاریاں فنکارانہ روایات دکھیندیاں نیں۔	Brahui (Standard)	South Asia	PARUR_10
She received a scholarship to study medicine.	اوں طب دی تعلیم کیتے اسکالرشپ حاصل کیتی۔	Brahui (Standard)	South Asia	PARUR_01
Cricket is a popular sport.	کرکٹ ہک مقبول کھیڈ اے۔	Brahui (Standard)	South Asia	PARUR_02
The bus arrived late.	بس ڈیر نال پہنچی۔	Brahui (Standard)	South Asia	PARUR_07
Traditional music is important for our heritage.	روایتی موسیقی سادی ورثے کیتے اہم اے۔	Brahui (Standard)	South Asia	PARUR_04
Tourism brings revenue to regions with historical sites.	سیاحت تاریخی تھانواں والے علاقیاں کوں آمدنی لیندی اے۔	Brahui (Standard)	South Asia	PARUR_06
Children were playing cricket in the street.	بچے سڑک تے کرکٹ کھیڈدے پئے ہن۔	Brahui (Standard)	South Asia	PARUR_09
Parents sacrifice their own needs for children.	والدین بچیاں کیتے اپنیاں ضرورتاں قربان کریندے نیں۔	Brahui (Standard)	South Asia	PARUR_08
Train journeys offer scenic views.	ریل دے سفر منظراں دے نظارے پیش کریندے نیں۔	Brahui (Standard)	South Asia	PARUR_06
Digital payments have made transactions faster.	ڈیجیٹل ادائیگیاں معاملات تیز کیتے نیں۔	Brahui (Standard)	South Asia	PARUR_02
The teacher explained the lesson patiently.	استاد صبر نال سبق سمجھایا۔	Brahui (Standard)	South Asia	PARUR_05
Eating fresh fruits provides essential vitamins.	تازہ پھل کھان ضروری وٹامن فراہم کریندے۔	Brahui (Standard)	South Asia	PARUR_07
I woke up early this morning.	من اڄ صبح جلدی اٹھیا۔	Brahui (Standard)	South Asia	PARUR_01
Spices add flavor to traditional dishes.	مصالحے روایتی کھاناں وچ ذائقہ ودیندے نیں۔	Brahui (Standard)	South Asia	PARUR_01
Sports teach teamwork and discipline.	کھیڈاں ٹیم ورک تے نظم و ضبط سکھیندیاں نیں۔	Brahui (Standard)	South Asia	PARUR_03
She walked slowly through the garden.	اوں باغ وچ آہستہ آہستہ ٹردی۔	Brahui (Standard)	South Asia	PARUR_06
Elderly people share wisdom and stories.	بزرگ لوک حکمت تے کہانیاں سانجھیاں کریندے نیں۔	Brahui (Standard)	South Asia	PARUR_04
Birds were chirping in the trees.	پنچھی رکھاں وچ چہچہا رہے ہن۔	Brahui (Standard)	South Asia	PARUR_01
Cooking together brings family members closer.	گڈے کھان پکاون خاندان دے ممبراں کوں نیڑے لیندے۔	Brahui (Standard)	South Asia	PARUR_01
Online shopping has become popular.	آن لائن خریداری مقبول تھی گئی اے۔	Brahui (Standard)	South Asia	PARUR_10
She cooked delicious biryani for the family.	اوں خاندان کیتے مزیدار بریانی پکائی۔	Brahui (Standard)	South Asia	PARUR_06
Children learn best when they are interested.	بچے بہترین سکھدے نیں جدوں اوہ دلچسپی رکھدے نیں۔	Brahui (Standard)	South Asia	PARUR_09
The river flows peacefully through the valley.	دریا وادی وچ پرامن طریقے نال وہندی اے۔	Brahui (Standard)	South Asia	PARUR_05
Smartphones have changed how people communicate.	اسمارٹ فوناں نے لوکاں دے رابطے دے طریقے کوں تبدیل کیتا اے۔	Brahui (Standard)	South Asia	PARUR_01
Doctors work long hours to treat patients.	ڈاکٹر مریضاں دا علاج کرن کیتے لمبیاں گھڑیاں کم کریندے نیں۔	Brahui (Standard)	South Asia	PARUR_04
Respecting elders is an important value.	بزرگاں دا احترام ہک اہم قدر اے۔	Brahui (Standard)	South Asia	PARUR_05
Pollution in cities has become a serious problem.	شہراں وچ آلودگی ہک سنجیدہ مسئلہ بن گئی اے۔	Brahui (Standard)	South Asia	PARUR_05
The professor wrote equations on the blackboard.	پروفیسر تختے تے مساوات لکھیاں۔	Brahui (Standard)	South Asia	PARUR_10
The school organized a science fair.	سکول نے سائنس میلہ منظم کیتا۔	Brahui (Standard)	South Asia	PARUR_10
Teachers shape young minds.	استاد نوجوان ذہناں کوں شکل دیندے نیں۔	Brahui (Standard)	South Asia	PARUR_02
Storytelling preserves culture and knowledge.	کہانی سناون ثقافت تے علم کوں محفوظ رکھیندے۔	Brahui (Standard)	South Asia	PARUR_10
Family members support each other during difficult times.	خاندان دے ممبر مشکل وختاں وچ ہک دوجھے دی مدد کریندے نیں۔	Brahui (Standard)	South Asia	PARUR_06
Farmers wake up early to tend to crops.	کسان فصلاں دی سنبھال کیتے جلدی اٹھدے نیں۔	Brahui (Standard)	South Asia	PARUR_05
Tea is served to guests as a gesture of hospitality.	مہماناں کوں مہمان نوازی دی نشانی دے طور تے چاہ پیش کیتی ویندی اے۔	Brahui (Standard)	South Asia	PARUR_01
People travel long distances to visit religious sites.	لوک مذہبی تھانواں دیکھن کیتے لمبیاں دوریاں طے کریندے نیں۔	Brahui (Standard)	South Asia	PARUR_02
Education opens doors to opportunities.	تعلیم موقعاں دے دروازے کولیندی اے۔	Brahui (Standard)	South Asia	PARUR_08
Farmers planted rice in the flooded fields.	کسان پانی والے کھیتراں وچ چاول پوکے۔	Brahui (Standard)	South Asia	PARUR_08
Learning a new language requires practice.	نوی زبان سکھن کیتے مشق دی لوڑ اے۔	Brahui (Standard)	South Asia	PARUR_05
The market was crowded with people.	بازار لوکاں نال بھریا ہویا ہا۔	Brahui (Standard)	South Asia	PARUR_10
Reading books improves vocabulary.	کتاباں پڑھن ذخیرہ الفاظ بہتر بنیندے۔	Brahui (Standard)	South Asia	PARUR_06
After finishing his work, he sat down.	اپنا کم مکمل کرن دے بعد، او بیٹھ گیا۔	Brahui (Standard)	South Asia	PARUR_01
People celebrate festivals with great joy.	لوک ودی خوشی نال میلے منیندے نیں۔	Brahui (Standard)	South Asia	PARUR_04
Clear communication prevents misunderstandings.	صاف رابطہ غلط فہمیاں کوں روکیندے۔	Brahui (Standard)	South Asia	PARUR_06
The wedding ceremony lasted three days.	شادی دی تقریب ترئے دینہہ چلی۔	Brahui (Standard)	South Asia	PARUR_05
Regular exercise helps maintain good health.	منظم ورزش چنگی صحت برقرار رکھن وچ مدد کریندی اے۔	Brahui (Standard)	South Asia	PARUR_05
We decided to visit the old temple.	اساں پرانے مندر دیکھن دا فیصلہ کیتا۔	Brahui (Standard)	South Asia	PARUR_10
The forest is home to many wild animals.	جنگل گھنے جنگلی جانوراں دا گھر اے۔	Brahui (Standard)	South Asia	PARUR_03
Agriculture remains the primary source of income.	زراعت آمدنی دا بنیادی ذریعہ رہندی اے۔	Brahui (Standard)	South Asia	PARUR_06
Train journeys offer scenic views.	ریل دے سفر منظراں دے نظارے پیش کریندے نیں۔	Brahui (Standard)	South Asia	PARUR_04
Sports teach teamwork and discipline.	کھیڈاں ٹیم ورک تے نظم و ضبط سکھیندیاں نیں۔	Brahui (Standard)	South Asia	PARUR_01
We decided to visit the old temple.	اساں پرانے مندر دیکھن دا فیصلہ کیتا۔	Brahui (Standard)	South Asia	PARUR_06
Regular exercise helps maintain good health.	منظم ورزش چنگی صحت برقرار رکھن وچ مدد کریندی اے۔	Brahui (Standard)	South Asia	PARUR_09
Parents sacrifice their own needs for children.	والدین بچیاں کیتے اپنیاں ضرورتاں قربان کریندے نیں۔	Brahui (Standard)	South Asia	PARUR_02
Agriculture remains the primary source of income.	زراعت آمدنی دا بنیادی ذریعہ رہندی اے۔	Brahui (Standard)	South Asia	PARUR_04
Cricket is a popular sport.	کرکٹ ہک مقبول کھیڈ اے۔	Brahui (Standard)	South Asia	PARUR_06
Birds were chirping in the trees.	پنچھی رکھاں وچ چہچہا رہے ہن۔	Brahui (Standard)	South Asia	PARUR_06
After finishing his work, he sat down.	اپنا کم مکمل کرن دے بعد، او بیٹھ گیا۔	Brahui (Standard)	South Asia	PARUR_02
Handicrafts showcase artistic traditions.	ہتھکاریاں فنکارانہ روایات دکھیندیاں نیں۔	Brahui (Standard)	South Asia	PARUR_03
Reading books improves vocabulary.	کتاباں پڑھن ذخیرہ الفاظ بہتر بنیندے۔	Brahui (Standard)	South Asia	PARUR_07
Education opens doors to opportunities.	تعلیم موقعاں دے دروازے کولیندی اے۔	Brahui (Standard)	South Asia	PARUR_05
The internet connects people across continents.	انٹرنیٹ براعظماں وچ لوکاں کوں جوڑیندے۔	Brahui (Standard)	South Asia	PARUR_01
Teachers shape young minds.	استاد نوجوان ذہناں کوں شکل دیندے نیں۔	Brahui (Standard)	South Asia	PARUR_01
Farmers wake up early to tend to crops.	کسان فصلاں دی سنبھال کیتے جلدی اٹھدے نیں۔	Brahui (Standard)	South Asia	PARUR_09
Elderly people share wisdom and stories.	بزرگ لوک حکمت تے کہانیاں سانجھیاں کریندے نیں۔	Brahui (Standard)	South Asia	PARUR_10
Family members support each other during difficult times.	خاندان دے ممبر مشکل وختاں وچ ہک دوجھے دی مدد کریندے نیں۔	Brahui (Standard)	South Asia	PARUR_04
Learning a new language requires practice.	نوی زبان سکھن کیتے مشق دی لوڑ اے۔	Brahui (Standard)	South Asia	PARUR_09
The bus arrived late.	بس ڈیر نال پہنچی۔	Brahui (Standard)	South Asia	PARUR_08
The market was crowded with people.	بازار لوکاں نال بھریا ہویا ہا۔	Brahui (Standard)	South Asia	PARUR_06
The professor wrote equations on the blackboard.	پروفیسر تختے تے مساوات لکھیاں۔	Brahui (Standard)	South Asia	PARUR_06
People travel long distances to visit religious sites.	لوک مذہبی تھانواں دیکھن کیتے لمبیاں دوریاں طے کریندے نیں۔	Brahui (Standard)	South Asia	PARUR_10
My grandmother told me stories.	میری دادی نے مینوں کہانیاں سنایاں۔	Brahui (Standard)	South Asia	PARUR_09
Doctors work long hours to treat patients.	ڈاکٹر مریضاں دا علاج کرن کیتے لمبیاں گھڑیاں کم کریندے نیں۔	Brahui (Standard)	South Asia	PARUR_07
Traditional music is important for our heritage.	روایتی موسیقی سادی ورثے کیتے اہم اے۔	Brahui (Standard)	South Asia	PARUR_09
Digital payments have made transactions faster.	ڈیجیٹل ادائیگیاں معاملات تیز کیتے نیں۔	Brahui (Standard)	South Asia	PARUR_01
The wedding ceremony lasted three days.	شادی دی تقریب ترئے دینہہ چلی۔	Brahui (Standard)	South Asia	PARUR_07
She walked slowly through the garden.	اوں باغ وچ آہستہ آہستہ ٹردی۔	Brahui (Standard)	South Asia	PARUR_07
Tourism brings revenue to regions with historical sites.	سیاحت تاریخی تھانواں والے علاقیاں کوں آمدنی لیندی اے۔	Brahui (Standard)	South Asia	PARUR_07
Spices add flavor to traditional dishes.	مصالحے روایتی کھاناں وچ ذائقہ ودیندے نیں۔	Brahui (Standard)	South Asia	PARUR_05
Small businesses create employment opportunities.	نکیاں کاروبار روزگار دے موقعے پیدا کریندے نیں۔	Brahui (Standard)	South Asia	PARUR_04
Clear communication prevents misunderstandings.	صاف رابطہ غلط فہمیاں کوں روکیندے۔	Brahui (Standard)	South Asia	PARUR_01
Doctors recommend drinking plenty of water.	ڈاکٹر گھنے پانی پیون دی صلاح دیندے نیں۔	Brahui (Standard)	South Asia	PARUR_07
She received a scholarship to study medicine.	اوں طب دی تعلیم کیتے اسکالرشپ حاصل کیتی۔	Brahui (Standard)	South Asia	PARUR_08
Tea is served to guests as a gesture of hospitality.	مہماناں کوں مہمان نوازی دی نشانی دے طور تے چاہ پیش کیتی ویندی اے۔	Brahui (Standard)	South Asia	PARUR_04
The forest is home to many wild animals.	جنگل گھنے جنگلی جانوراں دا گھر اے۔	Brahui (Standard)	South Asia	PARUR_09
People celebrate festivals with great joy.	لوک ودی خوشی نال میلے منیندے نیں۔	Brahui (Standard)	South Asia	PARUR_08
She cooked delicious biryani for the family.	اوں خاندان کیتے مزیدار بریانی پکائی۔	Brahui (Standard)	South Asia	PARUR_06
Farmers planted rice in the flooded fields.	کسان پانی والے کھیتراں وچ چاول پوکے۔	Brahui (Standard)	South Asia	PARUR_01
Students gathered in the library.	طالب علم لائبریری وچ گڈے تھئے۔	Brahui (Standard)	South Asia	PARUR_03
Storytelling preserves culture and knowledge.	کہانی سناون ثقافت تے علم کوں محفوظ رکھیندے۔	Brahui (Standard)	South Asia	PARUR_08
Cooking together brings family members closer.	گڈے کھان پکاون خاندان دے ممبراں کوں نیڑے لیندے۔	Brahui (Standard)	South Asia	PARUR_09
The teacher explained the lesson patiently.	استاد صبر نال سبق سمجھایا۔	Brahui (Standard)	South Asia	PARUR_08
Smartphones have changed how people communicate.	اسمارٹ فوناں نے لوکاں دے رابطے دے طریقے کوں تبدیل کیتا اے۔	Brahui (Standard)	South Asia	PARUR_04
I woke up early this morning.	من اڄ صبح جلدی اٹھیا۔	Brahui (Standard)	South Asia	PARUR_07
The school organized a science fair.	سکول نے سائنس میلہ منظم کیتا۔	Brahui (Standard)	South Asia	PARUR_03
Online shopping has become popular.	آن لائن خریداری مقبول تھی گئی اے۔	Brahui (Standard)	South Asia	PARUR_02
Pollution in cities has become a serious problem.	شہراں وچ آلودگی ہک سنجیدہ مسئلہ بن گئی اے۔	Brahui (Standard)	South Asia	PARUR_09
The river flows peacefully through the valley.	دریا وادی وچ پرامن طریقے نال وہندی اے۔	Brahui (Standard)	South Asia	PARUR_05
Children learn best when they are interested.	بچے بہترین سکھدے نیں جدوں اوہ دلچسپی رکھدے نیں۔	Brahui (Standard)	South Asia	PARUR_09
Respecting elders is an important value.	بزرگاں دا احترام ہک اہم قدر اے۔	Brahui (Standard)	South Asia	PARUR_02
Eating fresh fruits provides essential vitamins.	تازہ پھل کھان ضروری وٹامن فراہم کریندے۔	Brahui (Standard)	South Asia	PARUR_08
Children were playing cricket in the street.	بچے سڑک تے کرکٹ کھیڈدے پئے ہن۔	Brahui (Standard)	South Asia	PARUR_08
After finishing his work, he sat down.	اپنا کم مکمل کرن دے بعد، او بیٹھ گیا۔	Brahui (Standard)	South Asia	PARUR_05
Tourism brings revenue to regions with historical sites.	سیاحت تاریخی تھانواں والے علاقیاں کوں آمدنی لیندی اے۔	Brahui (Standard)	South Asia	PARUR_06
Handicrafts showcase artistic traditions.	ہتھکاریاں فنکارانہ روایات دکھیندیاں نیں۔	Brahui (Standard)	South Asia	PARUR_06
I woke up early this morning.	من اڄ صبح جلدی اٹھیا۔	Brahui (Standard)	South Asia	PARUR_09
The river flows peacefully through the valley.	دریا وادی وچ پرامن طریقے نال وہندی اے۔	Brahui (Standard)	South Asia	PARUR_05
Regular exercise helps maintain good health.	منظم ورزش چنگی صحت برقرار رکھن وچ مدد کریندی اے۔	Brahui (Standard)	South Asia	PARUR_09
She walked slowly through the garden.	اوں باغ وچ آہستہ آہستہ ٹردی۔	Brahui (Standard)	South Asia	PARUR_10
The teacher explained the lesson patiently.	استاد صبر نال سبق سمجھایا۔	Brahui (Standard)	South Asia	PARUR_02
The internet connects people across continents.	انٹرنیٹ براعظماں وچ لوکاں کوں جوڑیندے۔	Brahui (Standard)	South Asia	PARUR_02
Small businesses create employment opportunities.	نکیاں کاروبار روزگار دے موقعے پیدا کریندے نیں۔	Brahui (Standard)	South Asia	PARUR_07
My grandmother told me stories.	میری دادی نے مینوں کہانیاں سنایاں۔	Brahui (Standard)	South Asia	PARUR_07
Education opens doors to opportunities.	تعلیم موقعاں دے دروازے کولیندی اے۔	Brahui (Standard)	South Asia	PARUR_02
The school organized a science fair.	سکول نے سائنس میلہ منظم کیتا۔	Brahui (Standard)	South Asia	PARUR_08
Eating fresh fruits provides essential vitamins.	تازہ پھل کھان ضروری وٹامن فراہم کریندے۔	Brahui (Standard)	South Asia	PARUR_04
She cooked delicious biryani for the family.	اوں خاندان کیتے مزیدار بریانی پکائی۔	Brahui (Standard)	South Asia	PARUR_05
Parents sacrifice their own needs for children.	والدین بچیاں کیتے اپنیاں ضرورتاں قربان کریندے نیں۔	Brahui (Standard)	South Asia	PARUR_08
Digital payments have made transactions faster.	ڈیجیٹل ادائیگیاں معاملات تیز کیتے نیں۔	Brahui (Standard)	South Asia	PARUR_05
Students gathered in the library.	طالب علم لائبریری وچ گڈے تھئے۔	Brahui (Standard)	South Asia	PARUR_03
People travel long distances to visit religious sites.	لوک مذہبی تھانواں دیکھن کیتے لمبیاں دوریاں طے کریندے نیں۔	Brahui (Standard)	South Asia	PARUR_03
Learning a new language requires practice.	نوی زبان سکھن کیتے مشق دی لوڑ اے۔	Brahui (Standard)	South Asia	PARUR_02
Reading books improves vocabulary.	کتاباں پڑھن ذخیرہ الفاظ بہتر بنیندے۔	Brahui (Standard)	South Asia	PARUR_10
The market was crowded with people.	بازار لوکاں نال بھریا ہویا ہا۔	Brahui (Standard)	South Asia	PARUR_10
We decided to visit the old temple.	اساں پرانے مندر دیکھن دا فیصلہ کیتا۔	Brahui (Standard)	South Asia	PARUR_02
The forest is home to many wild animals.	جنگل گھنے جنگلی جانوراں دا گھر اے۔	Brahui (Standard)	South Asia	PARUR_05
Online shopping has become popular.	آن لائن خریداری مقبول تھی گئی اے۔	Brahui (Standard)	South Asia	PARUR_04
Birds were chirping in the trees.	پنچھی رکھاں وچ چہچہا رہے ہن۔	Brahui (Standard)	South Asia	PARUR_02
The bus arrived late.	بس ڈیر نال پہنچی۔	Brahui (Standard)	South Asia	PARUR_06
Farmers planted rice in the flooded fields.	کسان پانی والے کھیتراں وچ چاول پوکے۔	Brahui (Standard)	South Asia	PARUR_01
Elderly people share wisdom and stories.	بزرگ لوک حکمت تے کہانیاں سانجھیاں کریندے نیں۔	Brahui (Standard)	South Asia	PARUR_10
People celebrate festivals with great joy.	لوک ودی خوشی نال میلے منیندے نیں۔	Brahui (Standard)	South Asia	PARUR_08
Cricket is a popular sport.	کرکٹ ہک مقبول کھیڈ اے۔	Brahui (Standard)	South Asia	PARUR_01
Tea is served to guests as a gesture of hospitality.	مہماناں کوں مہمان نوازی دی نشانی دے طور تے چاہ پیش کیتی ویندی اے۔	Brahui (Standard)	South Asia	PARUR_08
Farmers wake up early to tend to crops.	کسان فصلاں دی سنبھال کیتے جلدی اٹھدے نیں۔	Brahui (Standard)	South Asia	PARUR_02
Spices add flavor to traditional dishes.	مصالحے روایتی کھاناں وچ ذائقہ ودیندے نیں۔	Brahui (Standard)	South Asia	PARUR_01
Family members support each other during difficult times.	خاندان دے ممبر مشکل وختاں وچ ہک دوجھے دی مدد کریندے نیں۔	Brahui (Standard)	South Asia	PARUR_03
Sports teach teamwork and discipline.	کھیڈاں ٹیم ورک تے نظم و ضبط سکھیندیاں نیں۔	Brahui (Standard)	South Asia	PARUR_01
Respecting elders is an important value.	بزرگاں دا احترام ہک اہم قدر اے۔	Brahui (Standard)	South Asia	PARUR_03
Cooking together brings family members closer.	گڈے کھان پکاون خاندان دے ممبراں کوں نیڑے لیندے۔	Brahui (Standard)	South Asia	PARUR_04
Train journeys offer scenic views.	ریل دے سفر منظراں دے نظارے پیش کریندے نیں۔	Brahui (Standard)	South Asia	PARUR_05
Children were playing cricket in the street.	بچے سڑک تے کرکٹ کھیڈدے پئے ہن۔	Brahui (Standard)	South Asia	PARUR_10
Traditional music is important for our heritage.	روایتی موسیقی سادی ورثے کیتے اہم اے۔	Brahui (Standard)	South Asia	PARUR_03
Doctors recommend drinking plenty of water.	ڈاکٹر گھنے پانی پیون دی صلاح دیندے نیں۔	Brahui (Standard)	South Asia	PARUR_06
Clear communication prevents misunderstandings.	صاف رابطہ غلط فہمیاں کوں روکیندے۔	Brahui (Standard)	South Asia	PARUR_01
Agriculture remains the primary source of income.	زراعت آمدنی دا بنیادی ذریعہ رہندی اے۔	Brahui (Standard)	South Asia	PARUR_10
Storytelling preserves culture and knowledge.	کہانی سناون ثقافت تے علم کوں محفوظ رکھیندے۔	Brahui (Standard)	South Asia	PARUR_07
Teachers shape young minds.	استاد نوجوان ذہناں کوں شکل دیندے نیں۔	Brahui (Standard)	South Asia	PARUR_02
Smartphones have changed how people communicate.	اسمارٹ فوناں نے لوکاں دے رابطے دے طریقے کوں تبدیل کیتا اے۔	Brahui (Standard)	South Asia	PARUR_09
Children learn best when they are interested.	بچے بہترین سکھدے نیں جدوں اوہ دلچسپی رکھدے نیں۔	Brahui (Standard)	South Asia	PARUR_04
Pollution in cities has become a serious problem.	شہراں وچ آلودگی ہک سنجیدہ مسئلہ بن گئی اے۔	Brahui (Standard)	South Asia	PARUR_01
The wedding ceremony lasted three days.	شادی دی تقریب ترئے دینہہ چلی۔	Brahui (Standard)	South Asia	PARUR_04
The professor wrote equations on the blackboard.	پروفیسر تختے تے مساوات لکھیاں۔	Brahui (Standard)	South Asia	PARUR_09
Doctors work long hours to treat patients.	ڈاکٹر مریضاں دا علاج کرن کیتے لمبیاں گھڑیاں کم کریندے نیں۔	Brahui (Standard)	South Asia	PARUR_07
She received a scholarship to study medicine.	اوں طب دی تعلیم کیتے اسکالرشپ حاصل کیتی۔	Brahui (Standard)	South Asia	PARUR_03
The market was crowded with people.	بازار لوکاں نال بھریا ہویا ہا۔	Brahui (Standard)	South Asia	PARUR_09
Children learn best when they are interested.	بچے بہترین سکھدے نیں جدوں اوہ دلچسپی رکھدے نیں۔	Brahui (Standard)	South Asia	PARUR_10
Small businesses create employment opportunities.	نکیاں کاروبار روزگار دے موقعے پیدا کریندے نیں۔	Brahui (Standard)	South Asia	PARUR_09
Doctors work long hours to treat patients.	ڈاکٹر مریضاں دا علاج کرن کیتے لمبیاں گھڑیاں کم کریندے نیں۔	Brahui (Standard)	South Asia	PARUR_02
The internet connects people across continents.	انٹرنیٹ براعظماں وچ لوکاں کوں جوڑیندے۔	Brahui (Standard)	South Asia	PARUR_09
Spices add flavor to traditional dishes.	مصالحے روایتی کھاناں وچ ذائقہ ودیندے نیں۔	Brahui (Standard)	South Asia	PARUR_10
She cooked delicious biryani for the family.	اوں خاندان کیتے مزیدار بریانی پکائی۔	Brahui (Standard)	South Asia	PARUR_10
The river flows peacefully through the valley.	دریا وادی وچ پرامن طریقے نال وہندی اے۔	Brahui (Standard)	South Asia	PARUR_10
I woke up early this morning.	من اڄ صبح جلدی اٹھیا۔	Brahui (Standard)	South Asia	PARUR_04
She received a scholarship to study medicine.	اوں طب دی تعلیم کیتے اسکالرشپ حاصل کیتی۔	Brahui (Standard)	South Asia	PARUR_03
The wedding ceremony lasted three days.	شادی دی تقریب ترئے دینہہ چلی۔	Brahui (Standard)	South Asia	PARUR_09
Storytelling preserves culture and knowledge.	کہانی سناون ثقافت تے علم کوں محفوظ رکھیندے۔	Brahui (Standard)	South Asia	PARUR_05
People travel long distances to visit religious sites.	لوک مذہبی تھانواں دیکھن کیتے لمبیاں دوریاں طے کریندے نیں۔	Brahui (Standard)	South Asia	PARUR_01
Train journeys offer scenic views.	ریل دے سفر منظراں دے نظارے پیش کریندے نیں۔	Brahui (Standard)	South Asia	PARUR_01
We decided to visit the old temple.	اساں پرانے مندر دیکھن دا فیصلہ کیتا۔	Brahui (Standard)	South Asia	PARUR_08
People celebrate festivals with great joy.	لوک ودی خوشی نال میلے منیندے نیں۔	Brahui (Standard)	South Asia	PARUR_09
The professor wrote equations on the blackboard.	پروفیسر تختے تے مساوات لکھیاں۔	Brahui (Standard)	South Asia	PARUR_03
Tourism brings revenue to regions with historical sites.	سیاحت تاریخی تھانواں والے علاقیاں کوں آمدنی لیندی اے۔	Brahui (Standard)	South Asia	PARUR_07
Birds were chirping in the trees.	پنچھی رکھاں وچ چہچہا رہے ہن۔	Brahui (Standard)	South Asia	PARUR_10
She walked slowly through the garden.	اوں باغ وچ آہستہ آہستہ ٹردی۔	Brahui (Standard)	South Asia	PARUR_04
Learning a new language requires practice.	نوی زبان سکھن کیتے مشق دی لوڑ اے۔	Brahui (Standard)	South Asia	PARUR_02
Family members support each other during difficult times.	خاندان دے ممبر مشکل وختاں وچ ہک دوجھے دی مدد کریندے نیں۔	Brahui (Standard)	South Asia	PARUR_04
Cooking together brings family members closer.	گڈے کھان پکاون خاندان دے ممبراں کوں نیڑے لیندے۔	Brahui (Standard)	South Asia	PARUR_03
Smartphones have changed how people communicate.	اسمارٹ فوناں نے لوکاں دے رابطے دے طریقے کوں تبدیل کیتا اے۔	Brahui (Standard)	South Asia	PARUR_05
Teachers shape young minds.	استاد نوجوان ذہناں کوں شکل دیندے نیں۔	Brahui (Standard)	South Asia	PARUR_02
Reading books improves vocabulary.	کتاباں پڑھن ذخیرہ الفاظ بہتر بنیندے۔	Brahui (Standard)	South Asia	PARUR_10
After finishing his work, he sat down.	اپنا کم مکمل کرن دے بعد، او بیٹھ گیا۔	Brahui (Standard)	South Asia	PARUR_02
Doctors recommend drinking plenty of water.	ڈاکٹر گھنے پانی پیون دی صلاح دیندے نیں۔	Brahui (Standard)	South Asia	PARUR_01
Sports teach teamwork and discipline.	کھیڈاں ٹیم ورک تے نظم و ضبط سکھیندیاں نیں۔	Brahui (Standard)	South Asia	PARUR_01
Agriculture remains the primary source of income.	زراعت آمدنی دا بنیادی ذریعہ رہندی اے۔	Brahui (Standard)	South Asia	PARUR_03
Clear communication prevents misunderstandings.	صاف رابطہ غلط فہمیاں کوں روکیندے۔	Brahui (Standard)	South Asia	PARUR_03
The teacher explained the lesson patiently.	استاد صبر نال سبق سمجھایا۔	Brahui (Standard)	South Asia	PARUR_06
Traditional music is important for our heritage.	روایتی موسیقی سادی ورثے کیتے اہم اے۔	Brahui (Standard)	South Asia	PARUR_10
The forest is home to many wild animals.	جنگل گھنے جنگلی جانوراں دا گھر اے۔	Brahui (Standard)	South Asia	PARUR_02
Regular exercise helps maintain good health.	منظم ورزش چنگی صحت برقرار رکھن وچ مدد کریندی اے۔	Brahui (Standard)	South Asia	PARUR_07
Farmers wake up early to tend to crops.	کسان فصلاں دی سنبھال کیتے جلدی اٹھدے نیں۔	Brahui (Standard)	South Asia	PARUR_04
Children were playing cricket in the street.	بچے سڑک تے کرکٹ کھیڈدے پئے ہن۔	Brahui (Standard)	South Asia	PARUR_04
Online shopping has become popular.	آن لائن خریداری مقبول تھی گئی اے۔	Brahui (Standard)	South Asia	PARUR_05
Cricket is a popular sport.	کرکٹ ہک مقبول کھیڈ اے۔	Brahui (Standard)	South Asia	PARUR_06
The bus arrived late.	بس ڈیر نال پہنچی۔	Brahui (Standard)	South Asia	PARUR_04
Education opens doors to opportunities.	تعلیم موقعاں دے دروازے کولیندی اے۔	Brahui (Standard)	South Asia	PARUR_05
My grandmother told me stories.	میری دادی نے مینوں کہانیاں سنایاں۔	Brahui (Standard)	South Asia	PARUR_03
Pollution in cities has become a serious problem.	شہراں وچ آلودگی ہک سنجیدہ مسئلہ بن گئی اے۔	Brahui (Standard)	South Asia	PARUR_02
Eating fresh fruits provides essential vitamins.	تازہ پھل کھان ضروری وٹامن فراہم کریندے۔	Brahui (Standard)	South Asia	PARUR_01
Tea is served to guests as a gesture of hospitality.	مہماناں کوں مہمان نوازی دی نشانی دے طور تے چاہ پیش کیتی ویندی اے۔	Brahui (Standard)	South Asia	PARUR_06
Handicrafts showcase artistic traditions.	ہتھکاریاں فنکارانہ روایات دکھیندیاں نیں۔	Brahui (Standard)	South Asia	PARUR_06
Farmers planted rice in the flooded fields.	کسان پانی والے کھیتراں وچ چاول پوکے۔	Brahui (Standard)	South Asia	PARUR_09
Parents sacrifice their own needs for children.	والدین بچیاں کیتے اپنیاں ضرورتاں قربان کریندے نیں۔	Brahui (Standard)	South Asia	PARUR_10
Respecting elders is an important value.	بزرگاں دا احترام ہک اہم قدر اے۔	Brahui (Standard)	South Asia	PARUR_02
The school organized a science fair.	سکول نے سائنس میلہ منظم کیتا۔	Brahui (Standard)	South Asia	PARUR_02
Elderly people share wisdom and stories.	بزرگ لوک حکمت تے کہانیاں سانجھیاں کریندے نیں۔	Brahui (Standard)	South Asia	PARUR_10
Digital payments have made transactions faster.	ڈیجیٹل ادائیگیاں معاملات تیز کیتے نیں۔	Brahui (Standard)	South Asia	PARUR_09
Students gathered in the library.	طالب علم لائبریری وچ گڈے تھئے۔	Brahui (Standard)	South Asia	PARUR_04
Regular exercise helps maintain good health.	منظم ورزش چنگی صحت برقرار رکھن وچ مدد کریندی اے۔	Brahui (Standard)	South Asia	PARUR_02
The bus arrived late.	بس ڈیر نال پہنچی۔	Brahui (Standard)	South Asia	PARUR_01
Birds were chirping in the trees.	پنچھی رکھاں وچ چہچہا رہے ہن۔	Brahui (Standard)	South Asia	PARUR_04
Digital payments have made transactions faster.	ڈیجیٹل ادائیگیاں معاملات تیز کیتے نیں۔	Brahui (Standard)	South Asia	PARUR_01
Farmers planted rice in the flooded fields.	کسان پانی والے کھیتراں وچ چاول پوکے۔	Brahui (Standard)	South Asia	PARUR_06
Pollution in cities has become a serious problem.	شہراں وچ آلودگی ہک سنجیدہ مسئلہ بن گئی اے۔	Brahui (Standard)	South Asia	PARUR_03
We decided to visit the old temple.	اساں پرانے مندر دیکھن دا فیصلہ کیتا۔	Brahui (Standard)	South Asia	PARUR_08
Smartphones have changed how people communicate.	اسمارٹ فوناں نے لوکاں دے رابطے دے طریقے کوں تبدیل کیتا اے۔	Brahui (Standard)	South Asia	PARUR_01
Learning a new language requires practice.	نوی زبان سکھن کیتے مشق دی لوڑ اے۔	Brahui (Standard)	South Asia	PARUR_04
Online shopping has become popular.	آن لائن خریداری مقبول تھی گئی اے۔	Brahui (Standard)	South Asia	PARUR_05
The professor wrote equations on the blackboard.	پروفیسر تختے تے مساوات لکھیاں۔	Brahui (Standard)	South Asia	PARUR_05
The wedding ceremony lasted three days.	شادی دی تقریب ترئے دینہہ چلی۔	Brahui (Standard)	South Asia	PARUR_02
Storytelling preserves culture and knowledge.	کہانی سناون ثقافت تے علم کوں محفوظ رکھیندے۔	Brahui (Standard)	South Asia	PARUR_09
Farmers wake up early to tend to crops.	کسان فصلاں دی سنبھال کیتے جلدی اٹھدے نیں۔	Brahui (Standard)	South Asia	PARUR_05
Clear communication prevents misunderstandings.	صاف رابطہ غلط فہمیاں کوں روکیندے۔	Brahui (Standard)	South Asia	PARUR_05
The school organized a science fair.	سکول نے سائنس میلہ منظم کیتا۔	Brahui (Standard)	South Asia	PARUR_01
Spices add flavor to traditional dishes.	مصالحے روایتی کھاناں وچ ذائقہ ودیندے نیں۔	Brahui (Standard)	South Asia	PARUR_05
Eating fresh fruits provides essential vitamins.	تازہ پھل کھان ضروری وٹامن فراہم کریندے۔	Brahui (Standard)	South Asia	PARUR_04
Cooking together brings family members closer.	گڈے کھان پکاون خاندان دے ممبراں کوں نیڑے لیندے۔	Brahui (Standard)	South Asia	PARUR_09
Handicrafts showcase artistic traditions.	ہتھکاریاں فنکارانہ روایات دکھیندیاں نیں۔	Brahui (Standard)	South Asia	PARUR_01
Elderly people share wisdom and stories.	بزرگ لوک حکمت تے کہانیاں سانجھیاں کریندے نیں۔	Brahui (Standard)	South Asia	PARUR_08
Education opens doors to opportunities.	تعلیم موقعاں دے دروازے کولیندی اے۔	Brahui (Standard)	South Asia	PARUR_06
The internet connects people across continents.	انٹرنیٹ براعظماں وچ لوکاں کوں جوڑیندے۔	Brahui (Standard)	South Asia	PARUR_06
People celebrate festivals with great joy.	لوک ودی خوشی نال میلے منیندے نیں۔	Brahui (Standard)	South Asia	PARUR_05
Children learn best when they are interested.	بچے بہترین سکھدے نیں جدوں اوہ دلچسپی رکھدے نیں۔	Brahui (Standard)	South Asia	PARUR_01
Reading books improves vocabulary.	کتاباں پڑھن ذخیرہ الفاظ بہتر بنیندے۔	Brahui (Standard)	South Asia	PARUR_06
Tea is served to guests as a gesture of hospitality.	مہماناں کوں مہمان نوازی دی نشانی دے طور تے چاہ پیش کیتی ویندی اے۔	Brahui (Standard)	South Asia	PARUR_06
Parents sacrifice their own needs for children.	والدین بچیاں کیتے اپنیاں ضرورتاں قربان کریندے نیں۔	Brahui (Standard)	South Asia	PARUR_06
Family members support each other during difficult times.	خاندان دے ممبر مشکل وختاں وچ ہک دوجھے دی مدد کریندے نیں۔	Brahui (Standard)	South Asia	PARUR_09
The river flows peacefully through the valley.	دریا وادی وچ پرامن طریقے نال وہندی اے۔	Brahui (Standard)	South Asia	PARUR_07
Train journeys offer scenic views.	ریل دے سفر منظراں دے نظارے پیش کریندے نیں۔	Brahui (Standard)	South Asia	PARUR_05
I woke up early this morning.	من اڄ صبح جلدی اٹھیا۔	Brahui (Standard)	South Asia	PARUR_05
Doctors work long hours to treat patients.	ڈاکٹر مریضاں دا علاج کرن کیتے لمبیاں گھڑیاں کم کریندے نیں۔	Brahui (Standard)	South Asia	PARUR_06
She cooked delicious biryani for the family.	اوں خاندان کیتے مزیدار بریانی پکائی۔	Brahui (Standard)	South Asia	PARUR_03
Respecting elders is an important value.	بزرگاں دا احترام ہک اہم قدر اے۔	Brahui (Standard)	South Asia	PARUR_07
She walked slowly through the garden.	اوں باغ وچ آہستہ آہستہ ٹردی۔	Brahui (Standard)	South Asia	PARUR_05
She received a scholarship to study medicine.	اوں طب دی تعلیم کیتے اسکالرشپ حاصل کیتی۔	Brahui (Standard)	South Asia	PARUR_07
Tourism brings revenue to regions with historical sites.	سیاحت تاریخی تھانواں والے علاقیاں کوں آمدنی لیندی اے۔	Brahui (Standard)	South Asia	PARUR_06
Small businesses create employment opportunities.	نکیاں کاروبار روزگار دے موقعے پیدا کریندے نیں۔	Brahui (Standard)	South Asia	PARUR_01
People travel long distances to visit religious sites.	لوک مذہبی تھانواں دیکھن کیتے لمبیاں دوریاں طے کریندے نیں۔	Brahui (Standard)	South Asia	PARUR_08
Teachers shape young minds.	استاد نوجوان ذہناں کوں شکل دیندے نیں۔	Brahui (Standard)	South Asia	PARUR_03
Students gathered in the library.	طالب علم لائبریری وچ گڈے تھئے۔	Brahui (Standard)	South Asia	PARUR_04
Traditional music is important for our heritage.	روایتی موسیقی سادی ورثے کیتے اہم اے۔	Brahui (Standard)	South Asia	PARUR_02
The market was crowded with people.	بازار لوکاں نال بھریا ہویا ہا۔	Brahui (Standard)	South Asia	PARUR_04
The forest is home to many wild animals.	جنگل گھنے جنگلی جانوراں دا گھر اے۔	Brahui (Standard)	South Asia	PARUR_05
Agriculture remains the primary source of income.	زراعت آمدنی دا بنیادی ذریعہ رہندی اے۔	Brahui (Standard)	South Asia	PARUR_02
The teacher explained the lesson patiently.	استاد صبر نال سبق سمجھایا۔	Brahui (Standard)	South Asia	PARUR_10
Doctors recommend drinking plenty of water.	ڈاکٹر گھنے پانی پیون دی صلاح دیندے نیں۔	Brahui (Standard)	South Asia	PARUR_02
Sports teach teamwork and discipline.	کھیڈاں ٹیم ورک تے نظم و ضبط سکھیندیاں نیں۔	Brahui (Standard)	South Asia	PARUR_07
After finishing his work, he sat down.	اپنا کم مکمل کرن دے بعد، او بیٹھ گیا۔	Brahui (Standard)	South Asia	PARUR_03
My grandmother told me stories.	میری دادی نے مینوں کہانیاں سنایاں۔	Brahui (Standard)	South Asia	PARUR_09
Children were playing cricket in the street.	بچے سڑک تے کرکٹ کھیڈدے پئے ہن۔	Brahui (Standard)	South Asia	PARUR_09
Cricket is a popular sport.	کرکٹ ہک مقبول کھیڈ اے۔	Brahui (Standard)	South Asia	PARUR_05
Storytelling preserves culture and knowledge.	کہانی سناون ثقافت تے علم کوں محفوظ رکھیندے۔	Brahui (Standard)	South Asia	PARUR_05
Agriculture remains the primary source of income.	زراعت آمدنی دا بنیادی ذریعہ رہندی اے۔	Brahui (Standard)	South Asia	PARUR_09
Birds were chirping in the trees.	پنچھی رکھاں وچ چہچہا رہے ہن۔	Brahui (Standard)	South Asia	PARUR_04
People travel long distances to visit religious sites.	لوک مذہبی تھانواں دیکھن کیتے لمبیاں دوریاں طے کریندے نیں۔	Brahui (Standard)	South Asia	PARUR_06
The river flows peacefully through the valley.	دریا وادی وچ پرامن طریقے نال وہندی اے۔	Brahui (Standard)	South Asia	PARUR_08
Cricket is a popular sport.	کرکٹ ہک مقبول کھیڈ اے۔	Brahui (Standard)	South Asia	PARUR_06
My grandmother told me stories.	میری دادی نے مینوں کہانیاں سنایاں۔	Brahui (Standard)	South Asia	PARUR_04
Traditional music is important for our heritage.	روایتی موسیقی سادی ورثے کیتے اہم اے۔	Brahui (Standard)	South Asia	PARUR_02
Learning a new language requires practice.	نوی زبان سکھن کیتے مشق دی لوڑ اے۔	Brahui (Standard)	South Asia	PARUR_05
The bus arrived late.	بس ڈیر نال پہنچی۔	Brahui (Standard)	South Asia	PARUR_09
Reading books improves vocabulary.	کتاباں پڑھن ذخیرہ الفاظ بہتر بنیندے۔	Brahui (Standard)	South Asia	PARUR_01
Farmers planted rice in the flooded fields.	کسان پانی والے کھیتراں وچ چاول پوکے۔	Brahui (Standard)	South Asia	PARUR_09
Cooking together brings family members closer.	گڈے کھان پکاون خاندان دے ممبراں کوں نیڑے لیندے۔	Brahui (Standard)	South Asia	PARUR_02
Tea is served to guests as a gesture of hospitality.	مہماناں کوں مہمان نوازی دی نشانی دے طور تے چاہ پیش کیتی ویندی اے۔	Brahui (Standard)	South Asia	PARUR_01
Children learn best when they are interested.	بچے بہترین سکھدے نیں جدوں اوہ دلچسپی رکھدے نیں۔	Brahui (Standard)	South Asia	PARUR_03
Digital payments have made transactions faster.	ڈیجیٹل ادائیگیاں معاملات تیز کیتے نیں۔	Brahui (Standard)	South Asia	PARUR_07
Students gathered in the library.	طالب علم لائبریری وچ گڈے تھئے۔	Brahui (Standard)	South Asia	PARUR_03
The wedding ceremony lasted three days.	شادی دی تقریب ترئے دینہہ چلی۔	Brahui (Standard)	South Asia	PARUR_04
Teachers shape young minds.	استاد نوجوان ذہناں کوں شکل دیندے نیں۔	Brahui (Standard)	South Asia	PARUR_04
After finishing his work, he sat down.	اپنا کم مکمل کرن دے بعد، او بیٹھ گیا۔	Brahui (Standard)	South Asia	PARUR_04
Tourism brings revenue to regions with historical sites.	سیاحت تاریخی تھانواں والے علاقیاں کوں آمدنی لیندی اے۔	Brahui (Standard)	South Asia	PARUR_03
Regular exercise helps maintain good health.	منظم ورزش چنگی صحت برقرار رکھن وچ مدد کریندی اے۔	Brahui (Standard)	South Asia	PARUR_10
The forest is home to many wild animals.	جنگل گھنے جنگلی جانوراں دا گھر اے۔	Brahui (Standard)	South Asia	PARUR_07
I woke up early this morning.	من اڄ صبح جلدی اٹھیا۔	Brahui (Standard)	South Asia	PARUR_02
Pollution in cities has become a serious problem.	شہراں وچ آلودگی ہک سنجیدہ مسئلہ بن گئی اے۔	Brahui (Standard)	South Asia	PARUR_10
Eating fresh fruits provides essential vitamins.	تازہ پھل کھان ضروری وٹامن فراہم کریندے۔	Brahui (Standard)	South Asia	PARUR_04
Doctors work long hours to treat patients.	ڈاکٹر مریضاں دا علاج کرن کیتے لمبیاں گھڑیاں کم کریندے نیں۔	Brahui (Standard)	South Asia	PARUR_01
The market was crowded with people.	بازار لوکاں نال بھریا ہویا ہا۔	Brahui (Standard)	South Asia	PARUR_01
Sports teach teamwork and discipline.	کھیڈاں ٹیم ورک تے نظم و ضبط سکھیندیاں نیں۔	Brahui (Standard)	South Asia	PARUR_03
Clear communication prevents misunderstandings.	صاف رابطہ غلط فہمیاں کوں روکیندے۔	Brahui (Standard)	South Asia	PARUR_01
Doctors recommend drinking plenty of water.	ڈاکٹر گھنے پانی پیون دی صلاح دیندے نیں۔	Brahui (Standard)	South Asia	PARUR_08
Family members support each other during difficult times.	خاندان دے ممبر مشکل وختاں وچ ہک دوجھے دی مدد کریندے نیں۔	Brahui (Standard)	South Asia	PARUR_10
The internet connects people across continents.	انٹرنیٹ براعظماں وچ لوکاں کوں جوڑیندے۔	Brahui (Standard)	South Asia	PARUR_01
The professor wrote equations on the blackboard.	پروفیسر تختے تے مساوات لکھیاں۔	Brahui (Standard)	South Asia	PARUR_07
Online shopping has become popular.	آن لائن خریداری مقبول تھی گئی اے۔	Brahui (Standard)	South Asia	PARUR_05
We decided to visit the old temple.	اساں پرانے مندر دیکھن دا فیصلہ کیتا۔	Brahui (Standard)	South Asia	PARUR_08
Parents sacrifice their own needs for children.	والدین بچیاں کیتے اپنیاں ضرورتاں قربان کریندے نیں۔	Brahui (Standard)	South Asia	PARUR_04
Education opens doors to opportunities.	تعلیم موقعاں دے دروازے کولیندی اے۔	Brahui (Standard)	South Asia	PARUR_10
Smartphones have changed how people communicate.	اسمارٹ فوناں نے لوکاں دے رابطے دے طریقے کوں تبدیل کیتا اے۔	Brahui (Standard)	South Asia	PARUR_06
Train journeys offer scenic views.	ریل دے سفر منظراں دے نظارے پیش کریندے نیں۔	Brahui (Standard)	South Asia	PARUR_09
Spices add flavor to traditional dishes.	مصالحے روایتی کھاناں وچ ذائقہ ودیندے نیں۔	Brahui (Standard)	South Asia	PARUR_01
She cooked delicious biryani for the family.	اوں خاندان کیتے مزیدار بریانی پکائی۔	Brahui (Standard)	South Asia	PARUR_01
Children were playing cricket in the street.	بچے سڑک تے کرکٹ کھیڈدے پئے ہن۔	Brahui (Standard)	South Asia	PARUR_09
Handicrafts showcase artistic traditions.	ہتھکاریاں فنکارانہ روایات دکھیندیاں نیں۔	Brahui (Standard)	South Asia	PARUR_02
The teacher explained the lesson patiently.	استاد صبر نال سبق سمجھایا۔	Brahui (Standard)	South Asia	PARUR_08
Respecting elders is an important value.	بزرگاں دا احترام ہک اہم قدر اے۔	Brahui (Standard)	South Asia	PARUR_05
People celebrate festivals with great joy.	لوک ودی خوشی نال میلے منیندے نیں۔	Brahui (Standard)	South Asia	PARUR_05
Small businesses create employment opportunities.	نکیاں کاروبار روزگار دے موقعے پیدا کریندے نیں۔	Brahui (Standard)	South Asia	PARUR_02
She received a scholarship to study medicine.	اوں طب دی تعلیم کیتے اسکالرشپ حاصل کیتی۔	Brahui (Standard)	South Asia	PARUR_02
The school organized a science fair.	سکول نے سائنس میلہ منظم کیتا۔	Brahui (Standard)	South Asia	PARUR_08
Elderly people share wisdom and stories.	بزرگ لوک حکمت تے کہانیاں سانجھیاں کریندے نیں۔	Brahui (Standard)	South Asia	PARUR_01
She walked slowly through the garden.	اوں باغ وچ آہستہ آہستہ ٹردی۔	Brahui (Standard)	South Asia	PARUR_08
Farmers wake up early to tend to crops.	کسان فصلاں دی سنبھال کیتے جلدی اٹھدے نیں۔	Brahui (Standard)	South Asia	PARUR_03
Storytelling preserves culture and knowledge.	کہانی سناون ثقافت تے علم کوں محفوظ رکھیندے۔	Brahui (Standard)	South Asia	PARUR_04
Cricket is a popular sport.	کرکٹ ہک مقبول کھیڈ اے۔	Brahui (Standard)	South Asia	PARUR_01
People celebrate festivals with great joy.	لوک ودی خوشی نال میلے منیندے نیں۔	Brahui (Standard)	South Asia	PARUR_09
After finishing his work, he sat down.	اپنا کم مکمل کرن دے بعد، او بیٹھ گیا۔	Brahui (Standard)	South Asia	PARUR_10
Teachers shape young minds.	استاد نوجوان ذہناں کوں شکل دیندے نیں۔	Brahui (Standard)	South Asia	PARUR_05
Family members support each other during difficult times.	خاندان دے ممبر مشکل وختاں وچ ہک دوجھے دی مدد کریندے نیں۔	Brahui (Standard)	South Asia	PARUR_07
Children were playing cricket in the street.	بچے سڑک تے کرکٹ کھیڈدے پئے ہن۔	Brahui (Standard)	South Asia	PARUR_07
Farmers planted rice in the flooded fields.	کسان پانی والے کھیتراں وچ چاول پوکے۔	Brahui (Standard)	South Asia	PARUR_07
The bus arrived late.	بس ڈیر نال پہنچی۔	Brahui (Standard)	South Asia	PARUR_03
Pollution in cities has become a serious problem.	شہراں وچ آلودگی ہک سنجیدہ مسئلہ بن گئی اے۔	Brahui (Standard)	South Asia	PARUR_10
Small businesses create employment opportunities.	نکیاں کاروبار روزگار دے موقعے پیدا کریندے نیں۔	Brahui (Standard)	South Asia	PARUR_09
The internet connects people across continents.	انٹرنیٹ براعظماں وچ لوکاں کوں جوڑیندے۔	Brahui (Standard)	South Asia	PARUR_02
My grandmother told me stories.	میری دادی نے مینوں کہانیاں سنایاں۔	Brahui (Standard)	South Asia	PARUR_10
Spices add flavor to traditional dishes.	مصالحے روایتی کھاناں وچ ذائقہ ودیندے نیں۔	Brahui (Standard)	South Asia	PARUR_10
People travel long distances to visit religious sites.	لوک مذہبی تھانواں دیکھن کیتے لمبیاں دوریاں طے کریندے نیں۔	Brahui (Standard)	South Asia	PARUR_08
Respecting elders is an important value.	بزرگاں دا احترام ہک اہم قدر اے۔	Brahui (Standard)	South Asia	PARUR_09
The forest is home to many wild animals.	جنگل گھنے جنگلی جانوراں دا گھر اے۔	Brahui (Standard)	South Asia	PARUR_09
The wedding ceremony lasted three days.	شادی دی تقریب ترئے دینہہ چلی۔	Brahui (Standard)	South Asia	PARUR_04
Sports teach teamwork and discipline.	کھیڈاں ٹیم ورک تے نظم و ضبط سکھیندیاں نیں۔	Brahui (Standard)	South Asia	PARUR_06
Tourism brings revenue to regions with historical sites.	سیاحت تاریخی تھانواں والے علاقیاں کوں آمدنی لیندی اے۔	Brahui (Standard)	South Asia	PARUR_09
Birds were chirping in the trees.	پنچھی رکھاں وچ چہچہا رہے ہن۔	Brahui (Standard)	South Asia	PARUR_05
Train journeys offer scenic views.	ریل دے سفر منظراں دے نظارے پیش کریندے نیں۔	Brahui (Standard)	South Asia	PARUR_04
Agriculture remains the primary source of income.	زراعت آمدنی دا بنیادی ذریعہ رہندی اے۔	Brahui (Standard)	South Asia	PARUR_05
Parents sacrifice their own needs for children.	والدین بچیاں کیتے اپنیاں ضرورتاں قربان کریندے نیں۔	Brahui (Standard)	South Asia	PARUR_02
We decided to visit the old temple.	اساں پرانے مندر دیکھن دا فیصلہ کیتا۔	Brahui (Standard)	South Asia	PARUR_08
Digital payments have made transactions faster.	ڈیجیٹل ادائیگیاں معاملات تیز کیتے نیں۔	Brahui (Standard)	South Asia	PARUR_07
Regular exercise helps maintain good health.	منظم ورزش چنگی صحت برقرار رکھن وچ مدد کریندی اے۔	Brahui (Standard)	South Asia	PARUR_06
The market was crowded with people.	بازار لوکاں نال بھریا ہویا ہا۔	Brahui (Standard)	South Asia	PARUR_01
Smartphones have changed how people communicate.	اسمارٹ فوناں نے لوکاں دے رابطے دے طریقے کوں تبدیل کیتا اے۔	Brahui (Standard)	South Asia	PARUR_04
Doctors recommend drinking plenty of water.	ڈاکٹر گھنے پانی پیون دی صلاح دیندے نیں۔	Brahui (Standard)	South Asia	PARUR_07
Eating fresh fruits provides essential vitamins.	تازہ پھل کھان ضروری وٹامن فراہم کریندے۔	Brahui (Standard)	South Asia	PARUR_01
The school organized a science fair.	سکول نے سائنس میلہ منظم کیتا۔	Brahui (Standard)	South Asia	PARUR_03
She received a scholarship to study medicine.	اوں طب دی تعلیم کیتے اسکالرشپ حاصل کیتی۔	Brahui (Standard)	South Asia	PARUR_10
Learning a new language requires practice.	نوی زبان سکھن کیتے مشق دی لوڑ اے۔	Brahui (Standard)	South Asia	PARUR_02
Children learn best when they are interested.	بچے بہترین سکھدے نیں جدوں اوہ دلچسپی رکھدے نیں۔	Brahui (Standard)	South Asia	PARUR_10
Cooking together brings family members closer.	گڈے کھان پکاون خاندان دے ممبراں کوں نیڑے لیندے۔	Brahui (Standard)	South Asia	PARUR_04
Doctors work long hours to treat patients.	ڈاکٹر مریضاں دا علاج کرن کیتے لمبیاں گھڑیاں کم کریندے نیں۔	Brahui (Standard)	South Asia	PARUR_01
The river flows peacefully through the valley.	دریا وادی وچ پرامن طریقے نال وہندی اے۔	Brahui (Standard)	South Asia	PARUR_06
Tea is served to guests as a gesture of hospitality.	مہماناں کوں مہمان نوازی دی نشانی دے طور تے چاہ پیش کیتی ویندی اے۔	Brahui (Standard)	South Asia	PARUR_02
Traditional music is important for our heritage.	روایتی موسیقی سادی ورثے کیتے اہم اے۔	Brahui (Standard)	South Asia	PARUR_03
Students gathered in the library.	طالب علم لائبریری وچ گڈے تھئے۔	Brahui (Standard)	South Asia	PARUR_08
Education opens doors to opportunities.	تعلیم موقعاں دے دروازے کولیندی اے۔	Brahui (Standard)	South Asia	PARUR_02
Online shopping has become popular.	آن لائن خریداری مقبول تھی گئی اے۔	Brahui (Standard)	South Asia	PARUR_10
The teacher explained the lesson patiently.	استاد صبر نال سبق سمجھایا۔	Brahui (Standard)	South Asia	PARUR_09
She walked slowly through the garden.	اوں باغ وچ آہستہ آہستہ ٹردی۔	Brahui (Standard)	South Asia	PARUR_02
I woke up early this morning.	من اڄ صبح جلدی اٹھیا۔	Brahui (Standard)	South Asia	PARUR_01
Farmers wake up early to tend to crops.	کسان فصلاں دی سنبھال کیتے جلدی اٹھدے نیں۔	Brahui (Standard)	South Asia	PARUR_10
Clear communication prevents misunderstandings.	صاف رابطہ غلط فہمیاں کوں روکیندے۔	Brahui (Standard)	South Asia	PARUR_09
Reading books improves vocabulary.	کتاباں پڑھن ذخیرہ الفاظ بہتر بنیندے۔	Brahui (Standard)	South Asia	PARUR_05
Elderly people share wisdom and stories.	بزرگ لوک حکمت تے کہانیاں سانجھیاں کریندے نیں۔	Brahui (Standard)	South Asia	PARUR_05
The professor wrote equations on the blackboard.	پروفیسر تختے تے مساوات لکھیاں۔	Brahui (Standard)	South Asia	PARUR_07
She cooked delicious biryani for the family.	اوں خاندان کیتے مزیدار بریانی پکائی۔	Brahui (Standard)	South Asia	PARUR_06
Handicrafts showcase artistic traditions.	ہتھکاریاں فنکارانہ روایات دکھیندیاں نیں۔	Brahui (Standard)	South Asia	PARUR_03
Farmers wake up early to tend to crops.	کسان فصلاں دی سنبھال کیتے جلدی اٹھدے نیں۔	Brahui (Standard)	South Asia	PARUR_05
Storytelling preserves culture and knowledge.	کہانی سناون ثقافت تے علم کوں محفوظ رکھیندے۔	Brahui (Standard)	South Asia	PARUR_09
She cooked delicious biryani for the family.	اوں خاندان کیتے مزیدار بریانی پکائی۔	Brahui (Standard)	South Asia	PARUR_09
I woke up early this morning.	من اڄ صبح جلدی اٹھیا۔	Brahui (Standard)	South Asia	PARUR_03
Traditional music is important for our heritage.	روایتی موسیقی سادی ورثے کیتے اہم اے۔	Brahui (Standard)	South Asia	PARUR_07
Clear communication prevents misunderstandings.	صاف رابطہ غلط فہمیاں کوں روکیندے۔	Brahui (Standard)	South Asia	PARUR_06
The professor wrote equations on the blackboard.	پروفیسر تختے تے مساوات لکھیاں۔	Brahui (Standard)	South Asia	PARUR_03
She walked slowly through the garden.	اوں باغ وچ آہستہ آہستہ ٹردی۔	Brahui (Standard)	South Asia	PARUR_04
People celebrate festivals with great joy.	لوک ودی خوشی نال میلے منیندے نیں۔	Brahui (Standard)	South Asia	PARUR_05
Agriculture remains the primary source of income.	زراعت آمدنی دا بنیادی ذریعہ رہندی اے۔	Brahui (Standard)	South Asia	PARUR_04
Reading books improves vocabulary.	کتاباں پڑھن ذخیرہ الفاظ بہتر بنیندے۔	Brahui (Standard)	South Asia	PARUR_01
The river flows peacefully through the valley.	دریا وادی وچ پرامن طریقے نال وہندی اے۔	Brahui (Standard)	South Asia	PARUR_05
The school organized a science fair.	سکول نے سائنس میلہ منظم کیتا۔	Brahui (Standard)	South Asia	PARUR_01
Pollution in cities has become a serious problem.	شہراں وچ آلودگی ہک سنجیدہ مسئلہ بن گئی اے۔	Brahui (Standard)	South Asia	PARUR_07
Parents sacrifice their own needs for children.	والدین بچیاں کیتے اپنیاں ضرورتاں قربان کریندے نیں۔	Brahui (Standard)	South Asia	PARUR_04
My grandmother told me stories.	میری دادی نے مینوں کہانیاں سنایاں۔	Brahui (Standard)	South Asia	PARUR_03
Spices add flavor to traditional dishes.	مصالحے روایتی کھاناں وچ ذائقہ ودیندے نیں۔	Brahui (Standard)	South Asia	PARUR_06
Tourism brings revenue to regions with historical sites.	سیاحت تاریخی تھانواں والے علاقیاں کوں آمدنی لیندی اے۔	Brahui (Standard)	South Asia	PARUR_03
We decided to visit the old temple.	اساں پرانے مندر دیکھن دا فیصلہ کیتا۔	Brahui (Standard)	South Asia	PARUR_10
She received a scholarship to study medicine.	اوں طب دی تعلیم کیتے اسکالرشپ حاصل کیتی۔	Brahui (Standard)	South Asia	PARUR_06
The market was crowded with people.	بازار لوکاں نال بھریا ہویا ہا۔	Brahui (Standard)	South Asia	PARUR_07
Tea is served to guests as a gesture of hospitality.	مہماناں کوں مہمان نوازی دی نشانی دے طور تے چاہ پیش کیتی ویندی اے۔	Brahui (Standard)	South Asia	PARUR_10
The wedding ceremony lasted three days.	شادی دی تقریب ترئے دینہہ چلی۔	Brahui (Standard)	South Asia	PARUR_02
Children learn best when they are interested.	بچے بہترین سکھدے نیں جدوں اوہ دلچسپی رکھدے نیں۔	Brahui (Standard)	South Asia	PARUR_01
Train journeys offer scenic views.	ریل دے سفر منظراں دے نظارے پیش کریندے نیں۔	Brahui (Standard)	South Asia	PARUR_04
The internet connects people across continents.	انٹرنیٹ براعظماں وچ لوکاں کوں جوڑیندے۔	Brahui (Standard)	South Asia	PARUR_06
Farmers planted rice in the flooded fields.	کسان پانی والے کھیتراں وچ چاول پوکے۔	Brahui (Standard)	South Asia	PARUR_03
The teacher explained the lesson patiently.	استاد صبر نال سبق سمجھایا۔	Brahui (Standard)	South Asia	PARUR_05
Students gathered in the library.	طالب علم لائبریری وچ گڈے تھئے۔	Brahui (Standard)	South Asia	PARUR_02
Eating fresh fruits provides essential vitamins.	تازہ پھل کھان ضروری وٹامن فراہم کریندے۔	Brahui (Standard)	South Asia	PARUR_06
Cooking together brings family members closer.	گڈے کھان پکاون خاندان دے ممبراں کوں نیڑے لیندے۔	Brahui (Standard)	South Asia	PARUR_05
Sports teach teamwork and discipline.	کھیڈاں ٹیم ورک تے نظم و ضبط سکھیندیاں نیں۔	Brahui (Standard)	South Asia	PARUR_05
Regular exercise helps maintain good health.	منظم ورزش چنگی صحت برقرار رکھن وچ مدد کریندی اے۔	Brahui (Standard)	South Asia	PARUR_08
Learning a new language requires practice.	نوی زبان سکھن کیتے مشق دی لوڑ اے۔	Brahui (Standard)	South Asia	PARUR_10
Birds were chirping in the trees.	پنچھی رکھاں وچ چہچہا رہے ہن۔	Brahui (Standard)	South Asia	PARUR_10
The bus arrived late.	بس ڈیر نال پہنچی۔	Brahui (Standard)	South Asia	PARUR_06
Children were playing cricket in the street.	بچے سڑک تے کرکٹ کھیڈدے پئے ہن۔	Brahui (Standard)	South Asia	PARUR_09
Education opens doors to opportunities.	تعلیم موقعاں دے دروازے کولیندی اے۔	Brahui (Standard)	South Asia	PARUR_02
Handicrafts showcase artistic traditions.	ہتھکاریاں فنکارانہ روایات دکھیندیاں نیں۔	Brahui (Standard)	South Asia	PARUR_09
Respecting elders is an important value.	بزرگاں دا احترام ہک اہم قدر اے۔	Brahui (Standard)	South Asia	PARUR_06
After finishing his work, he sat down.	اپنا کم مکمل کرن دے بعد، او بیٹھ گیا۔	Brahui (Standard)	South Asia	PARUR_01
People travel long distances to visit religious sites.	لوک مذہبی تھانواں دیکھن کیتے لمبیاں دوریاں طے کریندے نیں۔	Brahui (Standard)	South Asia	PARUR_02
Cricket is a popular sport.	کرکٹ ہک مقبول کھیڈ اے۔	Brahui (Standard)	South Asia	PARUR_03
Online shopping has become popular.	آن لائن خریداری مقبول تھی گئی اے۔	Brahui (Standard)	South Asia	PARUR_01
Doctors work long hours to treat patients.	ڈاکٹر مریضاں دا علاج کرن کیتے لمبیاں گھڑیاں کم کریندے نیں۔	Brahui (Standard)	South Asia	PARUR_09
Elderly people share wisdom and stories.	بزرگ لوک حکمت تے کہانیاں سانجھیاں کریندے نیں۔	Brahui (Standard)	South Asia	PARUR_04
Doctors recommend drinking plenty of water.	ڈاکٹر گھنے پانی پیون دی صلاح دیندے نیں۔	Brahui (Standard)	South Asia	PARUR_09
Family members support each other during difficult times.	خاندان دے ممبر مشکل وختاں وچ ہک دوجھے دی مدد کریندے نیں۔	Brahui (Standard)	South Asia	PARUR_10
Small businesses create employment opportunities.	نکیاں کاروبار روزگار دے موقعے پیدا کریندے نیں۔	Brahui (Standard)	South Asia	PARUR_03
Digital payments have made transactions faster.	ڈیجیٹل ادائیگیاں معاملات تیز کیتے نیں۔	Brahui (Standard)	South Asia	PARUR_02
Teachers shape young minds.	استاد نوجوان ذہناں کوں شکل دیندے نیں۔	Brahui (Standard)	South Asia	PARUR_02
The forest is home to many wild animals.	جنگل گھنے جنگلی جانوراں دا گھر اے۔	Brahui (Standard)	South Asia	PARUR_07
Smartphones have changed how people communicate.	اسمارٹ فوناں نے لوکاں دے رابطے دے طریقے کوں تبدیل کیتا اے۔	Brahui (Standard)	South Asia	PARUR_04
Elderly people share wisdom and stories.	بزرگ لوک حکمت تے کہانیاں سانجھیاں کریندے نیں۔	Brahui (Standard)	South Asia	PARUR_05
She cooked delicious biryani for the family.	اوں خاندان کیتے مزیدار بریانی پکائی۔	Brahui (Standard)	South Asia	PARUR_08
Family members support each other during difficult times.	خاندان دے ممبر مشکل وختاں وچ ہک دوجھے دی مدد کریندے نیں۔	Brahui (Standard)	South Asia	PARUR_01
Clear communication prevents misunderstandings.	صاف رابطہ غلط فہمیاں کوں روکیندے۔	Brahui (Standard)	South Asia	PARUR_02
After finishing his work, he sat down.	اپنا کم مکمل کرن دے بعد، او بیٹھ گیا۔	Brahui (Standard)	South Asia	PARUR_07
Reading books improves vocabulary.	کتاباں پڑھن ذخیرہ الفاظ بہتر بنیندے۔	Brahui (Standard)	South Asia	PARUR_06
Train journeys offer scenic views.	ریل دے سفر منظراں دے نظارے پیش کریندے نیں۔	Brahui (Standard)	South Asia	PARUR_05
The professor wrote equations on the blackboard.	پروفیسر تختے تے مساوات لکھیاں۔	Brahui (Standard)	South Asia	PARUR_02
Tourism brings revenue to regions with historical sites.	سیاحت تاریخی تھانواں والے علاقیاں کوں آمدنی لیندی اے۔	Brahui (Standard)	South Asia	PARUR_09
We decided to visit the old temple.	اساں پرانے مندر دیکھن دا فیصلہ کیتا۔	Brahui (Standard)	South Asia	PARUR_04
The market was crowded with people.	بازار لوکاں نال بھریا ہویا ہا۔	Brahui (Standard)	South Asia	PARUR_09
Traditional music is important for our heritage.	روایتی موسیقی سادی ورثے کیتے اہم اے۔	Brahui (Standard)	South Asia	PARUR_05
She walked slowly through the garden.	اوں باغ وچ آہستہ آہستہ ٹردی۔	Brahui (Standard)	South Asia	PARUR_03
I woke up early this morning.	من اڄ صبح جلدی اٹھیا۔	Brahui (Standard)	South Asia	PARUR_10
Tea is served to guests as a gesture of hospitality.	مہماناں کوں مہمان نوازی دی نشانی دے طور تے چاہ پیش کیتی ویندی اے۔	Brahui (Standard)	South Asia	PARUR_04
Doctors work long hours to treat patients.	ڈاکٹر مریضاں دا علاج کرن کیتے لمبیاں گھڑیاں کم کریندے نیں۔	Brahui (Standard)	South Asia	PARUR_07
Cricket is a popular sport.	کرکٹ ہک مقبول کھیڈ اے۔	Brahui (Standard)	South Asia	PARUR_04
Online shopping has become popular.	آن لائن خریداری مقبول تھی گئی اے۔	Brahui (Standard)	South Asia	PARUR_02
Regular exercise helps maintain good health.	منظم ورزش چنگی صحت برقرار رکھن وچ مدد کریندی اے۔	Brahui (Standard)	South Asia	PARUR_08
Teachers shape young minds.	استاد نوجوان ذہناں کوں شکل دیندے نیں۔	Brahui (Standard)	South Asia	PARUR_07
Cooking together brings family members closer.	گڈے کھان پکاون خاندان دے ممبراں کوں نیڑے لیندے۔	Brahui (Standard)	South Asia	PARUR_02
The school organized a science fair.	سکول نے سائنس میلہ منظم کیتا۔	Brahui (Standard)	South Asia	PARUR_10
Learning a new language requires practice.	نوی زبان سکھن کیتے مشق دی لوڑ اے۔	Brahui (Standard)	South Asia	PARUR_08
My grandmother told me stories.	میری دادی نے مینوں کہانیاں سنایاں۔	Brahui (Standard)	South Asia	PARUR_04
Pollution in cities has become a serious problem.	شہراں وچ آلودگی ہک سنجیدہ مسئلہ بن گئی اے۔	Brahui (Standard)	South Asia	PARUR_01
Doctors recommend drinking plenty of water.	ڈاکٹر گھنے پانی پیون دی صلاح دیندے نیں۔	Brahui (Standard)	South Asia	PARUR_02
The internet connects people across continents.	انٹرنیٹ براعظماں وچ لوکاں کوں جوڑیندے۔	Brahui (Standard)	South Asia	PARUR_05
Eating fresh fruits provides essential vitamins.	تازہ پھل کھان ضروری وٹامن فراہم کریندے۔	Brahui (Standard)	South Asia	PARUR_02
The teacher explained the lesson patiently.	استاد صبر نال سبق سمجھایا۔	Brahui (Standard)	South Asia	PARUR_02
The forest is home to many wild animals.	جنگل گھنے جنگلی جانوراں دا گھر اے۔	Brahui (Standard)	South Asia	PARUR_02
Handicrafts showcase artistic traditions.	ہتھکاریاں فنکارانہ روایات دکھیندیاں نیں۔	Brahui (Standard)	South Asia	PARUR_01
Spices add flavor to traditional dishes.	مصالحے روایتی کھاناں وچ ذائقہ ودیندے نیں۔	Brahui (Standard)	South Asia	PARUR_10
Storytelling preserves culture and knowledge.	کہانی سناون ثقافت تے علم کوں محفوظ رکھیندے۔	Brahui (Standard)	South Asia	PARUR_05
Farmers wake up early to tend to crops.	کسان فصلاں دی سنبھال کیتے جلدی اٹھدے نیں۔	Brahui (Standard)	South Asia	PARUR_10
Birds were chirping in the trees.	پنچھی رکھاں وچ چہچہا رہے ہن۔	Brahui (Standard)	South Asia	PARUR_09
Education opens doors to opportunities.	تعلیم موقعاں دے دروازے کولیندی اے۔	Brahui (Standard)	South Asia	PARUR_10
Farmers planted rice in the flooded fields.	کسان پانی والے کھیتراں وچ چاول پوکے۔	Brahui (Standard)	South Asia	PARUR_10
Respecting elders is an important value.	بزرگاں دا احترام ہک اہم قدر اے۔	Brahui (Standard)	South Asia	PARUR_01
Parents sacrifice their own needs for children.	والدین بچیاں کیتے اپنیاں ضرورتاں قربان کریندے نیں۔	Brahui (Standard)	South Asia	PARUR_06
People travel long distances to visit religious sites.	لوک مذہبی تھانواں دیکھن کیتے لمبیاں دوریاں طے کریندے نیں۔	Brahui (Standard)	South Asia	PARUR_07
The bus arrived late.	بس ڈیر نال پہنچی۔	Brahui (Standard)	South Asia	PARUR_08
The wedding ceremony lasted three days.	شادی دی تقریب ترئے دینہہ چلی۔	Brahui (Standard)	South Asia	PARUR_10
The river flows peacefully through the valley.	دریا وادی وچ پرامن طریقے نال وہندی اے۔	Brahui (Standard)	South Asia	PARUR_09
Digital payments have made transactions faster.	ڈیجیٹل ادائیگیاں معاملات تیز کیتے نیں۔	Brahui (Standard)	South Asia	PARUR_06
Students gathered in the library.	طالب علم لائبریری وچ گڈے تھئے۔	Brahui (Standard)	South Asia	PARUR_09
Agriculture remains the primary source of income.	زراعت آمدنی دا بنیادی ذریعہ رہندی اے۔	Brahui (Standard)	South Asia	PARUR_07
Smartphones have changed how people communicate.	اسمارٹ فوناں نے لوکاں دے رابطے دے طریقے کوں تبدیل کیتا اے۔	Brahui (Standard)	South Asia	PARUR_05
Children were playing cricket in the street.	بچے سڑک تے کرکٹ کھیڈدے پئے ہن۔	Brahui (Standard)	South Asia	PARUR_10
People celebrate festivals with great joy.	لوک ودی خوشی نال میلے منیندے نیں۔	Brahui (Standard)	South Asia	PARUR_01
Small businesses create employment opportunities.	نکیاں کاروبار روزگار دے موقعے پیدا کریندے نیں۔	Brahui (Standard)	South Asia	PARUR_08
Children learn best when they are interested.	بچے بہترین سکھدے نیں جدوں اوہ دلچسپی رکھدے نیں۔	Brahui (Standard)	South Asia	PARUR_10
She received a scholarship to study medicine.	اوں طب دی تعلیم کیتے اسکالرشپ حاصل کیتی۔	Brahui (Standard)	South Asia	PARUR_07
Sports teach teamwork and discipline.	کھیڈاں ٹیم ورک تے نظم و ضبط سکھیندیاں نیں۔	Brahui (Standard)	South Asia	PARUR_02
People travel long distances to visit religious sites.	لوک مذہبی تھانواں دیکھن کیتے لمبیاں دوریاں طے کریندے نیں۔	Brahui (Standard)	South Asia	PARUR_09
Train journeys offer scenic views.	ریل دے سفر منظراں دے نظارے پیش کریندے نیں۔	Brahui (Standard)	South Asia	PARUR_05
Pollution in cities has become a serious problem.	شہراں وچ آلودگی ہک سنجیدہ مسئلہ بن گئی اے۔	Brahui (Standard)	South Asia	PARUR_01
Spices add flavor to traditional dishes.	مصالحے روایتی کھاناں وچ ذائقہ ودیندے نیں۔	Brahui (Standard)	South Asia	PARUR_05
The internet connects people across continents.	انٹرنیٹ براعظماں وچ لوکاں کوں جوڑیندے۔	Brahui (Standard)	South Asia	PARUR_03
Storytelling preserves culture and knowledge.	کہانی سناون ثقافت تے علم کوں محفوظ رکھیندے۔	Brahui (Standard)	South Asia	PARUR_02
After finishing his work, he sat down.	اپنا کم مکمل کرن دے بعد، او بیٹھ گیا۔	Brahui (Standard)	South Asia	PARUR_02
Reading books improves vocabulary.	کتاباں پڑھن ذخیرہ الفاظ بہتر بنیندے۔	Brahui (Standard)	South Asia	PARUR_07
The bus arrived late.	بس ڈیر نال پہنچی۔	Brahui (Standard)	South Asia	PARUR_04
I woke up early this morning.	من اڄ صبح جلدی اٹھیا۔	Brahui (Standard)	South Asia	PARUR_04
Respecting elders is an important value.	بزرگاں دا احترام ہک اہم قدر اے۔	Brahui (Standard)	South Asia	PARUR_05
Tourism brings revenue to regions with historical sites.	سیاحت تاریخی تھانواں والے علاقیاں کوں آمدنی لیندی اے۔	Brahui (Standard)	South Asia	PARUR_01
My grandmother told me stories.	میری دادی نے مینوں کہانیاں سنایاں۔	Brahui (Standard)	South Asia	PARUR_02
Online shopping has become popular.	آن لائن خریداری مقبول تھی گئی اے۔	Brahui (Standard)	South Asia	PARUR_07
She received a scholarship to study medicine.	اوں طب دی تعلیم کیتے اسکالرشپ حاصل کیتی۔	Brahui (Standard)	South Asia	PARUR_07
The school organized a science fair.	سکول نے سائنس میلہ منظم کیتا۔	Brahui (Standard)	South Asia	PARUR_04
We decided to visit the old temple.	اساں پرانے مندر دیکھن دا فیصلہ کیتا۔	Brahui (Standard)	South Asia	PARUR_04
Clear communication prevents misunderstandings.	صاف رابطہ غلط فہمیاں کوں روکیندے۔	Brahui (Standard)	South Asia	PARUR_02
The professor wrote equations on the blackboard.	پروفیسر تختے تے مساوات لکھیاں۔	Brahui (Standard)	South Asia	PARUR_04
Farmers planted rice in the flooded fields.	کسان پانی والے کھیتراں وچ چاول پوکے۔	Brahui (Standard)	South Asia	PARUR_10
Teachers shape young minds.	استاد نوجوان ذہناں کوں شکل دیندے نیں۔	Brahui (Standard)	South Asia	PARUR_04
Elderly people share wisdom and stories.	بزرگ لوک حکمت تے کہانیاں سانجھیاں کریندے نیں۔	Brahui (Standard)	South Asia	PARUR_04
She cooked delicious biryani for the family.	اوں خاندان کیتے مزیدار بریانی پکائی۔	Brahui (Standard)	South Asia	PARUR_08
Family members support each other during difficult times.	خاندان دے ممبر مشکل وختاں وچ ہک دوجھے دی مدد کریندے نیں۔	Brahui (Standard)	South Asia	PARUR_04
Learning a new language requires practice.	نوی زبان سکھن کیتے مشق دی لوڑ اے۔	Brahui (Standard)	South Asia	PARUR_07
The forest is home to many wild animals.	جنگل گھنے جنگلی جانوراں دا گھر اے۔	Brahui (Standard)	South Asia	PARUR_02
Eating fresh fruits provides essential vitamins.	تازہ پھل کھان ضروری وٹامن فراہم کریندے۔	Brahui (Standard)	South Asia	PARUR_08
Farmers wake up early to tend to crops.	کسان فصلاں دی سنبھال کیتے جلدی اٹھدے نیں۔	Brahui (Standard)	South Asia	PARUR_10
Students gathered in the library.	طالب علم لائبریری وچ گڈے تھئے۔	Brahui (Standard)	South Asia	PARUR_09
She walked slowly through the garden.	اوں باغ وچ آہستہ آہستہ ٹردی۔	Brahui (Standard)	South Asia	PARUR_05
Education opens doors to opportunities.	تعلیم موقعاں دے دروازے کولیندی اے۔	Brahui (Standard)	South Asia	PARUR_05
Children were playing cricket in the street.	بچے سڑک تے کرکٹ کھیڈدے پئے ہن۔	Brahui (Standard)	South Asia	PARUR_09
Parents sacrifice their own needs for children.	والدین بچیاں کیتے اپنیاں ضرورتاں قربان کریندے نیں۔	Brahui (Standard)	South Asia	PARUR_10
The market was crowded with people.	بازار لوکاں نال بھریا ہویا ہا۔	Brahui (Standard)	South Asia	PARUR_10
Children learn best when they are interested.	بچے بہترین سکھدے نیں جدوں اوہ دلچسپی رکھدے نیں۔	Brahui (Standard)	South Asia	PARUR_09
Small businesses create employment opportunities.	نکیاں کاروبار روزگار دے موقعے پیدا کریندے نیں۔	Brahui (Standard)	South Asia	PARUR_04
Cricket is a popular sport.	کرکٹ ہک مقبول کھیڈ اے۔	Brahui (Standard)	South Asia	PARUR_06
Handicrafts showcase artistic traditions.	ہتھکاریاں فنکارانہ روایات دکھیندیاں نیں۔	Brahui (Standard)	South Asia	PARUR_09
Tea is served to guests as a gesture of hospitality.	مہماناں کوں مہمان نوازی دی نشانی دے طور تے چاہ پیش کیتی ویندی اے۔	Brahui (Standard)	South Asia	PARUR_08
Regular exercise helps maintain good health.	منظم ورزش چنگی صحت برقرار رکھن وچ مدد کریندی اے۔	Brahui (Standard)	South Asia	PARUR_05
The river flows peacefully through the valley.	دریا وادی وچ پرامن طریقے نال وہندی اے۔	Brahui (Standard)	South Asia	PARUR_05
Agriculture remains the primary source of income.	زراعت آمدنی دا بنیادی ذریعہ رہندی اے۔	Brahui (Standard)	South Asia	PARUR_09
People celebrate festivals with great joy.	لوک ودی خوشی نال میلے منیندے نیں۔	Brahui (Standard)	South Asia	PARUR_06
Traditional music is important for our heritage.	روایتی موسیقی سادی ورثے کیتے اہم اے۔	Brahui (Standard)	South Asia	PARUR_04
Digital payments have made transactions faster.	ڈیجیٹل ادائیگیاں معاملات تیز کیتے نیں۔	Brahui (Standard)	South Asia	PARUR_02
The wedding ceremony lasted three days.	شادی دی تقریب ترئے دینہہ چلی۔	Brahui (Standard)	South Asia	PARUR_03
Doctors work long hours to treat patients.	ڈاکٹر مریضاں دا علاج کرن کیتے لمبیاں گھڑیاں کم کریندے نیں۔	Brahui (Standard)	South Asia	PARUR_05
The teacher explained the lesson patiently.	استاد صبر نال سبق سمجھایا۔	Brahui (Standard)	South Asia	PARUR_02
Smartphones have changed how people communicate.	اسمارٹ فوناں نے لوکاں دے رابطے دے طریقے کوں تبدیل کیتا اے۔	Brahui (Standard)	South Asia	PARUR_08
Birds were chirping in the trees.	پنچھی رکھاں وچ چہچہا رہے ہن۔	Brahui (Standard)	South Asia	PARUR_06
Sports teach teamwork and discipline.	کھیڈاں ٹیم ورک تے نظم و ضبط سکھیندیاں نیں۔	Brahui (Standard)	South Asia	PARUR_10
Cooking together brings family members closer.	گڈے کھان پکاون خاندان دے ممبراں کوں نیڑے لیندے۔	Brahui (Standard)	South Asia	PARUR_02
Doctors recommend drinking plenty of water.	ڈاکٹر گھنے پانی پیون دی صلاح دیندے نیں۔	Brahui (Standard)	South Asia	PARUR_07
Online shopping has become popular.	آن لائن خریداری مقبول تھی گئی اے۔	Brahui (Standard)	South Asia	PARUR_05
Reading books improves vocabulary.	کتاباں پڑھن ذخیرہ الفاظ بہتر بنیندے۔	Brahui (Standard)	South Asia	PARUR_09
Agriculture remains the primary source of income.	زراعت آمدنی دا بنیادی ذریعہ رہندی اے۔	Brahui (Standard)	South Asia	PARUR_10
The professor wrote equations on the blackboard.	پروفیسر تختے تے مساوات لکھیاں۔	Brahui (Standard)	South Asia	PARUR_08
The market was crowded with people.	بازار لوکاں نال بھریا ہویا ہا۔	Brahui (Standard)	South Asia	PARUR_01
Train journeys offer scenic views.	ریل دے سفر منظراں دے نظارے پیش کریندے نیں۔	Brahui (Standard)	South Asia	PARUR_05
The school organized a science fair.	سکول نے سائنس میلہ منظم کیتا۔	Brahui (Standard)	South Asia	PARUR_07
People travel long distances to visit religious sites.	لوک مذہبی تھانواں دیکھن کیتے لمبیاں دوریاں طے کریندے نیں۔	Brahui (Standard)	South Asia	PARUR_05
I woke up early this morning.	من اڄ صبح جلدی اٹھیا۔	Brahui (Standard)	South Asia	PARUR_01
Cooking together brings family members closer.	گڈے کھان پکاون خاندان دے ممبراں کوں نیڑے لیندے۔	Brahui (Standard)	South Asia	PARUR_01
Regular exercise helps maintain good health.	منظم ورزش چنگی صحت برقرار رکھن وچ مدد کریندی اے۔	Brahui (Standard)	South Asia	PARUR_02
Handicrafts showcase artistic traditions.	ہتھکاریاں فنکارانہ روایات دکھیندیاں نیں۔	Brahui (Standard)	South Asia	PARUR_05
Digital payments have made transactions faster.	ڈیجیٹل ادائیگیاں معاملات تیز کیتے نیں۔	Brahui (Standard)	South Asia	PARUR_10
The forest is home to many wild animals.	جنگل گھنے جنگلی جانوراں دا گھر اے۔	Brahui (Standard)	South Asia	PARUR_02
Pollution in cities has become a serious problem.	شہراں وچ آلودگی ہک سنجیدہ مسئلہ بن گئی اے۔	Brahui (Standard)	South Asia	PARUR_04
My grandmother told me stories.	میری دادی نے مینوں کہانیاں سنایاں۔	Brahui (Standard)	South Asia	PARUR_04
Doctors recommend drinking plenty of water.	ڈاکٹر گھنے پانی پیون دی صلاح دیندے نیں۔	Brahui (Standard)	South Asia	PARUR_08
She cooked delicious biryani for the family.	اوں خاندان کیتے مزیدار بریانی پکائی۔	Brahui (Standard)	South Asia	PARUR_01
Children were playing cricket in the street.	بچے سڑک تے کرکٹ کھیڈدے پئے ہن۔	Brahui (Standard)	South Asia	PARUR_10
After finishing his work, he sat down.	اپنا کم مکمل کرن دے بعد، او بیٹھ گیا۔	Brahui (Standard)	South Asia	PARUR_05
Eating fresh fruits provides essential vitamins.	تازہ پھل کھان ضروری وٹامن فراہم کریندے۔	Brahui (Standard)	South Asia	PARUR_08
Learning a new language requires practice.	نوی زبان سکھن کیتے مشق دی لوڑ اے۔	Brahui (Standard)	South Asia	PARUR_03
Children learn best when they are interested.	بچے بہترین سکھدے نیں جدوں اوہ دلچسپی رکھدے نیں۔	Brahui (Standard)	South Asia	PARUR_07
Birds were chirping in the trees.	پنچھی رکھاں وچ چہچہا رہے ہن۔	Brahui (Standard)	South Asia	PARUR_03
Tourism brings revenue to regions with historical sites.	سیاحت تاریخی تھانواں والے علاقیاں کوں آمدنی لیندی اے۔	Brahui (Standard)	South Asia	PARUR_02
The wedding ceremony lasted three days.	شادی دی تقریب ترئے دینہہ چلی۔	Brahui (Standard)	South Asia	PARUR_07
Cricket is a popular sport.	کرکٹ ہک مقبول کھیڈ اے۔	Brahui (Standard)	South Asia	PARUR_04
Education opens doors to opportunities.	تعلیم موقعاں دے دروازے کولیندی اے۔	Brahui (Standard)	South Asia	PARUR_02
Clear communication prevents misunderstandings.	صاف رابطہ غلط فہمیاں کوں روکیندے۔	Brahui (Standard)	South Asia	PARUR_06
She received a scholarship to study medicine.	اوں طب دی تعلیم کیتے اسکالرشپ حاصل کیتی۔	Brahui (Standard)	South Asia	PARUR_08
The river flows peacefully through the valley.	دریا وادی وچ پرامن طریقے نال وہندی اے۔	Brahui (Standard)	South Asia	PARUR_08
Sports teach teamwork and discipline.	کھیڈاں ٹیم ورک تے نظم و ضبط سکھیندیاں نیں۔	Brahui (Standard)	South Asia	PARUR_07
We decided to visit the old temple.	اساں پرانے مندر دیکھن دا فیصلہ کیتا۔	Brahui (Standard)	South Asia	PARUR_02
Smartphones have changed how people communicate.	اسمارٹ فوناں نے لوکاں دے رابطے دے طریقے کوں تبدیل کیتا اے۔	Brahui (Standard)	South Asia	PARUR_06
Spices add flavor to traditional dishes.	مصالحے روایتی کھاناں وچ ذائقہ ودیندے نیں۔	Brahui (Standard)	South Asia	PARUR_08
Teachers shape young minds.	استاد نوجوان ذہناں کوں شکل دیندے نیں۔	Brahui (Standard)	South Asia	PARUR_05
Parents sacrifice their own needs for children.	والدین بچیاں کیتے اپنیاں ضرورتاں قربان کریندے نیں۔	Brahui (Standard)	South Asia	PARUR_04
Doctors work long hours to treat patients.	ڈاکٹر مریضاں دا علاج کرن کیتے لمبیاں گھڑیاں کم کریندے نیں۔	Brahui (Standard)	South Asia	PARUR_06
Elderly people share wisdom and stories.	بزرگ لوک حکمت تے کہانیاں سانجھیاں کریندے نیں۔	Brahui (Standard)	South Asia	PARUR_06
Farmers planted rice in the flooded fields.	کسان پانی والے کھیتراں وچ چاول پوکے۔	Brahui (Standard)	South Asia	PARUR_02
She walked slowly through the garden.	اوں باغ وچ آہستہ آہستہ ٹردی۔	Brahui (Standard)	South Asia	PARUR_04
People celebrate festivals with great joy.	لوک ودی خوشی نال میلے منیندے نیں۔	Brahui (Standard)	South Asia	PARUR_07
The teacher explained the lesson patiently.	استاد صبر نال سبق سمجھایا۔	Brahui (Standard)	South Asia	PARUR_05
Small businesses create employment opportunities.	نکیاں کاروبار روزگار دے موقعے پیدا کریندے نیں۔	Brahui (Standard)	South Asia	PARUR_10
Students gathered in the library.	طالب علم لائبریری وچ گڈے تھئے۔	Brahui (Standard)	South Asia	PARUR_04
Tea is served to guests as a gesture of hospitality.	مہماناں کوں مہمان نوازی دی نشانی دے طور تے چاہ پیش کیتی ویندی اے۔	Brahui (Standard)	South Asia	PARUR_01
Respecting elders is an important value.	بزرگاں دا احترام ہک اہم قدر اے۔	Brahui (Standard)	South Asia	PARUR_02
The bus arrived late.	بس ڈیر نال پہنچی۔	Brahui (Standard)	South Asia	PARUR_07
The internet connects people across continents.	انٹرنیٹ براعظماں وچ لوکاں کوں جوڑیندے۔	Brahui (Standard)	South Asia	PARUR_10
Traditional music is important for our heritage.	روایتی موسیقی سادی ورثے کیتے اہم اے۔	Brahui (Standard)	South Asia	PARUR_05
Family members support each other during difficult times.	خاندان دے ممبر مشکل وختاں وچ ہک دوجھے دی مدد کریندے نیں۔	Brahui (Standard)	South Asia	PARUR_06
Storytelling preserves culture and knowledge.	کہانی سناون ثقافت تے علم کوں محفوظ رکھیندے۔	Brahui (Standard)	South Asia	PARUR_03
Farmers wake up early to tend to crops.	کسان فصلاں دی سنبھال کیتے جلدی اٹھدے نیں۔	Brahui (Standard)	South Asia	PARUR_10
Doctors recommend drinking plenty of water.	ڈاکٹر گھنے پانی پیون دی صلاح دیندے نیں۔	Brahui (Standard)	South Asia	PARUR_07
Cricket is a popular sport.	کرکٹ ہک مقبول کھیڈ اے۔	Brahui (Standard)	South Asia	PARUR_08
Online shopping has become popular.	آن لائن خریداری مقبول تھی گئی اے۔	Brahui (Standard)	South Asia	PARUR_03
Education opens doors to opportunities.	تعلیم موقعاں دے دروازے کولیندی اے۔	Brahui (Standard)	South Asia	PARUR_05
Elderly people share wisdom and stories.	بزرگ لوک حکمت تے کہانیاں سانجھیاں کریندے نیں۔	Brahui (Standard)	South Asia	PARUR_04
The river flows peacefully through the valley.	دریا وادی وچ پرامن طریقے نال وہندی اے۔	Brahui (Standard)	South Asia	PARUR_05
We decided to visit the old temple.	اساں پرانے مندر دیکھن دا فیصلہ کیتا۔	Brahui (Standard)	South Asia	PARUR_08
She walked slowly through the garden.	اوں باغ وچ آہستہ آہستہ ٹردی۔	Brahui (Standard)	South Asia	PARUR_01
Respecting elders is an important value.	بزرگاں دا احترام ہک اہم قدر اے۔	Brahui (Standard)	South Asia	PARUR_02
I woke up early this morning.	من اڄ صبح جلدی اٹھیا۔	Brahui (Standard)	South Asia	PARUR_05
People travel long distances to visit religious sites.	لوک مذہبی تھانواں دیکھن کیتے لمبیاں دوریاں طے کریندے نیں۔	Brahui (Standard)	South Asia	PARUR_10
She received a scholarship to study medicine.	اوں طب دی تعلیم کیتے اسکالرشپ حاصل کیتی۔	Brahui (Standard)	South Asia	PARUR_03
Students gathered in the library.	طالب علم لائبریری وچ گڈے تھئے۔	Brahui (Standard)	South Asia	PARUR_08
Digital payments have made transactions faster.	ڈیجیٹل ادائیگیاں معاملات تیز کیتے نیں۔	Brahui (Standard)	South Asia	PARUR_10
Eating fresh fruits provides essential vitamins.	تازہ پھل کھان ضروری وٹامن فراہم کریندے۔	Brahui (Standard)	South Asia	PARUR_02
The internet connects people across continents.	انٹرنیٹ براعظماں وچ لوکاں کوں جوڑیندے۔	Brahui (Standard)	South Asia	PARUR_01
Children were playing cricket in the street.	بچے سڑک تے کرکٹ کھیڈدے پئے ہن۔	Brahui (Standard)	South Asia	PARUR_03
Doctors work long hours to treat patients.	ڈاکٹر مریضاں دا علاج کرن کیتے لمبیاں گھڑیاں کم کریندے نیں۔	Brahui (Standard)	South Asia	PARUR_07
Tourism brings revenue to regions with historical sites.	سیاحت تاریخی تھانواں والے علاقیاں کوں آمدنی لیندی اے۔	Brahui (Standard)	South Asia	PARUR_10
Traditional music is important for our heritage.	روایتی موسیقی سادی ورثے کیتے اہم اے۔	Brahui (Standard)	South Asia	PARUR_08
The wedding ceremony lasted three days.	شادی دی تقریب ترئے دینہہ چلی۔	Brahui (Standard)	South Asia	PARUR_05
The forest is home to many wild animals.	جنگل گھنے جنگلی جانوراں دا گھر اے۔	Brahui (Standard)	South Asia	PARUR_03
Cooking together brings family members closer.	گڈے کھان پکاون خاندان دے ممبراں کوں نیڑے لیندے۔	Brahui (Standard)	South Asia	PARUR_09
Sports teach teamwork and discipline.	کھیڈاں ٹیم ورک تے نظم و ضبط سکھیندیاں نیں۔	Brahui (Standard)	South Asia	PARUR_10
Storytelling preserves culture and knowledge.	کہانی سناون ثقافت تے علم کوں محفوظ رکھیندے۔	Brahui (Standard)	South Asia	PARUR_01
Small businesses create employment opportunities.	نکیاں کاروبار روزگار دے موقعے پیدا کریندے نیں۔	Brahui (Standard)	South Asia	PARUR_07
The teacher explained the lesson patiently.	استاد صبر نال سبق سمجھایا۔	Brahui (Standard)	South Asia	PARUR_07
Regular exercise helps maintain good health.	منظم ورزش چنگی صحت برقرار رکھن وچ مدد کریندی اے۔	Brahui (Standard)	South Asia	PARUR_10
Teachers shape young minds.	استاد نوجوان ذہناں کوں شکل دیندے نیں۔	Brahui (Standard)	South Asia	PARUR_01
Train journeys offer scenic views.	ریل دے سفر منظراں دے نظارے پیش کریندے نیں۔	Brahui (Standard)	South Asia	PARUR_05
Birds were chirping in the trees.	پنچھی رکھاں وچ چہچہا رہے ہن۔	Brahui (Standard)	South Asia	PARUR_07
Agriculture remains the primary source of income.	زراعت آمدنی دا بنیادی ذریعہ رہندی اے۔	Brahui (Standard)	South Asia	PARUR_04
Clear communication prevents misunderstandings.	صاف رابطہ غلط فہمیاں کوں روکیندے۔	Brahui (Standard)	South Asia	PARUR_07
Children learn best when they are interested.	بچے بہترین سکھدے نیں جدوں اوہ دلچسپی رکھدے نیں۔	Brahui (Standard)	South Asia	PARUR_05
Family members support each other during difficult times.	خاندان دے ممبر مشکل وختاں وچ ہک دوجھے دی مدد کریندے نیں۔	Brahui (Standard)	South Asia	PARUR_04
Learning a new language requires practice.	نوی زبان سکھن کیتے مشق دی لوڑ اے۔	Brahui (Standard)	South Asia	PARUR_01
Handicrafts showcase artistic traditions.	ہتھکاریاں فنکارانہ روایات دکھیندیاں نیں۔	Brahui (Standard)	South Asia	PARUR_05
She cooked delicious biryani for the family.	اوں خاندان کیتے مزیدار بریانی پکائی۔	Brahui (Standard)	South Asia	PARUR_05
People celebrate festivals with great joy.	لوک ودی خوشی نال میلے منیندے نیں۔	Brahui (Standard)	South Asia	PARUR_10
The school organized a science fair.	سکول نے سائنس میلہ منظم کیتا۔	Brahui (Standard)	South Asia	PARUR_08
Pollution in cities has become a serious problem.	شہراں وچ آلودگی ہک سنجیدہ مسئلہ بن گئی اے۔	Brahui (Standard)	South Asia	PARUR_10
Farmers wake up early to tend to crops.	کسان فصلاں دی سنبھال کیتے جلدی اٹھدے نیں۔	Brahui (Standard)	South Asia	PARUR_07
Parents sacrifice their own needs for children.	والدین بچیاں کیتے اپنیاں ضرورتاں قربان کریندے نیں۔	Brahui (Standard)	South Asia	PARUR_10
After finishing his work, he sat down.	اپنا کم مکمل کرن دے بعد، او بیٹھ گیا۔	Brahui (Standard)	South Asia	PARUR_08
Tea is served to guests as a gesture of hospitality.	مہماناں کوں مہمان نوازی دی نشانی دے طور تے چاہ پیش کیتی ویندی اے۔	Brahui (Standard)	South Asia	PARUR_08
Spices add flavor to traditional dishes.	مصالحے روایتی کھاناں وچ ذائقہ ودیندے نیں۔	Brahui (Standard)	South Asia	PARUR_02
Reading books improves vocabulary.	کتاباں پڑھن ذخیرہ الفاظ بہتر بنیندے۔	Brahui (Standard)	South Asia	PARUR_06
The professor wrote equations on the blackboard.	پروفیسر تختے تے مساوات لکھیاں۔	Brahui (Standard)	South Asia	PARUR_08
The market was crowded with people.	بازار لوکاں نال بھریا ہویا ہا۔	Brahui (Standard)	South Asia	PARUR_07
The bus arrived late.	بس ڈیر نال پہنچی۔	Brahui (Standard)	South Asia	PARUR_01
Smartphones have changed how people communicate.	اسمارٹ فوناں نے لوکاں دے رابطے دے طریقے کوں تبدیل کیتا اے۔	Brahui (Standard)	South Asia	PARUR_07
Farmers planted rice in the flooded fields.	کسان پانی والے کھیتراں وچ چاول پوکے۔	Brahui (Standard)	South Asia	PARUR_08
My grandmother told me stories.	میری دادی نے مینوں کہانیاں سنایاں۔	Brahui (Standard)	South Asia	PARUR_01
Learning a new language requires practice.	نوی زبان سکھن کیتے مشق دی لوڑ اے۔	Brahui (Standard)	South Asia	PARUR_01
Elderly people share wisdom and stories.	بزرگ لوک حکمت تے کہانیاں سانجھیاں کریندے نیں۔	Brahui (Standard)	South Asia	PARUR_02
She received a scholarship to study medicine.	اوں طب دی تعلیم کیتے اسکالرشپ حاصل کیتی۔	Brahui (Standard)	South Asia	PARUR_03
She cooked delicious biryani for the family.	اوں خاندان کیتے مزیدار بریانی پکائی۔	Brahui (Standard)	South Asia	PARUR_09
Birds were chirping in the trees.	پنچھی رکھاں وچ چہچہا رہے ہن۔	Brahui (Standard)	South Asia	PARUR_01
Regular exercise helps maintain good health.	منظم ورزش چنگی صحت برقرار رکھن وچ مدد کریندی اے۔	Brahui (Standard)	South Asia	PARUR_01
The school organized a science fair.	سکول نے سائنس میلہ منظم کیتا۔	Brahui (Standard)	South Asia	PARUR_03
Train journeys offer scenic views.	ریل دے سفر منظراں دے نظارے پیش کریندے نیں۔	Brahui (Standard)	South Asia	PARUR_05
The river flows peacefully through the valley.	دریا وادی وچ پرامن طریقے نال وہندی اے۔	Brahui (Standard)	South Asia	PARUR_04
Sports teach teamwork and discipline.	کھیڈاں ٹیم ورک تے نظم و ضبط سکھیندیاں نیں۔	Brahui (Standard)	South Asia	PARUR_02
Eating fresh fruits provides essential vitamins.	تازہ پھل کھان ضروری وٹامن فراہم کریندے۔	Brahui (Standard)	South Asia	PARUR_09
Cricket is a popular sport.	کرکٹ ہک مقبول کھیڈ اے۔	Brahui (Standard)	South Asia	PARUR_02
The teacher explained the lesson patiently.	استاد صبر نال سبق سمجھایا۔	Brahui (Standard)	South Asia	PARUR_01
Digital payments have made transactions faster.	ڈیجیٹل ادائیگیاں معاملات تیز کیتے نیں۔	Brahui (Standard)	South Asia	PARUR_01
Parents sacrifice their own needs for children.	والدین بچیاں کیتے اپنیاں ضرورتاں قربان کریندے نیں۔	Brahui (Standard)	South Asia	PARUR_10
I woke up early this morning.	من اڄ صبح جلدی اٹھیا۔	Brahui (Standard)	South Asia	PARUR_09
The forest is home to many wild animals.	جنگل گھنے جنگلی جانوراں دا گھر اے۔	Brahui (Standard)	South Asia	PARUR_03
People celebrate festivals with great joy.	لوک ودی خوشی نال میلے منیندے نیں۔	Brahui (Standard)	South Asia	PARUR_06
Spices add flavor to traditional dishes.	مصالحے روایتی کھاناں وچ ذائقہ ودیندے نیں۔	Brahui (Standard)	South Asia	PARUR_04
Doctors recommend drinking plenty of water.	ڈاکٹر گھنے پانی پیون دی صلاح دیندے نیں۔	Brahui (Standard)	South Asia	PARUR_04
Doctors work long hours to treat patients.	ڈاکٹر مریضاں دا علاج کرن کیتے لمبیاں گھڑیاں کم کریندے نیں۔	Brahui (Standard)	South Asia	PARUR_05
Respecting elders is an important value.	بزرگاں دا احترام ہک اہم قدر اے۔	Brahui (Standard)	South Asia	PARUR_04
We decided to visit the old temple.	اساں پرانے مندر دیکھن دا فیصلہ کیتا۔	Brahui (Standard)	South Asia	PARUR_07
Farmers planted rice in the flooded fields.	کسان پانی والے کھیتراں وچ چاول پوکے۔	Brahui (Standard)	South Asia	PARUR_06
Small businesses create employment opportunities.	نکیاں کاروبار روزگار دے موقعے پیدا کریندے نیں۔	Brahui (Standard)	South Asia	PARUR_10
After finishing his work, he sat down.	اپنا کم مکمل کرن دے بعد، او بیٹھ گیا۔	Brahui (Standard)	South Asia	PARUR_05
Children were playing cricket in the street.	بچے سڑک تے کرکٹ کھیڈدے پئے ہن۔	Brahui (Standard)	South Asia	PARUR_08
Storytelling preserves culture and knowledge.	کہانی سناون ثقافت تے علم کوں محفوظ رکھیندے۔	Brahui (Standard)	South Asia	PARUR_01
Agriculture remains the primary source of income.	زراعت آمدنی دا بنیادی ذریعہ رہندی اے۔	Brahui (Standard)	South Asia	PARUR_03
Family members support each other during difficult times.	خاندان دے ممبر مشکل وختاں وچ ہک دوجھے دی مدد کریندے نیں۔	Brahui (Standard)	South Asia	PARUR_09
Education opens doors to opportunities.	تعلیم موقعاں دے دروازے کولیندی اے۔	Brahui (Standard)	South Asia	PARUR_02
Clear communication prevents misunderstandings.	صاف رابطہ غلط فہمیاں کوں روکیندے۔	Brahui (Standard)	South Asia	PARUR_07
Students gathered in the library.	طالب علم لائبریری وچ گڈے تھئے۔	Brahui (Standard)	South Asia	PARUR_03
Smartphones have changed how people communicate.	اسمارٹ فوناں نے لوکاں دے رابطے دے طریقے کوں تبدیل کیتا اے۔	Brahui (Standard)	South Asia	PARUR_04
The professor wrote equations on the blackboard.	پروفیسر تختے تے مساوات لکھیاں۔	Brahui (Standard)	South Asia	PARUR_07
My grandmother told me stories.	میری دادی نے مینوں کہانیاں سنایاں۔	Brahui (Standard)	South Asia	PARUR_06
Online shopping has become popular.	آن لائن خریداری مقبول تھی گئی اے۔	Brahui (Standard)	South Asia	PARUR_10
The market was crowded with people.	بازار لوکاں نال بھریا ہویا ہا۔	Brahui (Standard)	South Asia	PARUR_06
Traditional music is important for our heritage.	روایتی موسیقی سادی ورثے کیتے اہم اے۔	Brahui (Standard)	South Asia	PARUR_07
Tea is served to guests as a gesture of hospitality.	مہماناں کوں مہمان نوازی دی نشانی دے طور تے چاہ پیش کیتی ویندی اے۔	Brahui (Standard)	South Asia	PARUR_08
Reading books improves vocabulary.	کتاباں پڑھن ذخیرہ الفاظ بہتر بنیندے۔	Brahui (Standard)	South Asia	PARUR_10
The bus arrived late.	بس ڈیر نال پہنچی۔	Brahui (Standard)	South Asia	PARUR_10
Pollution in cities has become a serious problem.	شہراں وچ آلودگی ہک سنجیدہ مسئلہ بن گئی اے۔	Brahui (Standard)	South Asia	PARUR_08
The internet connects people across continents.	انٹرنیٹ براعظماں وچ لوکاں کوں جوڑیندے۔	Brahui (Standard)	South Asia	PARUR_02
The wedding ceremony lasted three days.	شادی دی تقریب ترئے دینہہ چلی۔	Brahui (Standard)	South Asia	PARUR_05
She walked slowly through the garden.	اوں باغ وچ آہستہ آہستہ ٹردی۔	Brahui (Standard)	South Asia	PARUR_07
Handicrafts showcase artistic traditions.	ہتھکاریاں فنکارانہ روایات دکھیندیاں نیں۔	Brahui (Standard)	South Asia	PARUR_09
Farmers wake up early to tend to crops.	کسان فصلاں دی سنبھال کیتے جلدی اٹھدے نیں۔	Brahui (Standard)	South Asia	PARUR_06
Tourism brings revenue to regions with historical sites.	سیاحت تاریخی تھانواں والے علاقیاں کوں آمدنی لیندی اے۔	Brahui (Standard)	South Asia	PARUR_08
People travel long distances to visit religious sites.	لوک مذہبی تھانواں دیکھن کیتے لمبیاں دوریاں طے کریندے نیں۔	Brahui (Standard)	South Asia	PARUR_05
Teachers shape young minds.	استاد نوجوان ذہناں کوں شکل دیندے نیں۔	Brahui (Standard)	South Asia	PARUR_10
Cooking together brings family members closer.	گڈے کھان پکاون خاندان دے ممبراں کوں نیڑے لیندے۔	Brahui (Standard)	South Asia	PARUR_05
Children learn best when they are interested.	بچے بہترین سکھدے نیں جدوں اوہ دلچسپی رکھدے نیں۔	Brahui (Standard)	South Asia	PARUR_06
Family members support each other during difficult times.	خاندان دے ممبر مشکل وختاں وچ ہک دوجھے دی مدد کریندے نیں۔	Brahui (Standard)	South Asia	PARUR_03
Pollution in cities has become a serious problem.	شہراں وچ آلودگی ہک سنجیدہ مسئلہ بن گئی اے۔	Brahui (Standard)	South Asia	PARUR_09
Reading books improves vocabulary.	کتاباں پڑھن ذخیرہ الفاظ بہتر بنیندے۔	Brahui (Standard)	South Asia	PARUR_09
Cooking together brings family members closer.	گڈے کھان پکاون خاندان دے ممبراں کوں نیڑے لیندے۔	Brahui (Standard)	South Asia	PARUR_03
People celebrate festivals with great joy.	لوک ودی خوشی نال میلے منیندے نیں۔	Brahui (Standard)	South Asia	PARUR_06
The forest is home to many wild animals.	جنگل گھنے جنگلی جانوراں دا گھر اے۔	Brahui (Standard)	South Asia	PARUR_01
She cooked delicious biryani for the family.	اوں خاندان کیتے مزیدار بریانی پکائی۔	Brahui (Standard)	South Asia	PARUR_09
Respecting elders is an important value.	بزرگاں دا احترام ہک اہم قدر اے۔	Brahui (Standard)	South Asia	PARUR_04
She received a scholarship to study medicine.	اوں طب دی تعلیم کیتے اسکالرشپ حاصل کیتی۔	Brahui (Standard)	South Asia	PARUR_04
Elderly people share wisdom and stories.	بزرگ لوک حکمت تے کہانیاں سانجھیاں کریندے نیں۔	Brahui (Standard)	South Asia	PARUR_07
Students gathered in the library.	طالب علم لائبریری وچ گڈے تھئے۔	Brahui (Standard)	South Asia	PARUR_08
I woke up early this morning.	من اڄ صبح جلدی اٹھیا۔	Brahui (Standard)	South Asia	PARUR_09
Tourism brings revenue to regions with historical sites.	سیاحت تاریخی تھانواں والے علاقیاں کوں آمدنی لیندی اے۔	Brahui (Standard)	South Asia	PARUR_01
After finishing his work, he sat down.	اپنا کم مکمل کرن دے بعد، او بیٹھ گیا۔	Brahui (Standard)	South Asia	PARUR_10
People travel long distances to visit religious sites.	لوک مذہبی تھانواں دیکھن کیتے لمبیاں دوریاں طے کریندے نیں۔	Brahui (Standard)	South Asia	PARUR_03
We decided to visit the old temple.	اساں پرانے مندر دیکھن دا فیصلہ کیتا۔	Brahui (Standard)	South Asia	PARUR_03
Traditional music is important for our heritage.	روایتی موسیقی سادی ورثے کیتے اہم اے۔	Brahui (Standard)	South Asia	PARUR_08
Eating fresh fruits provides essential vitamins.	تازہ پھل کھان ضروری وٹامن فراہم کریندے۔	Brahui (Standard)	South Asia	PARUR_04
Spices add flavor to traditional dishes.	مصالحے روایتی کھاناں وچ ذائقہ ودیندے نیں۔	Brahui (Standard)	South Asia	PARUR_06
Farmers wake up early to tend to crops.	کسان فصلاں دی سنبھال کیتے جلدی اٹھدے نیں۔	Brahui (Standard)	South Asia	PARUR_06
Handicrafts showcase artistic traditions.	ہتھکاریاں فنکارانہ روایات دکھیندیاں نیں۔	Brahui (Standard)	South Asia	PARUR_09
The professor wrote equations on the blackboard.	پروفیسر تختے تے مساوات لکھیاں۔	Brahui (Standard)	South Asia	PARUR_08
Tea is served to guests as a gesture of hospitality.	مہماناں کوں مہمان نوازی دی نشانی دے طور تے چاہ پیش کیتی ویندی اے۔	Brahui (Standard)	South Asia	PARUR_10
Smartphones have changed how people communicate.	اسمارٹ فوناں نے لوکاں دے رابطے دے طریقے کوں تبدیل کیتا اے۔	Brahui (Standard)	South Asia	PARUR_08
Regular exercise helps maintain good health.	منظم ورزش چنگی صحت برقرار رکھن وچ مدد کریندی اے۔	Brahui (Standard)	South Asia	PARUR_08
Teachers shape young minds.	استاد نوجوان ذہناں کوں شکل دیندے نیں۔	Brahui (Standard)	South Asia	PARUR_03
The river flows peacefully through the valley.	دریا وادی وچ پرامن طریقے نال وہندی اے۔	Brahui (Standard)	South Asia	PARUR_10
Birds were chirping in the trees.	پنچھی رکھاں وچ چہچہا رہے ہن۔	Brahui (Standard)	South Asia	PARUR_09
Doctors work long hours to treat patients.	ڈاکٹر مریضاں دا علاج کرن کیتے لمبیاں گھڑیاں کم کریندے نیں۔	Brahui (Standard)	South Asia	PARUR_10
The bus arrived late.	بس ڈیر نال پہنچی۔	Brahui (Standard)	South Asia	PARUR_09
Children learn best when they are interested.	بچے بہترین سکھدے نیں جدوں اوہ دلچسپی رکھدے نیں۔	Brahui (Standard)	South Asia	PARUR_08
Parents sacrifice their own needs for children.	والدین بچیاں کیتے اپنیاں ضرورتاں قربان کریندے نیں۔	Brahui (Standard)	South Asia	PARUR_03
The teacher explained the lesson patiently.	استاد صبر نال سبق سمجھایا۔	Brahui (Standard)	South Asia	PARUR_06
Sports teach teamwork and discipline.	کھیڈاں ٹیم ورک تے نظم و ضبط سکھیندیاں نیں۔	Brahui (Standard)	South Asia	PARUR_07
Children were playing cricket in the street.	بچے سڑک تے کرکٹ کھیڈدے پئے ہن۔	Brahui (Standard)	South Asia	PARUR_10
Digital payments have made transactions faster.	ڈیجیٹل ادائیگیاں معاملات تیز کیتے نیں۔	Brahui (Standard)	South Asia	PARUR_04
The internet connects people across continents.	انٹرنیٹ براعظماں وچ لوکاں کوں جوڑیندے۔	Brahui (Standard)	South Asia	PARUR_08
Cricket is a popular sport.	کرکٹ ہک مقبول کھیڈ اے۔	Brahui (Standard)	South Asia	PARUR_05
Train journeys offer scenic views.	ریل دے سفر منظراں دے نظارے پیش کریندے نیں۔	Brahui (Standard)	South Asia	PARUR_07
Farmers planted rice in the flooded fields.	کسان پانی والے کھیتراں وچ چاول پوکے۔	Brahui (Standard)	South Asia	PARUR_09
The wedding ceremony lasted three days.	شادی دی تقریب ترئے دینہہ چلی۔	Brahui (Standard)	South Asia	PARUR_07
Small businesses create employment opportunities.	نکیاں کاروبار روزگار دے موقعے پیدا کریندے نیں۔	Brahui (Standard)	South Asia	PARUR_04
The market was crowded with people.	بازار لوکاں نال بھریا ہویا ہا۔	Brahui (Standard)	South Asia	PARUR_10
Storytelling preserves culture and knowledge.	کہانی سناون ثقافت تے علم کوں محفوظ رکھیندے۔	Brahui (Standard)	South Asia	PARUR_09
Learning a new language requires practice.	نوی زبان سکھن کیتے مشق دی لوڑ اے۔	Brahui (Standard)	South Asia	PARUR_05
Online shopping has become popular.	آن لائن خریداری مقبول تھی گئی اے۔	Brahui (Standard)	South Asia	PARUR_01
My grandmother told me stories.	میری دادی نے مینوں کہانیاں سنایاں۔	Brahui (Standard)	South Asia	PARUR_06
Agriculture remains the primary source of income.	زراعت آمدنی دا بنیادی ذریعہ رہندی اے۔	Brahui (Standard)	South Asia	PARUR_06
The school organized a science fair.	سکول نے سائنس میلہ منظم کیتا۔	Brahui (Standard)	South Asia	PARUR_04
Doctors recommend drinking plenty of water.	ڈاکٹر گھنے پانی پیون دی صلاح دیندے نیں۔	Brahui (Standard)	South Asia	PARUR_08
Clear communication prevents misunderstandings.	صاف رابطہ غلط فہمیاں کوں روکیندے۔	Brahui (Standard)	South Asia	PARUR_03
Education opens doors to opportunities.	تعلیم موقعاں دے دروازے کولیندی اے۔	Brahui (Standard)	South Asia	PARUR_09
She walked slowly through the garden.	اوں باغ وچ آہستہ آہستہ ٹردی۔	Brahui (Standard)	South Asia	PARUR_06
Handicrafts showcase artistic traditions.	ہتھکاریاں فنکارانہ روایات دکھیندیاں نیں۔	Brahui (Standard)	South Asia	PARUR_09
Tea is served to guests as a gesture of hospitality.	مہماناں کوں مہمان نوازی دی نشانی دے طور تے چاہ پیش کیتی ویندی اے۔	Brahui (Standard)	South Asia	PARUR_04
Doctors work long hours to treat patients.	ڈاکٹر مریضاں دا علاج کرن کیتے لمبیاں گھڑیاں کم کریندے نیں۔	Brahui (Standard)	South Asia	PARUR_10
We decided to visit the old temple.	اساں پرانے مندر دیکھن دا فیصلہ کیتا۔	Brahui (Standard)	South Asia	PARUR_04
Cooking together brings family members closer.	گڈے کھان پکاون خاندان دے ممبراں کوں نیڑے لیندے۔	Brahui (Standard)	South Asia	PARUR_02
Children learn best when they are interested.	بچے بہترین سکھدے نیں جدوں اوہ دلچسپی رکھدے نیں۔	Brahui (Standard)	South Asia	PARUR_04
Train journeys offer scenic views.	ریل دے سفر منظراں دے نظارے پیش کریندے نیں۔	Brahui (Standard)	South Asia	PARUR_05
Farmers planted rice in the flooded fields.	کسان پانی والے کھیتراں وچ چاول پوکے۔	Brahui (Standard)	South Asia	PARUR_01
The river flows peacefully through the valley.	دریا وادی وچ پرامن طریقے نال وہندی اے۔	Brahui (Standard)	South Asia	PARUR_04
Students gathered in the library.	طالب علم لائبریری وچ گڈے تھئے۔	Brahui (Standard)	South Asia	PARUR_07
People celebrate festivals with great joy.	لوک ودی خوشی نال میلے منیندے نیں۔	Brahui (Standard)	South Asia	PARUR_01
People travel long distances to visit religious sites.	لوک مذہبی تھانواں دیکھن کیتے لمبیاں دوریاں طے کریندے نیں۔	Brahui (Standard)	South Asia	PARUR_08
The bus arrived late.	بس ڈیر نال پہنچی۔	Brahui (Standard)	South Asia	PARUR_04
My grandmother told me stories.	میری دادی نے مینوں کہانیاں سنایاں۔	Brahui (Standard)	South Asia	PARUR_08
The school organized a science fair.	سکول نے سائنس میلہ منظم کیتا۔	Brahui (Standard)	South Asia	PARUR_08
Education opens doors to opportunities.	تعلیم موقعاں دے دروازے کولیندی اے۔	Brahui (Standard)	South Asia	PARUR_02
After finishing his work, he sat down.	اپنا کم مکمل کرن دے بعد، او بیٹھ گیا۔	Brahui (Standard)	South Asia	PARUR_06
Regular exercise helps maintain good health.	منظم ورزش چنگی صحت برقرار رکھن وچ مدد کریندی اے۔	Brahui (Standard)	South Asia	PARUR_01
The internet connects people across continents.	انٹرنیٹ براعظماں وچ لوکاں کوں جوڑیندے۔	Brahui (Standard)	South Asia	PARUR_07
The wedding ceremony lasted three days.	شادی دی تقریب ترئے دینہہ چلی۔	Brahui (Standard)	South Asia	PARUR_02
Clear communication prevents misunderstandings.	صاف رابطہ غلط فہمیاں کوں روکیندے۔	Brahui (Standard)	South Asia	PARUR_04
Learning a new language requires practice.	نوی زبان سکھن کیتے مشق دی لوڑ اے۔	Brahui (Standard)	South Asia	PARUR_09
She walked slowly through the garden.	اوں باغ وچ آہستہ آہستہ ٹردی۔	Brahui (Standard)	South Asia	PARUR_01
Traditional music is important for our heritage.	روایتی موسیقی سادی ورثے کیتے اہم اے۔	Brahui (Standard)	South Asia	PARUR_07
The teacher explained the lesson patiently.	استاد صبر نال سبق سمجھایا۔	Brahui (Standard)	South Asia	PARUR_05
Storytelling preserves culture and knowledge.	کہانی سناون ثقافت تے علم کوں محفوظ رکھیندے۔	Brahui (Standard)	South Asia	PARUR_10
The professor wrote equations on the blackboard.	پروفیسر تختے تے مساوات لکھیاں۔	Brahui (Standard)	South Asia	PARUR_01
Parents sacrifice their own needs for children.	والدین بچیاں کیتے اپنیاں ضرورتاں قربان کریندے نیں۔	Brahui (Standard)	South Asia	PARUR_01
Teachers shape young minds.	استاد نوجوان ذہناں کوں شکل دیندے نیں۔	Brahui (Standard)	South Asia	PARUR_03
The market was crowded with people.	بازار لوکاں نال بھریا ہویا ہا۔	Brahui (Standard)	South Asia	PARUR_09
Eating fresh fruits provides essential vitamins.	تازہ پھل کھان ضروری وٹامن فراہم کریندے۔	Brahui (Standard)	South Asia	PARUR_09
Digital payments have made transactions faster.	ڈیجیٹل ادائیگیاں معاملات تیز کیتے نیں۔	Brahui (Standard)	South Asia	PARUR_01
She cooked delicious biryani for the family.	اوں خاندان کیتے مزیدار بریانی پکائی۔	Brahui (Standard)	South Asia	PARUR_08
Small businesses create employment opportunities.	نکیاں کاروبار روزگار دے موقعے پیدا کریندے نیں۔	Brahui (Standard)	South Asia	PARUR_04
Pollution in cities has become a serious problem.	شہراں وچ آلودگی ہک سنجیدہ مسئلہ بن گئی اے۔	Brahui (Standard)	South Asia	PARUR_04
Smartphones have changed how people communicate.	اسمارٹ فوناں نے لوکاں دے رابطے دے طریقے کوں تبدیل کیتا اے۔	Brahui (Standard)	South Asia	PARUR_09
She received a scholarship to study medicine.	اوں طب دی تعلیم کیتے اسکالرشپ حاصل کیتی۔	Brahui (Standard)	South Asia	PARUR_04
Reading books improves vocabulary.	کتاباں پڑھن ذخیرہ الفاظ بہتر بنیندے۔	Brahui (Standard)	South Asia	PARUR_01
Cricket is a popular sport.	کرکٹ ہک مقبول کھیڈ اے۔	Brahui (Standard)	South Asia	PARUR_05
Tourism brings revenue to regions with historical sites.	سیاحت تاریخی تھانواں والے علاقیاں کوں آمدنی لیندی اے۔	Brahui (Standard)	South Asia	PARUR_01
Children were playing cricket in the street.	بچے سڑک تے کرکٹ کھیڈدے پئے ہن۔	Brahui (Standard)	South Asia	PARUR_05
Respecting elders is an important value.	بزرگاں دا احترام ہک اہم قدر اے۔	Brahui (Standard)	South Asia	PARUR_08
I woke up early this morning.	من اڄ صبح جلدی اٹھیا۔	Brahui (Standard)	South Asia	PARUR_10
Family members support each other during difficult times.	خاندان دے ممبر مشکل وختاں وچ ہک دوجھے دی مدد کریندے نیں۔	Brahui (Standard)	South Asia	PARUR_05
Agriculture remains the primary source of income.	زراعت آمدنی دا بنیادی ذریعہ رہندی اے۔	Brahui (Standard)	South Asia	PARUR_02
Spices add flavor to traditional dishes.	مصالحے روایتی کھاناں وچ ذائقہ ودیندے نیں۔	Brahui (Standard)	South Asia	PARUR_07
Birds were chirping in the trees.	پنچھی رکھاں وچ چہچہا رہے ہن۔	Brahui (Standard)	South Asia	PARUR_02
Doctors recommend drinking plenty of water.	ڈاکٹر گھنے پانی پیون دی صلاح دیندے نیں۔	Brahui (Standard)	South Asia	PARUR_03
The forest is home to many wild animals.	جنگل گھنے جنگلی جانوراں دا گھر اے۔	Brahui (Standard)	South Asia	PARUR_04
Online shopping has become popular.	آن لائن خریداری مقبول تھی گئی اے۔	Brahui (Standard)	South Asia	PARUR_07
Elderly people share wisdom and stories.	بزرگ لوک حکمت تے کہانیاں سانجھیاں کریندے نیں۔	Brahui (Standard)	South Asia	PARUR_06
Farmers wake up early to tend to crops.	کسان فصلاں دی سنبھال کیتے جلدی اٹھدے نیں۔	Brahui (Standard)	South Asia	PARUR_03
Sports teach teamwork and discipline.	کھیڈاں ٹیم ورک تے نظم و ضبط سکھیندیاں نیں۔	Brahui (Standard)	South Asia	PARUR_09
People celebrate festivals with great joy.	لوک ودی خوشی نال میلے منیندے نیں۔	Brahui (Standard)	South Asia	PARUR_10
Train journeys offer scenic views.	ریل دے سفر منظراں دے نظارے پیش کریندے نیں۔	Brahui (Standard)	South Asia	PARUR_04
Handicrafts showcase artistic traditions.	ہتھکاریاں فنکارانہ روایات دکھیندیاں نیں۔	Brahui (Standard)	South Asia	PARUR_10
Tea is served to guests as a gesture of hospitality.	مہماناں کوں مہمان نوازی دی نشانی دے طور تے چاہ پیش کیتی ویندی اے۔	Brahui (Standard)	South Asia	PARUR_04
Spices add flavor to traditional dishes.	مصالحے روایتی کھاناں وچ ذائقہ ودیندے نیں۔	Brahui (Standard)	South Asia	PARUR_04
She received a scholarship to study medicine.	اوں طب دی تعلیم کیتے اسکالرشپ حاصل کیتی۔	Brahui (Standard)	South Asia	PARUR_06
Learning a new language requires practice.	نوی زبان سکھن کیتے مشق دی لوڑ اے۔	Brahui (Standard)	South Asia	PARUR_08
I woke up early this morning.	من اڄ صبح جلدی اٹھیا۔	Brahui (Standard)	South Asia	PARUR_06
Parents sacrifice their own needs for children.	والدین بچیاں کیتے اپنیاں ضرورتاں قربان کریندے نیں۔	Brahui (Standard)	South Asia	PARUR_08
Small businesses create employment opportunities.	نکیاں کاروبار روزگار دے موقعے پیدا کریندے نیں۔	Brahui (Standard)	South Asia	PARUR_05
Farmers planted rice in the flooded fields.	کسان پانی والے کھیتراں وچ چاول پوکے۔	Brahui (Standard)	South Asia	PARUR_05
Traditional music is important for our heritage.	روایتی موسیقی سادی ورثے کیتے اہم اے۔	Brahui (Standard)	South Asia	PARUR_06
Respecting elders is an important value.	بزرگاں دا احترام ہک اہم قدر اے۔	Brahui (Standard)	South Asia	PARUR_09
Birds were chirping in the trees.	پنچھی رکھاں وچ چہچہا رہے ہن۔	Brahui (Standard)	South Asia	PARUR_03
Smartphones have changed how people communicate.	اسمارٹ فوناں نے لوکاں دے رابطے دے طریقے کوں تبدیل کیتا اے۔	Brahui (Standard)	South Asia	PARUR_06
Children learn best when they are interested.	بچے بہترین سکھدے نیں جدوں اوہ دلچسپی رکھدے نیں۔	Brahui (Standard)	South Asia	PARUR_08
Cricket is a popular sport.	کرکٹ ہک مقبول کھیڈ اے۔	Brahui (Standard)	South Asia	PARUR_05
The wedding ceremony lasted three days.	شادی دی تقریب ترئے دینہہ چلی۔	Brahui (Standard)	South Asia	PARUR_03
The market was crowded with people.	بازار لوکاں نال بھریا ہویا ہا۔	Brahui (Standard)	South Asia	PARUR_04
The teacher explained the lesson patiently.	استاد صبر نال سبق سمجھایا۔	Brahui (Standard)	South Asia	PARUR_08
The river flows peacefully through the valley.	دریا وادی وچ پرامن طریقے نال وہندی اے۔	Brahui (Standard)	South Asia	PARUR_08
My grandmother told me stories.	میری دادی نے مینوں کہانیاں سنایاں۔	Brahui (Standard)	South Asia	PARUR_03
Tourism brings revenue to regions with historical sites.	سیاحت تاریخی تھانواں والے علاقیاں کوں آمدنی لیندی اے۔	Brahui (Standard)	South Asia	PARUR_01
People travel long distances to visit religious sites.	لوک مذہبی تھانواں دیکھن کیتے لمبیاں دوریاں طے کریندے نیں۔	Brahui (Standard)	South Asia	PARUR_05
The internet connects people across continents.	انٹرنیٹ براعظماں وچ لوکاں کوں جوڑیندے۔	Brahui (Standard)	South Asia	PARUR_04
Storytelling preserves culture and knowledge.	کہانی سناون ثقافت تے علم کوں محفوظ رکھیندے۔	Brahui (Standard)	South Asia	PARUR_10
After finishing his work, he sat down.	اپنا کم مکمل کرن دے بعد، او بیٹھ گیا۔	Brahui (Standard)	South Asia	PARUR_04
Reading books improves vocabulary.	کتاباں پڑھن ذخیرہ الفاظ بہتر بنیندے۔	Brahui (Standard)	South Asia	PARUR_05
Family members support each other during difficult times.	خاندان دے ممبر مشکل وختاں وچ ہک دوجھے دی مدد کریندے نیں۔	Brahui (Standard)	South Asia	PARUR_06
Doctors work long hours to treat patients.	ڈاکٹر مریضاں دا علاج کرن کیتے لمبیاں گھڑیاں کم کریندے نیں۔	Brahui (Standard)	South Asia	PARUR_04
Doctors recommend drinking plenty of water.	ڈاکٹر گھنے پانی پیون دی صلاح دیندے نیں۔	Brahui (Standard)	South Asia	PARUR_01
Eating fresh fruits provides essential vitamins.	تازہ پھل کھان ضروری وٹامن فراہم کریندے۔	Brahui (Standard)	South Asia	PARUR_04
Elderly people share wisdom and stories.	بزرگ لوک حکمت تے کہانیاں سانجھیاں کریندے نیں۔	Brahui (Standard)	South Asia	PARUR_10
Cooking together brings family members closer.	گڈے کھان پکاون خاندان دے ممبراں کوں نیڑے لیندے۔	Brahui (Standard)	South Asia	PARUR_06
Students gathered in the library.	طالب علم لائبریری وچ گڈے تھئے۔	Brahui (Standard)	South Asia	PARUR_02
The forest is home to many wild animals.	جنگل گھنے جنگلی جانوراں دا گھر اے۔	Brahui (Standard)	South Asia	PARUR_10
Online shopping has become popular.	آن لائن خریداری مقبول تھی گئی اے۔	Brahui (Standard)	South Asia	PARUR_05
Pollution in cities has become a serious problem.	شہراں وچ آلودگی ہک سنجیدہ مسئلہ بن گئی اے۔	Brahui (Standard)	South Asia	PARUR_07
Teachers shape young minds.	استاد نوجوان ذہناں کوں شکل دیندے نیں۔	Brahui (Standard)	South Asia	PARUR_09
Digital payments have made transactions faster.	ڈیجیٹل ادائیگیاں معاملات تیز کیتے نیں۔	Brahui (Standard)	South Asia	PARUR_08
The bus arrived late.	بس ڈیر نال پہنچی۔	Brahui (Standard)	South Asia	PARUR_09
She walked slowly through the garden.	اوں باغ وچ آہستہ آہستہ ٹردی۔	Brahui (Standard)	South Asia	PARUR_08
Clear communication prevents misunderstandings.	صاف رابطہ غلط فہمیاں کوں روکیندے۔	Brahui (Standard)	South Asia	PARUR_02
The school organized a science fair.	سکول نے سائنس میلہ منظم کیتا۔	Brahui (Standard)	South Asia	PARUR_04
We decided to visit the old temple.	اساں پرانے مندر دیکھن دا فیصلہ کیتا۔	Brahui (Standard)	South Asia	PARUR_10
Farmers wake up early to tend to crops.	کسان فصلاں دی سنبھال کیتے جلدی اٹھدے نیں۔	Brahui (Standard)	South Asia	PARUR_06
Agriculture remains the primary source of income.	زراعت آمدنی دا بنیادی ذریعہ رہندی اے۔	Brahui (Standard)	South Asia	PARUR_01
She cooked delicious biryani for the family.	اوں خاندان کیتے مزیدار بریانی پکائی۔	Brahui (Standard)	South Asia	PARUR_04
Regular exercise helps maintain good health.	منظم ورزش چنگی صحت برقرار رکھن وچ مدد کریندی اے۔	Brahui (Standard)	South Asia	PARUR_09
Education opens doors to opportunities.	تعلیم موقعاں دے دروازے کولیندی اے۔	Brahui (Standard)	South Asia	PARUR_06
Sports teach teamwork and discipline.	کھیڈاں ٹیم ورک تے نظم و ضبط سکھیندیاں نیں۔	Brahui (Standard)	South Asia	PARUR_05
The professor wrote equations on the blackboard.	پروفیسر تختے تے مساوات لکھیاں۔	Brahui (Standard)	South Asia	PARUR_04
Children were playing cricket in the street.	بچے سڑک تے کرکٹ کھیڈدے پئے ہن۔	Brahui (Standard)	South Asia	PARUR_04
Doctors recommend drinking plenty of water.	ڈاکٹر گھنے پانی پیون دی صلاح دیندے نیں۔	Brahui (Standard)	South Asia	PARUR_07
Sports teach teamwork and discipline.	کھیڈاں ٹیم ورک تے نظم و ضبط سکھیندیاں نیں۔	Brahui (Standard)	South Asia	PARUR_07
Smartphones have changed how people communicate.	اسمارٹ فوناں نے لوکاں دے رابطے دے طریقے کوں تبدیل کیتا اے۔	Brahui (Standard)	South Asia	PARUR_06
Storytelling preserves culture and knowledge.	کہانی سناون ثقافت تے علم کوں محفوظ رکھیندے۔	Brahui (Standard)	South Asia	PARUR_09
Pollution in cities has become a serious problem.	شہراں وچ آلودگی ہک سنجیدہ مسئلہ بن گئی اے۔	Brahui (Standard)	South Asia	PARUR_02
Farmers planted rice in the flooded fields.	کسان پانی والے کھیتراں وچ چاول پوکے۔	Brahui (Standard)	South Asia	PARUR_10
Tea is served to guests as a gesture of hospitality.	مہماناں کوں مہمان نوازی دی نشانی دے طور تے چاہ پیش کیتی ویندی اے۔	Brahui (Standard)	South Asia	PARUR_04
The professor wrote equations on the blackboard.	پروفیسر تختے تے مساوات لکھیاں۔	Brahui (Standard)	South Asia	PARUR_03
Parents sacrifice their own needs for children.	والدین بچیاں کیتے اپنیاں ضرورتاں قربان کریندے نیں۔	Brahui (Standard)	South Asia	PARUR_01
Family members support each other during difficult times.	خاندان دے ممبر مشکل وختاں وچ ہک دوجھے دی مدد کریندے نیں۔	Brahui (Standard)	South Asia	PARUR_10
She received a scholarship to study medicine.	اوں طب دی تعلیم کیتے اسکالرشپ حاصل کیتی۔	Brahui (Standard)	South Asia	PARUR_07
Respecting elders is an important value.	بزرگاں دا احترام ہک اہم قدر اے۔	Brahui (Standard)	South Asia	PARUR_07
Eating fresh fruits provides essential vitamins.	تازہ پھل کھان ضروری وٹامن فراہم کریندے۔	Brahui (Standard)	South Asia	PARUR_08
Agriculture remains the primary source of income.	زراعت آمدنی دا بنیادی ذریعہ رہندی اے۔	Brahui (Standard)	South Asia	PARUR_03
Spices add flavor to traditional dishes.	مصالحے روایتی کھاناں وچ ذائقہ ودیندے نیں۔	Brahui (Standard)	South Asia	PARUR_02
She walked slowly through the garden.	اوں باغ وچ آہستہ آہستہ ٹردی۔	Brahui (Standard)	South Asia	PARUR_07
My grandmother told me stories.	میری دادی نے مینوں کہانیاں سنایاں۔	Brahui (Standard)	South Asia	PARUR_03
Digital payments have made transactions faster.	ڈیجیٹل ادائیگیاں معاملات تیز کیتے نیں۔	Brahui (Standard)	South Asia	PARUR_06
Tourism brings revenue to regions with historical sites.	سیاحت تاریخی تھانواں والے علاقیاں کوں آمدنی لیندی اے۔	Brahui (Standard)	South Asia	PARUR_07
Students gathered in the library.	طالب علم لائبریری وچ گڈے تھئے۔	Brahui (Standard)	South Asia	PARUR_09
Online shopping has become popular.	آن لائن خریداری مقبول تھی گئی اے۔	Brahui (Standard)	South Asia	PARUR_06
Learning a new language requires practice.	نوی زبان سکھن کیتے مشق دی لوڑ اے۔	Brahui (Standard)	South Asia	PARUR_08
People celebrate festivals with great joy.	لوک ودی خوشی نال میلے منیندے نیں۔	Brahui (Standard)	South Asia	PARUR_09
She cooked delicious biryani for the family.	اوں خاندان کیتے مزیدار بریانی پکائی۔	Brahui (Standard)	South Asia	PARUR_09
Elderly people share wisdom and stories.	بزرگ لوک حکمت تے کہانیاں سانجھیاں کریندے نیں۔	Brahui (Standard)	South Asia	PARUR_05
I woke up early this morning.	من اڄ صبح جلدی اٹھیا۔	Brahui (Standard)	South Asia	PARUR_04
Traditional music is important for our heritage.	روایتی موسیقی سادی ورثے کیتے اہم اے۔	Brahui (Standard)	South Asia	PARUR_05
We decided to visit the old temple.	اساں پرانے مندر دیکھن دا فیصلہ کیتا۔	Brahui (Standard)	South Asia	PARUR_08
Clear communication prevents misunderstandings.	صاف رابطہ غلط فہمیاں کوں روکیندے۔	Brahui (Standard)	South Asia	PARUR_06
Reading books improves vocabulary.	کتاباں پڑھن ذخیرہ الفاظ بہتر بنیندے۔	Brahui (Standard)	South Asia	PARUR_09
Regular exercise helps maintain good health.	منظم ورزش چنگی صحت برقرار رکھن وچ مدد کریندی اے۔	Brahui (Standard)	South Asia	PARUR_06
Birds were chirping in the trees.	پنچھی رکھاں وچ چہچہا رہے ہن۔	Brahui (Standard)	South Asia	PARUR_01
Cooking together brings family members closer.	گڈے کھان پکاون خاندان دے ممبراں کوں نیڑے لیندے۔	Brahui (Standard)	South Asia	PARUR_09
The market was crowded with people.	بازار لوکاں نال بھریا ہویا ہا۔	Brahui (Standard)	South Asia	PARUR_01
Doctors work long hours to treat patients.	ڈاکٹر مریضاں دا علاج کرن کیتے لمبیاں گھڑیاں کم کریندے نیں۔	Brahui (Standard)	South Asia	PARUR_09
The internet connects people across continents.	انٹرنیٹ براعظماں وچ لوکاں کوں جوڑیندے۔	Brahui (Standard)	South Asia	PARUR_07
The school organized a science fair.	سکول نے سائنس میلہ منظم کیتا۔	Brahui (Standard)	South Asia	PARUR_02
Education opens doors to opportunities.	تعلیم موقعاں دے دروازے کولیندی اے۔	Brahui (Standard)	South Asia	PARUR_01
After finishing his work, he sat down.	اپنا کم مکمل کرن دے بعد، او بیٹھ گیا۔	Brahui (Standard)	South Asia	PARUR_06
Children learn best when they are interested.	بچے بہترین سکھدے نیں جدوں اوہ دلچسپی رکھدے نیں۔	Brahui (Standard)	South Asia	PARUR_08
The wedding ceremony lasted three days.	شادی دی تقریب ترئے دینہہ چلی۔	Brahui (Standard)	South Asia	PARUR_03
The forest is home to many wild animals.	جنگل گھنے جنگلی جانوراں دا گھر اے۔	Brahui (Standard)	South Asia	PARUR_07
The teacher explained the lesson patiently.	استاد صبر نال سبق سمجھایا۔	Brahui (Standard)	South Asia	PARUR_06
Train journeys offer scenic views.	ریل دے سفر منظراں دے نظارے پیش کریندے نیں۔	Brahui (Standard)	South Asia	PARUR_03
People travel long distances to visit religious sites.	لوک مذہبی تھانواں دیکھن کیتے لمبیاں دوریاں طے کریندے نیں۔	Brahui (Standard)	South Asia	PARUR_09
Children were playing cricket in the street.	بچے سڑک تے کرکٹ کھیڈدے پئے ہن۔	Brahui (Standard)	South Asia	PARUR_05
Cricket is a popular sport.	کرکٹ ہک مقبول کھیڈ اے۔	Brahui (Standard)	South Asia	PARUR_07
Farmers wake up early to tend to crops.	کسان فصلاں دی سنبھال کیتے جلدی اٹھدے نیں۔	Brahui (Standard)	South Asia	PARUR_02
Handicrafts showcase artistic traditions.	ہتھکاریاں فنکارانہ روایات دکھیندیاں نیں۔	Brahui (Standard)	South Asia	PARUR_06
Small businesses create employment opportunities.	نکیاں کاروبار روزگار دے موقعے پیدا کریندے نیں۔	Brahui (Standard)	South Asia	PARUR_10
Teachers shape young minds.	استاد نوجوان ذہناں کوں شکل دیندے نیں۔	Brahui (Standard)	South Asia	PARUR_07
The river flows peacefully through the valley.	دریا وادی وچ پرامن طریقے نال وہندی اے۔	Brahui (Standard)	South Asia	PARUR_06
The bus arrived late.	بس ڈیر نال پہنچی۔	Brahui (Standard)	South Asia	PARUR_05
Doctors recommend drinking plenty of water.	ڈاکٹر گھنے پانی پیون دی صلاح دیندے نیں۔	Brahui (Standard)	South Asia	PARUR_04
Respecting elders is an important value.	بزرگاں دا احترام ہک اہم قدر اے۔	Brahui (Standard)	South Asia	PARUR_10
People travel long distances to visit religious sites.	لوک مذہبی تھانواں دیکھن کیتے لمبیاں دوریاں طے کریندے نیں۔	Brahui (Standard)	South Asia	PARUR_02
Children were playing cricket in the street.	بچے سڑک تے کرکٹ کھیڈدے پئے ہن۔	Brahui (Standard)	South Asia	PARUR_01
The teacher explained the lesson patiently.	استاد صبر نال سبق سمجھایا۔	Brahui (Standard)	South Asia	PARUR_06
Cricket is a popular sport.	کرکٹ ہک مقبول کھیڈ اے۔	Brahui (Standard)	South Asia	PARUR_02
My grandmother told me stories.	میری دادی نے مینوں کہانیاں سنایاں۔	Brahui (Standard)	South Asia	PARUR_01
Storytelling preserves culture and knowledge.	کہانی سناون ثقافت تے علم کوں محفوظ رکھیندے۔	Brahui (Standard)	South Asia	PARUR_07
She walked slowly through the garden.	اوں باغ وچ آہستہ آہستہ ٹردی۔	Brahui (Standard)	South Asia	PARUR_06
Cooking together brings family members closer.	گڈے کھان پکاون خاندان دے ممبراں کوں نیڑے لیندے۔	Brahui (Standard)	South Asia	PARUR_07
I woke up early this morning.	من اڄ صبح جلدی اٹھیا۔	Brahui (Standard)	South Asia	PARUR_09
Tea is served to guests as a gesture of hospitality.	مہماناں کوں مہمان نوازی دی نشانی دے طور تے چاہ پیش کیتی ویندی اے۔	Brahui (Standard)	South Asia	PARUR_09
The professor wrote equations on the blackboard.	پروفیسر تختے تے مساوات لکھیاں۔	Brahui (Standard)	South Asia	PARUR_07
Education opens doors to opportunities.	تعلیم موقعاں دے دروازے کولیندی اے۔	Brahui (Standard)	South Asia	PARUR_08
Regular exercise helps maintain good health.	منظم ورزش چنگی صحت برقرار رکھن وچ مدد کریندی اے۔	Brahui (Standard)	South Asia	PARUR_04
Train journeys offer scenic views.	ریل دے سفر منظراں دے نظارے پیش کریندے نیں۔	Brahui (Standard)	South Asia	PARUR_09
The internet connects people across continents.	انٹرنیٹ براعظماں وچ لوکاں کوں جوڑیندے۔	Brahui (Standard)	South Asia	PARUR_03
Children learn best when they are interested.	بچے بہترین سکھدے نیں جدوں اوہ دلچسپی رکھدے نیں۔	Brahui (Standard)	South Asia	PARUR_03
The bus arrived late.	بس ڈیر نال پہنچی۔	Brahui (Standard)	South Asia	PARUR_07
Agriculture remains the primary source of income.	زراعت آمدنی دا بنیادی ذریعہ رہندی اے۔	Brahui (Standard)	South Asia	PARUR_06
Digital payments have made transactions faster.	ڈیجیٹل ادائیگیاں معاملات تیز کیتے نیں۔	Brahui (Standard)	South Asia	PARUR_06
The wedding ceremony lasted three days.	شادی دی تقریب ترئے دینہہ چلی۔	Brahui (Standard)	South Asia	PARUR_10
Eating fresh fruits provides essential vitamins.	تازہ پھل کھان ضروری وٹامن فراہم کریندے۔	Brahui (Standard)	South Asia	PARUR_10
Farmers planted rice in the flooded fields.	کسان پانی والے کھیتراں وچ چاول پوکے۔	Brahui (Standard)	South Asia	PARUR_10
Handicrafts showcase artistic traditions.	ہتھکاریاں فنکارانہ روایات دکھیندیاں نیں۔	Brahui (Standard)	South Asia	PARUR_04
Pollution in cities has become a serious problem.	شہراں وچ آلودگی ہک سنجیدہ مسئلہ بن گئی اے۔	Brahui (Standard)	South Asia	PARUR_04
Sports teach teamwork and discipline.	کھیڈاں ٹیم ورک تے نظم و ضبط سکھیندیاں نیں۔	Brahui (Standard)	South Asia	PARUR_02
The river flows peacefully through the valley.	دریا وادی وچ پرامن طریقے نال وہندی اے۔	Brahui (Standard)	South Asia	PARUR_03
Small businesses create employment opportunities.	نکیاں کاروبار روزگار دے موقعے پیدا کریندے نیں۔	Brahui (Standard)	South Asia	PARUR_10
We decided to visit the old temple.	اساں پرانے مندر دیکھن دا فیصلہ کیتا۔	Brahui (Standard)	South Asia	PARUR_10
Students gathered in the library.	طالب علم لائبریری وچ گڈے تھئے۔	Brahui (Standard)	South Asia	PARUR_04
Reading books improves vocabulary.	کتاباں پڑھن ذخیرہ الفاظ بہتر بنیندے۔	Brahui (Standard)	South Asia	PARUR_02
Family members support each other during difficult times.	خاندان دے ممبر مشکل وختاں وچ ہک دوجھے دی مدد کریندے نیں۔	Brahui (Standard)	South Asia	PARUR_06
After finishing his work, he sat down.	اپنا کم مکمل کرن دے بعد، او بیٹھ گیا۔	Brahui (Standard)	South Asia	PARUR_03
The market was crowded with people.	بازار لوکاں نال بھریا ہویا ہا۔	Brahui (Standard)	South Asia	PARUR_04
People celebrate festivals with great joy.	لوک ودی خوشی نال میلے منیندے نیں۔	Brahui (Standard)	South Asia	PARUR_01
Birds were chirping in the trees.	پنچھی رکھاں وچ چہچہا رہے ہن۔	Brahui (Standard)	South Asia	PARUR_01
Tourism brings revenue to regions with historical sites.	سیاحت تاریخی تھانواں والے علاقیاں کوں آمدنی لیندی اے۔	Brahui (Standard)	South Asia	PARUR_06
Clear communication prevents misunderstandings.	صاف رابطہ غلط فہمیاں کوں روکیندے۔	Brahui (Standard)	South Asia	PARUR_02
Teachers shape young minds.	استاد نوجوان ذہناں کوں شکل دیندے نیں۔	Brahui (Standard)	South Asia	PARUR_07
Smartphones have changed how people communicate.	اسمارٹ فوناں نے لوکاں دے رابطے دے طریقے کوں تبدیل کیتا اے۔	Brahui (Standard)	South Asia	PARUR_07
Farmers wake up early to tend to crops.	کسان فصلاں دی سنبھال کیتے جلدی اٹھدے نیں۔	Brahui (Standard)	South Asia	PARUR_06
Elderly people share wisdom and stories.	بزرگ لوک حکمت تے کہانیاں سانجھیاں کریندے نیں۔	Brahui (Standard)	South Asia	PARUR_03
The forest is home to many wild animals.	جنگل گھنے جنگلی جانوراں دا گھر اے۔	Brahui (Standard)	South Asia	PARUR_04
Spices add flavor to traditional dishes.	مصالحے روایتی کھاناں وچ ذائقہ ودیندے نیں۔	Brahui (Standard)	South Asia	PARUR_05
The school organized a science fair.	سکول نے سائنس میلہ منظم کیتا۔	Brahui (Standard)	South Asia	PARUR_04
She received a scholarship to study medicine.	اوں طب دی تعلیم کیتے اسکالرشپ حاصل کیتی۔	Brahui (Standard)	South Asia	PARUR_02
Learning a new language requires practice.	نوی زبان سکھن کیتے مشق دی لوڑ اے۔	Brahui (Standard)	South Asia	PARUR_10
Traditional music is important for our heritage.	روایتی موسیقی سادی ورثے کیتے اہم اے۔	Brahui (Standard)	South Asia	PARUR_05
Online shopping has become popular.	آن لائن خریداری مقبول تھی گئی اے۔	Brahui (Standard)	South Asia	PARUR_07
Parents sacrifice their own needs for children.	والدین بچیاں کیتے اپنیاں ضرورتاں قربان کریندے نیں۔	Brahui (Standard)	South Asia	PARUR_06
She cooked delicious biryani for the family.	اوں خاندان کیتے مزیدار بریانی پکائی۔	Brahui (Standard)	South Asia	PARUR_08
Doctors work long hours to treat patients.	ڈاکٹر مریضاں دا علاج کرن کیتے لمبیاں گھڑیاں کم کریندے نیں۔	Brahui (Standard)	South Asia	PARUR_05
Storytelling preserves culture and knowledge.	کہانی سناون ثقافت تے علم کوں محفوظ رکھیندے۔	Brahui (Standard)	South Asia	PARUR_10
Teachers shape young minds.	استاد نوجوان ذہناں کوں شکل دیندے نیں۔	Brahui (Standard)	South Asia	PARUR_10
The forest is home to many wild animals.	جنگل گھنے جنگلی جانوراں دا گھر اے۔	Brahui (Standard)	South Asia	PARUR_09
She walked slowly through the garden.	اوں باغ وچ آہستہ آہستہ ٹردی۔	Brahui (Standard)	South Asia	PARUR_02
The market was crowded with people.	بازار لوکاں نال بھریا ہویا ہا۔	Brahui (Standard)	South Asia	PARUR_07
Birds were chirping in the trees.	پنچھی رکھاں وچ چہچہا رہے ہن۔	Brahui (Standard)	South Asia	PARUR_05
Children learn best when they are interested.	بچے بہترین سکھدے نیں جدوں اوہ دلچسپی رکھدے نیں۔	Brahui (Standard)	South Asia	PARUR_09
I woke up early this morning.	من اڄ صبح جلدی اٹھیا۔	Brahui (Standard)	South Asia	PARUR_05
Traditional music is important for our heritage.	روایتی موسیقی سادی ورثے کیتے اہم اے۔	Brahui (Standard)	South Asia	PARUR_07
Digital payments have made transactions faster.	ڈیجیٹل ادائیگیاں معاملات تیز کیتے نیں۔	Brahui (Standard)	South Asia	PARUR_03
The bus arrived late.	بس ڈیر نال پہنچی۔	Brahui (Standard)	South Asia	PARUR_05
The teacher explained the lesson patiently.	استاد صبر نال سبق سمجھایا۔	Brahui (Standard)	South Asia	PARUR_04
Education opens doors to opportunities.	تعلیم موقعاں دے دروازے کولیندی اے۔	Brahui (Standard)	South Asia	PARUR_02
The wedding ceremony lasted three days.	شادی دی تقریب ترئے دینہہ چلی۔	Brahui (Standard)	South Asia	PARUR_05
Farmers wake up early to tend to crops.	کسان فصلاں دی سنبھال کیتے جلدی اٹھدے نیں۔	Brahui (Standard)	South Asia	PARUR_04
Doctors work long hours to treat patients.	ڈاکٹر مریضاں دا علاج کرن کیتے لمبیاں گھڑیاں کم کریندے نیں۔	Brahui (Standard)	South Asia	PARUR_06
Tourism brings revenue to regions with historical sites.	سیاحت تاریخی تھانواں والے علاقیاں کوں آمدنی لیندی اے۔	Brahui (Standard)	South Asia	PARUR_07
The internet connects people across continents.	انٹرنیٹ براعظماں وچ لوکاں کوں جوڑیندے۔	Brahui (Standard)	South Asia	PARUR_01
People travel long distances to visit religious sites.	لوک مذہبی تھانواں دیکھن کیتے لمبیاں دوریاں طے کریندے نیں۔	Brahui (Standard)	South Asia	PARUR_04
The river flows peacefully through the valley.	دریا وادی وچ پرامن طریقے نال وہندی اے۔	Brahui (Standard)	South Asia	PARUR_05
Reading books improves vocabulary.	کتاباں پڑھن ذخیرہ الفاظ بہتر بنیندے۔	Brahui (Standard)	South Asia	PARUR_02
Tea is served to guests as a gesture of hospitality.	مہماناں کوں مہمان نوازی دی نشانی دے طور تے چاہ پیش کیتی ویندی اے۔	Brahui (Standard)	South Asia	PARUR_02
My grandmother told me stories.	میری دادی نے مینوں کہانیاں سنایاں۔	Brahui (Standard)	South Asia	PARUR_05
The professor wrote equations on the blackboard.	پروفیسر تختے تے مساوات لکھیاں۔	Brahui (Standard)	South Asia	PARUR_07
Farmers planted rice in the flooded fields.	کسان پانی والے کھیتراں وچ چاول پوکے۔	Brahui (Standard)	South Asia	PARUR_03
Handicrafts showcase artistic traditions.	ہتھکاریاں فنکارانہ روایات دکھیندیاں نیں۔	Brahui (Standard)	South Asia	PARUR_06
Agriculture remains the primary source of income.	زراعت آمدنی دا بنیادی ذریعہ رہندی اے۔	Brahui (Standard)	South Asia	PARUR_10
Sports teach teamwork and discipline.	کھیڈاں ٹیم ورک تے نظم و ضبط سکھیندیاں نیں۔	Brahui (Standard)	South Asia	PARUR_06
She cooked delicious biryani for the family.	اوں خاندان کیتے مزیدار بریانی پکائی۔	Brahui (Standard)	South Asia	PARUR_05
Students gathered in the library.	طالب علم لائبریری وچ گڈے تھئے۔	Brahui (Standard)	South Asia	PARUR_02
Parents sacrifice their own needs for children.	والدین بچیاں کیتے اپنیاں ضرورتاں قربان کریندے نیں۔	Brahui (Standard)	South Asia	PARUR_03
The school organized a science fair.	سکول نے سائنس میلہ منظم کیتا۔	Brahui (Standard)	South Asia	PARUR_09
After finishing his work, he sat down.	اپنا کم مکمل کرن دے بعد، او بیٹھ گیا۔	Brahui (Standard)	South Asia	PARUR_01
Cricket is a popular sport.	کرکٹ ہک مقبول کھیڈ اے۔	Brahui (Standard)	South Asia	PARUR_10
Cooking together brings family members closer.	گڈے کھان پکاون خاندان دے ممبراں کوں نیڑے لیندے۔	Brahui (Standard)	South Asia	PARUR_05
Elderly people share wisdom and stories.	بزرگ لوک حکمت تے کہانیاں سانجھیاں کریندے نیں۔	Brahui (Standard)	South Asia	PARUR_10
Eating fresh fruits provides essential vitamins.	تازہ پھل کھان ضروری وٹامن فراہم کریندے۔	Brahui (Standard)	South Asia	PARUR_04
Regular exercise helps maintain good health.	منظم ورزش چنگی صحت برقرار رکھن وچ مدد کریندی اے۔	Brahui (Standard)	South Asia	PARUR_01
She received a scholarship to study medicine.	اوں طب دی تعلیم کیتے اسکالرشپ حاصل کیتی۔	Brahui (Standard)	South Asia	PARUR_06
Small businesses create employment opportunities.	نکیاں کاروبار روزگار دے موقعے پیدا کریندے نیں۔	Brahui (Standard)	South Asia	PARUR_06
Smartphones have changed how people communicate.	اسمارٹ فوناں نے لوکاں دے رابطے دے طریقے کوں تبدیل کیتا اے۔	Brahui (Standard)	South Asia	PARUR_04
Children were playing cricket in the street.	بچے سڑک تے کرکٹ کھیڈدے پئے ہن۔	Brahui (Standard)	South Asia	PARUR_05
Pollution in cities has become a serious problem.	شہراں وچ آلودگی ہک سنجیدہ مسئلہ بن گئی اے۔	Brahui (Standard)	South Asia	PARUR_01
Online shopping has become popular.	آن لائن خریداری مقبول تھی گئی اے۔	Brahui (Standard)	South Asia	PARUR_01
Family members support each other during difficult times.	خاندان دے ممبر مشکل وختاں وچ ہک دوجھے دی مدد کریندے نیں۔	Brahui (Standard)	South Asia	PARUR_10
People celebrate festivals with great joy.	لوک ودی خوشی نال میلے منیندے نیں۔	Brahui (Standard)	South Asia	PARUR_05
Clear communication prevents misunderstandings.	صاف رابطہ غلط فہمیاں کوں روکیندے۔	Brahui (Standard)	South Asia	PARUR_07
We decided to visit the old temple.	اساں پرانے مندر دیکھن دا فیصلہ کیتا۔	Brahui (Standard)	South Asia	PARUR_08
Respecting elders is an important value.	بزرگاں دا احترام ہک اہم قدر اے۔	Brahui (Standard)	South Asia	PARUR_05
Doctors recommend drinking plenty of water.	ڈاکٹر گھنے پانی پیون دی صلاح دیندے نیں۔	Brahui (Standard)	South Asia	PARUR_09
Learning a new language requires practice.	نوی زبان سکھن کیتے مشق دی لوڑ اے۔	Brahui (Standard)	South Asia	PARUR_01
Train journeys offer scenic views.	ریل دے سفر منظراں دے نظارے پیش کریندے نیں۔	Brahui (Standard)	South Asia	PARUR_05
Spices add flavor to traditional dishes.	مصالحے روایتی کھاناں وچ ذائقہ ودیندے نیں۔	Brahui (Standard)	South Asia	PARUR_02
Birds were chirping in the trees.	پنچھی رکھاں وچ چہچہا رہے ہن۔	Brahui (Standard)	South Asia	PARUR_02
After finishing his work, he sat down.	اپنا کم مکمل کرن دے بعد، او بیٹھ گیا۔	Brahui (Standard)	South Asia	PARUR_05
She received a scholarship to study medicine.	اوں طب دی تعلیم کیتے اسکالرشپ حاصل کیتی۔	Brahui (Standard)	South Asia	PARUR_06
People celebrate festivals with great joy.	لوک ودی خوشی نال میلے منیندے نیں۔	Brahui (Standard)	South Asia	PARUR_08
Children were playing cricket in the street.	بچے سڑک تے کرکٹ کھیڈدے پئے ہن۔	Brahui (Standard)	South Asia	PARUR_06
Reading books improves vocabulary.	کتاباں پڑھن ذخیرہ الفاظ بہتر بنیندے۔	Brahui (Standard)	South Asia	PARUR_04
The school organized a science fair.	سکول نے سائنس میلہ منظم کیتا۔	Brahui (Standard)	South Asia	PARUR_04
My grandmother told me stories.	میری دادی نے مینوں کہانیاں سنایاں۔	Brahui (Standard)	South Asia	PARUR_10
Farmers wake up early to tend to crops.	کسان فصلاں دی سنبھال کیتے جلدی اٹھدے نیں۔	Brahui (Standard)	South Asia	PARUR_06
Tea is served to guests as a gesture of hospitality.	مہماناں کوں مہمان نوازی دی نشانی دے طور تے چاہ پیش کیتی ویندی اے۔	Brahui (Standard)	South Asia	PARUR_02
Clear communication prevents misunderstandings.	صاف رابطہ غلط فہمیاں کوں روکیندے۔	Brahui (Standard)	South Asia	PARUR_06
She cooked delicious biryani for the family.	اوں خاندان کیتے مزیدار بریانی پکائی۔	Brahui (Standard)	South Asia	PARUR_08
Cooking together brings family members closer.	گڈے کھان پکاون خاندان دے ممبراں کوں نیڑے لیندے۔	Brahui (Standard)	South Asia	PARUR_05
She walked slowly through the garden.	اوں باغ وچ آہستہ آہستہ ٹردی۔	Brahui (Standard)	South Asia	PARUR_07
Children learn best when they are interested.	بچے بہترین سکھدے نیں جدوں اوہ دلچسپی رکھدے نیں۔	Brahui (Standard)	South Asia	PARUR_01
Storytelling preserves culture and knowledge.	کہانی سناون ثقافت تے علم کوں محفوظ رکھیندے۔	Brahui (Standard)	South Asia	PARUR_07
Regular exercise helps maintain good health.	منظم ورزش چنگی صحت برقرار رکھن وچ مدد کریندی اے۔	Brahui (Standard)	South Asia	PARUR_08
Respecting elders is an important value.	بزرگاں دا احترام ہک اہم قدر اے۔	Brahui (Standard)	South Asia	PARUR_09
Pollution in cities has become a serious problem.	شہراں وچ آلودگی ہک سنجیدہ مسئلہ بن گئی اے۔	Brahui (Standard)	South Asia	PARUR_01
Traditional music is important for our heritage.	روایتی موسیقی سادی ورثے کیتے اہم اے۔	Brahui (Standard)	South Asia	PARUR_09
Small businesses create employment opportunities.	نکیاں کاروبار روزگار دے موقعے پیدا کریندے نیں۔	Brahui (Standard)	South Asia	PARUR_04
The teacher explained the lesson patiently.	استاد صبر نال سبق سمجھایا۔	Brahui (Standard)	South Asia	PARUR_02
Farmers planted rice in the flooded fields.	کسان پانی والے کھیتراں وچ چاول پوکے۔	Brahui (Standard)	South Asia	PARUR_03
Digital payments have made transactions faster.	ڈیجیٹل ادائیگیاں معاملات تیز کیتے نیں۔	Brahui (Standard)	South Asia	PARUR_05
The market was crowded with people.	بازار لوکاں نال بھریا ہویا ہا۔	Brahui (Standard)	South Asia	PARUR_07
Elderly people share wisdom and stories.	بزرگ لوک حکمت تے کہانیاں سانجھیاں کریندے نیں۔	Brahui (Standard)	South Asia	PARUR_06
The professor wrote equations on the blackboard.	پروفیسر تختے تے مساوات لکھیاں۔	Brahui (Standard)	South Asia	PARUR_04
Students gathered in the library.	طالب علم لائبریری وچ گڈے تھئے۔	Brahui (Standard)	South Asia	PARUR_01
Spices add flavor to traditional dishes.	مصالحے روایتی کھاناں وچ ذائقہ ودیندے نیں۔	Brahui (Standard)	South Asia	PARUR_08
I woke up early this morning.	من اڄ صبح جلدی اٹھیا۔	Brahui (Standard)	South Asia	PARUR_03
Online shopping has become popular.	آن لائن خریداری مقبول تھی گئی اے۔	Brahui (Standard)	South Asia	PARUR_03
Education opens doors to opportunities.	تعلیم موقعاں دے دروازے کولیندی اے۔	Brahui (Standard)	South Asia	PARUR_10
The forest is home to many wild animals.	جنگل گھنے جنگلی جانوراں دا گھر اے۔	Brahui (Standard)	South Asia	PARUR_10
Train journeys offer scenic views.	ریل دے سفر منظراں دے نظارے پیش کریندے نیں۔	Brahui (Standard)	South Asia	PARUR_06
The internet connects people across continents.	انٹرنیٹ براعظماں وچ لوکاں کوں جوڑیندے۔	Brahui (Standard)	South Asia	PARUR_06
The bus arrived late.	بس ڈیر نال پہنچی۔	Brahui (Standard)	South Asia	PARUR_03
Learning a new language requires practice.	نوی زبان سکھن کیتے مشق دی لوڑ اے۔	Brahui (Standard)	South Asia	PARUR_02
The wedding ceremony lasted three days.	شادی دی تقریب ترئے دینہہ چلی۔	Brahui (Standard)	South Asia	PARUR_06
Doctors recommend drinking plenty of water.	ڈاکٹر گھنے پانی پیون دی صلاح دیندے نیں۔	Brahui (Standard)	South Asia	PARUR_08
