en_sentence	target_sentence	variety	region	translator
Pollution in cities has become a serious problem.	په ښارونو کې ککړتیا یوه سخت ستونزه شوې ده.	Pashto (Standard)	South Asia	SACOR_08
Doctors work long hours to treat patients.	داکتران د ناروغانو درملنې لپاره اوږد ساعتونه کار کوي.	Pashto (Standard)	South Asia	SACOR_07
Parents sacrifice their own needs for children.	والدین د ماشومانو لپاره خپل اړتیاوې قربان کوي.	Pashto (Standard)	South Asia	SACOR_07
Birds were chirping in the trees.	مرغۍ په ونو کې چغېدلې.	Pashto (Standard)	South Asia	SACOR_10
Children were playing cricket in the street.	ماشومان په سړک کې کریکټ لوبېدل.	Pashto (Standard)	South Asia	SACOR_05
Tourism brings revenue to regions with historical sites.	سیاحت د تاریخي سایټونو سیمو ته عاید راولي.	Pashto (Standard)	South Asia	SACOR_08
The market was crowded with people.	بازار د خلکو سره ډک و.	Pashto (Standard)	South Asia	SACOR_01
The bus arrived late.	بس ورو ورو راغله.	Pashto (Standard)	South Asia	SACOR_04
The professor wrote equations on the blackboard.	پروفیسور په تختې کې معادلې ولیکلې.	Pashto (Standard)	South Asia	SACOR_02
Teachers shape young minds.	استادان د ځوان ذهنونو شکل ورکوي.	Pashto (Standard)	South Asia	SACOR_09
Storytelling preserves culture and knowledge.	کیسه ویل د کلتوري او پوهې ساتنه کوي.	Pashto (Standard)	South Asia	SACOR_01
Children learn best when they are interested.	ماشومان غوره زده کوي کله چې دوی علاقه لري.	Pashto (Standard)	South Asia	SACOR_06
Elderly people share wisdom and stories.	زړون خلک حکمت او کیسې شریکوي.	Pashto (Standard)	South Asia	SACOR_04
She cooked delicious biryani for the family.	هغې د کورنۍ لپاره خوندور بریاني پخ کړه.	Pashto (Standard)	South Asia	SACOR_04
The teacher explained the lesson patiently.	استاد صبر سره درس تشریح کړ.	Pashto (Standard)	South Asia	SACOR_10
I woke up early this morning.	زه نن سهار وختي پاړ شوم.	Pashto (Standard)	South Asia	SACOR_07
The school organized a science fair.	ښوونځي د ساینس نندارې تنظیم کړه.	Pashto (Standard)	South Asia	SACOR_03
Reading books improves vocabulary.	د کتابونو لوستل د لغت ښه والی کوي.	Pashto (Standard)	South Asia	SACOR_08
Spices add flavor to traditional dishes.	مسالې دودیزو خوړلو ته خوند ورکوي.	Pashto (Standard)	South Asia	SACOR_05
People celebrate festivals with great joy.	خلک د خوښۍ سره جشنونه لمانځي.	Pashto (Standard)	South Asia	SACOR_07
Cricket is a popular sport.	کریکټ یوه مشهوره لوبه ده.	Pashto (Standard)	South Asia	SACOR_07
The wedding ceremony lasted three days.	د واده مراسم درې ورځې دوام وکړ.	Pashto (Standard)	South Asia	SACOR_07
Tea is served to guests as a gesture of hospitality.	د مېلمانو د مېلمستیا د نښې په توګه چای وړاندې کیږي.	Pashto (Standard)	South Asia	SACOR_03
She walked slowly through the garden.	هغې په باغ کې ورو ورو تېره شوه.	Pashto (Standard)	South Asia	SACOR_02
Family members support each other during difficult times.	د کورنۍ غړي د ستونزمنو وختونو کې یو بل ساتنه کوي.	Pashto (Standard)	South Asia	SACOR_06
Farmers planted rice in the flooded fields.	کرهڼه کونکي د اوبو لاندې کروندو کې وريجې وکړې.	Pashto (Standard)	South Asia	SACOR_10
Eating fresh fruits provides essential vitamins.	د تازه میوو خوړل اړین ویتامینونه برابروي.	Pashto (Standard)	South Asia	SACOR_02
Traditional music is important for our heritage.	دودیز موسیقي زموږ د میراث لپاره مهمه ده.	Pashto (Standard)	South Asia	SACOR_09
Smartphones have changed how people communicate.	سمارټ فونونو د خلکو د اړیکو لاره بدله کړې ده.	Pashto (Standard)	South Asia	SACOR_04
Online shopping has become popular.	آنلاین پلورلې محبوبه شوې ده.	Pashto (Standard)	South Asia	SACOR_03
She received a scholarship to study medicine.	هغې د طب زده کړې لپاره بورسیه ترلاسه کړه.	Pashto (Standard)	South Asia	SACOR_08
Education opens doors to opportunities.	زده کړه د فرصتونو دروازې خلاصوي.	Pashto (Standard)	South Asia	SACOR_01
Handicrafts showcase artistic traditions.	دستي کارونه هنري دودونه ښکاره کوي.	Pashto (Standard)	South Asia	SACOR_01
People travel long distances to visit religious sites.	خلک د مذهبي سایټونو لیدلو لپاره اوږد فاصلې سفر کوي.	Pashto (Standard)	South Asia	SACOR_01
Learning a new language requires practice.	د نوې ژبې زده کړه تمرین ته اړتیا لري.	Pashto (Standard)	South Asia	SACOR_05
The internet connects people across continents.	انټرنیټ د براعظمونو په اوږدو کې خلک سره نښلوي.	Pashto (Standard)	South Asia	SACOR_07
Cooking together brings family members closer.	یوځای پخول د کورنۍ غړو ته نږدې راولي.	Pashto (Standard)	South Asia	SACOR_07
Regular exercise helps maintain good health.	منظم تمرین د ښه روغتیا ساتلو کې مرسته کوي.	Pashto (Standard)	South Asia	SACOR_07
Students gathered in the library.	زده کوونکي په کتابتون کې راټول شول.	Pashto (Standard)	South Asia	SACOR_02
Clear communication prevents misunderstandings.	روښانه اړیکه د ناپوهیو مخه نیسي.	Pashto (Standard)	South Asia	SACOR_05
After finishing his work, he sat down.	د خپل کار پای ته رسولو وروسته، ناست شو.	Pashto (Standard)	South Asia	SACOR_06
Small businesses create employment opportunities.	کوچني سوداګرۍ د دندو فرصتونه رامنځته کوي.	Pashto (Standard)	South Asia	SACOR_10
We decided to visit the old temple.	موږ د پخواني معبد لیدلو پریکړه وکړه.	Pashto (Standard)	South Asia	SACOR_01
Farmers wake up early to tend to crops.	کرهڼه کونکي د محصولاتو پاملرنې لپاره وختي پاړ کېږي.	Pashto (Standard)	South Asia	SACOR_02
Train journeys offer scenic views.	د اورګاډو سفرونه د مناظرو لید ورکوي.	Pashto (Standard)	South Asia	SACOR_02
My grandmother told me stories.	زما نیا ما ماته کیسې وړې.	Pashto (Standard)	South Asia	SACOR_01
Respecting elders is an important value.	د زړونو درناوی مهمه ارزښت دی.	Pashto (Standard)	South Asia	SACOR_08
The forest is home to many wild animals.	ځنګل د ډیرو وحشي حیواناتو کور دی.	Pashto (Standard)	South Asia	SACOR_10
Agriculture remains the primary source of income.	کرهڼه د عاید اصلي سرچینه پاتې ده.	Pashto (Standard)	South Asia	SACOR_08
The river flows peacefully through the valley.	سیند په دره کې په آرامۍ سره بهیږي.	Pashto (Standard)	South Asia	SACOR_08
Digital payments have made transactions faster.	ډیجیټل تادیاتو معاملات ګړندي کړي دي.	Pashto (Standard)	South Asia	SACOR_02
Doctors recommend drinking plenty of water.	داکتران د ډیرو اوبو څښل وړاندیز کوي.	Pashto (Standard)	South Asia	SACOR_05
Sports teach teamwork and discipline.	لوبې د ټیم کار او نظم زده کوي.	Pashto (Standard)	South Asia	SACOR_01
Doctors work long hours to treat patients.	داکتران د ناروغانو درملنې لپاره اوږد ساعتونه کار کوي.	Pashto (Standard)	South Asia	SACOR_01
Sports teach teamwork and discipline.	لوبې د ټیم کار او نظم زده کوي.	Pashto (Standard)	South Asia	SACOR_05
Children learn best when they are interested.	ماشومان غوره زده کوي کله چې دوی علاقه لري.	Pashto (Standard)	South Asia	SACOR_10
My grandmother told me stories.	زما نیا ما ماته کیسې وړې.	Pashto (Standard)	South Asia	SACOR_04
Elderly people share wisdom and stories.	زړون خلک حکمت او کیسې شریکوي.	Pashto (Standard)	South Asia	SACOR_09
People celebrate festivals with great joy.	خلک د خوښۍ سره جشنونه لمانځي.	Pashto (Standard)	South Asia	SACOR_09
The river flows peacefully through the valley.	سیند په دره کې په آرامۍ سره بهیږي.	Pashto (Standard)	South Asia	SACOR_02
Children were playing cricket in the street.	ماشومان په سړک کې کریکټ لوبېدل.	Pashto (Standard)	South Asia	SACOR_10
Parents sacrifice their own needs for children.	والدین د ماشومانو لپاره خپل اړتیاوې قربان کوي.	Pashto (Standard)	South Asia	SACOR_05
She received a scholarship to study medicine.	هغې د طب زده کړې لپاره بورسیه ترلاسه کړه.	Pashto (Standard)	South Asia	SACOR_10
Reading books improves vocabulary.	د کتابونو لوستل د لغت ښه والی کوي.	Pashto (Standard)	South Asia	SACOR_01
Eating fresh fruits provides essential vitamins.	د تازه میوو خوړل اړین ویتامینونه برابروي.	Pashto (Standard)	South Asia	SACOR_06
Online shopping has become popular.	آنلاین پلورلې محبوبه شوې ده.	Pashto (Standard)	South Asia	SACOR_04
Smartphones have changed how people communicate.	سمارټ فونونو د خلکو د اړیکو لاره بدله کړې ده.	Pashto (Standard)	South Asia	SACOR_02
I woke up early this morning.	زه نن سهار وختي پاړ شوم.	Pashto (Standard)	South Asia	SACOR_06
Teachers shape young minds.	استادان د ځوان ذهنونو شکل ورکوي.	Pashto (Standard)	South Asia	SACOR_03
Train journeys offer scenic views.	د اورګاډو سفرونه د مناظرو لید ورکوي.	Pashto (Standard)	South Asia	SACOR_01
The wedding ceremony lasted three days.	د واده مراسم درې ورځې دوام وکړ.	Pashto (Standard)	South Asia	SACOR_05
Digital payments have made transactions faster.	ډیجیټل تادیاتو معاملات ګړندي کړي دي.	Pashto (Standard)	South Asia	SACOR_10
Storytelling preserves culture and knowledge.	کیسه ویل د کلتوري او پوهې ساتنه کوي.	Pashto (Standard)	South Asia	SACOR_10
We decided to visit the old temple.	موږ د پخواني معبد لیدلو پریکړه وکړه.	Pashto (Standard)	South Asia	SACOR_09
Family members support each other during difficult times.	د کورنۍ غړي د ستونزمنو وختونو کې یو بل ساتنه کوي.	Pashto (Standard)	South Asia	SACOR_01
Traditional music is important for our heritage.	دودیز موسیقي زموږ د میراث لپاره مهمه ده.	Pashto (Standard)	South Asia	SACOR_10
Farmers wake up early to tend to crops.	کرهڼه کونکي د محصولاتو پاملرنې لپاره وختي پاړ کېږي.	Pashto (Standard)	South Asia	SACOR_05
The forest is home to many wild animals.	ځنګل د ډیرو وحشي حیواناتو کور دی.	Pashto (Standard)	South Asia	SACOR_10
After finishing his work, he sat down.	د خپل کار پای ته رسولو وروسته، ناست شو.	Pashto (Standard)	South Asia	SACOR_08
Handicrafts showcase artistic traditions.	دستي کارونه هنري دودونه ښکاره کوي.	Pashto (Standard)	South Asia	SACOR_07
Students gathered in the library.	زده کوونکي په کتابتون کې راټول شول.	Pashto (Standard)	South Asia	SACOR_10
Regular exercise helps maintain good health.	منظم تمرین د ښه روغتیا ساتلو کې مرسته کوي.	Pashto (Standard)	South Asia	SACOR_09
Small businesses create employment opportunities.	کوچني سوداګرۍ د دندو فرصتونه رامنځته کوي.	Pashto (Standard)	South Asia	SACOR_08
Education opens doors to opportunities.	زده کړه د فرصتونو دروازې خلاصوي.	Pashto (Standard)	South Asia	SACOR_04
The bus arrived late.	بس ورو ورو راغله.	Pashto (Standard)	South Asia	SACOR_02
She walked slowly through the garden.	هغې په باغ کې ورو ورو تېره شوه.	Pashto (Standard)	South Asia	SACOR_04
The market was crowded with people.	بازار د خلکو سره ډک و.	Pashto (Standard)	South Asia	SACOR_08
The teacher explained the lesson patiently.	استاد صبر سره درس تشریح کړ.	Pashto (Standard)	South Asia	SACOR_10
The professor wrote equations on the blackboard.	پروفیسور په تختې کې معادلې ولیکلې.	Pashto (Standard)	South Asia	SACOR_08
Birds were chirping in the trees.	مرغۍ په ونو کې چغېدلې.	Pashto (Standard)	South Asia	SACOR_02
The school organized a science fair.	ښوونځي د ساینس نندارې تنظیم کړه.	Pashto (Standard)	South Asia	SACOR_07
Respecting elders is an important value.	د زړونو درناوی مهمه ارزښت دی.	Pashto (Standard)	South Asia	SACOR_07
People travel long distances to visit religious sites.	خلک د مذهبي سایټونو لیدلو لپاره اوږد فاصلې سفر کوي.	Pashto (Standard)	South Asia	SACOR_10
She cooked delicious biryani for the family.	هغې د کورنۍ لپاره خوندور بریاني پخ کړه.	Pashto (Standard)	South Asia	SACOR_09
Clear communication prevents misunderstandings.	روښانه اړیکه د ناپوهیو مخه نیسي.	Pashto (Standard)	South Asia	SACOR_05
Pollution in cities has become a serious problem.	په ښارونو کې ککړتیا یوه سخت ستونزه شوې ده.	Pashto (Standard)	South Asia	SACOR_02
Agriculture remains the primary source of income.	کرهڼه د عاید اصلي سرچینه پاتې ده.	Pashto (Standard)	South Asia	SACOR_07
Learning a new language requires practice.	د نوې ژبې زده کړه تمرین ته اړتیا لري.	Pashto (Standard)	South Asia	SACOR_07
Cooking together brings family members closer.	یوځای پخول د کورنۍ غړو ته نږدې راولي.	Pashto (Standard)	South Asia	SACOR_02
Spices add flavor to traditional dishes.	مسالې دودیزو خوړلو ته خوند ورکوي.	Pashto (Standard)	South Asia	SACOR_03
The internet connects people across continents.	انټرنیټ د براعظمونو په اوږدو کې خلک سره نښلوي.	Pashto (Standard)	South Asia	SACOR_04
Doctors recommend drinking plenty of water.	داکتران د ډیرو اوبو څښل وړاندیز کوي.	Pashto (Standard)	South Asia	SACOR_08
Farmers planted rice in the flooded fields.	کرهڼه کونکي د اوبو لاندې کروندو کې وريجې وکړې.	Pashto (Standard)	South Asia	SACOR_05
Cricket is a popular sport.	کریکټ یوه مشهوره لوبه ده.	Pashto (Standard)	South Asia	SACOR_01
Tea is served to guests as a gesture of hospitality.	د مېلمانو د مېلمستیا د نښې په توګه چای وړاندې کیږي.	Pashto (Standard)	South Asia	SACOR_08
Tourism brings revenue to regions with historical sites.	سیاحت د تاریخي سایټونو سیمو ته عاید راولي.	Pashto (Standard)	South Asia	SACOR_08
Small businesses create employment opportunities.	کوچني سوداګرۍ د دندو فرصتونه رامنځته کوي.	Pashto (Standard)	South Asia	SACOR_10
The forest is home to many wild animals.	ځنګل د ډیرو وحشي حیواناتو کور دی.	Pashto (Standard)	South Asia	SACOR_05
The river flows peacefully through the valley.	سیند په دره کې په آرامۍ سره بهیږي.	Pashto (Standard)	South Asia	SACOR_04
The internet connects people across continents.	انټرنیټ د براعظمونو په اوږدو کې خلک سره نښلوي.	Pashto (Standard)	South Asia	SACOR_04
Education opens doors to opportunities.	زده کړه د فرصتونو دروازې خلاصوي.	Pashto (Standard)	South Asia	SACOR_03
Train journeys offer scenic views.	د اورګاډو سفرونه د مناظرو لید ورکوي.	Pashto (Standard)	South Asia	SACOR_06
Smartphones have changed how people communicate.	سمارټ فونونو د خلکو د اړیکو لاره بدله کړې ده.	Pashto (Standard)	South Asia	SACOR_07
Sports teach teamwork and discipline.	لوبې د ټیم کار او نظم زده کوي.	Pashto (Standard)	South Asia	SACOR_03
Parents sacrifice their own needs for children.	والدین د ماشومانو لپاره خپل اړتیاوې قربان کوي.	Pashto (Standard)	South Asia	SACOR_04
The teacher explained the lesson patiently.	استاد صبر سره درس تشریح کړ.	Pashto (Standard)	South Asia	SACOR_09
The market was crowded with people.	بازار د خلکو سره ډک و.	Pashto (Standard)	South Asia	SACOR_10
Agriculture remains the primary source of income.	کرهڼه د عاید اصلي سرچینه پاتې ده.	Pashto (Standard)	South Asia	SACOR_10
My grandmother told me stories.	زما نیا ما ماته کیسې وړې.	Pashto (Standard)	South Asia	SACOR_05
Spices add flavor to traditional dishes.	مسالې دودیزو خوړلو ته خوند ورکوي.	Pashto (Standard)	South Asia	SACOR_10
Online shopping has become popular.	آنلاین پلورلې محبوبه شوې ده.	Pashto (Standard)	South Asia	SACOR_10
People travel long distances to visit religious sites.	خلک د مذهبي سایټونو لیدلو لپاره اوږد فاصلې سفر کوي.	Pashto (Standard)	South Asia	SACOR_02
She walked slowly through the garden.	هغې په باغ کې ورو ورو تېره شوه.	Pashto (Standard)	South Asia	SACOR_10
She cooked delicious biryani for the family.	هغې د کورنۍ لپاره خوندور بریاني پخ کړه.	Pashto (Standard)	South Asia	SACOR_08
Birds were chirping in the trees.	مرغۍ په ونو کې چغېدلې.	Pashto (Standard)	South Asia	SACOR_01
Doctors work long hours to treat patients.	داکتران د ناروغانو درملنې لپاره اوږد ساعتونه کار کوي.	Pashto (Standard)	South Asia	SACOR_02
Handicrafts showcase artistic traditions.	دستي کارونه هنري دودونه ښکاره کوي.	Pashto (Standard)	South Asia	SACOR_05
Family members support each other during difficult times.	د کورنۍ غړي د ستونزمنو وختونو کې یو بل ساتنه کوي.	Pashto (Standard)	South Asia	SACOR_03
Tea is served to guests as a gesture of hospitality.	د مېلمانو د مېلمستیا د نښې په توګه چای وړاندې کیږي.	Pashto (Standard)	South Asia	SACOR_07
Doctors recommend drinking plenty of water.	داکتران د ډیرو اوبو څښل وړاندیز کوي.	Pashto (Standard)	South Asia	SACOR_03
The wedding ceremony lasted three days.	د واده مراسم درې ورځې دوام وکړ.	Pashto (Standard)	South Asia	SACOR_01
I woke up early this morning.	زه نن سهار وختي پاړ شوم.	Pashto (Standard)	South Asia	SACOR_04
She received a scholarship to study medicine.	هغې د طب زده کړې لپاره بورسیه ترلاسه کړه.	Pashto (Standard)	South Asia	SACOR_08
Children were playing cricket in the street.	ماشومان په سړک کې کریکټ لوبېدل.	Pashto (Standard)	South Asia	SACOR_01
Reading books improves vocabulary.	د کتابونو لوستل د لغت ښه والی کوي.	Pashto (Standard)	South Asia	SACOR_09
The bus arrived late.	بس ورو ورو راغله.	Pashto (Standard)	South Asia	SACOR_08
Children learn best when they are interested.	ماشومان غوره زده کوي کله چې دوی علاقه لري.	Pashto (Standard)	South Asia	SACOR_09
Traditional music is important for our heritage.	دودیز موسیقي زموږ د میراث لپاره مهمه ده.	Pashto (Standard)	South Asia	SACOR_03
Teachers shape young minds.	استادان د ځوان ذهنونو شکل ورکوي.	Pashto (Standard)	South Asia	SACOR_02
Respecting elders is an important value.	د زړونو درناوی مهمه ارزښت دی.	Pashto (Standard)	South Asia	SACOR_02
Learning a new language requires practice.	د نوې ژبې زده کړه تمرین ته اړتیا لري.	Pashto (Standard)	South Asia	SACOR_07
Elderly people share wisdom and stories.	زړون خلک حکمت او کیسې شریکوي.	Pashto (Standard)	South Asia	SACOR_01
Farmers planted rice in the flooded fields.	کرهڼه کونکي د اوبو لاندې کروندو کې وريجې وکړې.	Pashto (Standard)	South Asia	SACOR_03
Pollution in cities has become a serious problem.	په ښارونو کې ککړتیا یوه سخت ستونزه شوې ده.	Pashto (Standard)	South Asia	SACOR_01
Digital payments have made transactions faster.	ډیجیټل تادیاتو معاملات ګړندي کړي دي.	Pashto (Standard)	South Asia	SACOR_05
Cooking together brings family members closer.	یوځای پخول د کورنۍ غړو ته نږدې راولي.	Pashto (Standard)	South Asia	SACOR_02
Storytelling preserves culture and knowledge.	کیسه ویل د کلتوري او پوهې ساتنه کوي.	Pashto (Standard)	South Asia	SACOR_09
Students gathered in the library.	زده کوونکي په کتابتون کې راټول شول.	Pashto (Standard)	South Asia	SACOR_02
Farmers wake up early to tend to crops.	کرهڼه کونکي د محصولاتو پاملرنې لپاره وختي پاړ کېږي.	Pashto (Standard)	South Asia	SACOR_04
Eating fresh fruits provides essential vitamins.	د تازه میوو خوړل اړین ویتامینونه برابروي.	Pashto (Standard)	South Asia	SACOR_06
Clear communication prevents misunderstandings.	روښانه اړیکه د ناپوهیو مخه نیسي.	Pashto (Standard)	South Asia	SACOR_10
Regular exercise helps maintain good health.	منظم تمرین د ښه روغتیا ساتلو کې مرسته کوي.	Pashto (Standard)	South Asia	SACOR_10
The professor wrote equations on the blackboard.	پروفیسور په تختې کې معادلې ولیکلې.	Pashto (Standard)	South Asia	SACOR_09
We decided to visit the old temple.	موږ د پخواني معبد لیدلو پریکړه وکړه.	Pashto (Standard)	South Asia	SACOR_10
After finishing his work, he sat down.	د خپل کار پای ته رسولو وروسته، ناست شو.	Pashto (Standard)	South Asia	SACOR_09
Tourism brings revenue to regions with historical sites.	سیاحت د تاریخي سایټونو سیمو ته عاید راولي.	Pashto (Standard)	South Asia	SACOR_10
People celebrate festivals with great joy.	خلک د خوښۍ سره جشنونه لمانځي.	Pashto (Standard)	South Asia	SACOR_08
Cricket is a popular sport.	کریکټ یوه مشهوره لوبه ده.	Pashto (Standard)	South Asia	SACOR_03
The school organized a science fair.	ښوونځي د ساینس نندارې تنظیم کړه.	Pashto (Standard)	South Asia	SACOR_02
The internet connects people across continents.	انټرنیټ د براعظمونو په اوږدو کې خلک سره نښلوي.	Pashto (Standard)	South Asia	SACOR_02
Education opens doors to opportunities.	زده کړه د فرصتونو دروازې خلاصوي.	Pashto (Standard)	South Asia	SACOR_08
Parents sacrifice their own needs for children.	والدین د ماشومانو لپاره خپل اړتیاوې قربان کوي.	Pashto (Standard)	South Asia	SACOR_01
The market was crowded with people.	بازار د خلکو سره ډک و.	Pashto (Standard)	South Asia	SACOR_09
She received a scholarship to study medicine.	هغې د طب زده کړې لپاره بورسیه ترلاسه کړه.	Pashto (Standard)	South Asia	SACOR_09
My grandmother told me stories.	زما نیا ما ماته کیسې وړې.	Pashto (Standard)	South Asia	SACOR_10
The forest is home to many wild animals.	ځنګل د ډیرو وحشي حیواناتو کور دی.	Pashto (Standard)	South Asia	SACOR_05
Pollution in cities has become a serious problem.	په ښارونو کې ککړتیا یوه سخت ستونزه شوې ده.	Pashto (Standard)	South Asia	SACOR_09
Birds were chirping in the trees.	مرغۍ په ونو کې چغېدلې.	Pashto (Standard)	South Asia	SACOR_01
Spices add flavor to traditional dishes.	مسالې دودیزو خوړلو ته خوند ورکوي.	Pashto (Standard)	South Asia	SACOR_02
Tea is served to guests as a gesture of hospitality.	د مېلمانو د مېلمستیا د نښې په توګه چای وړاندې کیږي.	Pashto (Standard)	South Asia	SACOR_09
Respecting elders is an important value.	د زړونو درناوی مهمه ارزښت دی.	Pashto (Standard)	South Asia	SACOR_07
After finishing his work, he sat down.	د خپل کار پای ته رسولو وروسته، ناست شو.	Pashto (Standard)	South Asia	SACOR_05
People celebrate festivals with great joy.	خلک د خوښۍ سره جشنونه لمانځي.	Pashto (Standard)	South Asia	SACOR_05
Small businesses create employment opportunities.	کوچني سوداګرۍ د دندو فرصتونه رامنځته کوي.	Pashto (Standard)	South Asia	SACOR_09
Reading books improves vocabulary.	د کتابونو لوستل د لغت ښه والی کوي.	Pashto (Standard)	South Asia	SACOR_03
Handicrafts showcase artistic traditions.	دستي کارونه هنري دودونه ښکاره کوي.	Pashto (Standard)	South Asia	SACOR_03
Clear communication prevents misunderstandings.	روښانه اړیکه د ناپوهیو مخه نیسي.	Pashto (Standard)	South Asia	SACOR_02
Doctors work long hours to treat patients.	داکتران د ناروغانو درملنې لپاره اوږد ساعتونه کار کوي.	Pashto (Standard)	South Asia	SACOR_08
Train journeys offer scenic views.	د اورګاډو سفرونه د مناظرو لید ورکوي.	Pashto (Standard)	South Asia	SACOR_06
Farmers planted rice in the flooded fields.	کرهڼه کونکي د اوبو لاندې کروندو کې وريجې وکړې.	Pashto (Standard)	South Asia	SACOR_09
Learning a new language requires practice.	د نوې ژبې زده کړه تمرین ته اړتیا لري.	Pashto (Standard)	South Asia	SACOR_09
Regular exercise helps maintain good health.	منظم تمرین د ښه روغتیا ساتلو کې مرسته کوي.	Pashto (Standard)	South Asia	SACOR_04
The teacher explained the lesson patiently.	استاد صبر سره درس تشریح کړ.	Pashto (Standard)	South Asia	SACOR_10
Children learn best when they are interested.	ماشومان غوره زده کوي کله چې دوی علاقه لري.	Pashto (Standard)	South Asia	SACOR_08
Sports teach teamwork and discipline.	لوبې د ټیم کار او نظم زده کوي.	Pashto (Standard)	South Asia	SACOR_09
We decided to visit the old temple.	موږ د پخواني معبد لیدلو پریکړه وکړه.	Pashto (Standard)	South Asia	SACOR_06
The wedding ceremony lasted three days.	د واده مراسم درې ورځې دوام وکړ.	Pashto (Standard)	South Asia	SACOR_08
Cooking together brings family members closer.	یوځای پخول د کورنۍ غړو ته نږدې راولي.	Pashto (Standard)	South Asia	SACOR_01
Smartphones have changed how people communicate.	سمارټ فونونو د خلکو د اړیکو لاره بدله کړې ده.	Pashto (Standard)	South Asia	SACOR_09
Digital payments have made transactions faster.	ډیجیټل تادیاتو معاملات ګړندي کړي دي.	Pashto (Standard)	South Asia	SACOR_03
Farmers wake up early to tend to crops.	کرهڼه کونکي د محصولاتو پاملرنې لپاره وختي پاړ کېږي.	Pashto (Standard)	South Asia	SACOR_01
Teachers shape young minds.	استادان د ځوان ذهنونو شکل ورکوي.	Pashto (Standard)	South Asia	SACOR_01
Doctors recommend drinking plenty of water.	داکتران د ډیرو اوبو څښل وړاندیز کوي.	Pashto (Standard)	South Asia	SACOR_05
Storytelling preserves culture and knowledge.	کیسه ویل د کلتوري او پوهې ساتنه کوي.	Pashto (Standard)	South Asia	SACOR_09
Tourism brings revenue to regions with historical sites.	سیاحت د تاریخي سایټونو سیمو ته عاید راولي.	Pashto (Standard)	South Asia	SACOR_01
Students gathered in the library.	زده کوونکي په کتابتون کې راټول شول.	Pashto (Standard)	South Asia	SACOR_07
Elderly people share wisdom and stories.	زړون خلک حکمت او کیسې شریکوي.	Pashto (Standard)	South Asia	SACOR_08
Traditional music is important for our heritage.	دودیز موسیقي زموږ د میراث لپاره مهمه ده.	Pashto (Standard)	South Asia	SACOR_06
The river flows peacefully through the valley.	سیند په دره کې په آرامۍ سره بهیږي.	Pashto (Standard)	South Asia	SACOR_08
The school organized a science fair.	ښوونځي د ساینس نندارې تنظیم کړه.	Pashto (Standard)	South Asia	SACOR_02
Family members support each other during difficult times.	د کورنۍ غړي د ستونزمنو وختونو کې یو بل ساتنه کوي.	Pashto (Standard)	South Asia	SACOR_03
Children were playing cricket in the street.	ماشومان په سړک کې کریکټ لوبېدل.	Pashto (Standard)	South Asia	SACOR_04
She walked slowly through the garden.	هغې په باغ کې ورو ورو تېره شوه.	Pashto (Standard)	South Asia	SACOR_07
Online shopping has become popular.	آنلاین پلورلې محبوبه شوې ده.	Pashto (Standard)	South Asia	SACOR_10
People travel long distances to visit religious sites.	خلک د مذهبي سایټونو لیدلو لپاره اوږد فاصلې سفر کوي.	Pashto (Standard)	South Asia	SACOR_02
Cricket is a popular sport.	کریکټ یوه مشهوره لوبه ده.	Pashto (Standard)	South Asia	SACOR_05
She cooked delicious biryani for the family.	هغې د کورنۍ لپاره خوندور بریاني پخ کړه.	Pashto (Standard)	South Asia	SACOR_10
Eating fresh fruits provides essential vitamins.	د تازه میوو خوړل اړین ویتامینونه برابروي.	Pashto (Standard)	South Asia	SACOR_07
The bus arrived late.	بس ورو ورو راغله.	Pashto (Standard)	South Asia	SACOR_02
I woke up early this morning.	زه نن سهار وختي پاړ شوم.	Pashto (Standard)	South Asia	SACOR_02
Agriculture remains the primary source of income.	کرهڼه د عاید اصلي سرچینه پاتې ده.	Pashto (Standard)	South Asia	SACOR_03
The professor wrote equations on the blackboard.	پروفیسور په تختې کې معادلې ولیکلې.	Pashto (Standard)	South Asia	SACOR_09
Parents sacrifice their own needs for children.	والدین د ماشومانو لپاره خپل اړتیاوې قربان کوي.	Pashto (Standard)	South Asia	SACOR_08
People celebrate festivals with great joy.	خلک د خوښۍ سره جشنونه لمانځي.	Pashto (Standard)	South Asia	SACOR_10
She cooked delicious biryani for the family.	هغې د کورنۍ لپاره خوندور بریاني پخ کړه.	Pashto (Standard)	South Asia	SACOR_05
Cricket is a popular sport.	کریکټ یوه مشهوره لوبه ده.	Pashto (Standard)	South Asia	SACOR_03
Sports teach teamwork and discipline.	لوبې د ټیم کار او نظم زده کوي.	Pashto (Standard)	South Asia	SACOR_10
She walked slowly through the garden.	هغې په باغ کې ورو ورو تېره شوه.	Pashto (Standard)	South Asia	SACOR_07
Eating fresh fruits provides essential vitamins.	د تازه میوو خوړل اړین ویتامینونه برابروي.	Pashto (Standard)	South Asia	SACOR_09
Tea is served to guests as a gesture of hospitality.	د مېلمانو د مېلمستیا د نښې په توګه چای وړاندې کیږي.	Pashto (Standard)	South Asia	SACOR_09
Learning a new language requires practice.	د نوې ژبې زده کړه تمرین ته اړتیا لري.	Pashto (Standard)	South Asia	SACOR_03
Handicrafts showcase artistic traditions.	دستي کارونه هنري دودونه ښکاره کوي.	Pashto (Standard)	South Asia	SACOR_08
Spices add flavor to traditional dishes.	مسالې دودیزو خوړلو ته خوند ورکوي.	Pashto (Standard)	South Asia	SACOR_07
The school organized a science fair.	ښوونځي د ساینس نندارې تنظیم کړه.	Pashto (Standard)	South Asia	SACOR_10
The professor wrote equations on the blackboard.	پروفیسور په تختې کې معادلې ولیکلې.	Pashto (Standard)	South Asia	SACOR_08
The market was crowded with people.	بازار د خلکو سره ډک و.	Pashto (Standard)	South Asia	SACOR_01
Students gathered in the library.	زده کوونکي په کتابتون کې راټول شول.	Pashto (Standard)	South Asia	SACOR_05
People travel long distances to visit religious sites.	خلک د مذهبي سایټونو لیدلو لپاره اوږد فاصلې سفر کوي.	Pashto (Standard)	South Asia	SACOR_01
Education opens doors to opportunities.	زده کړه د فرصتونو دروازې خلاصوي.	Pashto (Standard)	South Asia	SACOR_10
Regular exercise helps maintain good health.	منظم تمرین د ښه روغتیا ساتلو کې مرسته کوي.	Pashto (Standard)	South Asia	SACOR_06
Cooking together brings family members closer.	یوځای پخول د کورنۍ غړو ته نږدې راولي.	Pashto (Standard)	South Asia	SACOR_04
Doctors work long hours to treat patients.	داکتران د ناروغانو درملنې لپاره اوږد ساعتونه کار کوي.	Pashto (Standard)	South Asia	SACOR_02
Teachers shape young minds.	استادان د ځوان ذهنونو شکل ورکوي.	Pashto (Standard)	South Asia	SACOR_05
The teacher explained the lesson patiently.	استاد صبر سره درس تشریح کړ.	Pashto (Standard)	South Asia	SACOR_02
The river flows peacefully through the valley.	سیند په دره کې په آرامۍ سره بهیږي.	Pashto (Standard)	South Asia	SACOR_10
Digital payments have made transactions faster.	ډیجیټل تادیاتو معاملات ګړندي کړي دي.	Pashto (Standard)	South Asia	SACOR_07
The wedding ceremony lasted three days.	د واده مراسم درې ورځې دوام وکړ.	Pashto (Standard)	South Asia	SACOR_02
Children learn best when they are interested.	ماشومان غوره زده کوي کله چې دوی علاقه لري.	Pashto (Standard)	South Asia	SACOR_06
Children were playing cricket in the street.	ماشومان په سړک کې کریکټ لوبېدل.	Pashto (Standard)	South Asia	SACOR_07
Clear communication prevents misunderstandings.	روښانه اړیکه د ناپوهیو مخه نیسي.	Pashto (Standard)	South Asia	SACOR_01
The forest is home to many wild animals.	ځنګل د ډیرو وحشي حیواناتو کور دی.	Pashto (Standard)	South Asia	SACOR_08
Tourism brings revenue to regions with historical sites.	سیاحت د تاریخي سایټونو سیمو ته عاید راولي.	Pashto (Standard)	South Asia	SACOR_09
Small businesses create employment opportunities.	کوچني سوداګرۍ د دندو فرصتونه رامنځته کوي.	Pashto (Standard)	South Asia	SACOR_04
Traditional music is important for our heritage.	دودیز موسیقي زموږ د میراث لپاره مهمه ده.	Pashto (Standard)	South Asia	SACOR_03
Farmers planted rice in the flooded fields.	کرهڼه کونکي د اوبو لاندې کروندو کې وريجې وکړې.	Pashto (Standard)	South Asia	SACOR_08
Respecting elders is an important value.	د زړونو درناوی مهمه ارزښت دی.	Pashto (Standard)	South Asia	SACOR_05
Reading books improves vocabulary.	د کتابونو لوستل د لغت ښه والی کوي.	Pashto (Standard)	South Asia	SACOR_09
Agriculture remains the primary source of income.	کرهڼه د عاید اصلي سرچینه پاتې ده.	Pashto (Standard)	South Asia	SACOR_09
Train journeys offer scenic views.	د اورګاډو سفرونه د مناظرو لید ورکوي.	Pashto (Standard)	South Asia	SACOR_04
Birds were chirping in the trees.	مرغۍ په ونو کې چغېدلې.	Pashto (Standard)	South Asia	SACOR_06
Storytelling preserves culture and knowledge.	کیسه ویل د کلتوري او پوهې ساتنه کوي.	Pashto (Standard)	South Asia	SACOR_07
Family members support each other during difficult times.	د کورنۍ غړي د ستونزمنو وختونو کې یو بل ساتنه کوي.	Pashto (Standard)	South Asia	SACOR_06
The bus arrived late.	بس ورو ورو راغله.	Pashto (Standard)	South Asia	SACOR_02
Smartphones have changed how people communicate.	سمارټ فونونو د خلکو د اړیکو لاره بدله کړې ده.	Pashto (Standard)	South Asia	SACOR_08
Doctors recommend drinking plenty of water.	داکتران د ډیرو اوبو څښل وړاندیز کوي.	Pashto (Standard)	South Asia	SACOR_10
Farmers wake up early to tend to crops.	کرهڼه کونکي د محصولاتو پاملرنې لپاره وختي پاړ کېږي.	Pashto (Standard)	South Asia	SACOR_07
The internet connects people across continents.	انټرنیټ د براعظمونو په اوږدو کې خلک سره نښلوي.	Pashto (Standard)	South Asia	SACOR_03
Online shopping has become popular.	آنلاین پلورلې محبوبه شوې ده.	Pashto (Standard)	South Asia	SACOR_05
After finishing his work, he sat down.	د خپل کار پای ته رسولو وروسته، ناست شو.	Pashto (Standard)	South Asia	SACOR_01
My grandmother told me stories.	زما نیا ما ماته کیسې وړې.	Pashto (Standard)	South Asia	SACOR_10
Elderly people share wisdom and stories.	زړون خلک حکمت او کیسې شریکوي.	Pashto (Standard)	South Asia	SACOR_07
We decided to visit the old temple.	موږ د پخواني معبد لیدلو پریکړه وکړه.	Pashto (Standard)	South Asia	SACOR_05
She received a scholarship to study medicine.	هغې د طب زده کړې لپاره بورسیه ترلاسه کړه.	Pashto (Standard)	South Asia	SACOR_10
Pollution in cities has become a serious problem.	په ښارونو کې ککړتیا یوه سخت ستونزه شوې ده.	Pashto (Standard)	South Asia	SACOR_07
I woke up early this morning.	زه نن سهار وختي پاړ شوم.	Pashto (Standard)	South Asia	SACOR_07
People travel long distances to visit religious sites.	خلک د مذهبي سایټونو لیدلو لپاره اوږد فاصلې سفر کوي.	Pashto (Standard)	South Asia	SACOR_09
Teachers shape young minds.	استادان د ځوان ذهنونو شکل ورکوي.	Pashto (Standard)	South Asia	SACOR_04
Smartphones have changed how people communicate.	سمارټ فونونو د خلکو د اړیکو لاره بدله کړې ده.	Pashto (Standard)	South Asia	SACOR_05
Respecting elders is an important value.	د زړونو درناوی مهمه ارزښت دی.	Pashto (Standard)	South Asia	SACOR_10
The school organized a science fair.	ښوونځي د ساینس نندارې تنظیم کړه.	Pashto (Standard)	South Asia	SACOR_07
Regular exercise helps maintain good health.	منظم تمرین د ښه روغتیا ساتلو کې مرسته کوي.	Pashto (Standard)	South Asia	SACOR_01
Birds were chirping in the trees.	مرغۍ په ونو کې چغېدلې.	Pashto (Standard)	South Asia	SACOR_05
Cricket is a popular sport.	کریکټ یوه مشهوره لوبه ده.	Pashto (Standard)	South Asia	SACOR_08
Online shopping has become popular.	آنلاین پلورلې محبوبه شوې ده.	Pashto (Standard)	South Asia	SACOR_09
Reading books improves vocabulary.	د کتابونو لوستل د لغت ښه والی کوي.	Pashto (Standard)	South Asia	SACOR_05
My grandmother told me stories.	زما نیا ما ماته کیسې وړې.	Pashto (Standard)	South Asia	SACOR_03
Tea is served to guests as a gesture of hospitality.	د مېلمانو د مېلمستیا د نښې په توګه چای وړاندې کیږي.	Pashto (Standard)	South Asia	SACOR_02
The market was crowded with people.	بازار د خلکو سره ډک و.	Pashto (Standard)	South Asia	SACOR_08
After finishing his work, he sat down.	د خپل کار پای ته رسولو وروسته، ناست شو.	Pashto (Standard)	South Asia	SACOR_01
Family members support each other during difficult times.	د کورنۍ غړي د ستونزمنو وختونو کې یو بل ساتنه کوي.	Pashto (Standard)	South Asia	SACOR_03
Doctors work long hours to treat patients.	داکتران د ناروغانو درملنې لپاره اوږد ساعتونه کار کوي.	Pashto (Standard)	South Asia	SACOR_09
The forest is home to many wild animals.	ځنګل د ډیرو وحشي حیواناتو کور دی.	Pashto (Standard)	South Asia	SACOR_06
Pollution in cities has become a serious problem.	په ښارونو کې ککړتیا یوه سخت ستونزه شوې ده.	Pashto (Standard)	South Asia	SACOR_02
She received a scholarship to study medicine.	هغې د طب زده کړې لپاره بورسیه ترلاسه کړه.	Pashto (Standard)	South Asia	SACOR_07
The internet connects people across continents.	انټرنیټ د براعظمونو په اوږدو کې خلک سره نښلوي.	Pashto (Standard)	South Asia	SACOR_03
Elderly people share wisdom and stories.	زړون خلک حکمت او کیسې شریکوي.	Pashto (Standard)	South Asia	SACOR_03
Train journeys offer scenic views.	د اورګاډو سفرونه د مناظرو لید ورکوي.	Pashto (Standard)	South Asia	SACOR_06
The teacher explained the lesson patiently.	استاد صبر سره درس تشریح کړ.	Pashto (Standard)	South Asia	SACOR_10
Small businesses create employment opportunities.	کوچني سوداګرۍ د دندو فرصتونه رامنځته کوي.	Pashto (Standard)	South Asia	SACOR_04
The wedding ceremony lasted three days.	د واده مراسم درې ورځې دوام وکړ.	Pashto (Standard)	South Asia	SACOR_07
Digital payments have made transactions faster.	ډیجیټل تادیاتو معاملات ګړندي کړي دي.	Pashto (Standard)	South Asia	SACOR_05
The river flows peacefully through the valley.	سیند په دره کې په آرامۍ سره بهیږي.	Pashto (Standard)	South Asia	SACOR_09
Doctors recommend drinking plenty of water.	داکتران د ډیرو اوبو څښل وړاندیز کوي.	Pashto (Standard)	South Asia	SACOR_09
Students gathered in the library.	زده کوونکي په کتابتون کې راټول شول.	Pashto (Standard)	South Asia	SACOR_03
Farmers wake up early to tend to crops.	کرهڼه کونکي د محصولاتو پاملرنې لپاره وختي پاړ کېږي.	Pashto (Standard)	South Asia	SACOR_01
We decided to visit the old temple.	موږ د پخواني معبد لیدلو پریکړه وکړه.	Pashto (Standard)	South Asia	SACOR_09
Children learn best when they are interested.	ماشومان غوره زده کوي کله چې دوی علاقه لري.	Pashto (Standard)	South Asia	SACOR_10
Parents sacrifice their own needs for children.	والدین د ماشومانو لپاره خپل اړتیاوې قربان کوي.	Pashto (Standard)	South Asia	SACOR_04
Spices add flavor to traditional dishes.	مسالې دودیزو خوړلو ته خوند ورکوي.	Pashto (Standard)	South Asia	SACOR_05
I woke up early this morning.	زه نن سهار وختي پاړ شوم.	Pashto (Standard)	South Asia	SACOR_09
The professor wrote equations on the blackboard.	پروفیسور په تختې کې معادلې ولیکلې.	Pashto (Standard)	South Asia	SACOR_07
Learning a new language requires practice.	د نوې ژبې زده کړه تمرین ته اړتیا لري.	Pashto (Standard)	South Asia	SACOR_09
Children were playing cricket in the street.	ماشومان په سړک کې کریکټ لوبېدل.	Pashto (Standard)	South Asia	SACOR_09
People celebrate festivals with great joy.	خلک د خوښۍ سره جشنونه لمانځي.	Pashto (Standard)	South Asia	SACOR_04
She walked slowly through the garden.	هغې په باغ کې ورو ورو تېره شوه.	Pashto (Standard)	South Asia	SACOR_10
Clear communication prevents misunderstandings.	روښانه اړیکه د ناپوهیو مخه نیسي.	Pashto (Standard)	South Asia	SACOR_01
She cooked delicious biryani for the family.	هغې د کورنۍ لپاره خوندور بریاني پخ کړه.	Pashto (Standard)	South Asia	SACOR_07
Storytelling preserves culture and knowledge.	کیسه ویل د کلتوري او پوهې ساتنه کوي.	Pashto (Standard)	South Asia	SACOR_03
Traditional music is important for our heritage.	دودیز موسیقي زموږ د میراث لپاره مهمه ده.	Pashto (Standard)	South Asia	SACOR_05
Handicrafts showcase artistic traditions.	دستي کارونه هنري دودونه ښکاره کوي.	Pashto (Standard)	South Asia	SACOR_07
Farmers planted rice in the flooded fields.	کرهڼه کونکي د اوبو لاندې کروندو کې وريجې وکړې.	Pashto (Standard)	South Asia	SACOR_08
The bus arrived late.	بس ورو ورو راغله.	Pashto (Standard)	South Asia	SACOR_03
Education opens doors to opportunities.	زده کړه د فرصتونو دروازې خلاصوي.	Pashto (Standard)	South Asia	SACOR_09
Agriculture remains the primary source of income.	کرهڼه د عاید اصلي سرچینه پاتې ده.	Pashto (Standard)	South Asia	SACOR_08
Sports teach teamwork and discipline.	لوبې د ټیم کار او نظم زده کوي.	Pashto (Standard)	South Asia	SACOR_10
Eating fresh fruits provides essential vitamins.	د تازه میوو خوړل اړین ویتامینونه برابروي.	Pashto (Standard)	South Asia	SACOR_10
Tourism brings revenue to regions with historical sites.	سیاحت د تاریخي سایټونو سیمو ته عاید راولي.	Pashto (Standard)	South Asia	SACOR_02
Cooking together brings family members closer.	یوځای پخول د کورنۍ غړو ته نږدې راولي.	Pashto (Standard)	South Asia	SACOR_07
Tea is served to guests as a gesture of hospitality.	د مېلمانو د مېلمستیا د نښې په توګه چای وړاندې کیږي.	Pashto (Standard)	South Asia	SACOR_01
Birds were chirping in the trees.	مرغۍ په ونو کې چغېدلې.	Pashto (Standard)	South Asia	SACOR_10
Students gathered in the library.	زده کوونکي په کتابتون کې راټول شول.	Pashto (Standard)	South Asia	SACOR_02
Elderly people share wisdom and stories.	زړون خلک حکمت او کیسې شریکوي.	Pashto (Standard)	South Asia	SACOR_02
Sports teach teamwork and discipline.	لوبې د ټیم کار او نظم زده کوي.	Pashto (Standard)	South Asia	SACOR_05
Children learn best when they are interested.	ماشومان غوره زده کوي کله چې دوی علاقه لري.	Pashto (Standard)	South Asia	SACOR_02
Agriculture remains the primary source of income.	کرهڼه د عاید اصلي سرچینه پاتې ده.	Pashto (Standard)	South Asia	SACOR_04
Children were playing cricket in the street.	ماشومان په سړک کې کریکټ لوبېدل.	Pashto (Standard)	South Asia	SACOR_02
People celebrate festivals with great joy.	خلک د خوښۍ سره جشنونه لمانځي.	Pashto (Standard)	South Asia	SACOR_10
Digital payments have made transactions faster.	ډیجیټل تادیاتو معاملات ګړندي کړي دي.	Pashto (Standard)	South Asia	SACOR_04
Teachers shape young minds.	استادان د ځوان ذهنونو شکل ورکوي.	Pashto (Standard)	South Asia	SACOR_06
People travel long distances to visit religious sites.	خلک د مذهبي سایټونو لیدلو لپاره اوږد فاصلې سفر کوي.	Pashto (Standard)	South Asia	SACOR_10
Regular exercise helps maintain good health.	منظم تمرین د ښه روغتیا ساتلو کې مرسته کوي.	Pashto (Standard)	South Asia	SACOR_03
Smartphones have changed how people communicate.	سمارټ فونونو د خلکو د اړیکو لاره بدله کړې ده.	Pashto (Standard)	South Asia	SACOR_04
Online shopping has become popular.	آنلاین پلورلې محبوبه شوې ده.	Pashto (Standard)	South Asia	SACOR_07
Farmers planted rice in the flooded fields.	کرهڼه کونکي د اوبو لاندې کروندو کې وريجې وکړې.	Pashto (Standard)	South Asia	SACOR_02
The professor wrote equations on the blackboard.	پروفیسور په تختې کې معادلې ولیکلې.	Pashto (Standard)	South Asia	SACOR_04
Cricket is a popular sport.	کریکټ یوه مشهوره لوبه ده.	Pashto (Standard)	South Asia	SACOR_04
I woke up early this morning.	زه نن سهار وختي پاړ شوم.	Pashto (Standard)	South Asia	SACOR_08
Respecting elders is an important value.	د زړونو درناوی مهمه ارزښت دی.	Pashto (Standard)	South Asia	SACOR_07
Train journeys offer scenic views.	د اورګاډو سفرونه د مناظرو لید ورکوي.	Pashto (Standard)	South Asia	SACOR_01
Family members support each other during difficult times.	د کورنۍ غړي د ستونزمنو وختونو کې یو بل ساتنه کوي.	Pashto (Standard)	South Asia	SACOR_06
The wedding ceremony lasted three days.	د واده مراسم درې ورځې دوام وکړ.	Pashto (Standard)	South Asia	SACOR_03
Learning a new language requires practice.	د نوې ژبې زده کړه تمرین ته اړتیا لري.	Pashto (Standard)	South Asia	SACOR_04
We decided to visit the old temple.	موږ د پخواني معبد لیدلو پریکړه وکړه.	Pashto (Standard)	South Asia	SACOR_01
Doctors work long hours to treat patients.	داکتران د ناروغانو درملنې لپاره اوږد ساعتونه کار کوي.	Pashto (Standard)	South Asia	SACOR_05
She walked slowly through the garden.	هغې په باغ کې ورو ورو تېره شوه.	Pashto (Standard)	South Asia	SACOR_06
Education opens doors to opportunities.	زده کړه د فرصتونو دروازې خلاصوي.	Pashto (Standard)	South Asia	SACOR_09
The school organized a science fair.	ښوونځي د ساینس نندارې تنظیم کړه.	Pashto (Standard)	South Asia	SACOR_09
Tourism brings revenue to regions with historical sites.	سیاحت د تاریخي سایټونو سیمو ته عاید راولي.	Pashto (Standard)	South Asia	SACOR_02
She cooked delicious biryani for the family.	هغې د کورنۍ لپاره خوندور بریاني پخ کړه.	Pashto (Standard)	South Asia	SACOR_07
Pollution in cities has become a serious problem.	په ښارونو کې ککړتیا یوه سخت ستونزه شوې ده.	Pashto (Standard)	South Asia	SACOR_06
Parents sacrifice their own needs for children.	والدین د ماشومانو لپاره خپل اړتیاوې قربان کوي.	Pashto (Standard)	South Asia	SACOR_01
The river flows peacefully through the valley.	سیند په دره کې په آرامۍ سره بهیږي.	Pashto (Standard)	South Asia	SACOR_03
Small businesses create employment opportunities.	کوچني سوداګرۍ د دندو فرصتونه رامنځته کوي.	Pashto (Standard)	South Asia	SACOR_06
After finishing his work, he sat down.	د خپل کار پای ته رسولو وروسته، ناست شو.	Pashto (Standard)	South Asia	SACOR_05
The internet connects people across continents.	انټرنیټ د براعظمونو په اوږدو کې خلک سره نښلوي.	Pashto (Standard)	South Asia	SACOR_05
She received a scholarship to study medicine.	هغې د طب زده کړې لپاره بورسیه ترلاسه کړه.	Pashto (Standard)	South Asia	SACOR_08
Clear communication prevents misunderstandings.	روښانه اړیکه د ناپوهیو مخه نیسي.	Pashto (Standard)	South Asia	SACOR_03
The bus arrived late.	بس ورو ورو راغله.	Pashto (Standard)	South Asia	SACOR_05
Doctors recommend drinking plenty of water.	داکتران د ډیرو اوبو څښل وړاندیز کوي.	Pashto (Standard)	South Asia	SACOR_02
The market was crowded with people.	بازار د خلکو سره ډک و.	Pashto (Standard)	South Asia	SACOR_10
Spices add flavor to traditional dishes.	مسالې دودیزو خوړلو ته خوند ورکوي.	Pashto (Standard)	South Asia	SACOR_02
Handicrafts showcase artistic traditions.	دستي کارونه هنري دودونه ښکاره کوي.	Pashto (Standard)	South Asia	SACOR_07
Traditional music is important for our heritage.	دودیز موسیقي زموږ د میراث لپاره مهمه ده.	Pashto (Standard)	South Asia	SACOR_06
My grandmother told me stories.	زما نیا ما ماته کیسې وړې.	Pashto (Standard)	South Asia	SACOR_01
Reading books improves vocabulary.	د کتابونو لوستل د لغت ښه والی کوي.	Pashto (Standard)	South Asia	SACOR_04
Eating fresh fruits provides essential vitamins.	د تازه میوو خوړل اړین ویتامینونه برابروي.	Pashto (Standard)	South Asia	SACOR_05
Farmers wake up early to tend to crops.	کرهڼه کونکي د محصولاتو پاملرنې لپاره وختي پاړ کېږي.	Pashto (Standard)	South Asia	SACOR_05
The forest is home to many wild animals.	ځنګل د ډیرو وحشي حیواناتو کور دی.	Pashto (Standard)	South Asia	SACOR_01
Storytelling preserves culture and knowledge.	کیسه ویل د کلتوري او پوهې ساتنه کوي.	Pashto (Standard)	South Asia	SACOR_10
The teacher explained the lesson patiently.	استاد صبر سره درس تشریح کړ.	Pashto (Standard)	South Asia	SACOR_07
Cooking together brings family members closer.	یوځای پخول د کورنۍ غړو ته نږدې راولي.	Pashto (Standard)	South Asia	SACOR_07
Reading books improves vocabulary.	د کتابونو لوستل د لغت ښه والی کوي.	Pashto (Standard)	South Asia	SACOR_02
The professor wrote equations on the blackboard.	پروفیسور په تختې کې معادلې ولیکلې.	Pashto (Standard)	South Asia	SACOR_08
Cooking together brings family members closer.	یوځای پخول د کورنۍ غړو ته نږدې راولي.	Pashto (Standard)	South Asia	SACOR_08
Agriculture remains the primary source of income.	کرهڼه د عاید اصلي سرچینه پاتې ده.	Pashto (Standard)	South Asia	SACOR_02
We decided to visit the old temple.	موږ د پخواني معبد لیدلو پریکړه وکړه.	Pashto (Standard)	South Asia	SACOR_09
Regular exercise helps maintain good health.	منظم تمرین د ښه روغتیا ساتلو کې مرسته کوي.	Pashto (Standard)	South Asia	SACOR_03
Children learn best when they are interested.	ماشومان غوره زده کوي کله چې دوی علاقه لري.	Pashto (Standard)	South Asia	SACOR_05
Family members support each other during difficult times.	د کورنۍ غړي د ستونزمنو وختونو کې یو بل ساتنه کوي.	Pashto (Standard)	South Asia	SACOR_10
Clear communication prevents misunderstandings.	روښانه اړیکه د ناپوهیو مخه نیسي.	Pashto (Standard)	South Asia	SACOR_09
Spices add flavor to traditional dishes.	مسالې دودیزو خوړلو ته خوند ورکوي.	Pashto (Standard)	South Asia	SACOR_10
Digital payments have made transactions faster.	ډیجیټل تادیاتو معاملات ګړندي کړي دي.	Pashto (Standard)	South Asia	SACOR_09
Storytelling preserves culture and knowledge.	کیسه ویل د کلتوري او پوهې ساتنه کوي.	Pashto (Standard)	South Asia	SACOR_01
Teachers shape young minds.	استادان د ځوان ذهنونو شکل ورکوي.	Pashto (Standard)	South Asia	SACOR_09
After finishing his work, he sat down.	د خپل کار پای ته رسولو وروسته، ناست شو.	Pashto (Standard)	South Asia	SACOR_09
Tourism brings revenue to regions with historical sites.	سیاحت د تاریخي سایټونو سیمو ته عاید راولي.	Pashto (Standard)	South Asia	SACOR_01
Small businesses create employment opportunities.	کوچني سوداګرۍ د دندو فرصتونه رامنځته کوي.	Pashto (Standard)	South Asia	SACOR_07
The school organized a science fair.	ښوونځي د ساینس نندارې تنظیم کړه.	Pashto (Standard)	South Asia	SACOR_08
The market was crowded with people.	بازار د خلکو سره ډک و.	Pashto (Standard)	South Asia	SACOR_09
People travel long distances to visit religious sites.	خلک د مذهبي سایټونو لیدلو لپاره اوږد فاصلې سفر کوي.	Pashto (Standard)	South Asia	SACOR_03
Birds were chirping in the trees.	مرغۍ په ونو کې چغېدلې.	Pashto (Standard)	South Asia	SACOR_02
The teacher explained the lesson patiently.	استاد صبر سره درس تشریح کړ.	Pashto (Standard)	South Asia	SACOR_05
Smartphones have changed how people communicate.	سمارټ فونونو د خلکو د اړیکو لاره بدله کړې ده.	Pashto (Standard)	South Asia	SACOR_02
The forest is home to many wild animals.	ځنګل د ډیرو وحشي حیواناتو کور دی.	Pashto (Standard)	South Asia	SACOR_08
Cricket is a popular sport.	کریکټ یوه مشهوره لوبه ده.	Pashto (Standard)	South Asia	SACOR_05
Pollution in cities has become a serious problem.	په ښارونو کې ککړتیا یوه سخت ستونزه شوې ده.	Pashto (Standard)	South Asia	SACOR_07
The bus arrived late.	بس ورو ورو راغله.	Pashto (Standard)	South Asia	SACOR_09
She walked slowly through the garden.	هغې په باغ کې ورو ورو تېره شوه.	Pashto (Standard)	South Asia	SACOR_02
I woke up early this morning.	زه نن سهار وختي پاړ شوم.	Pashto (Standard)	South Asia	SACOR_04
Doctors work long hours to treat patients.	داکتران د ناروغانو درملنې لپاره اوږد ساعتونه کار کوي.	Pashto (Standard)	South Asia	SACOR_06
Traditional music is important for our heritage.	دودیز موسیقي زموږ د میراث لپاره مهمه ده.	Pashto (Standard)	South Asia	SACOR_10
My grandmother told me stories.	زما نیا ما ماته کیسې وړې.	Pashto (Standard)	South Asia	SACOR_03
Farmers planted rice in the flooded fields.	کرهڼه کونکي د اوبو لاندې کروندو کې وريجې وکړې.	Pashto (Standard)	South Asia	SACOR_07
The internet connects people across continents.	انټرنیټ د براعظمونو په اوږدو کې خلک سره نښلوي.	Pashto (Standard)	South Asia	SACOR_07
Online shopping has become popular.	آنلاین پلورلې محبوبه شوې ده.	Pashto (Standard)	South Asia	SACOR_05
Elderly people share wisdom and stories.	زړون خلک حکمت او کیسې شریکوي.	Pashto (Standard)	South Asia	SACOR_09
Eating fresh fruits provides essential vitamins.	د تازه میوو خوړل اړین ویتامینونه برابروي.	Pashto (Standard)	South Asia	SACOR_07
People celebrate festivals with great joy.	خلک د خوښۍ سره جشنونه لمانځي.	Pashto (Standard)	South Asia	SACOR_10
The river flows peacefully through the valley.	سیند په دره کې په آرامۍ سره بهیږي.	Pashto (Standard)	South Asia	SACOR_09
The wedding ceremony lasted three days.	د واده مراسم درې ورځې دوام وکړ.	Pashto (Standard)	South Asia	SACOR_10
Children were playing cricket in the street.	ماشومان په سړک کې کریکټ لوبېدل.	Pashto (Standard)	South Asia	SACOR_04
Education opens doors to opportunities.	زده کړه د فرصتونو دروازې خلاصوي.	Pashto (Standard)	South Asia	SACOR_10
Learning a new language requires practice.	د نوې ژبې زده کړه تمرین ته اړتیا لري.	Pashto (Standard)	South Asia	SACOR_07
Handicrafts showcase artistic traditions.	دستي کارونه هنري دودونه ښکاره کوي.	Pashto (Standard)	South Asia	SACOR_10
Farmers wake up early to tend to crops.	کرهڼه کونکي د محصولاتو پاملرنې لپاره وختي پاړ کېږي.	Pashto (Standard)	South Asia	SACOR_09
Doctors recommend drinking plenty of water.	داکتران د ډیرو اوبو څښل وړاندیز کوي.	Pashto (Standard)	South Asia	SACOR_08
She cooked delicious biryani for the family.	هغې د کورنۍ لپاره خوندور بریاني پخ کړه.	Pashto (Standard)	South Asia	SACOR_05
Train journeys offer scenic views.	د اورګاډو سفرونه د مناظرو لید ورکوي.	Pashto (Standard)	South Asia	SACOR_09
She received a scholarship to study medicine.	هغې د طب زده کړې لپاره بورسیه ترلاسه کړه.	Pashto (Standard)	South Asia	SACOR_07
Parents sacrifice their own needs for children.	والدین د ماشومانو لپاره خپل اړتیاوې قربان کوي.	Pashto (Standard)	South Asia	SACOR_10
Sports teach teamwork and discipline.	لوبې د ټیم کار او نظم زده کوي.	Pashto (Standard)	South Asia	SACOR_05
Respecting elders is an important value.	د زړونو درناوی مهمه ارزښت دی.	Pashto (Standard)	South Asia	SACOR_02
Students gathered in the library.	زده کوونکي په کتابتون کې راټول شول.	Pashto (Standard)	South Asia	SACOR_06
Tea is served to guests as a gesture of hospitality.	د مېلمانو د مېلمستیا د نښې په توګه چای وړاندې کیږي.	Pashto (Standard)	South Asia	SACOR_06
Handicrafts showcase artistic traditions.	دستي کارونه هنري دودونه ښکاره کوي.	Pashto (Standard)	South Asia	SACOR_10
The professor wrote equations on the blackboard.	پروفیسور په تختې کې معادلې ولیکلې.	Pashto (Standard)	South Asia	SACOR_05
Train journeys offer scenic views.	د اورګاډو سفرونه د مناظرو لید ورکوي.	Pashto (Standard)	South Asia	SACOR_06
We decided to visit the old temple.	موږ د پخواني معبد لیدلو پریکړه وکړه.	Pashto (Standard)	South Asia	SACOR_01
Family members support each other during difficult times.	د کورنۍ غړي د ستونزمنو وختونو کې یو بل ساتنه کوي.	Pashto (Standard)	South Asia	SACOR_02
Children learn best when they are interested.	ماشومان غوره زده کوي کله چې دوی علاقه لري.	Pashto (Standard)	South Asia	SACOR_02
Pollution in cities has become a serious problem.	په ښارونو کې ککړتیا یوه سخت ستونزه شوې ده.	Pashto (Standard)	South Asia	SACOR_10
Regular exercise helps maintain good health.	منظم تمرین د ښه روغتیا ساتلو کې مرسته کوي.	Pashto (Standard)	South Asia	SACOR_03
Reading books improves vocabulary.	د کتابونو لوستل د لغت ښه والی کوي.	Pashto (Standard)	South Asia	SACOR_10
Parents sacrifice their own needs for children.	والدین د ماشومانو لپاره خپل اړتیاوې قربان کوي.	Pashto (Standard)	South Asia	SACOR_03
Cooking together brings family members closer.	یوځای پخول د کورنۍ غړو ته نږدې راولي.	Pashto (Standard)	South Asia	SACOR_01
Doctors recommend drinking plenty of water.	داکتران د ډیرو اوبو څښل وړاندیز کوي.	Pashto (Standard)	South Asia	SACOR_08
Farmers wake up early to tend to crops.	کرهڼه کونکي د محصولاتو پاملرنې لپاره وختي پاړ کېږي.	Pashto (Standard)	South Asia	SACOR_06
People celebrate festivals with great joy.	خلک د خوښۍ سره جشنونه لمانځي.	Pashto (Standard)	South Asia	SACOR_04
Sports teach teamwork and discipline.	لوبې د ټیم کار او نظم زده کوي.	Pashto (Standard)	South Asia	SACOR_07
The river flows peacefully through the valley.	سیند په دره کې په آرامۍ سره بهیږي.	Pashto (Standard)	South Asia	SACOR_01
Learning a new language requires practice.	د نوې ژبې زده کړه تمرین ته اړتیا لري.	Pashto (Standard)	South Asia	SACOR_06
The market was crowded with people.	بازار د خلکو سره ډک و.	Pashto (Standard)	South Asia	SACOR_02
Clear communication prevents misunderstandings.	روښانه اړیکه د ناپوهیو مخه نیسي.	Pashto (Standard)	South Asia	SACOR_02
Students gathered in the library.	زده کوونکي په کتابتون کې راټول شول.	Pashto (Standard)	South Asia	SACOR_08
She walked slowly through the garden.	هغې په باغ کې ورو ورو تېره شوه.	Pashto (Standard)	South Asia	SACOR_02
My grandmother told me stories.	زما نیا ما ماته کیسې وړې.	Pashto (Standard)	South Asia	SACOR_07
The internet connects people across continents.	انټرنیټ د براعظمونو په اوږدو کې خلک سره نښلوي.	Pashto (Standard)	South Asia	SACOR_01
Small businesses create employment opportunities.	کوچني سوداګرۍ د دندو فرصتونه رامنځته کوي.	Pashto (Standard)	South Asia	SACOR_04
Traditional music is important for our heritage.	دودیز موسیقي زموږ د میراث لپاره مهمه ده.	Pashto (Standard)	South Asia	SACOR_10
Respecting elders is an important value.	د زړونو درناوی مهمه ارزښت دی.	Pashto (Standard)	South Asia	SACOR_09
Children were playing cricket in the street.	ماشومان په سړک کې کریکټ لوبېدل.	Pashto (Standard)	South Asia	SACOR_09
Elderly people share wisdom and stories.	زړون خلک حکمت او کیسې شریکوي.	Pashto (Standard)	South Asia	SACOR_07
Spices add flavor to traditional dishes.	مسالې دودیزو خوړلو ته خوند ورکوي.	Pashto (Standard)	South Asia	SACOR_04
Digital payments have made transactions faster.	ډیجیټل تادیاتو معاملات ګړندي کړي دي.	Pashto (Standard)	South Asia	SACOR_07
The forest is home to many wild animals.	ځنګل د ډیرو وحشي حیواناتو کور دی.	Pashto (Standard)	South Asia	SACOR_06
She received a scholarship to study medicine.	هغې د طب زده کړې لپاره بورسیه ترلاسه کړه.	Pashto (Standard)	South Asia	SACOR_04
Online shopping has become popular.	آنلاین پلورلې محبوبه شوې ده.	Pashto (Standard)	South Asia	SACOR_07
The teacher explained the lesson patiently.	استاد صبر سره درس تشریح کړ.	Pashto (Standard)	South Asia	SACOR_03
Agriculture remains the primary source of income.	کرهڼه د عاید اصلي سرچینه پاتې ده.	Pashto (Standard)	South Asia	SACOR_02
Birds were chirping in the trees.	مرغۍ په ونو کې چغېدلې.	Pashto (Standard)	South Asia	SACOR_09
Eating fresh fruits provides essential vitamins.	د تازه میوو خوړل اړین ویتامینونه برابروي.	Pashto (Standard)	South Asia	SACOR_10
Cricket is a popular sport.	کریکټ یوه مشهوره لوبه ده.	Pashto (Standard)	South Asia	SACOR_05
I woke up early this morning.	زه نن سهار وختي پاړ شوم.	Pashto (Standard)	South Asia	SACOR_06
Farmers planted rice in the flooded fields.	کرهڼه کونکي د اوبو لاندې کروندو کې وريجې وکړې.	Pashto (Standard)	South Asia	SACOR_06
Storytelling preserves culture and knowledge.	کیسه ویل د کلتوري او پوهې ساتنه کوي.	Pashto (Standard)	South Asia	SACOR_10
People travel long distances to visit religious sites.	خلک د مذهبي سایټونو لیدلو لپاره اوږد فاصلې سفر کوي.	Pashto (Standard)	South Asia	SACOR_01
Smartphones have changed how people communicate.	سمارټ فونونو د خلکو د اړیکو لاره بدله کړې ده.	Pashto (Standard)	South Asia	SACOR_07
The school organized a science fair.	ښوونځي د ساینس نندارې تنظیم کړه.	Pashto (Standard)	South Asia	SACOR_08
She cooked delicious biryani for the family.	هغې د کورنۍ لپاره خوندور بریاني پخ کړه.	Pashto (Standard)	South Asia	SACOR_01
Tea is served to guests as a gesture of hospitality.	د مېلمانو د مېلمستیا د نښې په توګه چای وړاندې کیږي.	Pashto (Standard)	South Asia	SACOR_01
Tourism brings revenue to regions with historical sites.	سیاحت د تاریخي سایټونو سیمو ته عاید راولي.	Pashto (Standard)	South Asia	SACOR_01
Teachers shape young minds.	استادان د ځوان ذهنونو شکل ورکوي.	Pashto (Standard)	South Asia	SACOR_10
Doctors work long hours to treat patients.	داکتران د ناروغانو درملنې لپاره اوږد ساعتونه کار کوي.	Pashto (Standard)	South Asia	SACOR_10
After finishing his work, he sat down.	د خپل کار پای ته رسولو وروسته، ناست شو.	Pashto (Standard)	South Asia	SACOR_05
The wedding ceremony lasted three days.	د واده مراسم درې ورځې دوام وکړ.	Pashto (Standard)	South Asia	SACOR_03
The bus arrived late.	بس ورو ورو راغله.	Pashto (Standard)	South Asia	SACOR_05
Education opens doors to opportunities.	زده کړه د فرصتونو دروازې خلاصوي.	Pashto (Standard)	South Asia	SACOR_09
My grandmother told me stories.	زما نیا ما ماته کیسې وړې.	Pashto (Standard)	South Asia	SACOR_10
She received a scholarship to study medicine.	هغې د طب زده کړې لپاره بورسیه ترلاسه کړه.	Pashto (Standard)	South Asia	SACOR_05
Doctors recommend drinking plenty of water.	داکتران د ډیرو اوبو څښل وړاندیز کوي.	Pashto (Standard)	South Asia	SACOR_03
Small businesses create employment opportunities.	کوچني سوداګرۍ د دندو فرصتونه رامنځته کوي.	Pashto (Standard)	South Asia	SACOR_01
She walked slowly through the garden.	هغې په باغ کې ورو ورو تېره شوه.	Pashto (Standard)	South Asia	SACOR_05
Farmers wake up early to tend to crops.	کرهڼه کونکي د محصولاتو پاملرنې لپاره وختي پاړ کېږي.	Pashto (Standard)	South Asia	SACOR_07
Parents sacrifice their own needs for children.	والدین د ماشومانو لپاره خپل اړتیاوې قربان کوي.	Pashto (Standard)	South Asia	SACOR_07
Traditional music is important for our heritage.	دودیز موسیقي زموږ د میراث لپاره مهمه ده.	Pashto (Standard)	South Asia	SACOR_05
The professor wrote equations on the blackboard.	پروفیسور په تختې کې معادلې ولیکلې.	Pashto (Standard)	South Asia	SACOR_09
People celebrate festivals with great joy.	خلک د خوښۍ سره جشنونه لمانځي.	Pashto (Standard)	South Asia	SACOR_10
Students gathered in the library.	زده کوونکي په کتابتون کې راټول شول.	Pashto (Standard)	South Asia	SACOR_07
The wedding ceremony lasted three days.	د واده مراسم درې ورځې دوام وکړ.	Pashto (Standard)	South Asia	SACOR_07
The market was crowded with people.	بازار د خلکو سره ډک و.	Pashto (Standard)	South Asia	SACOR_08
She cooked delicious biryani for the family.	هغې د کورنۍ لپاره خوندور بریاني پخ کړه.	Pashto (Standard)	South Asia	SACOR_07
Eating fresh fruits provides essential vitamins.	د تازه میوو خوړل اړین ویتامینونه برابروي.	Pashto (Standard)	South Asia	SACOR_01
Farmers planted rice in the flooded fields.	کرهڼه کونکي د اوبو لاندې کروندو کې وريجې وکړې.	Pashto (Standard)	South Asia	SACOR_06
Agriculture remains the primary source of income.	کرهڼه د عاید اصلي سرچینه پاتې ده.	Pashto (Standard)	South Asia	SACOR_07
Learning a new language requires practice.	د نوې ژبې زده کړه تمرین ته اړتیا لري.	Pashto (Standard)	South Asia	SACOR_05
Tourism brings revenue to regions with historical sites.	سیاحت د تاریخي سایټونو سیمو ته عاید راولي.	Pashto (Standard)	South Asia	SACOR_03
Birds were chirping in the trees.	مرغۍ په ونو کې چغېدلې.	Pashto (Standard)	South Asia	SACOR_01
Clear communication prevents misunderstandings.	روښانه اړیکه د ناپوهیو مخه نیسي.	Pashto (Standard)	South Asia	SACOR_05
Smartphones have changed how people communicate.	سمارټ فونونو د خلکو د اړیکو لاره بدله کړې ده.	Pashto (Standard)	South Asia	SACOR_06
Doctors work long hours to treat patients.	داکتران د ناروغانو درملنې لپاره اوږد ساعتونه کار کوي.	Pashto (Standard)	South Asia	SACOR_07
The bus arrived late.	بس ورو ورو راغله.	Pashto (Standard)	South Asia	SACOR_06
Family members support each other during difficult times.	د کورنۍ غړي د ستونزمنو وختونو کې یو بل ساتنه کوي.	Pashto (Standard)	South Asia	SACOR_08
The school organized a science fair.	ښوونځي د ساینس نندارې تنظیم کړه.	Pashto (Standard)	South Asia	SACOR_08
The internet connects people across continents.	انټرنیټ د براعظمونو په اوږدو کې خلک سره نښلوي.	Pashto (Standard)	South Asia	SACOR_06
Online shopping has become popular.	آنلاین پلورلې محبوبه شوې ده.	Pashto (Standard)	South Asia	SACOR_09
Storytelling preserves culture and knowledge.	کیسه ویل د کلتوري او پوهې ساتنه کوي.	Pashto (Standard)	South Asia	SACOR_01
The river flows peacefully through the valley.	سیند په دره کې په آرامۍ سره بهیږي.	Pashto (Standard)	South Asia	SACOR_10
After finishing his work, he sat down.	د خپل کار پای ته رسولو وروسته، ناست شو.	Pashto (Standard)	South Asia	SACOR_08
Sports teach teamwork and discipline.	لوبې د ټیم کار او نظم زده کوي.	Pashto (Standard)	South Asia	SACOR_05
Cricket is a popular sport.	کریکټ یوه مشهوره لوبه ده.	Pashto (Standard)	South Asia	SACOR_06
I woke up early this morning.	زه نن سهار وختي پاړ شوم.	Pashto (Standard)	South Asia	SACOR_04
We decided to visit the old temple.	موږ د پخواني معبد لیدلو پریکړه وکړه.	Pashto (Standard)	South Asia	SACOR_04
Pollution in cities has become a serious problem.	په ښارونو کې ککړتیا یوه سخت ستونزه شوې ده.	Pashto (Standard)	South Asia	SACOR_09
Spices add flavor to traditional dishes.	مسالې دودیزو خوړلو ته خوند ورکوي.	Pashto (Standard)	South Asia	SACOR_10
Teachers shape young minds.	استادان د ځوان ذهنونو شکل ورکوي.	Pashto (Standard)	South Asia	SACOR_01
The forest is home to many wild animals.	ځنګل د ډیرو وحشي حیواناتو کور دی.	Pashto (Standard)	South Asia	SACOR_07
Regular exercise helps maintain good health.	منظم تمرین د ښه روغتیا ساتلو کې مرسته کوي.	Pashto (Standard)	South Asia	SACOR_03
Train journeys offer scenic views.	د اورګاډو سفرونه د مناظرو لید ورکوي.	Pashto (Standard)	South Asia	SACOR_04
Reading books improves vocabulary.	د کتابونو لوستل د لغت ښه والی کوي.	Pashto (Standard)	South Asia	SACOR_06
Tea is served to guests as a gesture of hospitality.	د مېلمانو د مېلمستیا د نښې په توګه چای وړاندې کیږي.	Pashto (Standard)	South Asia	SACOR_05
Education opens doors to opportunities.	زده کړه د فرصتونو دروازې خلاصوي.	Pashto (Standard)	South Asia	SACOR_07
The teacher explained the lesson patiently.	استاد صبر سره درس تشریح کړ.	Pashto (Standard)	South Asia	SACOR_07
Respecting elders is an important value.	د زړونو درناوی مهمه ارزښت دی.	Pashto (Standard)	South Asia	SACOR_03
Children were playing cricket in the street.	ماشومان په سړک کې کریکټ لوبېدل.	Pashto (Standard)	South Asia	SACOR_03
Elderly people share wisdom and stories.	زړون خلک حکمت او کیسې شریکوي.	Pashto (Standard)	South Asia	SACOR_07
Handicrafts showcase artistic traditions.	دستي کارونه هنري دودونه ښکاره کوي.	Pashto (Standard)	South Asia	SACOR_06
People travel long distances to visit religious sites.	خلک د مذهبي سایټونو لیدلو لپاره اوږد فاصلې سفر کوي.	Pashto (Standard)	South Asia	SACOR_05
Digital payments have made transactions faster.	ډیجیټل تادیاتو معاملات ګړندي کړي دي.	Pashto (Standard)	South Asia	SACOR_01
Cooking together brings family members closer.	یوځای پخول د کورنۍ غړو ته نږدې راولي.	Pashto (Standard)	South Asia	SACOR_02
Children learn best when they are interested.	ماشومان غوره زده کوي کله چې دوی علاقه لري.	Pashto (Standard)	South Asia	SACOR_07
My grandmother told me stories.	زما نیا ما ماته کیسې وړې.	Pashto (Standard)	South Asia	SACOR_06
Train journeys offer scenic views.	د اورګاډو سفرونه د مناظرو لید ورکوي.	Pashto (Standard)	South Asia	SACOR_10
Storytelling preserves culture and knowledge.	کیسه ویل د کلتوري او پوهې ساتنه کوي.	Pashto (Standard)	South Asia	SACOR_10
I woke up early this morning.	زه نن سهار وختي پاړ شوم.	Pashto (Standard)	South Asia	SACOR_06
Education opens doors to opportunities.	زده کړه د فرصتونو دروازې خلاصوي.	Pashto (Standard)	South Asia	SACOR_04
Birds were chirping in the trees.	مرغۍ په ونو کې چغېدلې.	Pashto (Standard)	South Asia	SACOR_01
Traditional music is important for our heritage.	دودیز موسیقي زموږ د میراث لپاره مهمه ده.	Pashto (Standard)	South Asia	SACOR_01
She cooked delicious biryani for the family.	هغې د کورنۍ لپاره خوندور بریاني پخ کړه.	Pashto (Standard)	South Asia	SACOR_07
Small businesses create employment opportunities.	کوچني سوداګرۍ د دندو فرصتونه رامنځته کوي.	Pashto (Standard)	South Asia	SACOR_03
Children learn best when they are interested.	ماشومان غوره زده کوي کله چې دوی علاقه لري.	Pashto (Standard)	South Asia	SACOR_03
Doctors recommend drinking plenty of water.	داکتران د ډیرو اوبو څښل وړاندیز کوي.	Pashto (Standard)	South Asia	SACOR_02
Tea is served to guests as a gesture of hospitality.	د مېلمانو د مېلمستیا د نښې په توګه چای وړاندې کیږي.	Pashto (Standard)	South Asia	SACOR_03
Learning a new language requires practice.	د نوې ژبې زده کړه تمرین ته اړتیا لري.	Pashto (Standard)	South Asia	SACOR_03
Reading books improves vocabulary.	د کتابونو لوستل د لغت ښه والی کوي.	Pashto (Standard)	South Asia	SACOR_05
Children were playing cricket in the street.	ماشومان په سړک کې کریکټ لوبېدل.	Pashto (Standard)	South Asia	SACOR_03
We decided to visit the old temple.	موږ د پخواني معبد لیدلو پریکړه وکړه.	Pashto (Standard)	South Asia	SACOR_08
People travel long distances to visit religious sites.	خلک د مذهبي سایټونو لیدلو لپاره اوږد فاصلې سفر کوي.	Pashto (Standard)	South Asia	SACOR_07
Farmers planted rice in the flooded fields.	کرهڼه کونکي د اوبو لاندې کروندو کې وريجې وکړې.	Pashto (Standard)	South Asia	SACOR_08
Students gathered in the library.	زده کوونکي په کتابتون کې راټول شول.	Pashto (Standard)	South Asia	SACOR_08
Regular exercise helps maintain good health.	منظم تمرین د ښه روغتیا ساتلو کې مرسته کوي.	Pashto (Standard)	South Asia	SACOR_05
She received a scholarship to study medicine.	هغې د طب زده کړې لپاره بورسیه ترلاسه کړه.	Pashto (Standard)	South Asia	SACOR_07
Digital payments have made transactions faster.	ډیجیټل تادیاتو معاملات ګړندي کړي دي.	Pashto (Standard)	South Asia	SACOR_03
After finishing his work, he sat down.	د خپل کار پای ته رسولو وروسته، ناست شو.	Pashto (Standard)	South Asia	SACOR_06
People celebrate festivals with great joy.	خلک د خوښۍ سره جشنونه لمانځي.	Pashto (Standard)	South Asia	SACOR_10
Online shopping has become popular.	آنلاین پلورلې محبوبه شوې ده.	Pashto (Standard)	South Asia	SACOR_02
Parents sacrifice their own needs for children.	والدین د ماشومانو لپاره خپل اړتیاوې قربان کوي.	Pashto (Standard)	South Asia	SACOR_07
Doctors work long hours to treat patients.	داکتران د ناروغانو درملنې لپاره اوږد ساعتونه کار کوي.	Pashto (Standard)	South Asia	SACOR_01
Family members support each other during difficult times.	د کورنۍ غړي د ستونزمنو وختونو کې یو بل ساتنه کوي.	Pashto (Standard)	South Asia	SACOR_02
The bus arrived late.	بس ورو ورو راغله.	Pashto (Standard)	South Asia	SACOR_02
Cricket is a popular sport.	کریکټ یوه مشهوره لوبه ده.	Pashto (Standard)	South Asia	SACOR_03
Cooking together brings family members closer.	یوځای پخول د کورنۍ غړو ته نږدې راولي.	Pashto (Standard)	South Asia	SACOR_05
Farmers wake up early to tend to crops.	کرهڼه کونکي د محصولاتو پاملرنې لپاره وختي پاړ کېږي.	Pashto (Standard)	South Asia	SACOR_02
Tourism brings revenue to regions with historical sites.	سیاحت د تاریخي سایټونو سیمو ته عاید راولي.	Pashto (Standard)	South Asia	SACOR_02
Elderly people share wisdom and stories.	زړون خلک حکمت او کیسې شریکوي.	Pashto (Standard)	South Asia	SACOR_06
The river flows peacefully through the valley.	سیند په دره کې په آرامۍ سره بهیږي.	Pashto (Standard)	South Asia	SACOR_09
The teacher explained the lesson patiently.	استاد صبر سره درس تشریح کړ.	Pashto (Standard)	South Asia	SACOR_05
The forest is home to many wild animals.	ځنګل د ډیرو وحشي حیواناتو کور دی.	Pashto (Standard)	South Asia	SACOR_09
Clear communication prevents misunderstandings.	روښانه اړیکه د ناپوهیو مخه نیسي.	Pashto (Standard)	South Asia	SACOR_09
The professor wrote equations on the blackboard.	پروفیسور په تختې کې معادلې ولیکلې.	Pashto (Standard)	South Asia	SACOR_07
Teachers shape young minds.	استادان د ځوان ذهنونو شکل ورکوي.	Pashto (Standard)	South Asia	SACOR_01
The school organized a science fair.	ښوونځي د ساینس نندارې تنظیم کړه.	Pashto (Standard)	South Asia	SACOR_01
The market was crowded with people.	بازار د خلکو سره ډک و.	Pashto (Standard)	South Asia	SACOR_09
Handicrafts showcase artistic traditions.	دستي کارونه هنري دودونه ښکاره کوي.	Pashto (Standard)	South Asia	SACOR_01
Respecting elders is an important value.	د زړونو درناوی مهمه ارزښت دی.	Pashto (Standard)	South Asia	SACOR_02
The wedding ceremony lasted three days.	د واده مراسم درې ورځې دوام وکړ.	Pashto (Standard)	South Asia	SACOR_08
She walked slowly through the garden.	هغې په باغ کې ورو ورو تېره شوه.	Pashto (Standard)	South Asia	SACOR_10
Eating fresh fruits provides essential vitamins.	د تازه میوو خوړل اړین ویتامینونه برابروي.	Pashto (Standard)	South Asia	SACOR_09
Agriculture remains the primary source of income.	کرهڼه د عاید اصلي سرچینه پاتې ده.	Pashto (Standard)	South Asia	SACOR_07
The internet connects people across continents.	انټرنیټ د براعظمونو په اوږدو کې خلک سره نښلوي.	Pashto (Standard)	South Asia	SACOR_08
Smartphones have changed how people communicate.	سمارټ فونونو د خلکو د اړیکو لاره بدله کړې ده.	Pashto (Standard)	South Asia	SACOR_08
Sports teach teamwork and discipline.	لوبې د ټیم کار او نظم زده کوي.	Pashto (Standard)	South Asia	SACOR_09
Spices add flavor to traditional dishes.	مسالې دودیزو خوړلو ته خوند ورکوي.	Pashto (Standard)	South Asia	SACOR_03
Pollution in cities has become a serious problem.	په ښارونو کې ککړتیا یوه سخت ستونزه شوې ده.	Pashto (Standard)	South Asia	SACOR_04
The school organized a science fair.	ښوونځي د ساینس نندارې تنظیم کړه.	Pashto (Standard)	South Asia	SACOR_02
Elderly people share wisdom and stories.	زړون خلک حکمت او کیسې شریکوي.	Pashto (Standard)	South Asia	SACOR_03
The bus arrived late.	بس ورو ورو راغله.	Pashto (Standard)	South Asia	SACOR_10
After finishing his work, he sat down.	د خپل کار پای ته رسولو وروسته، ناست شو.	Pashto (Standard)	South Asia	SACOR_10
She walked slowly through the garden.	هغې په باغ کې ورو ورو تېره شوه.	Pashto (Standard)	South Asia	SACOR_06
Eating fresh fruits provides essential vitamins.	د تازه میوو خوړل اړین ویتامینونه برابروي.	Pashto (Standard)	South Asia	SACOR_08
Cricket is a popular sport.	کریکټ یوه مشهوره لوبه ده.	Pashto (Standard)	South Asia	SACOR_01
My grandmother told me stories.	زما نیا ما ماته کیسې وړې.	Pashto (Standard)	South Asia	SACOR_05
Online shopping has become popular.	آنلاین پلورلې محبوبه شوې ده.	Pashto (Standard)	South Asia	SACOR_08
Handicrafts showcase artistic traditions.	دستي کارونه هنري دودونه ښکاره کوي.	Pashto (Standard)	South Asia	SACOR_03
Children learn best when they are interested.	ماشومان غوره زده کوي کله چې دوی علاقه لري.	Pashto (Standard)	South Asia	SACOR_07
Tea is served to guests as a gesture of hospitality.	د مېلمانو د مېلمستیا د نښې په توګه چای وړاندې کیږي.	Pashto (Standard)	South Asia	SACOR_05
The market was crowded with people.	بازار د خلکو سره ډک و.	Pashto (Standard)	South Asia	SACOR_03
Spices add flavor to traditional dishes.	مسالې دودیزو خوړلو ته خوند ورکوي.	Pashto (Standard)	South Asia	SACOR_07
Small businesses create employment opportunities.	کوچني سوداګرۍ د دندو فرصتونه رامنځته کوي.	Pashto (Standard)	South Asia	SACOR_02
Tourism brings revenue to regions with historical sites.	سیاحت د تاریخي سایټونو سیمو ته عاید راولي.	Pashto (Standard)	South Asia	SACOR_03
Regular exercise helps maintain good health.	منظم تمرین د ښه روغتیا ساتلو کې مرسته کوي.	Pashto (Standard)	South Asia	SACOR_02
Sports teach teamwork and discipline.	لوبې د ټیم کار او نظم زده کوي.	Pashto (Standard)	South Asia	SACOR_03
Clear communication prevents misunderstandings.	روښانه اړیکه د ناپوهیو مخه نیسي.	Pashto (Standard)	South Asia	SACOR_01
Education opens doors to opportunities.	زده کړه د فرصتونو دروازې خلاصوي.	Pashto (Standard)	South Asia	SACOR_04
Cooking together brings family members closer.	یوځای پخول د کورنۍ غړو ته نږدې راولي.	Pashto (Standard)	South Asia	SACOR_09
Agriculture remains the primary source of income.	کرهڼه د عاید اصلي سرچینه پاتې ده.	Pashto (Standard)	South Asia	SACOR_05
She cooked delicious biryani for the family.	هغې د کورنۍ لپاره خوندور بریاني پخ کړه.	Pashto (Standard)	South Asia	SACOR_04
The river flows peacefully through the valley.	سیند په دره کې په آرامۍ سره بهیږي.	Pashto (Standard)	South Asia	SACOR_08
Doctors work long hours to treat patients.	داکتران د ناروغانو درملنې لپاره اوږد ساعتونه کار کوي.	Pashto (Standard)	South Asia	SACOR_06
Children were playing cricket in the street.	ماشومان په سړک کې کریکټ لوبېدل.	Pashto (Standard)	South Asia	SACOR_04
I woke up early this morning.	زه نن سهار وختي پاړ شوم.	Pashto (Standard)	South Asia	SACOR_07
Students gathered in the library.	زده کوونکي په کتابتون کې راټول شول.	Pashto (Standard)	South Asia	SACOR_06
The internet connects people across continents.	انټرنیټ د براعظمونو په اوږدو کې خلک سره نښلوي.	Pashto (Standard)	South Asia	SACOR_10
Train journeys offer scenic views.	د اورګاډو سفرونه د مناظرو لید ورکوي.	Pashto (Standard)	South Asia	SACOR_07
Family members support each other during difficult times.	د کورنۍ غړي د ستونزمنو وختونو کې یو بل ساتنه کوي.	Pashto (Standard)	South Asia	SACOR_09
Traditional music is important for our heritage.	دودیز موسیقي زموږ د میراث لپاره مهمه ده.	Pashto (Standard)	South Asia	SACOR_01
Smartphones have changed how people communicate.	سمارټ فونونو د خلکو د اړیکو لاره بدله کړې ده.	Pashto (Standard)	South Asia	SACOR_08
The forest is home to many wild animals.	ځنګل د ډیرو وحشي حیواناتو کور دی.	Pashto (Standard)	South Asia	SACOR_09
Pollution in cities has become a serious problem.	په ښارونو کې ککړتیا یوه سخت ستونزه شوې ده.	Pashto (Standard)	South Asia	SACOR_06
People travel long distances to visit religious sites.	خلک د مذهبي سایټونو لیدلو لپاره اوږد فاصلې سفر کوي.	Pashto (Standard)	South Asia	SACOR_03
Reading books improves vocabulary.	د کتابونو لوستل د لغت ښه والی کوي.	Pashto (Standard)	South Asia	SACOR_06
Learning a new language requires practice.	د نوې ژبې زده کړه تمرین ته اړتیا لري.	Pashto (Standard)	South Asia	SACOR_05
People celebrate festivals with great joy.	خلک د خوښۍ سره جشنونه لمانځي.	Pashto (Standard)	South Asia	SACOR_09
The professor wrote equations on the blackboard.	پروفیسور په تختې کې معادلې ولیکلې.	Pashto (Standard)	South Asia	SACOR_03
Digital payments have made transactions faster.	ډیجیټل تادیاتو معاملات ګړندي کړي دي.	Pashto (Standard)	South Asia	SACOR_05
Storytelling preserves culture and knowledge.	کیسه ویل د کلتوري او پوهې ساتنه کوي.	Pashto (Standard)	South Asia	SACOR_03
Farmers wake up early to tend to crops.	کرهڼه کونکي د محصولاتو پاملرنې لپاره وختي پاړ کېږي.	Pashto (Standard)	South Asia	SACOR_02
The wedding ceremony lasted three days.	د واده مراسم درې ورځې دوام وکړ.	Pashto (Standard)	South Asia	SACOR_09
Respecting elders is an important value.	د زړونو درناوی مهمه ارزښت دی.	Pashto (Standard)	South Asia	SACOR_04
We decided to visit the old temple.	موږ د پخواني معبد لیدلو پریکړه وکړه.	Pashto (Standard)	South Asia	SACOR_09
The teacher explained the lesson patiently.	استاد صبر سره درس تشریح کړ.	Pashto (Standard)	South Asia	SACOR_06
Birds were chirping in the trees.	مرغۍ په ونو کې چغېدلې.	Pashto (Standard)	South Asia	SACOR_05
Farmers planted rice in the flooded fields.	کرهڼه کونکي د اوبو لاندې کروندو کې وريجې وکړې.	Pashto (Standard)	South Asia	SACOR_06
She received a scholarship to study medicine.	هغې د طب زده کړې لپاره بورسیه ترلاسه کړه.	Pashto (Standard)	South Asia	SACOR_05
Teachers shape young minds.	استادان د ځوان ذهنونو شکل ورکوي.	Pashto (Standard)	South Asia	SACOR_01
Doctors recommend drinking plenty of water.	داکتران د ډیرو اوبو څښل وړاندیز کوي.	Pashto (Standard)	South Asia	SACOR_01
Parents sacrifice their own needs for children.	والدین د ماشومانو لپاره خپل اړتیاوې قربان کوي.	Pashto (Standard)	South Asia	SACOR_07
Traditional music is important for our heritage.	دودیز موسیقي زموږ د میراث لپاره مهمه ده.	Pashto (Standard)	South Asia	SACOR_05
Storytelling preserves culture and knowledge.	کیسه ویل د کلتوري او پوهې ساتنه کوي.	Pashto (Standard)	South Asia	SACOR_05
Tourism brings revenue to regions with historical sites.	سیاحت د تاریخي سایټونو سیمو ته عاید راولي.	Pashto (Standard)	South Asia	SACOR_06
Children were playing cricket in the street.	ماشومان په سړک کې کریکټ لوبېدل.	Pashto (Standard)	South Asia	SACOR_05
Learning a new language requires practice.	د نوې ژبې زده کړه تمرین ته اړتیا لري.	Pashto (Standard)	South Asia	SACOR_08
Online shopping has become popular.	آنلاین پلورلې محبوبه شوې ده.	Pashto (Standard)	South Asia	SACOR_06
Doctors work long hours to treat patients.	داکتران د ناروغانو درملنې لپاره اوږد ساعتونه کار کوي.	Pashto (Standard)	South Asia	SACOR_03
Handicrafts showcase artistic traditions.	دستي کارونه هنري دودونه ښکاره کوي.	Pashto (Standard)	South Asia	SACOR_04
Students gathered in the library.	زده کوونکي په کتابتون کې راټول شول.	Pashto (Standard)	South Asia	SACOR_02
The professor wrote equations on the blackboard.	پروفیسور په تختې کې معادلې ولیکلې.	Pashto (Standard)	South Asia	SACOR_02
Reading books improves vocabulary.	د کتابونو لوستل د لغت ښه والی کوي.	Pashto (Standard)	South Asia	SACOR_03
The internet connects people across continents.	انټرنیټ د براعظمونو په اوږدو کې خلک سره نښلوي.	Pashto (Standard)	South Asia	SACOR_04
The bus arrived late.	بس ورو ورو راغله.	Pashto (Standard)	South Asia	SACOR_03
The forest is home to many wild animals.	ځنګل د ډیرو وحشي حیواناتو کور دی.	Pashto (Standard)	South Asia	SACOR_08
Cooking together brings family members closer.	یوځای پخول د کورنۍ غړو ته نږدې راولي.	Pashto (Standard)	South Asia	SACOR_05
Pollution in cities has become a serious problem.	په ښارونو کې ککړتیا یوه سخت ستونزه شوې ده.	Pashto (Standard)	South Asia	SACOR_09
Sports teach teamwork and discipline.	لوبې د ټیم کار او نظم زده کوي.	Pashto (Standard)	South Asia	SACOR_10
Cricket is a popular sport.	کریکټ یوه مشهوره لوبه ده.	Pashto (Standard)	South Asia	SACOR_08
Family members support each other during difficult times.	د کورنۍ غړي د ستونزمنو وختونو کې یو بل ساتنه کوي.	Pashto (Standard)	South Asia	SACOR_10
The school organized a science fair.	ښوونځي د ساینس نندارې تنظیم کړه.	Pashto (Standard)	South Asia	SACOR_02
Regular exercise helps maintain good health.	منظم تمرین د ښه روغتیا ساتلو کې مرسته کوي.	Pashto (Standard)	South Asia	SACOR_08
Eating fresh fruits provides essential vitamins.	د تازه میوو خوړل اړین ویتامینونه برابروي.	Pashto (Standard)	South Asia	SACOR_08
Birds were chirping in the trees.	مرغۍ په ونو کې چغېدلې.	Pashto (Standard)	South Asia	SACOR_07
Elderly people share wisdom and stories.	زړون خلک حکمت او کیسې شریکوي.	Pashto (Standard)	South Asia	SACOR_04
After finishing his work, he sat down.	د خپل کار پای ته رسولو وروسته، ناست شو.	Pashto (Standard)	South Asia	SACOR_04
Farmers wake up early to tend to crops.	کرهڼه کونکي د محصولاتو پاملرنې لپاره وختي پاړ کېږي.	Pashto (Standard)	South Asia	SACOR_05
I woke up early this morning.	زه نن سهار وختي پاړ شوم.	Pashto (Standard)	South Asia	SACOR_03
My grandmother told me stories.	زما نیا ما ماته کیسې وړې.	Pashto (Standard)	South Asia	SACOR_08
Clear communication prevents misunderstandings.	روښانه اړیکه د ناپوهیو مخه نیسي.	Pashto (Standard)	South Asia	SACOR_03
The wedding ceremony lasted three days.	د واده مراسم درې ورځې دوام وکړ.	Pashto (Standard)	South Asia	SACOR_01
Train journeys offer scenic views.	د اورګاډو سفرونه د مناظرو لید ورکوي.	Pashto (Standard)	South Asia	SACOR_04
Tea is served to guests as a gesture of hospitality.	د مېلمانو د مېلمستیا د نښې په توګه چای وړاندې کیږي.	Pashto (Standard)	South Asia	SACOR_09
Doctors recommend drinking plenty of water.	داکتران د ډیرو اوبو څښل وړاندیز کوي.	Pashto (Standard)	South Asia	SACOR_09
Spices add flavor to traditional dishes.	مسالې دودیزو خوړلو ته خوند ورکوي.	Pashto (Standard)	South Asia	SACOR_07
Respecting elders is an important value.	د زړونو درناوی مهمه ارزښت دی.	Pashto (Standard)	South Asia	SACOR_03
People travel long distances to visit religious sites.	خلک د مذهبي سایټونو لیدلو لپاره اوږد فاصلې سفر کوي.	Pashto (Standard)	South Asia	SACOR_02
Digital payments have made transactions faster.	ډیجیټل تادیاتو معاملات ګړندي کړي دي.	Pashto (Standard)	South Asia	SACOR_08
The market was crowded with people.	بازار د خلکو سره ډک و.	Pashto (Standard)	South Asia	SACOR_06
Education opens doors to opportunities.	زده کړه د فرصتونو دروازې خلاصوي.	Pashto (Standard)	South Asia	SACOR_01
She cooked delicious biryani for the family.	هغې د کورنۍ لپاره خوندور بریاني پخ کړه.	Pashto (Standard)	South Asia	SACOR_09
Small businesses create employment opportunities.	کوچني سوداګرۍ د دندو فرصتونه رامنځته کوي.	Pashto (Standard)	South Asia	SACOR_01
Children learn best when they are interested.	ماشومان غوره زده کوي کله چې دوی علاقه لري.	Pashto (Standard)	South Asia	SACOR_02
She walked slowly through the garden.	هغې په باغ کې ورو ورو تېره شوه.	Pashto (Standard)	South Asia	SACOR_10
Smartphones have changed how people communicate.	سمارټ فونونو د خلکو د اړیکو لاره بدله کړې ده.	Pashto (Standard)	South Asia	SACOR_07
She received a scholarship to study medicine.	هغې د طب زده کړې لپاره بورسیه ترلاسه کړه.	Pashto (Standard)	South Asia	SACOR_04
Farmers planted rice in the flooded fields.	کرهڼه کونکي د اوبو لاندې کروندو کې وريجې وکړې.	Pashto (Standard)	South Asia	SACOR_01
We decided to visit the old temple.	موږ د پخواني معبد لیدلو پریکړه وکړه.	Pashto (Standard)	South Asia	SACOR_05
Agriculture remains the primary source of income.	کرهڼه د عاید اصلي سرچینه پاتې ده.	Pashto (Standard)	South Asia	SACOR_06
Parents sacrifice their own needs for children.	والدین د ماشومانو لپاره خپل اړتیاوې قربان کوي.	Pashto (Standard)	South Asia	SACOR_04
The river flows peacefully through the valley.	سیند په دره کې په آرامۍ سره بهیږي.	Pashto (Standard)	South Asia	SACOR_01
Teachers shape young minds.	استادان د ځوان ذهنونو شکل ورکوي.	Pashto (Standard)	South Asia	SACOR_07
The teacher explained the lesson patiently.	استاد صبر سره درس تشریح کړ.	Pashto (Standard)	South Asia	SACOR_10
People celebrate festivals with great joy.	خلک د خوښۍ سره جشنونه لمانځي.	Pashto (Standard)	South Asia	SACOR_04
Learning a new language requires practice.	د نوې ژبې زده کړه تمرین ته اړتیا لري.	Pashto (Standard)	South Asia	SACOR_06
Education opens doors to opportunities.	زده کړه د فرصتونو دروازې خلاصوي.	Pashto (Standard)	South Asia	SACOR_09
Children were playing cricket in the street.	ماشومان په سړک کې کریکټ لوبېدل.	Pashto (Standard)	South Asia	SACOR_09
Agriculture remains the primary source of income.	کرهڼه د عاید اصلي سرچینه پاتې ده.	Pashto (Standard)	South Asia	SACOR_03
Farmers wake up early to tend to crops.	کرهڼه کونکي د محصولاتو پاملرنې لپاره وختي پاړ کېږي.	Pashto (Standard)	South Asia	SACOR_05
Students gathered in the library.	زده کوونکي په کتابتون کې راټول شول.	Pashto (Standard)	South Asia	SACOR_10
The internet connects people across continents.	انټرنیټ د براعظمونو په اوږدو کې خلک سره نښلوي.	Pashto (Standard)	South Asia	SACOR_04
She cooked delicious biryani for the family.	هغې د کورنۍ لپاره خوندور بریاني پخ کړه.	Pashto (Standard)	South Asia	SACOR_06
Small businesses create employment opportunities.	کوچني سوداګرۍ د دندو فرصتونه رامنځته کوي.	Pashto (Standard)	South Asia	SACOR_04
Family members support each other during difficult times.	د کورنۍ غړي د ستونزمنو وختونو کې یو بل ساتنه کوي.	Pashto (Standard)	South Asia	SACOR_05
People celebrate festivals with great joy.	خلک د خوښۍ سره جشنونه لمانځي.	Pashto (Standard)	South Asia	SACOR_01
The professor wrote equations on the blackboard.	پروفیسور په تختې کې معادلې ولیکلې.	Pashto (Standard)	South Asia	SACOR_01
After finishing his work, he sat down.	د خپل کار پای ته رسولو وروسته، ناست شو.	Pashto (Standard)	South Asia	SACOR_02
The forest is home to many wild animals.	ځنګل د ډیرو وحشي حیواناتو کور دی.	Pashto (Standard)	South Asia	SACOR_09
Reading books improves vocabulary.	د کتابونو لوستل د لغت ښه والی کوي.	Pashto (Standard)	South Asia	SACOR_02
Handicrafts showcase artistic traditions.	دستي کارونه هنري دودونه ښکاره کوي.	Pashto (Standard)	South Asia	SACOR_07
Traditional music is important for our heritage.	دودیز موسیقي زموږ د میراث لپاره مهمه ده.	Pashto (Standard)	South Asia	SACOR_08
I woke up early this morning.	زه نن سهار وختي پاړ شوم.	Pashto (Standard)	South Asia	SACOR_08
We decided to visit the old temple.	موږ د پخواني معبد لیدلو پریکړه وکړه.	Pashto (Standard)	South Asia	SACOR_09
She walked slowly through the garden.	هغې په باغ کې ورو ورو تېره شوه.	Pashto (Standard)	South Asia	SACOR_05
The school organized a science fair.	ښوونځي د ساینس نندارې تنظیم کړه.	Pashto (Standard)	South Asia	SACOR_09
Smartphones have changed how people communicate.	سمارټ فونونو د خلکو د اړیکو لاره بدله کړې ده.	Pashto (Standard)	South Asia	SACOR_02
Tea is served to guests as a gesture of hospitality.	د مېلمانو د مېلمستیا د نښې په توګه چای وړاندې کیږي.	Pashto (Standard)	South Asia	SACOR_07
The wedding ceremony lasted three days.	د واده مراسم درې ورځې دوام وکړ.	Pashto (Standard)	South Asia	SACOR_06
Birds were chirping in the trees.	مرغۍ په ونو کې چغېدلې.	Pashto (Standard)	South Asia	SACOR_03
Spices add flavor to traditional dishes.	مسالې دودیزو خوړلو ته خوند ورکوي.	Pashto (Standard)	South Asia	SACOR_05
The market was crowded with people.	بازار د خلکو سره ډک و.	Pashto (Standard)	South Asia	SACOR_05
Elderly people share wisdom and stories.	زړون خلک حکمت او کیسې شریکوي.	Pashto (Standard)	South Asia	SACOR_05
The river flows peacefully through the valley.	سیند په دره کې په آرامۍ سره بهیږي.	Pashto (Standard)	South Asia	SACOR_06
Respecting elders is an important value.	د زړونو درناوی مهمه ارزښت دی.	Pashto (Standard)	South Asia	SACOR_05
Digital payments have made transactions faster.	ډیجیټل تادیاتو معاملات ګړندي کړي دي.	Pashto (Standard)	South Asia	SACOR_05
Eating fresh fruits provides essential vitamins.	د تازه میوو خوړل اړین ویتامینونه برابروي.	Pashto (Standard)	South Asia	SACOR_07
Cricket is a popular sport.	کریکټ یوه مشهوره لوبه ده.	Pashto (Standard)	South Asia	SACOR_01
She received a scholarship to study medicine.	هغې د طب زده کړې لپاره بورسیه ترلاسه کړه.	Pashto (Standard)	South Asia	SACOR_09
Parents sacrifice their own needs for children.	والدین د ماشومانو لپاره خپل اړتیاوې قربان کوي.	Pashto (Standard)	South Asia	SACOR_04
Train journeys offer scenic views.	د اورګاډو سفرونه د مناظرو لید ورکوي.	Pashto (Standard)	South Asia	SACOR_09
Cooking together brings family members closer.	یوځای پخول د کورنۍ غړو ته نږدې راولي.	Pashto (Standard)	South Asia	SACOR_06
Online shopping has become popular.	آنلاین پلورلې محبوبه شوې ده.	Pashto (Standard)	South Asia	SACOR_02
Regular exercise helps maintain good health.	منظم تمرین د ښه روغتیا ساتلو کې مرسته کوي.	Pashto (Standard)	South Asia	SACOR_08
The teacher explained the lesson patiently.	استاد صبر سره درس تشریح کړ.	Pashto (Standard)	South Asia	SACOR_10
Doctors work long hours to treat patients.	داکتران د ناروغانو درملنې لپاره اوږد ساعتونه کار کوي.	Pashto (Standard)	South Asia	SACOR_10
Tourism brings revenue to regions with historical sites.	سیاحت د تاریخي سایټونو سیمو ته عاید راولي.	Pashto (Standard)	South Asia	SACOR_04
Sports teach teamwork and discipline.	لوبې د ټیم کار او نظم زده کوي.	Pashto (Standard)	South Asia	SACOR_08
Storytelling preserves culture and knowledge.	کیسه ویل د کلتوري او پوهې ساتنه کوي.	Pashto (Standard)	South Asia	SACOR_09
Teachers shape young minds.	استادان د ځوان ذهنونو شکل ورکوي.	Pashto (Standard)	South Asia	SACOR_02
Clear communication prevents misunderstandings.	روښانه اړیکه د ناپوهیو مخه نیسي.	Pashto (Standard)	South Asia	SACOR_01
The bus arrived late.	بس ورو ورو راغله.	Pashto (Standard)	South Asia	SACOR_06
People travel long distances to visit religious sites.	خلک د مذهبي سایټونو لیدلو لپاره اوږد فاصلې سفر کوي.	Pashto (Standard)	South Asia	SACOR_04
My grandmother told me stories.	زما نیا ما ماته کیسې وړې.	Pashto (Standard)	South Asia	SACOR_10
Pollution in cities has become a serious problem.	په ښارونو کې ککړتیا یوه سخت ستونزه شوې ده.	Pashto (Standard)	South Asia	SACOR_02
Doctors recommend drinking plenty of water.	داکتران د ډیرو اوبو څښل وړاندیز کوي.	Pashto (Standard)	South Asia	SACOR_03
Farmers planted rice in the flooded fields.	کرهڼه کونکي د اوبو لاندې کروندو کې وريجې وکړې.	Pashto (Standard)	South Asia	SACOR_09
Children learn best when they are interested.	ماشومان غوره زده کوي کله چې دوی علاقه لري.	Pashto (Standard)	South Asia	SACOR_08
Clear communication prevents misunderstandings.	روښانه اړیکه د ناپوهیو مخه نیسي.	Pashto (Standard)	South Asia	SACOR_09
Online shopping has become popular.	آنلاین پلورلې محبوبه شوې ده.	Pashto (Standard)	South Asia	SACOR_09
Learning a new language requires practice.	د نوې ژبې زده کړه تمرین ته اړتیا لري.	Pashto (Standard)	South Asia	SACOR_05
Spices add flavor to traditional dishes.	مسالې دودیزو خوړلو ته خوند ورکوي.	Pashto (Standard)	South Asia	SACOR_09
Cricket is a popular sport.	کریکټ یوه مشهوره لوبه ده.	Pashto (Standard)	South Asia	SACOR_07
My grandmother told me stories.	زما نیا ما ماته کیسې وړې.	Pashto (Standard)	South Asia	SACOR_10
Small businesses create employment opportunities.	کوچني سوداګرۍ د دندو فرصتونه رامنځته کوي.	Pashto (Standard)	South Asia	SACOR_10
Teachers shape young minds.	استادان د ځوان ذهنونو شکل ورکوي.	Pashto (Standard)	South Asia	SACOR_10
Eating fresh fruits provides essential vitamins.	د تازه میوو خوړل اړین ویتامینونه برابروي.	Pashto (Standard)	South Asia	SACOR_07
Children learn best when they are interested.	ماشومان غوره زده کوي کله چې دوی علاقه لري.	Pashto (Standard)	South Asia	SACOR_10
The market was crowded with people.	بازار د خلکو سره ډک و.	Pashto (Standard)	South Asia	SACOR_09
Tea is served to guests as a gesture of hospitality.	د مېلمانو د مېلمستیا د نښې په توګه چای وړاندې کیږي.	Pashto (Standard)	South Asia	SACOR_09
Education opens doors to opportunities.	زده کړه د فرصتونو دروازې خلاصوي.	Pashto (Standard)	South Asia	SACOR_03
Students gathered in the library.	زده کوونکي په کتابتون کې راټول شول.	Pashto (Standard)	South Asia	SACOR_10
Tourism brings revenue to regions with historical sites.	سیاحت د تاریخي سایټونو سیمو ته عاید راولي.	Pashto (Standard)	South Asia	SACOR_01
Parents sacrifice their own needs for children.	والدین د ماشومانو لپاره خپل اړتیاوې قربان کوي.	Pashto (Standard)	South Asia	SACOR_05
Traditional music is important for our heritage.	دودیز موسیقي زموږ د میراث لپاره مهمه ده.	Pashto (Standard)	South Asia	SACOR_06
After finishing his work, he sat down.	د خپل کار پای ته رسولو وروسته، ناست شو.	Pashto (Standard)	South Asia	SACOR_08
The teacher explained the lesson patiently.	استاد صبر سره درس تشریح کړ.	Pashto (Standard)	South Asia	SACOR_10
We decided to visit the old temple.	موږ د پخواني معبد لیدلو پریکړه وکړه.	Pashto (Standard)	South Asia	SACOR_03
Farmers wake up early to tend to crops.	کرهڼه کونکي د محصولاتو پاملرنې لپاره وختي پاړ کېږي.	Pashto (Standard)	South Asia	SACOR_08
Reading books improves vocabulary.	د کتابونو لوستل د لغت ښه والی کوي.	Pashto (Standard)	South Asia	SACOR_02
Doctors work long hours to treat patients.	داکتران د ناروغانو درملنې لپاره اوږد ساعتونه کار کوي.	Pashto (Standard)	South Asia	SACOR_05
Respecting elders is an important value.	د زړونو درناوی مهمه ارزښت دی.	Pashto (Standard)	South Asia	SACOR_08
She walked slowly through the garden.	هغې په باغ کې ورو ورو تېره شوه.	Pashto (Standard)	South Asia	SACOR_03
The internet connects people across continents.	انټرنیټ د براعظمونو په اوږدو کې خلک سره نښلوي.	Pashto (Standard)	South Asia	SACOR_05
Sports teach teamwork and discipline.	لوبې د ټیم کار او نظم زده کوي.	Pashto (Standard)	South Asia	SACOR_07
The river flows peacefully through the valley.	سیند په دره کې په آرامۍ سره بهیږي.	Pashto (Standard)	South Asia	SACOR_04
The professor wrote equations on the blackboard.	پروفیسور په تختې کې معادلې ولیکلې.	Pashto (Standard)	South Asia	SACOR_01
People celebrate festivals with great joy.	خلک د خوښۍ سره جشنونه لمانځي.	Pashto (Standard)	South Asia	SACOR_02
Pollution in cities has become a serious problem.	په ښارونو کې ککړتیا یوه سخت ستونزه شوې ده.	Pashto (Standard)	South Asia	SACOR_10
Children were playing cricket in the street.	ماشومان په سړک کې کریکټ لوبېدل.	Pashto (Standard)	South Asia	SACOR_09
I woke up early this morning.	زه نن سهار وختي پاړ شوم.	Pashto (Standard)	South Asia	SACOR_07
Farmers planted rice in the flooded fields.	کرهڼه کونکي د اوبو لاندې کروندو کې وريجې وکړې.	Pashto (Standard)	South Asia	SACOR_05
She cooked delicious biryani for the family.	هغې د کورنۍ لپاره خوندور بریاني پخ کړه.	Pashto (Standard)	South Asia	SACOR_03
Elderly people share wisdom and stories.	زړون خلک حکمت او کیسې شریکوي.	Pashto (Standard)	South Asia	SACOR_05
Regular exercise helps maintain good health.	منظم تمرین د ښه روغتیا ساتلو کې مرسته کوي.	Pashto (Standard)	South Asia	SACOR_03
Agriculture remains the primary source of income.	کرهڼه د عاید اصلي سرچینه پاتې ده.	Pashto (Standard)	South Asia	SACOR_04
She received a scholarship to study medicine.	هغې د طب زده کړې لپاره بورسیه ترلاسه کړه.	Pashto (Standard)	South Asia	SACOR_09
The forest is home to many wild animals.	ځنګل د ډیرو وحشي حیواناتو کور دی.	Pashto (Standard)	South Asia	SACOR_04
People travel long distances to visit religious sites.	خلک د مذهبي سایټونو لیدلو لپاره اوږد فاصلې سفر کوي.	Pashto (Standard)	South Asia	SACOR_10
Doctors recommend drinking plenty of water.	داکتران د ډیرو اوبو څښل وړاندیز کوي.	Pashto (Standard)	South Asia	SACOR_08
Birds were chirping in the trees.	مرغۍ په ونو کې چغېدلې.	Pashto (Standard)	South Asia	SACOR_03
Smartphones have changed how people communicate.	سمارټ فونونو د خلکو د اړیکو لاره بدله کړې ده.	Pashto (Standard)	South Asia	SACOR_09
Cooking together brings family members closer.	یوځای پخول د کورنۍ غړو ته نږدې راولي.	Pashto (Standard)	South Asia	SACOR_04
The school organized a science fair.	ښوونځي د ساینس نندارې تنظیم کړه.	Pashto (Standard)	South Asia	SACOR_04
The wedding ceremony lasted three days.	د واده مراسم درې ورځې دوام وکړ.	Pashto (Standard)	South Asia	SACOR_10
The bus arrived late.	بس ورو ورو راغله.	Pashto (Standard)	South Asia	SACOR_02
Storytelling preserves culture and knowledge.	کیسه ویل د کلتوري او پوهې ساتنه کوي.	Pashto (Standard)	South Asia	SACOR_03
Handicrafts showcase artistic traditions.	دستي کارونه هنري دودونه ښکاره کوي.	Pashto (Standard)	South Asia	SACOR_02
Digital payments have made transactions faster.	ډیجیټل تادیاتو معاملات ګړندي کړي دي.	Pashto (Standard)	South Asia	SACOR_09
Family members support each other during difficult times.	د کورنۍ غړي د ستونزمنو وختونو کې یو بل ساتنه کوي.	Pashto (Standard)	South Asia	SACOR_08
Train journeys offer scenic views.	د اورګاډو سفرونه د مناظرو لید ورکوي.	Pashto (Standard)	South Asia	SACOR_01
Agriculture remains the primary source of income.	کرهڼه د عاید اصلي سرچینه پاتې ده.	Pashto (Standard)	South Asia	SACOR_07
After finishing his work, he sat down.	د خپل کار پای ته رسولو وروسته، ناست شو.	Pashto (Standard)	South Asia	SACOR_03
Tourism brings revenue to regions with historical sites.	سیاحت د تاریخي سایټونو سیمو ته عاید راولي.	Pashto (Standard)	South Asia	SACOR_10
Traditional music is important for our heritage.	دودیز موسیقي زموږ د میراث لپاره مهمه ده.	Pashto (Standard)	South Asia	SACOR_04
The school organized a science fair.	ښوونځي د ساینس نندارې تنظیم کړه.	Pashto (Standard)	South Asia	SACOR_03
Children learn best when they are interested.	ماشومان غوره زده کوي کله چې دوی علاقه لري.	Pashto (Standard)	South Asia	SACOR_09
The internet connects people across continents.	انټرنیټ د براعظمونو په اوږدو کې خلک سره نښلوي.	Pashto (Standard)	South Asia	SACOR_09
She walked slowly through the garden.	هغې په باغ کې ورو ورو تېره شوه.	Pashto (Standard)	South Asia	SACOR_01
People celebrate festivals with great joy.	خلک د خوښۍ سره جشنونه لمانځي.	Pashto (Standard)	South Asia	SACOR_10
Farmers planted rice in the flooded fields.	کرهڼه کونکي د اوبو لاندې کروندو کې وريجې وکړې.	Pashto (Standard)	South Asia	SACOR_09
Small businesses create employment opportunities.	کوچني سوداګرۍ د دندو فرصتونه رامنځته کوي.	Pashto (Standard)	South Asia	SACOR_04
She cooked delicious biryani for the family.	هغې د کورنۍ لپاره خوندور بریاني پخ کړه.	Pashto (Standard)	South Asia	SACOR_03
The river flows peacefully through the valley.	سیند په دره کې په آرامۍ سره بهیږي.	Pashto (Standard)	South Asia	SACOR_03
My grandmother told me stories.	زما نیا ما ماته کیسې وړې.	Pashto (Standard)	South Asia	SACOR_02
Cooking together brings family members closer.	یوځای پخول د کورنۍ غړو ته نږدې راولي.	Pashto (Standard)	South Asia	SACOR_01
Students gathered in the library.	زده کوونکي په کتابتون کې راټول شول.	Pashto (Standard)	South Asia	SACOR_02
Family members support each other during difficult times.	د کورنۍ غړي د ستونزمنو وختونو کې یو بل ساتنه کوي.	Pashto (Standard)	South Asia	SACOR_01
People travel long distances to visit religious sites.	خلک د مذهبي سایټونو لیدلو لپاره اوږد فاصلې سفر کوي.	Pashto (Standard)	South Asia	SACOR_03
Online shopping has become popular.	آنلاین پلورلې محبوبه شوې ده.	Pashto (Standard)	South Asia	SACOR_04
Regular exercise helps maintain good health.	منظم تمرین د ښه روغتیا ساتلو کې مرسته کوي.	Pashto (Standard)	South Asia	SACOR_03
Doctors recommend drinking plenty of water.	داکتران د ډیرو اوبو څښل وړاندیز کوي.	Pashto (Standard)	South Asia	SACOR_01
Children were playing cricket in the street.	ماشومان په سړک کې کریکټ لوبېدل.	Pashto (Standard)	South Asia	SACOR_01
Respecting elders is an important value.	د زړونو درناوی مهمه ارزښت دی.	Pashto (Standard)	South Asia	SACOR_02
Eating fresh fruits provides essential vitamins.	د تازه میوو خوړل اړین ویتامینونه برابروي.	Pashto (Standard)	South Asia	SACOR_09
Elderly people share wisdom and stories.	زړون خلک حکمت او کیسې شریکوي.	Pashto (Standard)	South Asia	SACOR_07
Education opens doors to opportunities.	زده کړه د فرصتونو دروازې خلاصوي.	Pashto (Standard)	South Asia	SACOR_08
The market was crowded with people.	بازار د خلکو سره ډک و.	Pashto (Standard)	South Asia	SACOR_07
Farmers wake up early to tend to crops.	کرهڼه کونکي د محصولاتو پاملرنې لپاره وختي پاړ کېږي.	Pashto (Standard)	South Asia	SACOR_07
I woke up early this morning.	زه نن سهار وختي پاړ شوم.	Pashto (Standard)	South Asia	SACOR_02
Storytelling preserves culture and knowledge.	کیسه ویل د کلتوري او پوهې ساتنه کوي.	Pashto (Standard)	South Asia	SACOR_01
Parents sacrifice their own needs for children.	والدین د ماشومانو لپاره خپل اړتیاوې قربان کوي.	Pashto (Standard)	South Asia	SACOR_01
Cricket is a popular sport.	کریکټ یوه مشهوره لوبه ده.	Pashto (Standard)	South Asia	SACOR_09
Smartphones have changed how people communicate.	سمارټ فونونو د خلکو د اړیکو لاره بدله کړې ده.	Pashto (Standard)	South Asia	SACOR_10
Clear communication prevents misunderstandings.	روښانه اړیکه د ناپوهیو مخه نیسي.	Pashto (Standard)	South Asia	SACOR_09
Spices add flavor to traditional dishes.	مسالې دودیزو خوړلو ته خوند ورکوي.	Pashto (Standard)	South Asia	SACOR_08
Teachers shape young minds.	استادان د ځوان ذهنونو شکل ورکوي.	Pashto (Standard)	South Asia	SACOR_07
She received a scholarship to study medicine.	هغې د طب زده کړې لپاره بورسیه ترلاسه کړه.	Pashto (Standard)	South Asia	SACOR_02
Learning a new language requires practice.	د نوې ژبې زده کړه تمرین ته اړتیا لري.	Pashto (Standard)	South Asia	SACOR_01
The wedding ceremony lasted three days.	د واده مراسم درې ورځې دوام وکړ.	Pashto (Standard)	South Asia	SACOR_09
Tea is served to guests as a gesture of hospitality.	د مېلمانو د مېلمستیا د نښې په توګه چای وړاندې کیږي.	Pashto (Standard)	South Asia	SACOR_02
Doctors work long hours to treat patients.	داکتران د ناروغانو درملنې لپاره اوږد ساعتونه کار کوي.	Pashto (Standard)	South Asia	SACOR_05
We decided to visit the old temple.	موږ د پخواني معبد لیدلو پریکړه وکړه.	Pashto (Standard)	South Asia	SACOR_04
Digital payments have made transactions faster.	ډیجیټل تادیاتو معاملات ګړندي کړي دي.	Pashto (Standard)	South Asia	SACOR_06
Reading books improves vocabulary.	د کتابونو لوستل د لغت ښه والی کوي.	Pashto (Standard)	South Asia	SACOR_07
Handicrafts showcase artistic traditions.	دستي کارونه هنري دودونه ښکاره کوي.	Pashto (Standard)	South Asia	SACOR_02
Train journeys offer scenic views.	د اورګاډو سفرونه د مناظرو لید ورکوي.	Pashto (Standard)	South Asia	SACOR_05
Sports teach teamwork and discipline.	لوبې د ټیم کار او نظم زده کوي.	Pashto (Standard)	South Asia	SACOR_01
Pollution in cities has become a serious problem.	په ښارونو کې ککړتیا یوه سخت ستونزه شوې ده.	Pashto (Standard)	South Asia	SACOR_04
Birds were chirping in the trees.	مرغۍ په ونو کې چغېدلې.	Pashto (Standard)	South Asia	SACOR_09
The teacher explained the lesson patiently.	استاد صبر سره درس تشریح کړ.	Pashto (Standard)	South Asia	SACOR_05
The professor wrote equations on the blackboard.	پروفیسور په تختې کې معادلې ولیکلې.	Pashto (Standard)	South Asia	SACOR_06
The forest is home to many wild animals.	ځنګل د ډیرو وحشي حیواناتو کور دی.	Pashto (Standard)	South Asia	SACOR_04
The bus arrived late.	بس ورو ورو راغله.	Pashto (Standard)	South Asia	SACOR_02
Parents sacrifice their own needs for children.	والدین د ماشومانو لپاره خپل اړتیاوې قربان کوي.	Pashto (Standard)	South Asia	SACOR_10
Teachers shape young minds.	استادان د ځوان ذهنونو شکل ورکوي.	Pashto (Standard)	South Asia	SACOR_09
Online shopping has become popular.	آنلاین پلورلې محبوبه شوې ده.	Pashto (Standard)	South Asia	SACOR_01
The bus arrived late.	بس ورو ورو راغله.	Pashto (Standard)	South Asia	SACOR_08
Spices add flavor to traditional dishes.	مسالې دودیزو خوړلو ته خوند ورکوي.	Pashto (Standard)	South Asia	SACOR_05
Digital payments have made transactions faster.	ډیجیټل تادیاتو معاملات ګړندي کړي دي.	Pashto (Standard)	South Asia	SACOR_07
I woke up early this morning.	زه نن سهار وختي پاړ شوم.	Pashto (Standard)	South Asia	SACOR_09
The wedding ceremony lasted three days.	د واده مراسم درې ورځې دوام وکړ.	Pashto (Standard)	South Asia	SACOR_03
The forest is home to many wild animals.	ځنګل د ډیرو وحشي حیواناتو کور دی.	Pashto (Standard)	South Asia	SACOR_04
Doctors work long hours to treat patients.	داکتران د ناروغانو درملنې لپاره اوږد ساعتونه کار کوي.	Pashto (Standard)	South Asia	SACOR_06
The school organized a science fair.	ښوونځي د ساینس نندارې تنظیم کړه.	Pashto (Standard)	South Asia	SACOR_05
Elderly people share wisdom and stories.	زړون خلک حکمت او کیسې شریکوي.	Pashto (Standard)	South Asia	SACOR_07
Cooking together brings family members closer.	یوځای پخول د کورنۍ غړو ته نږدې راولي.	Pashto (Standard)	South Asia	SACOR_10
The internet connects people across continents.	انټرنیټ د براعظمونو په اوږدو کې خلک سره نښلوي.	Pashto (Standard)	South Asia	SACOR_06
Respecting elders is an important value.	د زړونو درناوی مهمه ارزښت دی.	Pashto (Standard)	South Asia	SACOR_02
Farmers wake up early to tend to crops.	کرهڼه کونکي د محصولاتو پاملرنې لپاره وختي پاړ کېږي.	Pashto (Standard)	South Asia	SACOR_01
Handicrafts showcase artistic traditions.	دستي کارونه هنري دودونه ښکاره کوي.	Pashto (Standard)	South Asia	SACOR_01
Farmers planted rice in the flooded fields.	کرهڼه کونکي د اوبو لاندې کروندو کې وريجې وکړې.	Pashto (Standard)	South Asia	SACOR_04
Learning a new language requires practice.	د نوې ژبې زده کړه تمرین ته اړتیا لري.	Pashto (Standard)	South Asia	SACOR_01
Education opens doors to opportunities.	زده کړه د فرصتونو دروازې خلاصوي.	Pashto (Standard)	South Asia	SACOR_08
She received a scholarship to study medicine.	هغې د طب زده کړې لپاره بورسیه ترلاسه کړه.	Pashto (Standard)	South Asia	SACOR_07
Students gathered in the library.	زده کوونکي په کتابتون کې راټول شول.	Pashto (Standard)	South Asia	SACOR_03
People celebrate festivals with great joy.	خلک د خوښۍ سره جشنونه لمانځي.	Pashto (Standard)	South Asia	SACOR_01
My grandmother told me stories.	زما نیا ما ماته کیسې وړې.	Pashto (Standard)	South Asia	SACOR_06
Small businesses create employment opportunities.	کوچني سوداګرۍ د دندو فرصتونه رامنځته کوي.	Pashto (Standard)	South Asia	SACOR_05
Eating fresh fruits provides essential vitamins.	د تازه میوو خوړل اړین ویتامینونه برابروي.	Pashto (Standard)	South Asia	SACOR_06
Children learn best when they are interested.	ماشومان غوره زده کوي کله چې دوی علاقه لري.	Pashto (Standard)	South Asia	SACOR_10
Children were playing cricket in the street.	ماشومان په سړک کې کریکټ لوبېدل.	Pashto (Standard)	South Asia	SACOR_07
We decided to visit the old temple.	موږ د پخواني معبد لیدلو پریکړه وکړه.	Pashto (Standard)	South Asia	SACOR_08
Reading books improves vocabulary.	د کتابونو لوستل د لغت ښه والی کوي.	Pashto (Standard)	South Asia	SACOR_02
Tourism brings revenue to regions with historical sites.	سیاحت د تاریخي سایټونو سیمو ته عاید راولي.	Pashto (Standard)	South Asia	SACOR_06
Sports teach teamwork and discipline.	لوبې د ټیم کار او نظم زده کوي.	Pashto (Standard)	South Asia	SACOR_01
Storytelling preserves culture and knowledge.	کیسه ویل د کلتوري او پوهې ساتنه کوي.	Pashto (Standard)	South Asia	SACOR_01
Clear communication prevents misunderstandings.	روښانه اړیکه د ناپوهیو مخه نیسي.	Pashto (Standard)	South Asia	SACOR_07
The river flows peacefully through the valley.	سیند په دره کې په آرامۍ سره بهیږي.	Pashto (Standard)	South Asia	SACOR_07
Birds were chirping in the trees.	مرغۍ په ونو کې چغېدلې.	Pashto (Standard)	South Asia	SACOR_07
After finishing his work, he sat down.	د خپل کار پای ته رسولو وروسته، ناست شو.	Pashto (Standard)	South Asia	SACOR_07
Doctors recommend drinking plenty of water.	داکتران د ډیرو اوبو څښل وړاندیز کوي.	Pashto (Standard)	South Asia	SACOR_05
She walked slowly through the garden.	هغې په باغ کې ورو ورو تېره شوه.	Pashto (Standard)	South Asia	SACOR_02
The market was crowded with people.	بازار د خلکو سره ډک و.	Pashto (Standard)	South Asia	SACOR_02
People travel long distances to visit religious sites.	خلک د مذهبي سایټونو لیدلو لپاره اوږد فاصلې سفر کوي.	Pashto (Standard)	South Asia	SACOR_01
Cricket is a popular sport.	کریکټ یوه مشهوره لوبه ده.	Pashto (Standard)	South Asia	SACOR_07
Regular exercise helps maintain good health.	منظم تمرین د ښه روغتیا ساتلو کې مرسته کوي.	Pashto (Standard)	South Asia	SACOR_06
Train journeys offer scenic views.	د اورګاډو سفرونه د مناظرو لید ورکوي.	Pashto (Standard)	South Asia	SACOR_05
Smartphones have changed how people communicate.	سمارټ فونونو د خلکو د اړیکو لاره بدله کړې ده.	Pashto (Standard)	South Asia	SACOR_02
The professor wrote equations on the blackboard.	پروفیسور په تختې کې معادلې ولیکلې.	Pashto (Standard)	South Asia	SACOR_02
Agriculture remains the primary source of income.	کرهڼه د عاید اصلي سرچینه پاتې ده.	Pashto (Standard)	South Asia	SACOR_04
Traditional music is important for our heritage.	دودیز موسیقي زموږ د میراث لپاره مهمه ده.	Pashto (Standard)	South Asia	SACOR_05
Family members support each other during difficult times.	د کورنۍ غړي د ستونزمنو وختونو کې یو بل ساتنه کوي.	Pashto (Standard)	South Asia	SACOR_01
She cooked delicious biryani for the family.	هغې د کورنۍ لپاره خوندور بریاني پخ کړه.	Pashto (Standard)	South Asia	SACOR_08
Tea is served to guests as a gesture of hospitality.	د مېلمانو د مېلمستیا د نښې په توګه چای وړاندې کیږي.	Pashto (Standard)	South Asia	SACOR_09
The teacher explained the lesson patiently.	استاد صبر سره درس تشریح کړ.	Pashto (Standard)	South Asia	SACOR_06
Pollution in cities has become a serious problem.	په ښارونو کې ککړتیا یوه سخت ستونزه شوې ده.	Pashto (Standard)	South Asia	SACOR_02
The teacher explained the lesson patiently.	استاد صبر سره درس تشریح کړ.	Pashto (Standard)	South Asia	SACOR_07
Traditional music is important for our heritage.	دودیز موسیقي زموږ د میراث لپاره مهمه ده.	Pashto (Standard)	South Asia	SACOR_10
The professor wrote equations on the blackboard.	پروفیسور په تختې کې معادلې ولیکلې.	Pashto (Standard)	South Asia	SACOR_10
Reading books improves vocabulary.	د کتابونو لوستل د لغت ښه والی کوي.	Pashto (Standard)	South Asia	SACOR_05
Tourism brings revenue to regions with historical sites.	سیاحت د تاریخي سایټونو سیمو ته عاید راولي.	Pashto (Standard)	South Asia	SACOR_10
After finishing his work, he sat down.	د خپل کار پای ته رسولو وروسته، ناست شو.	Pashto (Standard)	South Asia	SACOR_08
Clear communication prevents misunderstandings.	روښانه اړیکه د ناپوهیو مخه نیسي.	Pashto (Standard)	South Asia	SACOR_01
Small businesses create employment opportunities.	کوچني سوداګرۍ د دندو فرصتونه رامنځته کوي.	Pashto (Standard)	South Asia	SACOR_09
She received a scholarship to study medicine.	هغې د طب زده کړې لپاره بورسیه ترلاسه کړه.	Pashto (Standard)	South Asia	SACOR_10
My grandmother told me stories.	زما نیا ما ماته کیسې وړې.	Pashto (Standard)	South Asia	SACOR_01
Pollution in cities has become a serious problem.	په ښارونو کې ککړتیا یوه سخت ستونزه شوې ده.	Pashto (Standard)	South Asia	SACOR_06
People celebrate festivals with great joy.	خلک د خوښۍ سره جشنونه لمانځي.	Pashto (Standard)	South Asia	SACOR_09
Elderly people share wisdom and stories.	زړون خلک حکمت او کیسې شریکوي.	Pashto (Standard)	South Asia	SACOR_04
Online shopping has become popular.	آنلاین پلورلې محبوبه شوې ده.	Pashto (Standard)	South Asia	SACOR_07
Train journeys offer scenic views.	د اورګاډو سفرونه د مناظرو لید ورکوي.	Pashto (Standard)	South Asia	SACOR_07
The market was crowded with people.	بازار د خلکو سره ډک و.	Pashto (Standard)	South Asia	SACOR_09
Sports teach teamwork and discipline.	لوبې د ټیم کار او نظم زده کوي.	Pashto (Standard)	South Asia	SACOR_04
The forest is home to many wild animals.	ځنګل د ډیرو وحشي حیواناتو کور دی.	Pashto (Standard)	South Asia	SACOR_05
She cooked delicious biryani for the family.	هغې د کورنۍ لپاره خوندور بریاني پخ کړه.	Pashto (Standard)	South Asia	SACOR_09
The internet connects people across continents.	انټرنیټ د براعظمونو په اوږدو کې خلک سره نښلوي.	Pashto (Standard)	South Asia	SACOR_03
Birds were chirping in the trees.	مرغۍ په ونو کې چغېدلې.	Pashto (Standard)	South Asia	SACOR_07
Digital payments have made transactions faster.	ډیجیټل تادیاتو معاملات ګړندي کړي دي.	Pashto (Standard)	South Asia	SACOR_09
Education opens doors to opportunities.	زده کړه د فرصتونو دروازې خلاصوي.	Pashto (Standard)	South Asia	SACOR_10
Students gathered in the library.	زده کوونکي په کتابتون کې راټول شول.	Pashto (Standard)	South Asia	SACOR_10
Children were playing cricket in the street.	ماشومان په سړک کې کریکټ لوبېدل.	Pashto (Standard)	South Asia	SACOR_10
Regular exercise helps maintain good health.	منظم تمرین د ښه روغتیا ساتلو کې مرسته کوي.	Pashto (Standard)	South Asia	SACOR_07
I woke up early this morning.	زه نن سهار وختي پاړ شوم.	Pashto (Standard)	South Asia	SACOR_03
Children learn best when they are interested.	ماشومان غوره زده کوي کله چې دوی علاقه لري.	Pashto (Standard)	South Asia	SACOR_07
She walked slowly through the garden.	هغې په باغ کې ورو ورو تېره شوه.	Pashto (Standard)	South Asia	SACOR_10
Respecting elders is an important value.	د زړونو درناوی مهمه ارزښت دی.	Pashto (Standard)	South Asia	SACOR_08
The school organized a science fair.	ښوونځي د ساینس نندارې تنظیم کړه.	Pashto (Standard)	South Asia	SACOR_01
Cricket is a popular sport.	کریکټ یوه مشهوره لوبه ده.	Pashto (Standard)	South Asia	SACOR_09
Handicrafts showcase artistic traditions.	دستي کارونه هنري دودونه ښکاره کوي.	Pashto (Standard)	South Asia	SACOR_04
Family members support each other during difficult times.	د کورنۍ غړي د ستونزمنو وختونو کې یو بل ساتنه کوي.	Pashto (Standard)	South Asia	SACOR_09
Parents sacrifice their own needs for children.	والدین د ماشومانو لپاره خپل اړتیاوې قربان کوي.	Pashto (Standard)	South Asia	SACOR_07
Smartphones have changed how people communicate.	سمارټ فونونو د خلکو د اړیکو لاره بدله کړې ده.	Pashto (Standard)	South Asia	SACOR_09
The bus arrived late.	بس ورو ورو راغله.	Pashto (Standard)	South Asia	SACOR_09
Farmers wake up early to tend to crops.	کرهڼه کونکي د محصولاتو پاملرنې لپاره وختي پاړ کېږي.	Pashto (Standard)	South Asia	SACOR_09
The river flows peacefully through the valley.	سیند په دره کې په آرامۍ سره بهیږي.	Pashto (Standard)	South Asia	SACOR_10
Learning a new language requires practice.	د نوې ژبې زده کړه تمرین ته اړتیا لري.	Pashto (Standard)	South Asia	SACOR_02
Tea is served to guests as a gesture of hospitality.	د مېلمانو د مېلمستیا د نښې په توګه چای وړاندې کیږي.	Pashto (Standard)	South Asia	SACOR_08
The wedding ceremony lasted three days.	د واده مراسم درې ورځې دوام وکړ.	Pashto (Standard)	South Asia	SACOR_09
Teachers shape young minds.	استادان د ځوان ذهنونو شکل ورکوي.	Pashto (Standard)	South Asia	SACOR_08
Doctors recommend drinking plenty of water.	داکتران د ډیرو اوبو څښل وړاندیز کوي.	Pashto (Standard)	South Asia	SACOR_10
People travel long distances to visit religious sites.	خلک د مذهبي سایټونو لیدلو لپاره اوږد فاصلې سفر کوي.	Pashto (Standard)	South Asia	SACOR_02
Doctors work long hours to treat patients.	داکتران د ناروغانو درملنې لپاره اوږد ساعتونه کار کوي.	Pashto (Standard)	South Asia	SACOR_06
Agriculture remains the primary source of income.	کرهڼه د عاید اصلي سرچینه پاتې ده.	Pashto (Standard)	South Asia	SACOR_01
Storytelling preserves culture and knowledge.	کیسه ویل د کلتوري او پوهې ساتنه کوي.	Pashto (Standard)	South Asia	SACOR_06
Farmers planted rice in the flooded fields.	کرهڼه کونکي د اوبو لاندې کروندو کې وريجې وکړې.	Pashto (Standard)	South Asia	SACOR_10
Spices add flavor to traditional dishes.	مسالې دودیزو خوړلو ته خوند ورکوي.	Pashto (Standard)	South Asia	SACOR_07
Cooking together brings family members closer.	یوځای پخول د کورنۍ غړو ته نږدې راولي.	Pashto (Standard)	South Asia	SACOR_03
We decided to visit the old temple.	موږ د پخواني معبد لیدلو پریکړه وکړه.	Pashto (Standard)	South Asia	SACOR_06
Eating fresh fruits provides essential vitamins.	د تازه میوو خوړل اړین ویتامینونه برابروي.	Pashto (Standard)	South Asia	SACOR_08
Education opens doors to opportunities.	زده کړه د فرصتونو دروازې خلاصوي.	Pashto (Standard)	South Asia	SACOR_02
The wedding ceremony lasted three days.	د واده مراسم درې ورځې دوام وکړ.	Pashto (Standard)	South Asia	SACOR_10
Agriculture remains the primary source of income.	کرهڼه د عاید اصلي سرچینه پاتې ده.	Pashto (Standard)	South Asia	SACOR_08
Tourism brings revenue to regions with historical sites.	سیاحت د تاریخي سایټونو سیمو ته عاید راولي.	Pashto (Standard)	South Asia	SACOR_07
The bus arrived late.	بس ورو ورو راغله.	Pashto (Standard)	South Asia	SACOR_01
Children learn best when they are interested.	ماشومان غوره زده کوي کله چې دوی علاقه لري.	Pashto (Standard)	South Asia	SACOR_10
People travel long distances to visit religious sites.	خلک د مذهبي سایټونو لیدلو لپاره اوږد فاصلې سفر کوي.	Pashto (Standard)	South Asia	SACOR_04
Small businesses create employment opportunities.	کوچني سوداګرۍ د دندو فرصتونه رامنځته کوي.	Pashto (Standard)	South Asia	SACOR_03
Smartphones have changed how people communicate.	سمارټ فونونو د خلکو د اړیکو لاره بدله کړې ده.	Pashto (Standard)	South Asia	SACOR_01
Respecting elders is an important value.	د زړونو درناوی مهمه ارزښت دی.	Pashto (Standard)	South Asia	SACOR_02
Doctors work long hours to treat patients.	داکتران د ناروغانو درملنې لپاره اوږد ساعتونه کار کوي.	Pashto (Standard)	South Asia	SACOR_03
Spices add flavor to traditional dishes.	مسالې دودیزو خوړلو ته خوند ورکوي.	Pashto (Standard)	South Asia	SACOR_07
Reading books improves vocabulary.	د کتابونو لوستل د لغت ښه والی کوي.	Pashto (Standard)	South Asia	SACOR_06
The forest is home to many wild animals.	ځنګل د ډیرو وحشي حیواناتو کور دی.	Pashto (Standard)	South Asia	SACOR_08
Cooking together brings family members closer.	یوځای پخول د کورنۍ غړو ته نږدې راولي.	Pashto (Standard)	South Asia	SACOR_09
Storytelling preserves culture and knowledge.	کیسه ویل د کلتوري او پوهې ساتنه کوي.	Pashto (Standard)	South Asia	SACOR_10
We decided to visit the old temple.	موږ د پخواني معبد لیدلو پریکړه وکړه.	Pashto (Standard)	South Asia	SACOR_09
Students gathered in the library.	زده کوونکي په کتابتون کې راټول شول.	Pashto (Standard)	South Asia	SACOR_03
After finishing his work, he sat down.	د خپل کار پای ته رسولو وروسته، ناست شو.	Pashto (Standard)	South Asia	SACOR_07
Elderly people share wisdom and stories.	زړون خلک حکمت او کیسې شریکوي.	Pashto (Standard)	South Asia	SACOR_01
She cooked delicious biryani for the family.	هغې د کورنۍ لپاره خوندور بریاني پخ کړه.	Pashto (Standard)	South Asia	SACOR_05
Farmers wake up early to tend to crops.	کرهڼه کونکي د محصولاتو پاملرنې لپاره وختي پاړ کېږي.	Pashto (Standard)	South Asia	SACOR_02
Sports teach teamwork and discipline.	لوبې د ټیم کار او نظم زده کوي.	Pashto (Standard)	South Asia	SACOR_09
Online shopping has become popular.	آنلاین پلورلې محبوبه شوې ده.	Pashto (Standard)	South Asia	SACOR_01
Clear communication prevents misunderstandings.	روښانه اړیکه د ناپوهیو مخه نیسي.	Pashto (Standard)	South Asia	SACOR_10
The market was crowded with people.	بازار د خلکو سره ډک و.	Pashto (Standard)	South Asia	SACOR_06
I woke up early this morning.	زه نن سهار وختي پاړ شوم.	Pashto (Standard)	South Asia	SACOR_03
Birds were chirping in the trees.	مرغۍ په ونو کې چغېدلې.	Pashto (Standard)	South Asia	SACOR_02
Cricket is a popular sport.	کریکټ یوه مشهوره لوبه ده.	Pashto (Standard)	South Asia	SACOR_08
The river flows peacefully through the valley.	سیند په دره کې په آرامۍ سره بهیږي.	Pashto (Standard)	South Asia	SACOR_06
Family members support each other during difficult times.	د کورنۍ غړي د ستونزمنو وختونو کې یو بل ساتنه کوي.	Pashto (Standard)	South Asia	SACOR_06
Digital payments have made transactions faster.	ډیجیټل تادیاتو معاملات ګړندي کړي دي.	Pashto (Standard)	South Asia	SACOR_09
Parents sacrifice their own needs for children.	والدین د ماشومانو لپاره خپل اړتیاوې قربان کوي.	Pashto (Standard)	South Asia	SACOR_06
My grandmother told me stories.	زما نیا ما ماته کیسې وړې.	Pashto (Standard)	South Asia	SACOR_02
Farmers planted rice in the flooded fields.	کرهڼه کونکي د اوبو لاندې کروندو کې وريجې وکړې.	Pashto (Standard)	South Asia	SACOR_08
She received a scholarship to study medicine.	هغې د طب زده کړې لپاره بورسیه ترلاسه کړه.	Pashto (Standard)	South Asia	SACOR_08
Teachers shape young minds.	استادان د ځوان ذهنونو شکل ورکوي.	Pashto (Standard)	South Asia	SACOR_08
The internet connects people across continents.	انټرنیټ د براعظمونو په اوږدو کې خلک سره نښلوي.	Pashto (Standard)	South Asia	SACOR_05
The teacher explained the lesson patiently.	استاد صبر سره درس تشریح کړ.	Pashto (Standard)	South Asia	SACOR_02
The school organized a science fair.	ښوونځي د ساینس نندارې تنظیم کړه.	Pashto (Standard)	South Asia	SACOR_03
She walked slowly through the garden.	هغې په باغ کې ورو ورو تېره شوه.	Pashto (Standard)	South Asia	SACOR_08
Traditional music is important for our heritage.	دودیز موسیقي زموږ د میراث لپاره مهمه ده.	Pashto (Standard)	South Asia	SACOR_05
Train journeys offer scenic views.	د اورګاډو سفرونه د مناظرو لید ورکوي.	Pashto (Standard)	South Asia	SACOR_07
The professor wrote equations on the blackboard.	پروفیسور په تختې کې معادلې ولیکلې.	Pashto (Standard)	South Asia	SACOR_10
Eating fresh fruits provides essential vitamins.	د تازه میوو خوړل اړین ویتامینونه برابروي.	Pashto (Standard)	South Asia	SACOR_03
Regular exercise helps maintain good health.	منظم تمرین د ښه روغتیا ساتلو کې مرسته کوي.	Pashto (Standard)	South Asia	SACOR_02
Handicrafts showcase artistic traditions.	دستي کارونه هنري دودونه ښکاره کوي.	Pashto (Standard)	South Asia	SACOR_02
Tea is served to guests as a gesture of hospitality.	د مېلمانو د مېلمستیا د نښې په توګه چای وړاندې کیږي.	Pashto (Standard)	South Asia	SACOR_09
Children were playing cricket in the street.	ماشومان په سړک کې کریکټ لوبېدل.	Pashto (Standard)	South Asia	SACOR_09
Doctors recommend drinking plenty of water.	داکتران د ډیرو اوبو څښل وړاندیز کوي.	Pashto (Standard)	South Asia	SACOR_03
Pollution in cities has become a serious problem.	په ښارونو کې ککړتیا یوه سخت ستونزه شوې ده.	Pashto (Standard)	South Asia	SACOR_05
Learning a new language requires practice.	د نوې ژبې زده کړه تمرین ته اړتیا لري.	Pashto (Standard)	South Asia	SACOR_02
People celebrate festivals with great joy.	خلک د خوښۍ سره جشنونه لمانځي.	Pashto (Standard)	South Asia	SACOR_10
Online shopping has become popular.	آنلاین پلورلې محبوبه شوې ده.	Pashto (Standard)	South Asia	SACOR_10
Tourism brings revenue to regions with historical sites.	سیاحت د تاریخي سایټونو سیمو ته عاید راولي.	Pashto (Standard)	South Asia	SACOR_07
Tea is served to guests as a gesture of hospitality.	د مېلمانو د مېلمستیا د نښې په توګه چای وړاندې کیږي.	Pashto (Standard)	South Asia	SACOR_03
Regular exercise helps maintain good health.	منظم تمرین د ښه روغتیا ساتلو کې مرسته کوي.	Pashto (Standard)	South Asia	SACOR_07
After finishing his work, he sat down.	د خپل کار پای ته رسولو وروسته، ناست شو.	Pashto (Standard)	South Asia	SACOR_05
Birds were chirping in the trees.	مرغۍ په ونو کې چغېدلې.	Pashto (Standard)	South Asia	SACOR_03
The river flows peacefully through the valley.	سیند په دره کې په آرامۍ سره بهیږي.	Pashto (Standard)	South Asia	SACOR_03
The forest is home to many wild animals.	ځنګل د ډیرو وحشي حیواناتو کور دی.	Pashto (Standard)	South Asia	SACOR_03
Doctors recommend drinking plenty of water.	داکتران د ډیرو اوبو څښل وړاندیز کوي.	Pashto (Standard)	South Asia	SACOR_10
The teacher explained the lesson patiently.	استاد صبر سره درس تشریح کړ.	Pashto (Standard)	South Asia	SACOR_08
The professor wrote equations on the blackboard.	پروفیسور په تختې کې معادلې ولیکلې.	Pashto (Standard)	South Asia	SACOR_06
The market was crowded with people.	بازار د خلکو سره ډک و.	Pashto (Standard)	South Asia	SACOR_09
Respecting elders is an important value.	د زړونو درناوی مهمه ارزښت دی.	Pashto (Standard)	South Asia	SACOR_10
Sports teach teamwork and discipline.	لوبې د ټیم کار او نظم زده کوي.	Pashto (Standard)	South Asia	SACOR_02
Storytelling preserves culture and knowledge.	کیسه ویل د کلتوري او پوهې ساتنه کوي.	Pashto (Standard)	South Asia	SACOR_08
Parents sacrifice their own needs for children.	والدین د ماشومانو لپاره خپل اړتیاوې قربان کوي.	Pashto (Standard)	South Asia	SACOR_01
Pollution in cities has become a serious problem.	په ښارونو کې ککړتیا یوه سخت ستونزه شوې ده.	Pashto (Standard)	South Asia	SACOR_05
She cooked delicious biryani for the family.	هغې د کورنۍ لپاره خوندور بریاني پخ کړه.	Pashto (Standard)	South Asia	SACOR_06
Clear communication prevents misunderstandings.	روښانه اړیکه د ناپوهیو مخه نیسي.	Pashto (Standard)	South Asia	SACOR_05
Eating fresh fruits provides essential vitamins.	د تازه میوو خوړل اړین ویتامینونه برابروي.	Pashto (Standard)	South Asia	SACOR_03
Traditional music is important for our heritage.	دودیز موسیقي زموږ د میراث لپاره مهمه ده.	Pashto (Standard)	South Asia	SACOR_02
Students gathered in the library.	زده کوونکي په کتابتون کې راټول شول.	Pashto (Standard)	South Asia	SACOR_09
Cooking together brings family members closer.	یوځای پخول د کورنۍ غړو ته نږدې راولي.	Pashto (Standard)	South Asia	SACOR_06
Handicrafts showcase artistic traditions.	دستي کارونه هنري دودونه ښکاره کوي.	Pashto (Standard)	South Asia	SACOR_05
Small businesses create employment opportunities.	کوچني سوداګرۍ د دندو فرصتونه رامنځته کوي.	Pashto (Standard)	South Asia	SACOR_06
Children learn best when they are interested.	ماشومان غوره زده کوي کله چې دوی علاقه لري.	Pashto (Standard)	South Asia	SACOR_08
Agriculture remains the primary source of income.	کرهڼه د عاید اصلي سرچینه پاتې ده.	Pashto (Standard)	South Asia	SACOR_01
We decided to visit the old temple.	موږ د پخواني معبد لیدلو پریکړه وکړه.	Pashto (Standard)	South Asia	SACOR_06
The internet connects people across continents.	انټرنیټ د براعظمونو په اوږدو کې خلک سره نښلوي.	Pashto (Standard)	South Asia	SACOR_07
Children were playing cricket in the street.	ماشومان په سړک کې کریکټ لوبېدل.	Pashto (Standard)	South Asia	SACOR_09
Farmers planted rice in the flooded fields.	کرهڼه کونکي د اوبو لاندې کروندو کې وريجې وکړې.	Pashto (Standard)	South Asia	SACOR_03
My grandmother told me stories.	زما نیا ما ماته کیسې وړې.	Pashto (Standard)	South Asia	SACOR_01
She received a scholarship to study medicine.	هغې د طب زده کړې لپاره بورسیه ترلاسه کړه.	Pashto (Standard)	South Asia	SACOR_10
The bus arrived late.	بس ورو ورو راغله.	Pashto (Standard)	South Asia	SACOR_03
Smartphones have changed how people communicate.	سمارټ فونونو د خلکو د اړیکو لاره بدله کړې ده.	Pashto (Standard)	South Asia	SACOR_03
She walked slowly through the garden.	هغې په باغ کې ورو ورو تېره شوه.	Pashto (Standard)	South Asia	SACOR_06
The wedding ceremony lasted three days.	د واده مراسم درې ورځې دوام وکړ.	Pashto (Standard)	South Asia	SACOR_08
Doctors work long hours to treat patients.	داکتران د ناروغانو درملنې لپاره اوږد ساعتونه کار کوي.	Pashto (Standard)	South Asia	SACOR_01
Family members support each other during difficult times.	د کورنۍ غړي د ستونزمنو وختونو کې یو بل ساتنه کوي.	Pashto (Standard)	South Asia	SACOR_10
Reading books improves vocabulary.	د کتابونو لوستل د لغت ښه والی کوي.	Pashto (Standard)	South Asia	SACOR_01
Digital payments have made transactions faster.	ډیجیټل تادیاتو معاملات ګړندي کړي دي.	Pashto (Standard)	South Asia	SACOR_01
Learning a new language requires practice.	د نوې ژبې زده کړه تمرین ته اړتیا لري.	Pashto (Standard)	South Asia	SACOR_02
Cricket is a popular sport.	کریکټ یوه مشهوره لوبه ده.	Pashto (Standard)	South Asia	SACOR_07
People celebrate festivals with great joy.	خلک د خوښۍ سره جشنونه لمانځي.	Pashto (Standard)	South Asia	SACOR_04
Train journeys offer scenic views.	د اورګاډو سفرونه د مناظرو لید ورکوي.	Pashto (Standard)	South Asia	SACOR_06
Farmers wake up early to tend to crops.	کرهڼه کونکي د محصولاتو پاملرنې لپاره وختي پاړ کېږي.	Pashto (Standard)	South Asia	SACOR_07
I woke up early this morning.	زه نن سهار وختي پاړ شوم.	Pashto (Standard)	South Asia	SACOR_05
People travel long distances to visit religious sites.	خلک د مذهبي سایټونو لیدلو لپاره اوږد فاصلې سفر کوي.	Pashto (Standard)	South Asia	SACOR_01
Elderly people share wisdom and stories.	زړون خلک حکمت او کیسې شریکوي.	Pashto (Standard)	South Asia	SACOR_08
Education opens doors to opportunities.	زده کړه د فرصتونو دروازې خلاصوي.	Pashto (Standard)	South Asia	SACOR_03
Teachers shape young minds.	استادان د ځوان ذهنونو شکل ورکوي.	Pashto (Standard)	South Asia	SACOR_04
Spices add flavor to traditional dishes.	مسالې دودیزو خوړلو ته خوند ورکوي.	Pashto (Standard)	South Asia	SACOR_03
The school organized a science fair.	ښوونځي د ساینس نندارې تنظیم کړه.	Pashto (Standard)	South Asia	SACOR_05
Reading books improves vocabulary.	د کتابونو لوستل د لغت ښه والی کوي.	Pashto (Standard)	South Asia	SACOR_08
Pollution in cities has become a serious problem.	په ښارونو کې ککړتیا یوه سخت ستونزه شوې ده.	Pashto (Standard)	South Asia	SACOR_03
Respecting elders is an important value.	د زړونو درناوی مهمه ارزښت دی.	Pashto (Standard)	South Asia	SACOR_09
Doctors recommend drinking plenty of water.	داکتران د ډیرو اوبو څښل وړاندیز کوي.	Pashto (Standard)	South Asia	SACOR_03
The forest is home to many wild animals.	ځنګل د ډیرو وحشي حیواناتو کور دی.	Pashto (Standard)	South Asia	SACOR_09
Cooking together brings family members closer.	یوځای پخول د کورنۍ غړو ته نږدې راولي.	Pashto (Standard)	South Asia	SACOR_10
Agriculture remains the primary source of income.	کرهڼه د عاید اصلي سرچینه پاتې ده.	Pashto (Standard)	South Asia	SACOR_06
Cricket is a popular sport.	کریکټ یوه مشهوره لوبه ده.	Pashto (Standard)	South Asia	SACOR_05
Doctors work long hours to treat patients.	داکتران د ناروغانو درملنې لپاره اوږد ساعتونه کار کوي.	Pashto (Standard)	South Asia	SACOR_01
Education opens doors to opportunities.	زده کړه د فرصتونو دروازې خلاصوي.	Pashto (Standard)	South Asia	SACOR_01
Elderly people share wisdom and stories.	زړون خلک حکمت او کیسې شریکوي.	Pashto (Standard)	South Asia	SACOR_02
Small businesses create employment opportunities.	کوچني سوداګرۍ د دندو فرصتونه رامنځته کوي.	Pashto (Standard)	South Asia	SACOR_08
Children were playing cricket in the street.	ماشومان په سړک کې کریکټ لوبېدل.	Pashto (Standard)	South Asia	SACOR_09
Birds were chirping in the trees.	مرغۍ په ونو کې چغېدلې.	Pashto (Standard)	South Asia	SACOR_09
The wedding ceremony lasted three days.	د واده مراسم درې ورځې دوام وکړ.	Pashto (Standard)	South Asia	SACOR_03
Tourism brings revenue to regions with historical sites.	سیاحت د تاریخي سایټونو سیمو ته عاید راولي.	Pashto (Standard)	South Asia	SACOR_03
Spices add flavor to traditional dishes.	مسالې دودیزو خوړلو ته خوند ورکوي.	Pashto (Standard)	South Asia	SACOR_05
The internet connects people across continents.	انټرنیټ د براعظمونو په اوږدو کې خلک سره نښلوي.	Pashto (Standard)	South Asia	SACOR_08
Eating fresh fruits provides essential vitamins.	د تازه میوو خوړل اړین ویتامینونه برابروي.	Pashto (Standard)	South Asia	SACOR_04
Clear communication prevents misunderstandings.	روښانه اړیکه د ناپوهیو مخه نیسي.	Pashto (Standard)	South Asia	SACOR_02
Digital payments have made transactions faster.	ډیجیټل تادیاتو معاملات ګړندي کړي دي.	Pashto (Standard)	South Asia	SACOR_03
Sports teach teamwork and discipline.	لوبې د ټیم کار او نظم زده کوي.	Pashto (Standard)	South Asia	SACOR_07
Farmers wake up early to tend to crops.	کرهڼه کونکي د محصولاتو پاملرنې لپاره وختي پاړ کېږي.	Pashto (Standard)	South Asia	SACOR_02
Train journeys offer scenic views.	د اورګاډو سفرونه د مناظرو لید ورکوي.	Pashto (Standard)	South Asia	SACOR_07
People travel long distances to visit religious sites.	خلک د مذهبي سایټونو لیدلو لپاره اوږد فاصلې سفر کوي.	Pashto (Standard)	South Asia	SACOR_09
The bus arrived late.	بس ورو ورو راغله.	Pashto (Standard)	South Asia	SACOR_06
Students gathered in the library.	زده کوونکي په کتابتون کې راټول شول.	Pashto (Standard)	South Asia	SACOR_01
Tea is served to guests as a gesture of hospitality.	د مېلمانو د مېلمستیا د نښې په توګه چای وړاندې کیږي.	Pashto (Standard)	South Asia	SACOR_08
I woke up early this morning.	زه نن سهار وختي پاړ شوم.	Pashto (Standard)	South Asia	SACOR_02
The river flows peacefully through the valley.	سیند په دره کې په آرامۍ سره بهیږي.	Pashto (Standard)	South Asia	SACOR_01
The market was crowded with people.	بازار د خلکو سره ډک و.	Pashto (Standard)	South Asia	SACOR_06
Farmers planted rice in the flooded fields.	کرهڼه کونکي د اوبو لاندې کروندو کې وريجې وکړې.	Pashto (Standard)	South Asia	SACOR_09
The school organized a science fair.	ښوونځي د ساینس نندارې تنظیم کړه.	Pashto (Standard)	South Asia	SACOR_01
Learning a new language requires practice.	د نوې ژبې زده کړه تمرین ته اړتیا لري.	Pashto (Standard)	South Asia	SACOR_02
Regular exercise helps maintain good health.	منظم تمرین د ښه روغتیا ساتلو کې مرسته کوي.	Pashto (Standard)	South Asia	SACOR_02
Teachers shape young minds.	استادان د ځوان ذهنونو شکل ورکوي.	Pashto (Standard)	South Asia	SACOR_10
Family members support each other during difficult times.	د کورنۍ غړي د ستونزمنو وختونو کې یو بل ساتنه کوي.	Pashto (Standard)	South Asia	SACOR_06
She cooked delicious biryani for the family.	هغې د کورنۍ لپاره خوندور بریاني پخ کړه.	Pashto (Standard)	South Asia	SACOR_01
Smartphones have changed how people communicate.	سمارټ فونونو د خلکو د اړیکو لاره بدله کړې ده.	Pashto (Standard)	South Asia	SACOR_10
Traditional music is important for our heritage.	دودیز موسیقي زموږ د میراث لپاره مهمه ده.	Pashto (Standard)	South Asia	SACOR_03
Parents sacrifice their own needs for children.	والدین د ماشومانو لپاره خپل اړتیاوې قربان کوي.	Pashto (Standard)	South Asia	SACOR_08
Handicrafts showcase artistic traditions.	دستي کارونه هنري دودونه ښکاره کوي.	Pashto (Standard)	South Asia	SACOR_02
Children learn best when they are interested.	ماشومان غوره زده کوي کله چې دوی علاقه لري.	Pashto (Standard)	South Asia	SACOR_02
My grandmother told me stories.	زما نیا ما ماته کیسې وړې.	Pashto (Standard)	South Asia	SACOR_06
We decided to visit the old temple.	موږ د پخواني معبد لیدلو پریکړه وکړه.	Pashto (Standard)	South Asia	SACOR_03
The professor wrote equations on the blackboard.	پروفیسور په تختې کې معادلې ولیکلې.	Pashto (Standard)	South Asia	SACOR_07
People celebrate festivals with great joy.	خلک د خوښۍ سره جشنونه لمانځي.	Pashto (Standard)	South Asia	SACOR_02
She walked slowly through the garden.	هغې په باغ کې ورو ورو تېره شوه.	Pashto (Standard)	South Asia	SACOR_01
She received a scholarship to study medicine.	هغې د طب زده کړې لپاره بورسیه ترلاسه کړه.	Pashto (Standard)	South Asia	SACOR_06
After finishing his work, he sat down.	د خپل کار پای ته رسولو وروسته، ناست شو.	Pashto (Standard)	South Asia	SACOR_04
The teacher explained the lesson patiently.	استاد صبر سره درس تشریح کړ.	Pashto (Standard)	South Asia	SACOR_08
Storytelling preserves culture and knowledge.	کیسه ویل د کلتوري او پوهې ساتنه کوي.	Pashto (Standard)	South Asia	SACOR_01
Online shopping has become popular.	آنلاین پلورلې محبوبه شوې ده.	Pashto (Standard)	South Asia	SACOR_10
Children learn best when they are interested.	ماشومان غوره زده کوي کله چې دوی علاقه لري.	Pashto (Standard)	South Asia	SACOR_03
The bus arrived late.	بس ورو ورو راغله.	Pashto (Standard)	South Asia	SACOR_04
Reading books improves vocabulary.	د کتابونو لوستل د لغت ښه والی کوي.	Pashto (Standard)	South Asia	SACOR_01
The wedding ceremony lasted three days.	د واده مراسم درې ورځې دوام وکړ.	Pashto (Standard)	South Asia	SACOR_01
Birds were chirping in the trees.	مرغۍ په ونو کې چغېدلې.	Pashto (Standard)	South Asia	SACOR_08
We decided to visit the old temple.	موږ د پخواني معبد لیدلو پریکړه وکړه.	Pashto (Standard)	South Asia	SACOR_02
Pollution in cities has become a serious problem.	په ښارونو کې ککړتیا یوه سخت ستونزه شوې ده.	Pashto (Standard)	South Asia	SACOR_07
The professor wrote equations on the blackboard.	پروفیسور په تختې کې معادلې ولیکلې.	Pashto (Standard)	South Asia	SACOR_10
People travel long distances to visit religious sites.	خلک د مذهبي سایټونو لیدلو لپاره اوږد فاصلې سفر کوي.	Pashto (Standard)	South Asia	SACOR_06
Cooking together brings family members closer.	یوځای پخول د کورنۍ غړو ته نږدې راولي.	Pashto (Standard)	South Asia	SACOR_01
Regular exercise helps maintain good health.	منظم تمرین د ښه روغتیا ساتلو کې مرسته کوي.	Pashto (Standard)	South Asia	SACOR_01
Spices add flavor to traditional dishes.	مسالې دودیزو خوړلو ته خوند ورکوي.	Pashto (Standard)	South Asia	SACOR_08
The forest is home to many wild animals.	ځنګل د ډیرو وحشي حیواناتو کور دی.	Pashto (Standard)	South Asia	SACOR_05
The school organized a science fair.	ښوونځي د ساینس نندارې تنظیم کړه.	Pashto (Standard)	South Asia	SACOR_02
Family members support each other during difficult times.	د کورنۍ غړي د ستونزمنو وختونو کې یو بل ساتنه کوي.	Pashto (Standard)	South Asia	SACOR_09
The internet connects people across continents.	انټرنیټ د براعظمونو په اوږدو کې خلک سره نښلوي.	Pashto (Standard)	South Asia	SACOR_10
Cricket is a popular sport.	کریکټ یوه مشهوره لوبه ده.	Pashto (Standard)	South Asia	SACOR_05
Education opens doors to opportunities.	زده کړه د فرصتونو دروازې خلاصوي.	Pashto (Standard)	South Asia	SACOR_09
Agriculture remains the primary source of income.	کرهڼه د عاید اصلي سرچینه پاتې ده.	Pashto (Standard)	South Asia	SACOR_06
Handicrafts showcase artistic traditions.	دستي کارونه هنري دودونه ښکاره کوي.	Pashto (Standard)	South Asia	SACOR_05
Tourism brings revenue to regions with historical sites.	سیاحت د تاریخي سایټونو سیمو ته عاید راولي.	Pashto (Standard)	South Asia	SACOR_04
Doctors work long hours to treat patients.	داکتران د ناروغانو درملنې لپاره اوږد ساعتونه کار کوي.	Pashto (Standard)	South Asia	SACOR_03
Teachers shape young minds.	استادان د ځوان ذهنونو شکل ورکوي.	Pashto (Standard)	South Asia	SACOR_10
Smartphones have changed how people communicate.	سمارټ فونونو د خلکو د اړیکو لاره بدله کړې ده.	Pashto (Standard)	South Asia	SACOR_09
People celebrate festivals with great joy.	خلک د خوښۍ سره جشنونه لمانځي.	Pashto (Standard)	South Asia	SACOR_08
Online shopping has become popular.	آنلاین پلورلې محبوبه شوې ده.	Pashto (Standard)	South Asia	SACOR_07
Train journeys offer scenic views.	د اورګاډو سفرونه د مناظرو لید ورکوي.	Pashto (Standard)	South Asia	SACOR_10
Respecting elders is an important value.	د زړونو درناوی مهمه ارزښت دی.	Pashto (Standard)	South Asia	SACOR_09
The river flows peacefully through the valley.	سیند په دره کې په آرامۍ سره بهیږي.	Pashto (Standard)	South Asia	SACOR_10
Digital payments have made transactions faster.	ډیجیټل تادیاتو معاملات ګړندي کړي دي.	Pashto (Standard)	South Asia	SACOR_04
Learning a new language requires practice.	د نوې ژبې زده کړه تمرین ته اړتیا لري.	Pashto (Standard)	South Asia	SACOR_07
I woke up early this morning.	زه نن سهار وختي پاړ شوم.	Pashto (Standard)	South Asia	SACOR_06
She received a scholarship to study medicine.	هغې د طب زده کړې لپاره بورسیه ترلاسه کړه.	Pashto (Standard)	South Asia	SACOR_03
The teacher explained the lesson patiently.	استاد صبر سره درس تشریح کړ.	Pashto (Standard)	South Asia	SACOR_10
Sports teach teamwork and discipline.	لوبې د ټیم کار او نظم زده کوي.	Pashto (Standard)	South Asia	SACOR_05
She walked slowly through the garden.	هغې په باغ کې ورو ورو تېره شوه.	Pashto (Standard)	South Asia	SACOR_05
Traditional music is important for our heritage.	دودیز موسیقي زموږ د میراث لپاره مهمه ده.	Pashto (Standard)	South Asia	SACOR_08
Farmers wake up early to tend to crops.	کرهڼه کونکي د محصولاتو پاملرنې لپاره وختي پاړ کېږي.	Pashto (Standard)	South Asia	SACOR_02
Clear communication prevents misunderstandings.	روښانه اړیکه د ناپوهیو مخه نیسي.	Pashto (Standard)	South Asia	SACOR_07
Parents sacrifice their own needs for children.	والدین د ماشومانو لپاره خپل اړتیاوې قربان کوي.	Pashto (Standard)	South Asia	SACOR_02
The market was crowded with people.	بازار د خلکو سره ډک و.	Pashto (Standard)	South Asia	SACOR_10
Doctors recommend drinking plenty of water.	داکتران د ډیرو اوبو څښل وړاندیز کوي.	Pashto (Standard)	South Asia	SACOR_09
Eating fresh fruits provides essential vitamins.	د تازه میوو خوړل اړین ویتامینونه برابروي.	Pashto (Standard)	South Asia	SACOR_03
Elderly people share wisdom and stories.	زړون خلک حکمت او کیسې شریکوي.	Pashto (Standard)	South Asia	SACOR_08
My grandmother told me stories.	زما نیا ما ماته کیسې وړې.	Pashto (Standard)	South Asia	SACOR_04
Tea is served to guests as a gesture of hospitality.	د مېلمانو د مېلمستیا د نښې په توګه چای وړاندې کیږي.	Pashto (Standard)	South Asia	SACOR_05
After finishing his work, he sat down.	د خپل کار پای ته رسولو وروسته، ناست شو.	Pashto (Standard)	South Asia	SACOR_09
Children were playing cricket in the street.	ماشومان په سړک کې کریکټ لوبېدل.	Pashto (Standard)	South Asia	SACOR_02
Farmers planted rice in the flooded fields.	کرهڼه کونکي د اوبو لاندې کروندو کې وريجې وکړې.	Pashto (Standard)	South Asia	SACOR_04
Storytelling preserves culture and knowledge.	کیسه ویل د کلتوري او پوهې ساتنه کوي.	Pashto (Standard)	South Asia	SACOR_02
She cooked delicious biryani for the family.	هغې د کورنۍ لپاره خوندور بریاني پخ کړه.	Pashto (Standard)	South Asia	SACOR_01
Students gathered in the library.	زده کوونکي په کتابتون کې راټول شول.	Pashto (Standard)	South Asia	SACOR_05
Small businesses create employment opportunities.	کوچني سوداګرۍ د دندو فرصتونه رامنځته کوي.	Pashto (Standard)	South Asia	SACOR_06
I woke up early this morning.	زه نن سهار وختي پاړ شوم.	Pashto (Standard)	South Asia	SACOR_01
Cooking together brings family members closer.	یوځای پخول د کورنۍ غړو ته نږدې راولي.	Pashto (Standard)	South Asia	SACOR_03
The bus arrived late.	بس ورو ورو راغله.	Pashto (Standard)	South Asia	SACOR_06
Parents sacrifice their own needs for children.	والدین د ماشومانو لپاره خپل اړتیاوې قربان کوي.	Pashto (Standard)	South Asia	SACOR_09
Tourism brings revenue to regions with historical sites.	سیاحت د تاریخي سایټونو سیمو ته عاید راولي.	Pashto (Standard)	South Asia	SACOR_10
Regular exercise helps maintain good health.	منظم تمرین د ښه روغتیا ساتلو کې مرسته کوي.	Pashto (Standard)	South Asia	SACOR_07
Small businesses create employment opportunities.	کوچني سوداګرۍ د دندو فرصتونه رامنځته کوي.	Pashto (Standard)	South Asia	SACOR_04
Children were playing cricket in the street.	ماشومان په سړک کې کریکټ لوبېدل.	Pashto (Standard)	South Asia	SACOR_03
Digital payments have made transactions faster.	ډیجیټل تادیاتو معاملات ګړندي کړي دي.	Pashto (Standard)	South Asia	SACOR_02
Children learn best when they are interested.	ماشومان غوره زده کوي کله چې دوی علاقه لري.	Pashto (Standard)	South Asia	SACOR_08
Smartphones have changed how people communicate.	سمارټ فونونو د خلکو د اړیکو لاره بدله کړې ده.	Pashto (Standard)	South Asia	SACOR_05
Agriculture remains the primary source of income.	کرهڼه د عاید اصلي سرچینه پاتې ده.	Pashto (Standard)	South Asia	SACOR_04
We decided to visit the old temple.	موږ د پخواني معبد لیدلو پریکړه وکړه.	Pashto (Standard)	South Asia	SACOR_06
Elderly people share wisdom and stories.	زړون خلک حکمت او کیسې شریکوي.	Pashto (Standard)	South Asia	SACOR_08
The forest is home to many wild animals.	ځنګل د ډیرو وحشي حیواناتو کور دی.	Pashto (Standard)	South Asia	SACOR_05
Family members support each other during difficult times.	د کورنۍ غړي د ستونزمنو وختونو کې یو بل ساتنه کوي.	Pashto (Standard)	South Asia	SACOR_09
Doctors work long hours to treat patients.	داکتران د ناروغانو درملنې لپاره اوږد ساعتونه کار کوي.	Pashto (Standard)	South Asia	SACOR_04
Cricket is a popular sport.	کریکټ یوه مشهوره لوبه ده.	Pashto (Standard)	South Asia	SACOR_06
Eating fresh fruits provides essential vitamins.	د تازه میوو خوړل اړین ویتامینونه برابروي.	Pashto (Standard)	South Asia	SACOR_03
Teachers shape young minds.	استادان د ځوان ذهنونو شکل ورکوي.	Pashto (Standard)	South Asia	SACOR_07
The wedding ceremony lasted three days.	د واده مراسم درې ورځې دوام وکړ.	Pashto (Standard)	South Asia	SACOR_09
The teacher explained the lesson patiently.	استاد صبر سره درس تشریح کړ.	Pashto (Standard)	South Asia	SACOR_01
Spices add flavor to traditional dishes.	مسالې دودیزو خوړلو ته خوند ورکوي.	Pashto (Standard)	South Asia	SACOR_07
Farmers planted rice in the flooded fields.	کرهڼه کونکي د اوبو لاندې کروندو کې وريجې وکړې.	Pashto (Standard)	South Asia	SACOR_05
My grandmother told me stories.	زما نیا ما ماته کیسې وړې.	Pashto (Standard)	South Asia	SACOR_09
Learning a new language requires practice.	د نوې ژبې زده کړه تمرین ته اړتیا لري.	Pashto (Standard)	South Asia	SACOR_07
After finishing his work, he sat down.	د خپل کار پای ته رسولو وروسته، ناست شو.	Pashto (Standard)	South Asia	SACOR_01
Education opens doors to opportunities.	زده کړه د فرصتونو دروازې خلاصوي.	Pashto (Standard)	South Asia	SACOR_07
Storytelling preserves culture and knowledge.	کیسه ویل د کلتوري او پوهې ساتنه کوي.	Pashto (Standard)	South Asia	SACOR_08
The school organized a science fair.	ښوونځي د ساینس نندارې تنظیم کړه.	Pashto (Standard)	South Asia	SACOR_04
People travel long distances to visit religious sites.	خلک د مذهبي سایټونو لیدلو لپاره اوږد فاصلې سفر کوي.	Pashto (Standard)	South Asia	SACOR_10
She walked slowly through the garden.	هغې په باغ کې ورو ورو تېره شوه.	Pashto (Standard)	South Asia	SACOR_09
Tea is served to guests as a gesture of hospitality.	د مېلمانو د مېلمستیا د نښې په توګه چای وړاندې کیږي.	Pashto (Standard)	South Asia	SACOR_04
Birds were chirping in the trees.	مرغۍ په ونو کې چغېدلې.	Pashto (Standard)	South Asia	SACOR_05
Handicrafts showcase artistic traditions.	دستي کارونه هنري دودونه ښکاره کوي.	Pashto (Standard)	South Asia	SACOR_05
The market was crowded with people.	بازار د خلکو سره ډک و.	Pashto (Standard)	South Asia	SACOR_09
Train journeys offer scenic views.	د اورګاډو سفرونه د مناظرو لید ورکوي.	Pashto (Standard)	South Asia	SACOR_09
Students gathered in the library.	زده کوونکي په کتابتون کې راټول شول.	Pashto (Standard)	South Asia	SACOR_04
Reading books improves vocabulary.	د کتابونو لوستل د لغت ښه والی کوي.	Pashto (Standard)	South Asia	SACOR_09
People celebrate festivals with great joy.	خلک د خوښۍ سره جشنونه لمانځي.	Pashto (Standard)	South Asia	SACOR_05
The professor wrote equations on the blackboard.	پروفیسور په تختې کې معادلې ولیکلې.	Pashto (Standard)	South Asia	SACOR_03
Clear communication prevents misunderstandings.	روښانه اړیکه د ناپوهیو مخه نیسي.	Pashto (Standard)	South Asia	SACOR_06
The river flows peacefully through the valley.	سیند په دره کې په آرامۍ سره بهیږي.	Pashto (Standard)	South Asia	SACOR_04
Farmers wake up early to tend to crops.	کرهڼه کونکي د محصولاتو پاملرنې لپاره وختي پاړ کېږي.	Pashto (Standard)	South Asia	SACOR_07
She received a scholarship to study medicine.	هغې د طب زده کړې لپاره بورسیه ترلاسه کړه.	Pashto (Standard)	South Asia	SACOR_05
Traditional music is important for our heritage.	دودیز موسیقي زموږ د میراث لپاره مهمه ده.	Pashto (Standard)	South Asia	SACOR_07
Doctors recommend drinking plenty of water.	داکتران د ډیرو اوبو څښل وړاندیز کوي.	Pashto (Standard)	South Asia	SACOR_03
Sports teach teamwork and discipline.	لوبې د ټیم کار او نظم زده کوي.	Pashto (Standard)	South Asia	SACOR_09
She cooked delicious biryani for the family.	هغې د کورنۍ لپاره خوندور بریاني پخ کړه.	Pashto (Standard)	South Asia	SACOR_01
Online shopping has become popular.	آنلاین پلورلې محبوبه شوې ده.	Pashto (Standard)	South Asia	SACOR_06
The internet connects people across continents.	انټرنیټ د براعظمونو په اوږدو کې خلک سره نښلوي.	Pashto (Standard)	South Asia	SACOR_06
Respecting elders is an important value.	د زړونو درناوی مهمه ارزښت دی.	Pashto (Standard)	South Asia	SACOR_01
Pollution in cities has become a serious problem.	په ښارونو کې ککړتیا یوه سخت ستونزه شوې ده.	Pashto (Standard)	South Asia	SACOR_08
The market was crowded with people.	بازار د خلکو سره ډک و.	Pashto (Standard)	South Asia	SACOR_08
Regular exercise helps maintain good health.	منظم تمرین د ښه روغتیا ساتلو کې مرسته کوي.	Pashto (Standard)	South Asia	SACOR_05
Tea is served to guests as a gesture of hospitality.	د مېلمانو د مېلمستیا د نښې په توګه چای وړاندې کیږي.	Pashto (Standard)	South Asia	SACOR_01
People travel long distances to visit religious sites.	خلک د مذهبي سایټونو لیدلو لپاره اوږد فاصلې سفر کوي.	Pashto (Standard)	South Asia	SACOR_07
Family members support each other during difficult times.	د کورنۍ غړي د ستونزمنو وختونو کې یو بل ساتنه کوي.	Pashto (Standard)	South Asia	SACOR_06
Parents sacrifice their own needs for children.	والدین د ماشومانو لپاره خپل اړتیاوې قربان کوي.	Pashto (Standard)	South Asia	SACOR_08
Education opens doors to opportunities.	زده کړه د فرصتونو دروازې خلاصوي.	Pashto (Standard)	South Asia	SACOR_10
Cooking together brings family members closer.	یوځای پخول د کورنۍ غړو ته نږدې راولي.	Pashto (Standard)	South Asia	SACOR_06
The professor wrote equations on the blackboard.	پروفیسور په تختې کې معادلې ولیکلې.	Pashto (Standard)	South Asia	SACOR_06
Tourism brings revenue to regions with historical sites.	سیاحت د تاریخي سایټونو سیمو ته عاید راولي.	Pashto (Standard)	South Asia	SACOR_02
Agriculture remains the primary source of income.	کرهڼه د عاید اصلي سرچینه پاتې ده.	Pashto (Standard)	South Asia	SACOR_06
After finishing his work, he sat down.	د خپل کار پای ته رسولو وروسته، ناست شو.	Pashto (Standard)	South Asia	SACOR_07
Farmers planted rice in the flooded fields.	کرهڼه کونکي د اوبو لاندې کروندو کې وريجې وکړې.	Pashto (Standard)	South Asia	SACOR_03
Children learn best when they are interested.	ماشومان غوره زده کوي کله چې دوی علاقه لري.	Pashto (Standard)	South Asia	SACOR_04
She walked slowly through the garden.	هغې په باغ کې ورو ورو تېره شوه.	Pashto (Standard)	South Asia	SACOR_10
Sports teach teamwork and discipline.	لوبې د ټیم کار او نظم زده کوي.	Pashto (Standard)	South Asia	SACOR_03
Digital payments have made transactions faster.	ډیجیټل تادیاتو معاملات ګړندي کړي دي.	Pashto (Standard)	South Asia	SACOR_01
My grandmother told me stories.	زما نیا ما ماته کیسې وړې.	Pashto (Standard)	South Asia	SACOR_10
Eating fresh fruits provides essential vitamins.	د تازه میوو خوړل اړین ویتامینونه برابروي.	Pashto (Standard)	South Asia	SACOR_01
The bus arrived late.	بس ورو ورو راغله.	Pashto (Standard)	South Asia	SACOR_09
Handicrafts showcase artistic traditions.	دستي کارونه هنري دودونه ښکاره کوي.	Pashto (Standard)	South Asia	SACOR_06
The river flows peacefully through the valley.	سیند په دره کې په آرامۍ سره بهیږي.	Pashto (Standard)	South Asia	SACOR_06
Clear communication prevents misunderstandings.	روښانه اړیکه د ناپوهیو مخه نیسي.	Pashto (Standard)	South Asia	SACOR_02
Teachers shape young minds.	استادان د ځوان ذهنونو شکل ورکوي.	Pashto (Standard)	South Asia	SACOR_01
Pollution in cities has become a serious problem.	په ښارونو کې ککړتیا یوه سخت ستونزه شوې ده.	Pashto (Standard)	South Asia	SACOR_08
I woke up early this morning.	زه نن سهار وختي پاړ شوم.	Pashto (Standard)	South Asia	SACOR_05
She received a scholarship to study medicine.	هغې د طب زده کړې لپاره بورسیه ترلاسه کړه.	Pashto (Standard)	South Asia	SACOR_01
We decided to visit the old temple.	موږ د پخواني معبد لیدلو پریکړه وکړه.	Pashto (Standard)	South Asia	SACOR_10
Respecting elders is an important value.	د زړونو درناوی مهمه ارزښت دی.	Pashto (Standard)	South Asia	SACOR_02
Reading books improves vocabulary.	د کتابونو لوستل د لغت ښه والی کوي.	Pashto (Standard)	South Asia	SACOR_04
Storytelling preserves culture and knowledge.	کیسه ویل د کلتوري او پوهې ساتنه کوي.	Pashto (Standard)	South Asia	SACOR_02
People celebrate festivals with great joy.	خلک د خوښۍ سره جشنونه لمانځي.	Pashto (Standard)	South Asia	SACOR_02
Students gathered in the library.	زده کوونکي په کتابتون کې راټول شول.	Pashto (Standard)	South Asia	SACOR_02
The forest is home to many wild animals.	ځنګل د ډیرو وحشي حیواناتو کور دی.	Pashto (Standard)	South Asia	SACOR_08
Train journeys offer scenic views.	د اورګاډو سفرونه د مناظرو لید ورکوي.	Pashto (Standard)	South Asia	SACOR_09
Learning a new language requires practice.	د نوې ژبې زده کړه تمرین ته اړتیا لري.	Pashto (Standard)	South Asia	SACOR_07
Children were playing cricket in the street.	ماشومان په سړک کې کریکټ لوبېدل.	Pashto (Standard)	South Asia	SACOR_02
Cricket is a popular sport.	کریکټ یوه مشهوره لوبه ده.	Pashto (Standard)	South Asia	SACOR_10
Doctors work long hours to treat patients.	داکتران د ناروغانو درملنې لپاره اوږد ساعتونه کار کوي.	Pashto (Standard)	South Asia	SACOR_01
Smartphones have changed how people communicate.	سمارټ فونونو د خلکو د اړیکو لاره بدله کړې ده.	Pashto (Standard)	South Asia	SACOR_03
Doctors recommend drinking plenty of water.	داکتران د ډیرو اوبو څښل وړاندیز کوي.	Pashto (Standard)	South Asia	SACOR_06
The teacher explained the lesson patiently.	استاد صبر سره درس تشریح کړ.	Pashto (Standard)	South Asia	SACOR_05
Online shopping has become popular.	آنلاین پلورلې محبوبه شوې ده.	Pashto (Standard)	South Asia	SACOR_08
She cooked delicious biryani for the family.	هغې د کورنۍ لپاره خوندور بریاني پخ کړه.	Pashto (Standard)	South Asia	SACOR_07
The wedding ceremony lasted three days.	د واده مراسم درې ورځې دوام وکړ.	Pashto (Standard)	South Asia	SACOR_01
The school organized a science fair.	ښوونځي د ساینس نندارې تنظیم کړه.	Pashto (Standard)	South Asia	SACOR_03
Birds were chirping in the trees.	مرغۍ په ونو کې چغېدلې.	Pashto (Standard)	South Asia	SACOR_03
Spices add flavor to traditional dishes.	مسالې دودیزو خوړلو ته خوند ورکوي.	Pashto (Standard)	South Asia	SACOR_01
Traditional music is important for our heritage.	دودیز موسیقي زموږ د میراث لپاره مهمه ده.	Pashto (Standard)	South Asia	SACOR_07
Elderly people share wisdom and stories.	زړون خلک حکمت او کیسې شریکوي.	Pashto (Standard)	South Asia	SACOR_10
Farmers wake up early to tend to crops.	کرهڼه کونکي د محصولاتو پاملرنې لپاره وختي پاړ کېږي.	Pashto (Standard)	South Asia	SACOR_06
Small businesses create employment opportunities.	کوچني سوداګرۍ د دندو فرصتونه رامنځته کوي.	Pashto (Standard)	South Asia	SACOR_04
The internet connects people across continents.	انټرنیټ د براعظمونو په اوږدو کې خلک سره نښلوي.	Pashto (Standard)	South Asia	SACOR_06
Digital payments have made transactions faster.	ډیجیټل تادیاتو معاملات ګړندي کړي دي.	Pashto (Standard)	South Asia	SACOR_05
Doctors recommend drinking plenty of water.	داکتران د ډیرو اوبو څښل وړاندیز کوي.	Pashto (Standard)	South Asia	SACOR_02
Small businesses create employment opportunities.	کوچني سوداګرۍ د دندو فرصتونه رامنځته کوي.	Pashto (Standard)	South Asia	SACOR_03
Cooking together brings family members closer.	یوځای پخول د کورنۍ غړو ته نږدې راولي.	Pashto (Standard)	South Asia	SACOR_01
Reading books improves vocabulary.	د کتابونو لوستل د لغت ښه والی کوي.	Pashto (Standard)	South Asia	SACOR_02
Farmers wake up early to tend to crops.	کرهڼه کونکي د محصولاتو پاملرنې لپاره وختي پاړ کېږي.	Pashto (Standard)	South Asia	SACOR_03
The teacher explained the lesson patiently.	استاد صبر سره درس تشریح کړ.	Pashto (Standard)	South Asia	SACOR_03
She received a scholarship to study medicine.	هغې د طب زده کړې لپاره بورسیه ترلاسه کړه.	Pashto (Standard)	South Asia	SACOR_08
After finishing his work, he sat down.	د خپل کار پای ته رسولو وروسته، ناست شو.	Pashto (Standard)	South Asia	SACOR_06
She walked slowly through the garden.	هغې په باغ کې ورو ورو تېره شوه.	Pashto (Standard)	South Asia	SACOR_10
Students gathered in the library.	زده کوونکي په کتابتون کې راټول شول.	Pashto (Standard)	South Asia	SACOR_06
Cricket is a popular sport.	کریکټ یوه مشهوره لوبه ده.	Pashto (Standard)	South Asia	SACOR_01
Tea is served to guests as a gesture of hospitality.	د مېلمانو د مېلمستیا د نښې په توګه چای وړاندې کیږي.	Pashto (Standard)	South Asia	SACOR_01
Agriculture remains the primary source of income.	کرهڼه د عاید اصلي سرچینه پاتې ده.	Pashto (Standard)	South Asia	SACOR_03
Regular exercise helps maintain good health.	منظم تمرین د ښه روغتیا ساتلو کې مرسته کوي.	Pashto (Standard)	South Asia	SACOR_07
The bus arrived late.	بس ورو ورو راغله.	Pashto (Standard)	South Asia	SACOR_01
Children learn best when they are interested.	ماشومان غوره زده کوي کله چې دوی علاقه لري.	Pashto (Standard)	South Asia	SACOR_02
Eating fresh fruits provides essential vitamins.	د تازه میوو خوړل اړین ویتامینونه برابروي.	Pashto (Standard)	South Asia	SACOR_06
People celebrate festivals with great joy.	خلک د خوښۍ سره جشنونه لمانځي.	Pashto (Standard)	South Asia	SACOR_02
Tourism brings revenue to regions with historical sites.	سیاحت د تاریخي سایټونو سیمو ته عاید راولي.	Pashto (Standard)	South Asia	SACOR_06
Parents sacrifice their own needs for children.	والدین د ماشومانو لپاره خپل اړتیاوې قربان کوي.	Pashto (Standard)	South Asia	SACOR_04
Handicrafts showcase artistic traditions.	دستي کارونه هنري دودونه ښکاره کوي.	Pashto (Standard)	South Asia	SACOR_03
The internet connects people across continents.	انټرنیټ د براعظمونو په اوږدو کې خلک سره نښلوي.	Pashto (Standard)	South Asia	SACOR_06
Respecting elders is an important value.	د زړونو درناوی مهمه ارزښت دی.	Pashto (Standard)	South Asia	SACOR_10
Elderly people share wisdom and stories.	زړون خلک حکمت او کیسې شریکوي.	Pashto (Standard)	South Asia	SACOR_05
Family members support each other during difficult times.	د کورنۍ غړي د ستونزمنو وختونو کې یو بل ساتنه کوي.	Pashto (Standard)	South Asia	SACOR_08
Train journeys offer scenic views.	د اورګاډو سفرونه د مناظرو لید ورکوي.	Pashto (Standard)	South Asia	SACOR_10
Education opens doors to opportunities.	زده کړه د فرصتونو دروازې خلاصوي.	Pashto (Standard)	South Asia	SACOR_06
The wedding ceremony lasted three days.	د واده مراسم درې ورځې دوام وکړ.	Pashto (Standard)	South Asia	SACOR_01
Teachers shape young minds.	استادان د ځوان ذهنونو شکل ورکوي.	Pashto (Standard)	South Asia	SACOR_08
Spices add flavor to traditional dishes.	مسالې دودیزو خوړلو ته خوند ورکوي.	Pashto (Standard)	South Asia	SACOR_05
The river flows peacefully through the valley.	سیند په دره کې په آرامۍ سره بهیږي.	Pashto (Standard)	South Asia	SACOR_01
The professor wrote equations on the blackboard.	پروفیسور په تختې کې معادلې ولیکلې.	Pashto (Standard)	South Asia	SACOR_08
Doctors work long hours to treat patients.	داکتران د ناروغانو درملنې لپاره اوږد ساعتونه کار کوي.	Pashto (Standard)	South Asia	SACOR_02
Online shopping has become popular.	آنلاین پلورلې محبوبه شوې ده.	Pashto (Standard)	South Asia	SACOR_08
Smartphones have changed how people communicate.	سمارټ فونونو د خلکو د اړیکو لاره بدله کړې ده.	Pashto (Standard)	South Asia	SACOR_04
People travel long distances to visit religious sites.	خلک د مذهبي سایټونو لیدلو لپاره اوږد فاصلې سفر کوي.	Pashto (Standard)	South Asia	SACOR_03
Traditional music is important for our heritage.	دودیز موسیقي زموږ د میراث لپاره مهمه ده.	Pashto (Standard)	South Asia	SACOR_08
Clear communication prevents misunderstandings.	روښانه اړیکه د ناپوهیو مخه نیسي.	Pashto (Standard)	South Asia	SACOR_10
Birds were chirping in the trees.	مرغۍ په ونو کې چغېدلې.	Pashto (Standard)	South Asia	SACOR_09
The school organized a science fair.	ښوونځي د ساینس نندارې تنظیم کړه.	Pashto (Standard)	South Asia	SACOR_01
She cooked delicious biryani for the family.	هغې د کورنۍ لپاره خوندور بریاني پخ کړه.	Pashto (Standard)	South Asia	SACOR_06
Learning a new language requires practice.	د نوې ژبې زده کړه تمرین ته اړتیا لري.	Pashto (Standard)	South Asia	SACOR_10
Pollution in cities has become a serious problem.	په ښارونو کې ککړتیا یوه سخت ستونزه شوې ده.	Pashto (Standard)	South Asia	SACOR_06
Farmers planted rice in the flooded fields.	کرهڼه کونکي د اوبو لاندې کروندو کې وريجې وکړې.	Pashto (Standard)	South Asia	SACOR_01
Storytelling preserves culture and knowledge.	کیسه ویل د کلتوري او پوهې ساتنه کوي.	Pashto (Standard)	South Asia	SACOR_04
The forest is home to many wild animals.	ځنګل د ډیرو وحشي حیواناتو کور دی.	Pashto (Standard)	South Asia	SACOR_02
Children were playing cricket in the street.	ماشومان په سړک کې کریکټ لوبېدل.	Pashto (Standard)	South Asia	SACOR_01
I woke up early this morning.	زه نن سهار وختي پاړ شوم.	Pashto (Standard)	South Asia	SACOR_01
The market was crowded with people.	بازار د خلکو سره ډک و.	Pashto (Standard)	South Asia	SACOR_07
We decided to visit the old temple.	موږ د پخواني معبد لیدلو پریکړه وکړه.	Pashto (Standard)	South Asia	SACOR_05
My grandmother told me stories.	زما نیا ما ماته کیسې وړې.	Pashto (Standard)	South Asia	SACOR_10
Sports teach teamwork and discipline.	لوبې د ټیم کار او نظم زده کوي.	Pashto (Standard)	South Asia	SACOR_04
Teachers shape young minds.	استادان د ځوان ذهنونو شکل ورکوي.	Pashto (Standard)	South Asia	SACOR_05
Doctors recommend drinking plenty of water.	داکتران د ډیرو اوبو څښل وړاندیز کوي.	Pashto (Standard)	South Asia	SACOR_01
Education opens doors to opportunities.	زده کړه د فرصتونو دروازې خلاصوي.	Pashto (Standard)	South Asia	SACOR_04
After finishing his work, he sat down.	د خپل کار پای ته رسولو وروسته، ناست شو.	Pashto (Standard)	South Asia	SACOR_10
Respecting elders is an important value.	د زړونو درناوی مهمه ارزښت دی.	Pashto (Standard)	South Asia	SACOR_02
She received a scholarship to study medicine.	هغې د طب زده کړې لپاره بورسیه ترلاسه کړه.	Pashto (Standard)	South Asia	SACOR_01
The river flows peacefully through the valley.	سیند په دره کې په آرامۍ سره بهیږي.	Pashto (Standard)	South Asia	SACOR_05
Reading books improves vocabulary.	د کتابونو لوستل د لغت ښه والی کوي.	Pashto (Standard)	South Asia	SACOR_06
People celebrate festivals with great joy.	خلک د خوښۍ سره جشنونه لمانځي.	Pashto (Standard)	South Asia	SACOR_03
Handicrafts showcase artistic traditions.	دستي کارونه هنري دودونه ښکاره کوي.	Pashto (Standard)	South Asia	SACOR_01
Parents sacrifice their own needs for children.	والدین د ماشومانو لپاره خپل اړتیاوې قربان کوي.	Pashto (Standard)	South Asia	SACOR_04
The wedding ceremony lasted three days.	د واده مراسم درې ورځې دوام وکړ.	Pashto (Standard)	South Asia	SACOR_07
Elderly people share wisdom and stories.	زړون خلک حکمت او کیسې شریکوي.	Pashto (Standard)	South Asia	SACOR_01
Small businesses create employment opportunities.	کوچني سوداګرۍ د دندو فرصتونه رامنځته کوي.	Pashto (Standard)	South Asia	SACOR_09
Storytelling preserves culture and knowledge.	کیسه ویل د کلتوري او پوهې ساتنه کوي.	Pashto (Standard)	South Asia	SACOR_10
The school organized a science fair.	ښوونځي د ساینس نندارې تنظیم کړه.	Pashto (Standard)	South Asia	SACOR_05
I woke up early this morning.	زه نن سهار وختي پاړ شوم.	Pashto (Standard)	South Asia	SACOR_02
Children learn best when they are interested.	ماشومان غوره زده کوي کله چې دوی علاقه لري.	Pashto (Standard)	South Asia	SACOR_02
Regular exercise helps maintain good health.	منظم تمرین د ښه روغتیا ساتلو کې مرسته کوي.	Pashto (Standard)	South Asia	SACOR_09
She walked slowly through the garden.	هغې په باغ کې ورو ورو تېره شوه.	Pashto (Standard)	South Asia	SACOR_05
The internet connects people across continents.	انټرنیټ د براعظمونو په اوږدو کې خلک سره نښلوي.	Pashto (Standard)	South Asia	SACOR_10
Clear communication prevents misunderstandings.	روښانه اړیکه د ناپوهیو مخه نیسي.	Pashto (Standard)	South Asia	SACOR_02
Farmers planted rice in the flooded fields.	کرهڼه کونکي د اوبو لاندې کروندو کې وريجې وکړې.	Pashto (Standard)	South Asia	SACOR_04
The teacher explained the lesson patiently.	استاد صبر سره درس تشریح کړ.	Pashto (Standard)	South Asia	SACOR_06
Spices add flavor to traditional dishes.	مسالې دودیزو خوړلو ته خوند ورکوي.	Pashto (Standard)	South Asia	SACOR_10
Children were playing cricket in the street.	ماشومان په سړک کې کریکټ لوبېدل.	Pashto (Standard)	South Asia	SACOR_10
Eating fresh fruits provides essential vitamins.	د تازه میوو خوړل اړین ویتامینونه برابروي.	Pashto (Standard)	South Asia	SACOR_03
Learning a new language requires practice.	د نوې ژبې زده کړه تمرین ته اړتیا لري.	Pashto (Standard)	South Asia	SACOR_09
Family members support each other during difficult times.	د کورنۍ غړي د ستونزمنو وختونو کې یو بل ساتنه کوي.	Pashto (Standard)	South Asia	SACOR_06
She cooked delicious biryani for the family.	هغې د کورنۍ لپاره خوندور بریاني پخ کړه.	Pashto (Standard)	South Asia	SACOR_06
Birds were chirping in the trees.	مرغۍ په ونو کې چغېدلې.	Pashto (Standard)	South Asia	SACOR_04
The bus arrived late.	بس ورو ورو راغله.	Pashto (Standard)	South Asia	SACOR_06
Cooking together brings family members closer.	یوځای پخول د کورنۍ غړو ته نږدې راولي.	Pashto (Standard)	South Asia	SACOR_10
My grandmother told me stories.	زما نیا ما ماته کیسې وړې.	Pashto (Standard)	South Asia	SACOR_06
Doctors work long hours to treat patients.	داکتران د ناروغانو درملنې لپاره اوږد ساعتونه کار کوي.	Pashto (Standard)	South Asia	SACOR_03
We decided to visit the old temple.	موږ د پخواني معبد لیدلو پریکړه وکړه.	Pashto (Standard)	South Asia	SACOR_01
The forest is home to many wild animals.	ځنګل د ډیرو وحشي حیواناتو کور دی.	Pashto (Standard)	South Asia	SACOR_06
Pollution in cities has become a serious problem.	په ښارونو کې ککړتیا یوه سخت ستونزه شوې ده.	Pashto (Standard)	South Asia	SACOR_07
Tea is served to guests as a gesture of hospitality.	د مېلمانو د مېلمستیا د نښې په توګه چای وړاندې کیږي.	Pashto (Standard)	South Asia	SACOR_02
Digital payments have made transactions faster.	ډیجیټل تادیاتو معاملات ګړندي کړي دي.	Pashto (Standard)	South Asia	SACOR_01
Sports teach teamwork and discipline.	لوبې د ټیم کار او نظم زده کوي.	Pashto (Standard)	South Asia	SACOR_01
Train journeys offer scenic views.	د اورګاډو سفرونه د مناظرو لید ورکوي.	Pashto (Standard)	South Asia	SACOR_07
The professor wrote equations on the blackboard.	پروفیسور په تختې کې معادلې ولیکلې.	Pashto (Standard)	South Asia	SACOR_08
Agriculture remains the primary source of income.	کرهڼه د عاید اصلي سرچینه پاتې ده.	Pashto (Standard)	South Asia	SACOR_10
Farmers wake up early to tend to crops.	کرهڼه کونکي د محصولاتو پاملرنې لپاره وختي پاړ کېږي.	Pashto (Standard)	South Asia	SACOR_10
Smartphones have changed how people communicate.	سمارټ فونونو د خلکو د اړیکو لاره بدله کړې ده.	Pashto (Standard)	South Asia	SACOR_01
Traditional music is important for our heritage.	دودیز موسیقي زموږ د میراث لپاره مهمه ده.	Pashto (Standard)	South Asia	SACOR_01
People travel long distances to visit religious sites.	خلک د مذهبي سایټونو لیدلو لپاره اوږد فاصلې سفر کوي.	Pashto (Standard)	South Asia	SACOR_07
Tourism brings revenue to regions with historical sites.	سیاحت د تاریخي سایټونو سیمو ته عاید راولي.	Pashto (Standard)	South Asia	SACOR_10
The market was crowded with people.	بازار د خلکو سره ډک و.	Pashto (Standard)	South Asia	SACOR_07
Cricket is a popular sport.	کریکټ یوه مشهوره لوبه ده.	Pashto (Standard)	South Asia	SACOR_09
Students gathered in the library.	زده کوونکي په کتابتون کې راټول شول.	Pashto (Standard)	South Asia	SACOR_01
Online shopping has become popular.	آنلاین پلورلې محبوبه شوې ده.	Pashto (Standard)	South Asia	SACOR_02
Train journeys offer scenic views.	د اورګاډو سفرونه د مناظرو لید ورکوي.	Pashto (Standard)	South Asia	SACOR_09
Traditional music is important for our heritage.	دودیز موسیقي زموږ د میراث لپاره مهمه ده.	Pashto (Standard)	South Asia	SACOR_07
The teacher explained the lesson patiently.	استاد صبر سره درس تشریح کړ.	Pashto (Standard)	South Asia	SACOR_08
Family members support each other during difficult times.	د کورنۍ غړي د ستونزمنو وختونو کې یو بل ساتنه کوي.	Pashto (Standard)	South Asia	SACOR_08
Agriculture remains the primary source of income.	کرهڼه د عاید اصلي سرچینه پاتې ده.	Pashto (Standard)	South Asia	SACOR_05
Spices add flavor to traditional dishes.	مسالې دودیزو خوړلو ته خوند ورکوي.	Pashto (Standard)	South Asia	SACOR_01
She received a scholarship to study medicine.	هغې د طب زده کړې لپاره بورسیه ترلاسه کړه.	Pashto (Standard)	South Asia	SACOR_04
Cricket is a popular sport.	کریکټ یوه مشهوره لوبه ده.	Pashto (Standard)	South Asia	SACOR_08
She cooked delicious biryani for the family.	هغې د کورنۍ لپاره خوندور بریاني پخ کړه.	Pashto (Standard)	South Asia	SACOR_09
The river flows peacefully through the valley.	سیند په دره کې په آرامۍ سره بهیږي.	Pashto (Standard)	South Asia	SACOR_05
After finishing his work, he sat down.	د خپل کار پای ته رسولو وروسته، ناست شو.	Pashto (Standard)	South Asia	SACOR_03
Children were playing cricket in the street.	ماشومان په سړک کې کریکټ لوبېدل.	Pashto (Standard)	South Asia	SACOR_04
The wedding ceremony lasted three days.	د واده مراسم درې ورځې دوام وکړ.	Pashto (Standard)	South Asia	SACOR_04
Farmers planted rice in the flooded fields.	کرهڼه کونکي د اوبو لاندې کروندو کې وريجې وکړې.	Pashto (Standard)	South Asia	SACOR_10
Children learn best when they are interested.	ماشومان غوره زده کوي کله چې دوی علاقه لري.	Pashto (Standard)	South Asia	SACOR_05
Elderly people share wisdom and stories.	زړون خلک حکمت او کیسې شریکوي.	Pashto (Standard)	South Asia	SACOR_05
My grandmother told me stories.	زما نیا ما ماته کیسې وړې.	Pashto (Standard)	South Asia	SACOR_10
Eating fresh fruits provides essential vitamins.	د تازه میوو خوړل اړین ویتامینونه برابروي.	Pashto (Standard)	South Asia	SACOR_06
Doctors recommend drinking plenty of water.	داکتران د ډیرو اوبو څښل وړاندیز کوي.	Pashto (Standard)	South Asia	SACOR_04
The school organized a science fair.	ښوونځي د ساینس نندارې تنظیم کړه.	Pashto (Standard)	South Asia	SACOR_01
Sports teach teamwork and discipline.	لوبې د ټیم کار او نظم زده کوي.	Pashto (Standard)	South Asia	SACOR_01
The professor wrote equations on the blackboard.	پروفیسور په تختې کې معادلې ولیکلې.	Pashto (Standard)	South Asia	SACOR_07
Students gathered in the library.	زده کوونکي په کتابتون کې راټول شول.	Pashto (Standard)	South Asia	SACOR_08
Tea is served to guests as a gesture of hospitality.	د مېلمانو د مېلمستیا د نښې په توګه چای وړاندې کیږي.	Pashto (Standard)	South Asia	SACOR_08
Farmers wake up early to tend to crops.	کرهڼه کونکي د محصولاتو پاملرنې لپاره وختي پاړ کېږي.	Pashto (Standard)	South Asia	SACOR_07
Tourism brings revenue to regions with historical sites.	سیاحت د تاریخي سایټونو سیمو ته عاید راولي.	Pashto (Standard)	South Asia	SACOR_03
Respecting elders is an important value.	د زړونو درناوی مهمه ارزښت دی.	Pashto (Standard)	South Asia	SACOR_06
Pollution in cities has become a serious problem.	په ښارونو کې ککړتیا یوه سخت ستونزه شوې ده.	Pashto (Standard)	South Asia	SACOR_06
Parents sacrifice their own needs for children.	والدین د ماشومانو لپاره خپل اړتیاوې قربان کوي.	Pashto (Standard)	South Asia	SACOR_01
Digital payments have made transactions faster.	ډیجیټل تادیاتو معاملات ګړندي کړي دي.	Pashto (Standard)	South Asia	SACOR_04
Regular exercise helps maintain good health.	منظم تمرین د ښه روغتیا ساتلو کې مرسته کوي.	Pashto (Standard)	South Asia	SACOR_03
Online shopping has become popular.	آنلاین پلورلې محبوبه شوې ده.	Pashto (Standard)	South Asia	SACOR_06
Learning a new language requires practice.	د نوې ژبې زده کړه تمرین ته اړتیا لري.	Pashto (Standard)	South Asia	SACOR_01
People celebrate festivals with great joy.	خلک د خوښۍ سره جشنونه لمانځي.	Pashto (Standard)	South Asia	SACOR_02
Clear communication prevents misunderstandings.	روښانه اړیکه د ناپوهیو مخه نیسي.	Pashto (Standard)	South Asia	SACOR_08
The market was crowded with people.	بازار د خلکو سره ډک و.	Pashto (Standard)	South Asia	SACOR_04
I woke up early this morning.	زه نن سهار وختي پاړ شوم.	Pashto (Standard)	South Asia	SACOR_07
The bus arrived late.	بس ورو ورو راغله.	Pashto (Standard)	South Asia	SACOR_06
Doctors work long hours to treat patients.	داکتران د ناروغانو درملنې لپاره اوږد ساعتونه کار کوي.	Pashto (Standard)	South Asia	SACOR_05
Small businesses create employment opportunities.	کوچني سوداګرۍ د دندو فرصتونه رامنځته کوي.	Pashto (Standard)	South Asia	SACOR_03
Teachers shape young minds.	استادان د ځوان ذهنونو شکل ورکوي.	Pashto (Standard)	South Asia	SACOR_07
We decided to visit the old temple.	موږ د پخواني معبد لیدلو پریکړه وکړه.	Pashto (Standard)	South Asia	SACOR_03
Storytelling preserves culture and knowledge.	کیسه ویل د کلتوري او پوهې ساتنه کوي.	Pashto (Standard)	South Asia	SACOR_05
The internet connects people across continents.	انټرنیټ د براعظمونو په اوږدو کې خلک سره نښلوي.	Pashto (Standard)	South Asia	SACOR_02
Cooking together brings family members closer.	یوځای پخول د کورنۍ غړو ته نږدې راولي.	Pashto (Standard)	South Asia	SACOR_08
Education opens doors to opportunities.	زده کړه د فرصتونو دروازې خلاصوي.	Pashto (Standard)	South Asia	SACOR_09
She walked slowly through the garden.	هغې په باغ کې ورو ورو تېره شوه.	Pashto (Standard)	South Asia	SACOR_05
The forest is home to many wild animals.	ځنګل د ډیرو وحشي حیواناتو کور دی.	Pashto (Standard)	South Asia	SACOR_03
Handicrafts showcase artistic traditions.	دستي کارونه هنري دودونه ښکاره کوي.	Pashto (Standard)	South Asia	SACOR_10
Smartphones have changed how people communicate.	سمارټ فونونو د خلکو د اړیکو لاره بدله کړې ده.	Pashto (Standard)	South Asia	SACOR_01
Reading books improves vocabulary.	د کتابونو لوستل د لغت ښه والی کوي.	Pashto (Standard)	South Asia	SACOR_03
Birds were chirping in the trees.	مرغۍ په ونو کې چغېدلې.	Pashto (Standard)	South Asia	SACOR_10
People travel long distances to visit religious sites.	خلک د مذهبي سایټونو لیدلو لپاره اوږد فاصلې سفر کوي.	Pashto (Standard)	South Asia	SACOR_03
Reading books improves vocabulary.	د کتابونو لوستل د لغت ښه والی کوي.	Pashto (Standard)	South Asia	SACOR_04
The river flows peacefully through the valley.	سیند په دره کې په آرامۍ سره بهیږي.	Pashto (Standard)	South Asia	SACOR_04
People travel long distances to visit religious sites.	خلک د مذهبي سایټونو لیدلو لپاره اوږد فاصلې سفر کوي.	Pashto (Standard)	South Asia	SACOR_05
Eating fresh fruits provides essential vitamins.	د تازه میوو خوړل اړین ویتامینونه برابروي.	Pashto (Standard)	South Asia	SACOR_06
Students gathered in the library.	زده کوونکي په کتابتون کې راټول شول.	Pashto (Standard)	South Asia	SACOR_02
Learning a new language requires practice.	د نوې ژبې زده کړه تمرین ته اړتیا لري.	Pashto (Standard)	South Asia	SACOR_02
Respecting elders is an important value.	د زړونو درناوی مهمه ارزښت دی.	Pashto (Standard)	South Asia	SACOR_01
She received a scholarship to study medicine.	هغې د طب زده کړې لپاره بورسیه ترلاسه کړه.	Pashto (Standard)	South Asia	SACOR_01
Sports teach teamwork and discipline.	لوبې د ټیم کار او نظم زده کوي.	Pashto (Standard)	South Asia	SACOR_10
Farmers planted rice in the flooded fields.	کرهڼه کونکي د اوبو لاندې کروندو کې وريجې وکړې.	Pashto (Standard)	South Asia	SACOR_01
People celebrate festivals with great joy.	خلک د خوښۍ سره جشنونه لمانځي.	Pashto (Standard)	South Asia	SACOR_07
Online shopping has become popular.	آنلاین پلورلې محبوبه شوې ده.	Pashto (Standard)	South Asia	SACOR_01
Train journeys offer scenic views.	د اورګاډو سفرونه د مناظرو لید ورکوي.	Pashto (Standard)	South Asia	SACOR_06
Education opens doors to opportunities.	زده کړه د فرصتونو دروازې خلاصوي.	Pashto (Standard)	South Asia	SACOR_04
Elderly people share wisdom and stories.	زړون خلک حکمت او کیسې شریکوي.	Pashto (Standard)	South Asia	SACOR_01
After finishing his work, he sat down.	د خپل کار پای ته رسولو وروسته، ناست شو.	Pashto (Standard)	South Asia	SACOR_09
The school organized a science fair.	ښوونځي د ساینس نندارې تنظیم کړه.	Pashto (Standard)	South Asia	SACOR_09
Spices add flavor to traditional dishes.	مسالې دودیزو خوړلو ته خوند ورکوي.	Pashto (Standard)	South Asia	SACOR_07
Handicrafts showcase artistic traditions.	دستي کارونه هنري دودونه ښکاره کوي.	Pashto (Standard)	South Asia	SACOR_09
Regular exercise helps maintain good health.	منظم تمرین د ښه روغتیا ساتلو کې مرسته کوي.	Pashto (Standard)	South Asia	SACOR_05
Parents sacrifice their own needs for children.	والدین د ماشومانو لپاره خپل اړتیاوې قربان کوي.	Pashto (Standard)	South Asia	SACOR_04
She walked slowly through the garden.	هغې په باغ کې ورو ورو تېره شوه.	Pashto (Standard)	South Asia	SACOR_01
Cricket is a popular sport.	کریکټ یوه مشهوره لوبه ده.	Pashto (Standard)	South Asia	SACOR_03
Doctors recommend drinking plenty of water.	داکتران د ډیرو اوبو څښل وړاندیز کوي.	Pashto (Standard)	South Asia	SACOR_02
Pollution in cities has become a serious problem.	په ښارونو کې ککړتیا یوه سخت ستونزه شوې ده.	Pashto (Standard)	South Asia	SACOR_02
Storytelling preserves culture and knowledge.	کیسه ویل د کلتوري او پوهې ساتنه کوي.	Pashto (Standard)	South Asia	SACOR_07
Smartphones have changed how people communicate.	سمارټ فونونو د خلکو د اړیکو لاره بدله کړې ده.	Pashto (Standard)	South Asia	SACOR_07
Birds were chirping in the trees.	مرغۍ په ونو کې چغېدلې.	Pashto (Standard)	South Asia	SACOR_08
Children were playing cricket in the street.	ماشومان په سړک کې کریکټ لوبېدل.	Pashto (Standard)	South Asia	SACOR_04
Digital payments have made transactions faster.	ډیجیټل تادیاتو معاملات ګړندي کړي دي.	Pashto (Standard)	South Asia	SACOR_03
The wedding ceremony lasted three days.	د واده مراسم درې ورځې دوام وکړ.	Pashto (Standard)	South Asia	SACOR_10
Small businesses create employment opportunities.	کوچني سوداګرۍ د دندو فرصتونه رامنځته کوي.	Pashto (Standard)	South Asia	SACOR_01
The internet connects people across continents.	انټرنیټ د براعظمونو په اوږدو کې خلک سره نښلوي.	Pashto (Standard)	South Asia	SACOR_05
Cooking together brings family members closer.	یوځای پخول د کورنۍ غړو ته نږدې راولي.	Pashto (Standard)	South Asia	SACOR_06
Family members support each other during difficult times.	د کورنۍ غړي د ستونزمنو وختونو کې یو بل ساتنه کوي.	Pashto (Standard)	South Asia	SACOR_08
The forest is home to many wild animals.	ځنګل د ډیرو وحشي حیواناتو کور دی.	Pashto (Standard)	South Asia	SACOR_06
Tourism brings revenue to regions with historical sites.	سیاحت د تاریخي سایټونو سیمو ته عاید راولي.	Pashto (Standard)	South Asia	SACOR_10
I woke up early this morning.	زه نن سهار وختي پاړ شوم.	Pashto (Standard)	South Asia	SACOR_09
Tea is served to guests as a gesture of hospitality.	د مېلمانو د مېلمستیا د نښې په توګه چای وړاندې کیږي.	Pashto (Standard)	South Asia	SACOR_09
We decided to visit the old temple.	موږ د پخواني معبد لیدلو پریکړه وکړه.	Pashto (Standard)	South Asia	SACOR_08
Teachers shape young minds.	استادان د ځوان ذهنونو شکل ورکوي.	Pashto (Standard)	South Asia	SACOR_06
Agriculture remains the primary source of income.	کرهڼه د عاید اصلي سرچینه پاتې ده.	Pashto (Standard)	South Asia	SACOR_10
She cooked delicious biryani for the family.	هغې د کورنۍ لپاره خوندور بریاني پخ کړه.	Pashto (Standard)	South Asia	SACOR_03
Doctors work long hours to treat patients.	داکتران د ناروغانو درملنې لپاره اوږد ساعتونه کار کوي.	Pashto (Standard)	South Asia	SACOR_02
Traditional music is important for our heritage.	دودیز موسیقي زموږ د میراث لپاره مهمه ده.	Pashto (Standard)	South Asia	SACOR_03
The professor wrote equations on the blackboard.	پروفیسور په تختې کې معادلې ولیکلې.	Pashto (Standard)	South Asia	SACOR_10
My grandmother told me stories.	زما نیا ما ماته کیسې وړې.	Pashto (Standard)	South Asia	SACOR_10
Children learn best when they are interested.	ماشومان غوره زده کوي کله چې دوی علاقه لري.	Pashto (Standard)	South Asia	SACOR_07
The teacher explained the lesson patiently.	استاد صبر سره درس تشریح کړ.	Pashto (Standard)	South Asia	SACOR_05
Farmers wake up early to tend to crops.	کرهڼه کونکي د محصولاتو پاملرنې لپاره وختي پاړ کېږي.	Pashto (Standard)	South Asia	SACOR_03
The bus arrived late.	بس ورو ورو راغله.	Pashto (Standard)	South Asia	SACOR_07
Clear communication prevents misunderstandings.	روښانه اړیکه د ناپوهیو مخه نیسي.	Pashto (Standard)	South Asia	SACOR_01
The market was crowded with people.	بازار د خلکو سره ډک و.	Pashto (Standard)	South Asia	SACOR_04
Children learn best when they are interested.	ماشومان غوره زده کوي کله چې دوی علاقه لري.	Pashto (Standard)	South Asia	SACOR_04
Online shopping has become popular.	آنلاین پلورلې محبوبه شوې ده.	Pashto (Standard)	South Asia	SACOR_07
The forest is home to many wild animals.	ځنګل د ډیرو وحشي حیواناتو کور دی.	Pashto (Standard)	South Asia	SACOR_03
Digital payments have made transactions faster.	ډیجیټل تادیاتو معاملات ګړندي کړي دي.	Pashto (Standard)	South Asia	SACOR_01
Cricket is a popular sport.	کریکټ یوه مشهوره لوبه ده.	Pashto (Standard)	South Asia	SACOR_03
People celebrate festivals with great joy.	خلک د خوښۍ سره جشنونه لمانځي.	Pashto (Standard)	South Asia	SACOR_08
Handicrafts showcase artistic traditions.	دستي کارونه هنري دودونه ښکاره کوي.	Pashto (Standard)	South Asia	SACOR_06
The market was crowded with people.	بازار د خلکو سره ډک و.	Pashto (Standard)	South Asia	SACOR_06
She walked slowly through the garden.	هغې په باغ کې ورو ورو تېره شوه.	Pashto (Standard)	South Asia	SACOR_09
Pollution in cities has become a serious problem.	په ښارونو کې ککړتیا یوه سخت ستونزه شوې ده.	Pashto (Standard)	South Asia	SACOR_03
Small businesses create employment opportunities.	کوچني سوداګرۍ د دندو فرصتونه رامنځته کوي.	Pashto (Standard)	South Asia	SACOR_02
The internet connects people across continents.	انټرنیټ د براعظمونو په اوږدو کې خلک سره نښلوي.	Pashto (Standard)	South Asia	SACOR_05
Students gathered in the library.	زده کوونکي په کتابتون کې راټول شول.	Pashto (Standard)	South Asia	SACOR_08
Train journeys offer scenic views.	د اورګاډو سفرونه د مناظرو لید ورکوي.	Pashto (Standard)	South Asia	SACOR_08
Education opens doors to opportunities.	زده کړه د فرصتونو دروازې خلاصوي.	Pashto (Standard)	South Asia	SACOR_01
Family members support each other during difficult times.	د کورنۍ غړي د ستونزمنو وختونو کې یو بل ساتنه کوي.	Pashto (Standard)	South Asia	SACOR_10
Eating fresh fruits provides essential vitamins.	د تازه میوو خوړل اړین ویتامینونه برابروي.	Pashto (Standard)	South Asia	SACOR_03
The bus arrived late.	بس ورو ورو راغله.	Pashto (Standard)	South Asia	SACOR_01
Traditional music is important for our heritage.	دودیز موسیقي زموږ د میراث لپاره مهمه ده.	Pashto (Standard)	South Asia	SACOR_08
The teacher explained the lesson patiently.	استاد صبر سره درس تشریح کړ.	Pashto (Standard)	South Asia	SACOR_02
The wedding ceremony lasted three days.	د واده مراسم درې ورځې دوام وکړ.	Pashto (Standard)	South Asia	SACOR_02
Farmers wake up early to tend to crops.	کرهڼه کونکي د محصولاتو پاملرنې لپاره وختي پاړ کېږي.	Pashto (Standard)	South Asia	SACOR_06
Spices add flavor to traditional dishes.	مسالې دودیزو خوړلو ته خوند ورکوي.	Pashto (Standard)	South Asia	SACOR_03
The school organized a science fair.	ښوونځي د ساینس نندارې تنظیم کړه.	Pashto (Standard)	South Asia	SACOR_04
Birds were chirping in the trees.	مرغۍ په ونو کې چغېدلې.	Pashto (Standard)	South Asia	SACOR_09
Respecting elders is an important value.	د زړونو درناوی مهمه ارزښت دی.	Pashto (Standard)	South Asia	SACOR_01
The river flows peacefully through the valley.	سیند په دره کې په آرامۍ سره بهیږي.	Pashto (Standard)	South Asia	SACOR_03
Elderly people share wisdom and stories.	زړون خلک حکمت او کیسې شریکوي.	Pashto (Standard)	South Asia	SACOR_04
Storytelling preserves culture and knowledge.	کیسه ویل د کلتوري او پوهې ساتنه کوي.	Pashto (Standard)	South Asia	SACOR_07
Parents sacrifice their own needs for children.	والدین د ماشومانو لپاره خپل اړتیاوې قربان کوي.	Pashto (Standard)	South Asia	SACOR_03
People travel long distances to visit religious sites.	خلک د مذهبي سایټونو لیدلو لپاره اوږد فاصلې سفر کوي.	Pashto (Standard)	South Asia	SACOR_02
She received a scholarship to study medicine.	هغې د طب زده کړې لپاره بورسیه ترلاسه کړه.	Pashto (Standard)	South Asia	SACOR_10
Farmers planted rice in the flooded fields.	کرهڼه کونکي د اوبو لاندې کروندو کې وريجې وکړې.	Pashto (Standard)	South Asia	SACOR_03
Clear communication prevents misunderstandings.	روښانه اړیکه د ناپوهیو مخه نیسي.	Pashto (Standard)	South Asia	SACOR_02
Sports teach teamwork and discipline.	لوبې د ټیم کار او نظم زده کوي.	Pashto (Standard)	South Asia	SACOR_06
My grandmother told me stories.	زما نیا ما ماته کیسې وړې.	Pashto (Standard)	South Asia	SACOR_09
After finishing his work, he sat down.	د خپل کار پای ته رسولو وروسته، ناست شو.	Pashto (Standard)	South Asia	SACOR_02
Cooking together brings family members closer.	یوځای پخول د کورنۍ غړو ته نږدې راولي.	Pashto (Standard)	South Asia	SACOR_09
Agriculture remains the primary source of income.	کرهڼه د عاید اصلي سرچینه پاتې ده.	Pashto (Standard)	South Asia	SACOR_10
Doctors recommend drinking plenty of water.	داکتران د ډیرو اوبو څښل وړاندیز کوي.	Pashto (Standard)	South Asia	SACOR_08
She cooked delicious biryani for the family.	هغې د کورنۍ لپاره خوندور بریاني پخ کړه.	Pashto (Standard)	South Asia	SACOR_01
Reading books improves vocabulary.	د کتابونو لوستل د لغت ښه والی کوي.	Pashto (Standard)	South Asia	SACOR_06
Learning a new language requires practice.	د نوې ژبې زده کړه تمرین ته اړتیا لري.	Pashto (Standard)	South Asia	SACOR_10
Teachers shape young minds.	استادان د ځوان ذهنونو شکل ورکوي.	Pashto (Standard)	South Asia	SACOR_02
We decided to visit the old temple.	موږ د پخواني معبد لیدلو پریکړه وکړه.	Pashto (Standard)	South Asia	SACOR_07
I woke up early this morning.	زه نن سهار وختي پاړ شوم.	Pashto (Standard)	South Asia	SACOR_02
Regular exercise helps maintain good health.	منظم تمرین د ښه روغتیا ساتلو کې مرسته کوي.	Pashto (Standard)	South Asia	SACOR_02
The professor wrote equations on the blackboard.	پروفیسور په تختې کې معادلې ولیکلې.	Pashto (Standard)	South Asia	SACOR_09
Smartphones have changed how people communicate.	سمارټ فونونو د خلکو د اړیکو لاره بدله کړې ده.	Pashto (Standard)	South Asia	SACOR_07
Children were playing cricket in the street.	ماشومان په سړک کې کریکټ لوبېدل.	Pashto (Standard)	South Asia	SACOR_04
Tourism brings revenue to regions with historical sites.	سیاحت د تاریخي سایټونو سیمو ته عاید راولي.	Pashto (Standard)	South Asia	SACOR_09
Tea is served to guests as a gesture of hospitality.	د مېلمانو د مېلمستیا د نښې په توګه چای وړاندې کیږي.	Pashto (Standard)	South Asia	SACOR_06
Doctors work long hours to treat patients.	داکتران د ناروغانو درملنې لپاره اوږد ساعتونه کار کوي.	Pashto (Standard)	South Asia	SACOR_06
The internet connects people across continents.	انټرنیټ د براعظمونو په اوږدو کې خلک سره نښلوي.	Pashto (Standard)	South Asia	SACOR_09
Birds were chirping in the trees.	مرغۍ په ونو کې چغېدلې.	Pashto (Standard)	South Asia	SACOR_09
Storytelling preserves culture and knowledge.	کیسه ویل د کلتوري او پوهې ساتنه کوي.	Pashto (Standard)	South Asia	SACOR_02
Teachers shape young minds.	استادان د ځوان ذهنونو شکل ورکوي.	Pashto (Standard)	South Asia	SACOR_10
The wedding ceremony lasted three days.	د واده مراسم درې ورځې دوام وکړ.	Pashto (Standard)	South Asia	SACOR_06
Children were playing cricket in the street.	ماشومان په سړک کې کریکټ لوبېدل.	Pashto (Standard)	South Asia	SACOR_10
Sports teach teamwork and discipline.	لوبې د ټیم کار او نظم زده کوي.	Pashto (Standard)	South Asia	SACOR_08
The bus arrived late.	بس ورو ورو راغله.	Pashto (Standard)	South Asia	SACOR_08
She walked slowly through the garden.	هغې په باغ کې ورو ورو تېره شوه.	Pashto (Standard)	South Asia	SACOR_03
Elderly people share wisdom and stories.	زړون خلک حکمت او کیسې شریکوي.	Pashto (Standard)	South Asia	SACOR_02
The forest is home to many wild animals.	ځنګل د ډیرو وحشي حیواناتو کور دی.	Pashto (Standard)	South Asia	SACOR_07
Eating fresh fruits provides essential vitamins.	د تازه میوو خوړل اړین ویتامینونه برابروي.	Pashto (Standard)	South Asia	SACOR_09
Doctors recommend drinking plenty of water.	داکتران د ډیرو اوبو څښل وړاندیز کوي.	Pashto (Standard)	South Asia	SACOR_09
Learning a new language requires practice.	د نوې ژبې زده کړه تمرین ته اړتیا لري.	Pashto (Standard)	South Asia	SACOR_01
Small businesses create employment opportunities.	کوچني سوداګرۍ د دندو فرصتونه رامنځته کوي.	Pashto (Standard)	South Asia	SACOR_01
Spices add flavor to traditional dishes.	مسالې دودیزو خوړلو ته خوند ورکوي.	Pashto (Standard)	South Asia	SACOR_06
She received a scholarship to study medicine.	هغې د طب زده کړې لپاره بورسیه ترلاسه کړه.	Pashto (Standard)	South Asia	SACOR_04
The school organized a science fair.	ښوونځي د ساینس نندارې تنظیم کړه.	Pashto (Standard)	South Asia	SACOR_08
The professor wrote equations on the blackboard.	پروفیسور په تختې کې معادلې ولیکلې.	Pashto (Standard)	South Asia	SACOR_09
The market was crowded with people.	بازار د خلکو سره ډک و.	Pashto (Standard)	South Asia	SACOR_10
People travel long distances to visit religious sites.	خلک د مذهبي سایټونو لیدلو لپاره اوږد فاصلې سفر کوي.	Pashto (Standard)	South Asia	SACOR_04
The river flows peacefully through the valley.	سیند په دره کې په آرامۍ سره بهیږي.	Pashto (Standard)	South Asia	SACOR_02
After finishing his work, he sat down.	د خپل کار پای ته رسولو وروسته، ناست شو.	Pashto (Standard)	South Asia	SACOR_09
The teacher explained the lesson patiently.	استاد صبر سره درس تشریح کړ.	Pashto (Standard)	South Asia	SACOR_07
Digital payments have made transactions faster.	ډیجیټل تادیاتو معاملات ګړندي کړي دي.	Pashto (Standard)	South Asia	SACOR_10
Education opens doors to opportunities.	زده کړه د فرصتونو دروازې خلاصوي.	Pashto (Standard)	South Asia	SACOR_03
Students gathered in the library.	زده کوونکي په کتابتون کې راټول شول.	Pashto (Standard)	South Asia	SACOR_09
Regular exercise helps maintain good health.	منظم تمرین د ښه روغتیا ساتلو کې مرسته کوي.	Pashto (Standard)	South Asia	SACOR_10
People celebrate festivals with great joy.	خلک د خوښۍ سره جشنونه لمانځي.	Pashto (Standard)	South Asia	SACOR_08
She cooked delicious biryani for the family.	هغې د کورنۍ لپاره خوندور بریاني پخ کړه.	Pashto (Standard)	South Asia	SACOR_03
Children learn best when they are interested.	ماشومان غوره زده کوي کله چې دوی علاقه لري.	Pashto (Standard)	South Asia	SACOR_09
Respecting elders is an important value.	د زړونو درناوی مهمه ارزښت دی.	Pashto (Standard)	South Asia	SACOR_05
Online shopping has become popular.	آنلاین پلورلې محبوبه شوې ده.	Pashto (Standard)	South Asia	SACOR_06
Pollution in cities has become a serious problem.	په ښارونو کې ککړتیا یوه سخت ستونزه شوې ده.	Pashto (Standard)	South Asia	SACOR_05
Doctors work long hours to treat patients.	داکتران د ناروغانو درملنې لپاره اوږد ساعتونه کار کوي.	Pashto (Standard)	South Asia	SACOR_01
Cooking together brings family members closer.	یوځای پخول د کورنۍ غړو ته نږدې راولي.	Pashto (Standard)	South Asia	SACOR_02
Reading books improves vocabulary.	د کتابونو لوستل د لغت ښه والی کوي.	Pashto (Standard)	South Asia	SACOR_09
Agriculture remains the primary source of income.	کرهڼه د عاید اصلي سرچینه پاتې ده.	Pashto (Standard)	South Asia	SACOR_03
My grandmother told me stories.	زما نیا ما ماته کیسې وړې.	Pashto (Standard)	South Asia	SACOR_03
Family members support each other during difficult times.	د کورنۍ غړي د ستونزمنو وختونو کې یو بل ساتنه کوي.	Pashto (Standard)	South Asia	SACOR_08
Traditional music is important for our heritage.	دودیز موسیقي زموږ د میراث لپاره مهمه ده.	Pashto (Standard)	South Asia	SACOR_03
Tourism brings revenue to regions with historical sites.	سیاحت د تاریخي سایټونو سیمو ته عاید راولي.	Pashto (Standard)	South Asia	SACOR_01
Farmers planted rice in the flooded fields.	کرهڼه کونکي د اوبو لاندې کروندو کې وريجې وکړې.	Pashto (Standard)	South Asia	SACOR_01
Cricket is a popular sport.	کریکټ یوه مشهوره لوبه ده.	Pashto (Standard)	South Asia	SACOR_03
Clear communication prevents misunderstandings.	روښانه اړیکه د ناپوهیو مخه نیسي.	Pashto (Standard)	South Asia	SACOR_09
I woke up early this morning.	زه نن سهار وختي پاړ شوم.	Pashto (Standard)	South Asia	SACOR_04
Smartphones have changed how people communicate.	سمارټ فونونو د خلکو د اړیکو لاره بدله کړې ده.	Pashto (Standard)	South Asia	SACOR_10
Train journeys offer scenic views.	د اورګاډو سفرونه د مناظرو لید ورکوي.	Pashto (Standard)	South Asia	SACOR_05
Tea is served to guests as a gesture of hospitality.	د مېلمانو د مېلمستیا د نښې په توګه چای وړاندې کیږي.	Pashto (Standard)	South Asia	SACOR_09
We decided to visit the old temple.	موږ د پخواني معبد لیدلو پریکړه وکړه.	Pashto (Standard)	South Asia	SACOR_03
Handicrafts showcase artistic traditions.	دستي کارونه هنري دودونه ښکاره کوي.	Pashto (Standard)	South Asia	SACOR_04
Farmers wake up early to tend to crops.	کرهڼه کونکي د محصولاتو پاملرنې لپاره وختي پاړ کېږي.	Pashto (Standard)	South Asia	SACOR_03
Parents sacrifice their own needs for children.	والدین د ماشومانو لپاره خپل اړتیاوې قربان کوي.	Pashto (Standard)	South Asia	SACOR_03
She walked slowly through the garden.	هغې په باغ کې ورو ورو تېره شوه.	Pashto (Standard)	South Asia	SACOR_01
Doctors work long hours to treat patients.	داکتران د ناروغانو درملنې لپاره اوږد ساعتونه کار کوي.	Pashto (Standard)	South Asia	SACOR_05
Train journeys offer scenic views.	د اورګاډو سفرونه د مناظرو لید ورکوي.	Pashto (Standard)	South Asia	SACOR_02
Children were playing cricket in the street.	ماشومان په سړک کې کریکټ لوبېدل.	Pashto (Standard)	South Asia	SACOR_05
Storytelling preserves culture and knowledge.	کیسه ویل د کلتوري او پوهې ساتنه کوي.	Pashto (Standard)	South Asia	SACOR_05
Pollution in cities has become a serious problem.	په ښارونو کې ککړتیا یوه سخت ستونزه شوې ده.	Pashto (Standard)	South Asia	SACOR_08
She received a scholarship to study medicine.	هغې د طب زده کړې لپاره بورسیه ترلاسه کړه.	Pashto (Standard)	South Asia	SACOR_05
My grandmother told me stories.	زما نیا ما ماته کیسې وړې.	Pashto (Standard)	South Asia	SACOR_04
Farmers wake up early to tend to crops.	کرهڼه کونکي د محصولاتو پاملرنې لپاره وختي پاړ کېږي.	Pashto (Standard)	South Asia	SACOR_03
The internet connects people across continents.	انټرنیټ د براعظمونو په اوږدو کې خلک سره نښلوي.	Pashto (Standard)	South Asia	SACOR_09
Spices add flavor to traditional dishes.	مسالې دودیزو خوړلو ته خوند ورکوي.	Pashto (Standard)	South Asia	SACOR_02
Digital payments have made transactions faster.	ډیجیټل تادیاتو معاملات ګړندي کړي دي.	Pashto (Standard)	South Asia	SACOR_02
Reading books improves vocabulary.	د کتابونو لوستل د لغت ښه والی کوي.	Pashto (Standard)	South Asia	SACOR_07
Teachers shape young minds.	استادان د ځوان ذهنونو شکل ورکوي.	Pashto (Standard)	South Asia	SACOR_06
Students gathered in the library.	زده کوونکي په کتابتون کې راټول شول.	Pashto (Standard)	South Asia	SACOR_10
Farmers planted rice in the flooded fields.	کرهڼه کونکي د اوبو لاندې کروندو کې وريجې وکړې.	Pashto (Standard)	South Asia	SACOR_10
Smartphones have changed how people communicate.	سمارټ فونونو د خلکو د اړیکو لاره بدله کړې ده.	Pashto (Standard)	South Asia	SACOR_04
The river flows peacefully through the valley.	سیند په دره کې په آرامۍ سره بهیږي.	Pashto (Standard)	South Asia	SACOR_01
Clear communication prevents misunderstandings.	روښانه اړیکه د ناپوهیو مخه نیسي.	Pashto (Standard)	South Asia	SACOR_03
Eating fresh fruits provides essential vitamins.	د تازه میوو خوړل اړین ویتامینونه برابروي.	Pashto (Standard)	South Asia	SACOR_01
Birds were chirping in the trees.	مرغۍ په ونو کې چغېدلې.	Pashto (Standard)	South Asia	SACOR_03
Agriculture remains the primary source of income.	کرهڼه د عاید اصلي سرچینه پاتې ده.	Pashto (Standard)	South Asia	SACOR_01
Parents sacrifice their own needs for children.	والدین د ماشومانو لپاره خپل اړتیاوې قربان کوي.	Pashto (Standard)	South Asia	SACOR_04
After finishing his work, he sat down.	د خپل کار پای ته رسولو وروسته، ناست شو.	Pashto (Standard)	South Asia	SACOR_01
The bus arrived late.	بس ورو ورو راغله.	Pashto (Standard)	South Asia	SACOR_05
Doctors recommend drinking plenty of water.	داکتران د ډیرو اوبو څښل وړاندیز کوي.	Pashto (Standard)	South Asia	SACOR_03
Elderly people share wisdom and stories.	زړون خلک حکمت او کیسې شریکوي.	Pashto (Standard)	South Asia	SACOR_04
Small businesses create employment opportunities.	کوچني سوداګرۍ د دندو فرصتونه رامنځته کوي.	Pashto (Standard)	South Asia	SACOR_03
We decided to visit the old temple.	موږ د پخواني معبد لیدلو پریکړه وکړه.	Pashto (Standard)	South Asia	SACOR_03
Regular exercise helps maintain good health.	منظم تمرین د ښه روغتیا ساتلو کې مرسته کوي.	Pashto (Standard)	South Asia	SACOR_08
Children learn best when they are interested.	ماشومان غوره زده کوي کله چې دوی علاقه لري.	Pashto (Standard)	South Asia	SACOR_08
Family members support each other during difficult times.	د کورنۍ غړي د ستونزمنو وختونو کې یو بل ساتنه کوي.	Pashto (Standard)	South Asia	SACOR_06
Learning a new language requires practice.	د نوې ژبې زده کړه تمرین ته اړتیا لري.	Pashto (Standard)	South Asia	SACOR_03
The forest is home to many wild animals.	ځنګل د ډیرو وحشي حیواناتو کور دی.	Pashto (Standard)	South Asia	SACOR_02
Education opens doors to opportunities.	زده کړه د فرصتونو دروازې خلاصوي.	Pashto (Standard)	South Asia	SACOR_04
Tea is served to guests as a gesture of hospitality.	د مېلمانو د مېلمستیا د نښې په توګه چای وړاندې کیږي.	Pashto (Standard)	South Asia	SACOR_06
Online shopping has become popular.	آنلاین پلورلې محبوبه شوې ده.	Pashto (Standard)	South Asia	SACOR_04
Cricket is a popular sport.	کریکټ یوه مشهوره لوبه ده.	Pashto (Standard)	South Asia	SACOR_01
The market was crowded with people.	بازار د خلکو سره ډک و.	Pashto (Standard)	South Asia	SACOR_03
The teacher explained the lesson patiently.	استاد صبر سره درس تشریح کړ.	Pashto (Standard)	South Asia	SACOR_09
The school organized a science fair.	ښوونځي د ساینس نندارې تنظیم کړه.	Pashto (Standard)	South Asia	SACOR_02
People travel long distances to visit religious sites.	خلک د مذهبي سایټونو لیدلو لپاره اوږد فاصلې سفر کوي.	Pashto (Standard)	South Asia	SACOR_07
Tourism brings revenue to regions with historical sites.	سیاحت د تاریخي سایټونو سیمو ته عاید راولي.	Pashto (Standard)	South Asia	SACOR_06
Sports teach teamwork and discipline.	لوبې د ټیم کار او نظم زده کوي.	Pashto (Standard)	South Asia	SACOR_01
The professor wrote equations on the blackboard.	پروفیسور په تختې کې معادلې ولیکلې.	Pashto (Standard)	South Asia	SACOR_07
Cooking together brings family members closer.	یوځای پخول د کورنۍ غړو ته نږدې راولي.	Pashto (Standard)	South Asia	SACOR_05
Handicrafts showcase artistic traditions.	دستي کارونه هنري دودونه ښکاره کوي.	Pashto (Standard)	South Asia	SACOR_07
I woke up early this morning.	زه نن سهار وختي پاړ شوم.	Pashto (Standard)	South Asia	SACOR_04
Traditional music is important for our heritage.	دودیز موسیقي زموږ د میراث لپاره مهمه ده.	Pashto (Standard)	South Asia	SACOR_01
The wedding ceremony lasted three days.	د واده مراسم درې ورځې دوام وکړ.	Pashto (Standard)	South Asia	SACOR_01
She cooked delicious biryani for the family.	هغې د کورنۍ لپاره خوندور بریاني پخ کړه.	Pashto (Standard)	South Asia	SACOR_06
Respecting elders is an important value.	د زړونو درناوی مهمه ارزښت دی.	Pashto (Standard)	South Asia	SACOR_10
People celebrate festivals with great joy.	خلک د خوښۍ سره جشنونه لمانځي.	Pashto (Standard)	South Asia	SACOR_04
Learning a new language requires practice.	د نوې ژبې زده کړه تمرین ته اړتیا لري.	Pashto (Standard)	South Asia	SACOR_08
Smartphones have changed how people communicate.	سمارټ فونونو د خلکو د اړیکو لاره بدله کړې ده.	Pashto (Standard)	South Asia	SACOR_08
The internet connects people across continents.	انټرنیټ د براعظمونو په اوږدو کې خلک سره نښلوي.	Pashto (Standard)	South Asia	SACOR_08
My grandmother told me stories.	زما نیا ما ماته کیسې وړې.	Pashto (Standard)	South Asia	SACOR_06
Small businesses create employment opportunities.	کوچني سوداګرۍ د دندو فرصتونه رامنځته کوي.	Pashto (Standard)	South Asia	SACOR_07
The market was crowded with people.	بازار د خلکو سره ډک و.	Pashto (Standard)	South Asia	SACOR_10
People celebrate festivals with great joy.	خلک د خوښۍ سره جشنونه لمانځي.	Pashto (Standard)	South Asia	SACOR_02
Agriculture remains the primary source of income.	کرهڼه د عاید اصلي سرچینه پاتې ده.	Pashto (Standard)	South Asia	SACOR_10
Elderly people share wisdom and stories.	زړون خلک حکمت او کیسې شریکوي.	Pashto (Standard)	South Asia	SACOR_09
She cooked delicious biryani for the family.	هغې د کورنۍ لپاره خوندور بریاني پخ کړه.	Pashto (Standard)	South Asia	SACOR_04
Train journeys offer scenic views.	د اورګاډو سفرونه د مناظرو لید ورکوي.	Pashto (Standard)	South Asia	SACOR_03
We decided to visit the old temple.	موږ د پخواني معبد لیدلو پریکړه وکړه.	Pashto (Standard)	South Asia	SACOR_02
Storytelling preserves culture and knowledge.	کیسه ویل د کلتوري او پوهې ساتنه کوي.	Pashto (Standard)	South Asia	SACOR_01
Children were playing cricket in the street.	ماشومان په سړک کې کریکټ لوبېدل.	Pashto (Standard)	South Asia	SACOR_03
Cooking together brings family members closer.	یوځای پخول د کورنۍ غړو ته نږدې راولي.	Pashto (Standard)	South Asia	SACOR_10
Reading books improves vocabulary.	د کتابونو لوستل د لغت ښه والی کوي.	Pashto (Standard)	South Asia	SACOR_02
Farmers planted rice in the flooded fields.	کرهڼه کونکي د اوبو لاندې کروندو کې وريجې وکړې.	Pashto (Standard)	South Asia	SACOR_07
Education opens doors to opportunities.	زده کړه د فرصتونو دروازې خلاصوي.	Pashto (Standard)	South Asia	SACOR_02
Tourism brings revenue to regions with historical sites.	سیاحت د تاریخي سایټونو سیمو ته عاید راولي.	Pashto (Standard)	South Asia	SACOR_08
Children learn best when they are interested.	ماشومان غوره زده کوي کله چې دوی علاقه لري.	Pashto (Standard)	South Asia	SACOR_05
Regular exercise helps maintain good health.	منظم تمرین د ښه روغتیا ساتلو کې مرسته کوي.	Pashto (Standard)	South Asia	SACOR_07
The wedding ceremony lasted three days.	د واده مراسم درې ورځې دوام وکړ.	Pashto (Standard)	South Asia	SACOR_10
Pollution in cities has become a serious problem.	په ښارونو کې ککړتیا یوه سخت ستونزه شوې ده.	Pashto (Standard)	South Asia	SACOR_01
Farmers wake up early to tend to crops.	کرهڼه کونکي د محصولاتو پاملرنې لپاره وختي پاړ کېږي.	Pashto (Standard)	South Asia	SACOR_03
The teacher explained the lesson patiently.	استاد صبر سره درس تشریح کړ.	Pashto (Standard)	South Asia	SACOR_10
Doctors work long hours to treat patients.	داکتران د ناروغانو درملنې لپاره اوږد ساعتونه کار کوي.	Pashto (Standard)	South Asia	SACOR_09
The school organized a science fair.	ښوونځي د ساینس نندارې تنظیم کړه.	Pashto (Standard)	South Asia	SACOR_04
The professor wrote equations on the blackboard.	پروفیسور په تختې کې معادلې ولیکلې.	Pashto (Standard)	South Asia	SACOR_02
She received a scholarship to study medicine.	هغې د طب زده کړې لپاره بورسیه ترلاسه کړه.	Pashto (Standard)	South Asia	SACOR_01
Clear communication prevents misunderstandings.	روښانه اړیکه د ناپوهیو مخه نیسي.	Pashto (Standard)	South Asia	SACOR_05
She walked slowly through the garden.	هغې په باغ کې ورو ورو تېره شوه.	Pashto (Standard)	South Asia	SACOR_04
Online shopping has become popular.	آنلاین پلورلې محبوبه شوې ده.	Pashto (Standard)	South Asia	SACOR_09
Doctors recommend drinking plenty of water.	داکتران د ډیرو اوبو څښل وړاندیز کوي.	Pashto (Standard)	South Asia	SACOR_05
Spices add flavor to traditional dishes.	مسالې دودیزو خوړلو ته خوند ورکوي.	Pashto (Standard)	South Asia	SACOR_02
Traditional music is important for our heritage.	دودیز موسیقي زموږ د میراث لپاره مهمه ده.	Pashto (Standard)	South Asia	SACOR_10
Teachers shape young minds.	استادان د ځوان ذهنونو شکل ورکوي.	Pashto (Standard)	South Asia	SACOR_07
The river flows peacefully through the valley.	سیند په دره کې په آرامۍ سره بهیږي.	Pashto (Standard)	South Asia	SACOR_07
Eating fresh fruits provides essential vitamins.	د تازه میوو خوړل اړین ویتامینونه برابروي.	Pashto (Standard)	South Asia	SACOR_03
The bus arrived late.	بس ورو ورو راغله.	Pashto (Standard)	South Asia	SACOR_03
Family members support each other during difficult times.	د کورنۍ غړي د ستونزمنو وختونو کې یو بل ساتنه کوي.	Pashto (Standard)	South Asia	SACOR_10
After finishing his work, he sat down.	د خپل کار پای ته رسولو وروسته، ناست شو.	Pashto (Standard)	South Asia	SACOR_02
People travel long distances to visit religious sites.	خلک د مذهبي سایټونو لیدلو لپاره اوږد فاصلې سفر کوي.	Pashto (Standard)	South Asia	SACOR_04
Handicrafts showcase artistic traditions.	دستي کارونه هنري دودونه ښکاره کوي.	Pashto (Standard)	South Asia	SACOR_02
Parents sacrifice their own needs for children.	والدین د ماشومانو لپاره خپل اړتیاوې قربان کوي.	Pashto (Standard)	South Asia	SACOR_07
Tea is served to guests as a gesture of hospitality.	د مېلمانو د مېلمستیا د نښې په توګه چای وړاندې کیږي.	Pashto (Standard)	South Asia	SACOR_08
Sports teach teamwork and discipline.	لوبې د ټیم کار او نظم زده کوي.	Pashto (Standard)	South Asia	SACOR_01
Cricket is a popular sport.	کریکټ یوه مشهوره لوبه ده.	Pashto (Standard)	South Asia	SACOR_09
The forest is home to many wild animals.	ځنګل د ډیرو وحشي حیواناتو کور دی.	Pashto (Standard)	South Asia	SACOR_01
Students gathered in the library.	زده کوونکي په کتابتون کې راټول شول.	Pashto (Standard)	South Asia	SACOR_06
Respecting elders is an important value.	د زړونو درناوی مهمه ارزښت دی.	Pashto (Standard)	South Asia	SACOR_07
Birds were chirping in the trees.	مرغۍ په ونو کې چغېدلې.	Pashto (Standard)	South Asia	SACOR_09
I woke up early this morning.	زه نن سهار وختي پاړ شوم.	Pashto (Standard)	South Asia	SACOR_06
Digital payments have made transactions faster.	ډیجیټل تادیاتو معاملات ګړندي کړي دي.	Pashto (Standard)	South Asia	SACOR_07
Cooking together brings family members closer.	یوځای پخول د کورنۍ غړو ته نږدې راولي.	Pashto (Standard)	South Asia	SACOR_07
She walked slowly through the garden.	هغې په باغ کې ورو ورو تېره شوه.	Pashto (Standard)	South Asia	SACOR_08
The river flows peacefully through the valley.	سیند په دره کې په آرامۍ سره بهیږي.	Pashto (Standard)	South Asia	SACOR_01
Agriculture remains the primary source of income.	کرهڼه د عاید اصلي سرچینه پاتې ده.	Pashto (Standard)	South Asia	SACOR_07
Train journeys offer scenic views.	د اورګاډو سفرونه د مناظرو لید ورکوي.	Pashto (Standard)	South Asia	SACOR_04
Spices add flavor to traditional dishes.	مسالې دودیزو خوړلو ته خوند ورکوي.	Pashto (Standard)	South Asia	SACOR_07
The wedding ceremony lasted three days.	د واده مراسم درې ورځې دوام وکړ.	Pashto (Standard)	South Asia	SACOR_03
Pollution in cities has become a serious problem.	په ښارونو کې ککړتیا یوه سخت ستونزه شوې ده.	Pashto (Standard)	South Asia	SACOR_02
Storytelling preserves culture and knowledge.	کیسه ویل د کلتوري او پوهې ساتنه کوي.	Pashto (Standard)	South Asia	SACOR_10
Handicrafts showcase artistic traditions.	دستي کارونه هنري دودونه ښکاره کوي.	Pashto (Standard)	South Asia	SACOR_09
The forest is home to many wild animals.	ځنګل د ډیرو وحشي حیواناتو کور دی.	Pashto (Standard)	South Asia	SACOR_07
The market was crowded with people.	بازار د خلکو سره ډک و.	Pashto (Standard)	South Asia	SACOR_06
The school organized a science fair.	ښوونځي د ساینس نندارې تنظیم کړه.	Pashto (Standard)	South Asia	SACOR_06
Doctors recommend drinking plenty of water.	داکتران د ډیرو اوبو څښل وړاندیز کوي.	Pashto (Standard)	South Asia	SACOR_01
She received a scholarship to study medicine.	هغې د طب زده کړې لپاره بورسیه ترلاسه کړه.	Pashto (Standard)	South Asia	SACOR_05
Reading books improves vocabulary.	د کتابونو لوستل د لغت ښه والی کوي.	Pashto (Standard)	South Asia	SACOR_10
Clear communication prevents misunderstandings.	روښانه اړیکه د ناپوهیو مخه نیسي.	Pashto (Standard)	South Asia	SACOR_05
Tourism brings revenue to regions with historical sites.	سیاحت د تاریخي سایټونو سیمو ته عاید راولي.	Pashto (Standard)	South Asia	SACOR_05
People travel long distances to visit religious sites.	خلک د مذهبي سایټونو لیدلو لپاره اوږد فاصلې سفر کوي.	Pashto (Standard)	South Asia	SACOR_05
Elderly people share wisdom and stories.	زړون خلک حکمت او کیسې شریکوي.	Pashto (Standard)	South Asia	SACOR_01
The bus arrived late.	بس ورو ورو راغله.	Pashto (Standard)	South Asia	SACOR_08
Teachers shape young minds.	استادان د ځوان ذهنونو شکل ورکوي.	Pashto (Standard)	South Asia	SACOR_07
Small businesses create employment opportunities.	کوچني سوداګرۍ د دندو فرصتونه رامنځته کوي.	Pashto (Standard)	South Asia	SACOR_07
Children learn best when they are interested.	ماشومان غوره زده کوي کله چې دوی علاقه لري.	Pashto (Standard)	South Asia	SACOR_04
Birds were chirping in the trees.	مرغۍ په ونو کې چغېدلې.	Pashto (Standard)	South Asia	SACOR_05
The professor wrote equations on the blackboard.	پروفیسور په تختې کې معادلې ولیکلې.	Pashto (Standard)	South Asia	SACOR_10
Students gathered in the library.	زده کوونکي په کتابتون کې راټول شول.	Pashto (Standard)	South Asia	SACOR_04
I woke up early this morning.	زه نن سهار وختي پاړ شوم.	Pashto (Standard)	South Asia	SACOR_04
Doctors work long hours to treat patients.	داکتران د ناروغانو درملنې لپاره اوږد ساعتونه کار کوي.	Pashto (Standard)	South Asia	SACOR_10
Tea is served to guests as a gesture of hospitality.	د مېلمانو د مېلمستیا د نښې په توګه چای وړاندې کیږي.	Pashto (Standard)	South Asia	SACOR_07
After finishing his work, he sat down.	د خپل کار پای ته رسولو وروسته، ناست شو.	Pashto (Standard)	South Asia	SACOR_06
Online shopping has become popular.	آنلاین پلورلې محبوبه شوې ده.	Pashto (Standard)	South Asia	SACOR_01
Children were playing cricket in the street.	ماشومان په سړک کې کریکټ لوبېدل.	Pashto (Standard)	South Asia	SACOR_05
Traditional music is important for our heritage.	دودیز موسیقي زموږ د میراث لپاره مهمه ده.	Pashto (Standard)	South Asia	SACOR_10
Cricket is a popular sport.	کریکټ یوه مشهوره لوبه ده.	Pashto (Standard)	South Asia	SACOR_07
Respecting elders is an important value.	د زړونو درناوی مهمه ارزښت دی.	Pashto (Standard)	South Asia	SACOR_03
Learning a new language requires practice.	د نوې ژبې زده کړه تمرین ته اړتیا لري.	Pashto (Standard)	South Asia	SACOR_08
Sports teach teamwork and discipline.	لوبې د ټیم کار او نظم زده کوي.	Pashto (Standard)	South Asia	SACOR_04
Smartphones have changed how people communicate.	سمارټ فونونو د خلکو د اړیکو لاره بدله کړې ده.	Pashto (Standard)	South Asia	SACOR_03
My grandmother told me stories.	زما نیا ما ماته کیسې وړې.	Pashto (Standard)	South Asia	SACOR_03
Education opens doors to opportunities.	زده کړه د فرصتونو دروازې خلاصوي.	Pashto (Standard)	South Asia	SACOR_07
Family members support each other during difficult times.	د کورنۍ غړي د ستونزمنو وختونو کې یو بل ساتنه کوي.	Pashto (Standard)	South Asia	SACOR_03
The internet connects people across continents.	انټرنیټ د براعظمونو په اوږدو کې خلک سره نښلوي.	Pashto (Standard)	South Asia	SACOR_07
Digital payments have made transactions faster.	ډیجیټل تادیاتو معاملات ګړندي کړي دي.	Pashto (Standard)	South Asia	SACOR_02
Eating fresh fruits provides essential vitamins.	د تازه میوو خوړل اړین ویتامینونه برابروي.	Pashto (Standard)	South Asia	SACOR_02
We decided to visit the old temple.	موږ د پخواني معبد لیدلو پریکړه وکړه.	Pashto (Standard)	South Asia	SACOR_05
Farmers planted rice in the flooded fields.	کرهڼه کونکي د اوبو لاندې کروندو کې وريجې وکړې.	Pashto (Standard)	South Asia	SACOR_03
Parents sacrifice their own needs for children.	والدین د ماشومانو لپاره خپل اړتیاوې قربان کوي.	Pashto (Standard)	South Asia	SACOR_05
She cooked delicious biryani for the family.	هغې د کورنۍ لپاره خوندور بریاني پخ کړه.	Pashto (Standard)	South Asia	SACOR_04
Farmers wake up early to tend to crops.	کرهڼه کونکي د محصولاتو پاملرنې لپاره وختي پاړ کېږي.	Pashto (Standard)	South Asia	SACOR_07
People celebrate festivals with great joy.	خلک د خوښۍ سره جشنونه لمانځي.	Pashto (Standard)	South Asia	SACOR_03
The teacher explained the lesson patiently.	استاد صبر سره درس تشریح کړ.	Pashto (Standard)	South Asia	SACOR_06
Regular exercise helps maintain good health.	منظم تمرین د ښه روغتیا ساتلو کې مرسته کوي.	Pashto (Standard)	South Asia	SACOR_09
Parents sacrifice their own needs for children.	والدین د ماشومانو لپاره خپل اړتیاوې قربان کوي.	Pashto (Standard)	South Asia	SACOR_06
After finishing his work, he sat down.	د خپل کار پای ته رسولو وروسته، ناست شو.	Pashto (Standard)	South Asia	SACOR_05
Tea is served to guests as a gesture of hospitality.	د مېلمانو د مېلمستیا د نښې په توګه چای وړاندې کیږي.	Pashto (Standard)	South Asia	SACOR_03
Train journeys offer scenic views.	د اورګاډو سفرونه د مناظرو لید ورکوي.	Pashto (Standard)	South Asia	SACOR_02
Handicrafts showcase artistic traditions.	دستي کارونه هنري دودونه ښکاره کوي.	Pashto (Standard)	South Asia	SACOR_09
Agriculture remains the primary source of income.	کرهڼه د عاید اصلي سرچینه پاتې ده.	Pashto (Standard)	South Asia	SACOR_09
Family members support each other during difficult times.	د کورنۍ غړي د ستونزمنو وختونو کې یو بل ساتنه کوي.	Pashto (Standard)	South Asia	SACOR_01
Storytelling preserves culture and knowledge.	کیسه ویل د کلتوري او پوهې ساتنه کوي.	Pashto (Standard)	South Asia	SACOR_09
Learning a new language requires practice.	د نوې ژبې زده کړه تمرین ته اړتیا لري.	Pashto (Standard)	South Asia	SACOR_08
The forest is home to many wild animals.	ځنګل د ډیرو وحشي حیواناتو کور دی.	Pashto (Standard)	South Asia	SACOR_10
The bus arrived late.	بس ورو ورو راغله.	Pashto (Standard)	South Asia	SACOR_10
Online shopping has become popular.	آنلاین پلورلې محبوبه شوې ده.	Pashto (Standard)	South Asia	SACOR_02
Reading books improves vocabulary.	د کتابونو لوستل د لغت ښه والی کوي.	Pashto (Standard)	South Asia	SACOR_10
The wedding ceremony lasted three days.	د واده مراسم درې ورځې دوام وکړ.	Pashto (Standard)	South Asia	SACOR_07
She walked slowly through the garden.	هغې په باغ کې ورو ورو تېره شوه.	Pashto (Standard)	South Asia	SACOR_03
The professor wrote equations on the blackboard.	پروفیسور په تختې کې معادلې ولیکلې.	Pashto (Standard)	South Asia	SACOR_04
Children learn best when they are interested.	ماشومان غوره زده کوي کله چې دوی علاقه لري.	Pashto (Standard)	South Asia	SACOR_05
Digital payments have made transactions faster.	ډیجیټل تادیاتو معاملات ګړندي کړي دي.	Pashto (Standard)	South Asia	SACOR_02
Regular exercise helps maintain good health.	منظم تمرین د ښه روغتیا ساتلو کې مرسته کوي.	Pashto (Standard)	South Asia	SACOR_10
Farmers wake up early to tend to crops.	کرهڼه کونکي د محصولاتو پاملرنې لپاره وختي پاړ کېږي.	Pashto (Standard)	South Asia	SACOR_10
Children were playing cricket in the street.	ماشومان په سړک کې کریکټ لوبېدل.	Pashto (Standard)	South Asia	SACOR_07
I woke up early this morning.	زه نن سهار وختي پاړ شوم.	Pashto (Standard)	South Asia	SACOR_05
Tourism brings revenue to regions with historical sites.	سیاحت د تاریخي سایټونو سیمو ته عاید راولي.	Pashto (Standard)	South Asia	SACOR_04
My grandmother told me stories.	زما نیا ما ماته کیسې وړې.	Pashto (Standard)	South Asia	SACOR_04
Sports teach teamwork and discipline.	لوبې د ټیم کار او نظم زده کوي.	Pashto (Standard)	South Asia	SACOR_09
People travel long distances to visit religious sites.	خلک د مذهبي سایټونو لیدلو لپاره اوږد فاصلې سفر کوي.	Pashto (Standard)	South Asia	SACOR_06
Doctors work long hours to treat patients.	داکتران د ناروغانو درملنې لپاره اوږد ساعتونه کار کوي.	Pashto (Standard)	South Asia	SACOR_04
She received a scholarship to study medicine.	هغې د طب زده کړې لپاره بورسیه ترلاسه کړه.	Pashto (Standard)	South Asia	SACOR_03
Birds were chirping in the trees.	مرغۍ په ونو کې چغېدلې.	Pashto (Standard)	South Asia	SACOR_05
Pollution in cities has become a serious problem.	په ښارونو کې ککړتیا یوه سخت ستونزه شوې ده.	Pashto (Standard)	South Asia	SACOR_08
Doctors recommend drinking plenty of water.	داکتران د ډیرو اوبو څښل وړاندیز کوي.	Pashto (Standard)	South Asia	SACOR_03
Eating fresh fruits provides essential vitamins.	د تازه میوو خوړل اړین ویتامینونه برابروي.	Pashto (Standard)	South Asia	SACOR_06
Cooking together brings family members closer.	یوځای پخول د کورنۍ غړو ته نږدې راولي.	Pashto (Standard)	South Asia	SACOR_01
Education opens doors to opportunities.	زده کړه د فرصتونو دروازې خلاصوي.	Pashto (Standard)	South Asia	SACOR_06
The teacher explained the lesson patiently.	استاد صبر سره درس تشریح کړ.	Pashto (Standard)	South Asia	SACOR_09
Farmers planted rice in the flooded fields.	کرهڼه کونکي د اوبو لاندې کروندو کې وريجې وکړې.	Pashto (Standard)	South Asia	SACOR_04
Respecting elders is an important value.	د زړونو درناوی مهمه ارزښت دی.	Pashto (Standard)	South Asia	SACOR_04
Students gathered in the library.	زده کوونکي په کتابتون کې راټول شول.	Pashto (Standard)	South Asia	SACOR_04
Small businesses create employment opportunities.	کوچني سوداګرۍ د دندو فرصتونه رامنځته کوي.	Pashto (Standard)	South Asia	SACOR_05
People celebrate festivals with great joy.	خلک د خوښۍ سره جشنونه لمانځي.	Pashto (Standard)	South Asia	SACOR_04
Smartphones have changed how people communicate.	سمارټ فونونو د خلکو د اړیکو لاره بدله کړې ده.	Pashto (Standard)	South Asia	SACOR_01
Clear communication prevents misunderstandings.	روښانه اړیکه د ناپوهیو مخه نیسي.	Pashto (Standard)	South Asia	SACOR_04
The internet connects people across continents.	انټرنیټ د براعظمونو په اوږدو کې خلک سره نښلوي.	Pashto (Standard)	South Asia	SACOR_02
Traditional music is important for our heritage.	دودیز موسیقي زموږ د میراث لپاره مهمه ده.	Pashto (Standard)	South Asia	SACOR_02
We decided to visit the old temple.	موږ د پخواني معبد لیدلو پریکړه وکړه.	Pashto (Standard)	South Asia	SACOR_06
Elderly people share wisdom and stories.	زړون خلک حکمت او کیسې شریکوي.	Pashto (Standard)	South Asia	SACOR_09
Teachers shape young minds.	استادان د ځوان ذهنونو شکل ورکوي.	Pashto (Standard)	South Asia	SACOR_08
Spices add flavor to traditional dishes.	مسالې دودیزو خوړلو ته خوند ورکوي.	Pashto (Standard)	South Asia	SACOR_07
Cricket is a popular sport.	کریکټ یوه مشهوره لوبه ده.	Pashto (Standard)	South Asia	SACOR_01
The market was crowded with people.	بازار د خلکو سره ډک و.	Pashto (Standard)	South Asia	SACOR_06
The river flows peacefully through the valley.	سیند په دره کې په آرامۍ سره بهیږي.	Pashto (Standard)	South Asia	SACOR_05
She cooked delicious biryani for the family.	هغې د کورنۍ لپاره خوندور بریاني پخ کړه.	Pashto (Standard)	South Asia	SACOR_06
The school organized a science fair.	ښوونځي د ساینس نندارې تنظیم کړه.	Pashto (Standard)	South Asia	SACOR_08
The professor wrote equations on the blackboard.	پروفیسور په تختې کې معادلې ولیکلې.	Pashto (Standard)	South Asia	SACOR_07
Storytelling preserves culture and knowledge.	کیسه ویل د کلتوري او پوهې ساتنه کوي.	Pashto (Standard)	South Asia	SACOR_10
The wedding ceremony lasted three days.	د واده مراسم درې ورځې دوام وکړ.	Pashto (Standard)	South Asia	SACOR_05
Parents sacrifice their own needs for children.	والدین د ماشومانو لپاره خپل اړتیاوې قربان کوي.	Pashto (Standard)	South Asia	SACOR_08
Birds were chirping in the trees.	مرغۍ په ونو کې چغېدلې.	Pashto (Standard)	South Asia	SACOR_06
Doctors recommend drinking plenty of water.	داکتران د ډیرو اوبو څښل وړاندیز کوي.	Pashto (Standard)	South Asia	SACOR_08
She received a scholarship to study medicine.	هغې د طب زده کړې لپاره بورسیه ترلاسه کړه.	Pashto (Standard)	South Asia	SACOR_07
Respecting elders is an important value.	د زړونو درناوی مهمه ارزښت دی.	Pashto (Standard)	South Asia	SACOR_10
I woke up early this morning.	زه نن سهار وختي پاړ شوم.	Pashto (Standard)	South Asia	SACOR_05
Smartphones have changed how people communicate.	سمارټ فونونو د خلکو د اړیکو لاره بدله کړې ده.	Pashto (Standard)	South Asia	SACOR_06
Doctors work long hours to treat patients.	داکتران د ناروغانو درملنې لپاره اوږد ساعتونه کار کوي.	Pashto (Standard)	South Asia	SACOR_04
The river flows peacefully through the valley.	سیند په دره کې په آرامۍ سره بهیږي.	Pashto (Standard)	South Asia	SACOR_06
Teachers shape young minds.	استادان د ځوان ذهنونو شکل ورکوي.	Pashto (Standard)	South Asia	SACOR_04
Tea is served to guests as a gesture of hospitality.	د مېلمانو د مېلمستیا د نښې په توګه چای وړاندې کیږي.	Pashto (Standard)	South Asia	SACOR_07
After finishing his work, he sat down.	د خپل کار پای ته رسولو وروسته، ناست شو.	Pashto (Standard)	South Asia	SACOR_06
Family members support each other during difficult times.	د کورنۍ غړي د ستونزمنو وختونو کې یو بل ساتنه کوي.	Pashto (Standard)	South Asia	SACOR_10
Elderly people share wisdom and stories.	زړون خلک حکمت او کیسې شریکوي.	Pashto (Standard)	South Asia	SACOR_08
Tourism brings revenue to regions with historical sites.	سیاحت د تاریخي سایټونو سیمو ته عاید راولي.	Pashto (Standard)	South Asia	SACOR_05
Spices add flavor to traditional dishes.	مسالې دودیزو خوړلو ته خوند ورکوي.	Pashto (Standard)	South Asia	SACOR_07
Handicrafts showcase artistic traditions.	دستي کارونه هنري دودونه ښکاره کوي.	Pashto (Standard)	South Asia	SACOR_07
The internet connects people across continents.	انټرنیټ د براعظمونو په اوږدو کې خلک سره نښلوي.	Pashto (Standard)	South Asia	SACOR_10
Reading books improves vocabulary.	د کتابونو لوستل د لغت ښه والی کوي.	Pashto (Standard)	South Asia	SACOR_09
The market was crowded with people.	بازار د خلکو سره ډک و.	Pashto (Standard)	South Asia	SACOR_07
Education opens doors to opportunities.	زده کړه د فرصتونو دروازې خلاصوي.	Pashto (Standard)	South Asia	SACOR_02
Learning a new language requires practice.	د نوې ژبې زده کړه تمرین ته اړتیا لري.	Pashto (Standard)	South Asia	SACOR_07
Small businesses create employment opportunities.	کوچني سوداګرۍ د دندو فرصتونه رامنځته کوي.	Pashto (Standard)	South Asia	SACOR_04
Online shopping has become popular.	آنلاین پلورلې محبوبه شوې ده.	Pashto (Standard)	South Asia	SACOR_05
People celebrate festivals with great joy.	خلک د خوښۍ سره جشنونه لمانځي.	Pashto (Standard)	South Asia	SACOR_03
Cricket is a popular sport.	کریکټ یوه مشهوره لوبه ده.	Pashto (Standard)	South Asia	SACOR_02
The school organized a science fair.	ښوونځي د ساینس نندارې تنظیم کړه.	Pashto (Standard)	South Asia	SACOR_03
Sports teach teamwork and discipline.	لوبې د ټیم کار او نظم زده کوي.	Pashto (Standard)	South Asia	SACOR_06
The forest is home to many wild animals.	ځنګل د ډیرو وحشي حیواناتو کور دی.	Pashto (Standard)	South Asia	SACOR_05
Pollution in cities has become a serious problem.	په ښارونو کې ککړتیا یوه سخت ستونزه شوې ده.	Pashto (Standard)	South Asia	SACOR_06
Traditional music is important for our heritage.	دودیز موسیقي زموږ د میراث لپاره مهمه ده.	Pashto (Standard)	South Asia	SACOR_01
We decided to visit the old temple.	موږ د پخواني معبد لیدلو پریکړه وکړه.	Pashto (Standard)	South Asia	SACOR_09
Children learn best when they are interested.	ماشومان غوره زده کوي کله چې دوی علاقه لري.	Pashto (Standard)	South Asia	SACOR_01
Students gathered in the library.	زده کوونکي په کتابتون کې راټول شول.	Pashto (Standard)	South Asia	SACOR_10
Eating fresh fruits provides essential vitamins.	د تازه میوو خوړل اړین ویتامینونه برابروي.	Pashto (Standard)	South Asia	SACOR_06
The teacher explained the lesson patiently.	استاد صبر سره درس تشریح کړ.	Pashto (Standard)	South Asia	SACOR_10
She cooked delicious biryani for the family.	هغې د کورنۍ لپاره خوندور بریاني پخ کړه.	Pashto (Standard)	South Asia	SACOR_05
People travel long distances to visit religious sites.	خلک د مذهبي سایټونو لیدلو لپاره اوږد فاصلې سفر کوي.	Pashto (Standard)	South Asia	SACOR_09
Cooking together brings family members closer.	یوځای پخول د کورنۍ غړو ته نږدې راولي.	Pashto (Standard)	South Asia	SACOR_02
My grandmother told me stories.	زما نیا ما ماته کیسې وړې.	Pashto (Standard)	South Asia	SACOR_06
Digital payments have made transactions faster.	ډیجیټل تادیاتو معاملات ګړندي کړي دي.	Pashto (Standard)	South Asia	SACOR_03
The bus arrived late.	بس ورو ورو راغله.	Pashto (Standard)	South Asia	SACOR_07
Train journeys offer scenic views.	د اورګاډو سفرونه د مناظرو لید ورکوي.	Pashto (Standard)	South Asia	SACOR_10
Children were playing cricket in the street.	ماشومان په سړک کې کریکټ لوبېدل.	Pashto (Standard)	South Asia	SACOR_03
Regular exercise helps maintain good health.	منظم تمرین د ښه روغتیا ساتلو کې مرسته کوي.	Pashto (Standard)	South Asia	SACOR_06
She walked slowly through the garden.	هغې په باغ کې ورو ورو تېره شوه.	Pashto (Standard)	South Asia	SACOR_06
Clear communication prevents misunderstandings.	روښانه اړیکه د ناپوهیو مخه نیسي.	Pashto (Standard)	South Asia	SACOR_10
Farmers wake up early to tend to crops.	کرهڼه کونکي د محصولاتو پاملرنې لپاره وختي پاړ کېږي.	Pashto (Standard)	South Asia	SACOR_07
Agriculture remains the primary source of income.	کرهڼه د عاید اصلي سرچینه پاتې ده.	Pashto (Standard)	South Asia	SACOR_07
Farmers planted rice in the flooded fields.	کرهڼه کونکي د اوبو لاندې کروندو کې وريجې وکړې.	Pashto (Standard)	South Asia	SACOR_05
Handicrafts showcase artistic traditions.	دستي کارونه هنري دودونه ښکاره کوي.	Pashto (Standard)	South Asia	SACOR_08
The internet connects people across continents.	انټرنیټ د براعظمونو په اوږدو کې خلک سره نښلوي.	Pashto (Standard)	South Asia	SACOR_03
Traditional music is important for our heritage.	دودیز موسیقي زموږ د میراث لپاره مهمه ده.	Pashto (Standard)	South Asia	SACOR_02
Education opens doors to opportunities.	زده کړه د فرصتونو دروازې خلاصوي.	Pashto (Standard)	South Asia	SACOR_04
Agriculture remains the primary source of income.	کرهڼه د عاید اصلي سرچینه پاتې ده.	Pashto (Standard)	South Asia	SACOR_01
Children were playing cricket in the street.	ماشومان په سړک کې کریکټ لوبېدل.	Pashto (Standard)	South Asia	SACOR_08
People travel long distances to visit religious sites.	خلک د مذهبي سایټونو لیدلو لپاره اوږد فاصلې سفر کوي.	Pashto (Standard)	South Asia	SACOR_05
Birds were chirping in the trees.	مرغۍ په ونو کې چغېدلې.	Pashto (Standard)	South Asia	SACOR_03
Clear communication prevents misunderstandings.	روښانه اړیکه د ناپوهیو مخه نیسي.	Pashto (Standard)	South Asia	SACOR_04
The school organized a science fair.	ښوونځي د ساینس نندارې تنظیم کړه.	Pashto (Standard)	South Asia	SACOR_06
Train journeys offer scenic views.	د اورګاډو سفرونه د مناظرو لید ورکوي.	Pashto (Standard)	South Asia	SACOR_10
Cricket is a popular sport.	کریکټ یوه مشهوره لوبه ده.	Pashto (Standard)	South Asia	SACOR_02
The forest is home to many wild animals.	ځنګل د ډیرو وحشي حیواناتو کور دی.	Pashto (Standard)	South Asia	SACOR_05
Students gathered in the library.	زده کوونکي په کتابتون کې راټول شول.	Pashto (Standard)	South Asia	SACOR_03
Sports teach teamwork and discipline.	لوبې د ټیم کار او نظم زده کوي.	Pashto (Standard)	South Asia	SACOR_07
Small businesses create employment opportunities.	کوچني سوداګرۍ د دندو فرصتونه رامنځته کوي.	Pashto (Standard)	South Asia	SACOR_02
Doctors recommend drinking plenty of water.	داکتران د ډیرو اوبو څښل وړاندیز کوي.	Pashto (Standard)	South Asia	SACOR_05
Online shopping has become popular.	آنلاین پلورلې محبوبه شوې ده.	Pashto (Standard)	South Asia	SACOR_01
Parents sacrifice their own needs for children.	والدین د ماشومانو لپاره خپل اړتیاوې قربان کوي.	Pashto (Standard)	South Asia	SACOR_05
We decided to visit the old temple.	موږ د پخواني معبد لیدلو پریکړه وکړه.	Pashto (Standard)	South Asia	SACOR_09
Reading books improves vocabulary.	د کتابونو لوستل د لغت ښه والی کوي.	Pashto (Standard)	South Asia	SACOR_10
Spices add flavor to traditional dishes.	مسالې دودیزو خوړلو ته خوند ورکوي.	Pashto (Standard)	South Asia	SACOR_04
Smartphones have changed how people communicate.	سمارټ فونونو د خلکو د اړیکو لاره بدله کړې ده.	Pashto (Standard)	South Asia	SACOR_04
Tourism brings revenue to regions with historical sites.	سیاحت د تاریخي سایټونو سیمو ته عاید راولي.	Pashto (Standard)	South Asia	SACOR_03
Pollution in cities has become a serious problem.	په ښارونو کې ککړتیا یوه سخت ستونزه شوې ده.	Pashto (Standard)	South Asia	SACOR_07
The professor wrote equations on the blackboard.	پروفیسور په تختې کې معادلې ولیکلې.	Pashto (Standard)	South Asia	SACOR_02
I woke up early this morning.	زه نن سهار وختي پاړ شوم.	Pashto (Standard)	South Asia	SACOR_05
Children learn best when they are interested.	ماشومان غوره زده کوي کله چې دوی علاقه لري.	Pashto (Standard)	South Asia	SACOR_06
Family members support each other during difficult times.	د کورنۍ غړي د ستونزمنو وختونو کې یو بل ساتنه کوي.	Pashto (Standard)	South Asia	SACOR_05
After finishing his work, he sat down.	د خپل کار پای ته رسولو وروسته، ناست شو.	Pashto (Standard)	South Asia	SACOR_04
The teacher explained the lesson patiently.	استاد صبر سره درس تشریح کړ.	Pashto (Standard)	South Asia	SACOR_01
Eating fresh fruits provides essential vitamins.	د تازه میوو خوړل اړین ویتامینونه برابروي.	Pashto (Standard)	South Asia	SACOR_08
Learning a new language requires practice.	د نوې ژبې زده کړه تمرین ته اړتیا لري.	Pashto (Standard)	South Asia	SACOR_10
She walked slowly through the garden.	هغې په باغ کې ورو ورو تېره شوه.	Pashto (Standard)	South Asia	SACOR_07
My grandmother told me stories.	زما نیا ما ماته کیسې وړې.	Pashto (Standard)	South Asia	SACOR_04
Elderly people share wisdom and stories.	زړون خلک حکمت او کیسې شریکوي.	Pashto (Standard)	South Asia	SACOR_08
Tea is served to guests as a gesture of hospitality.	د مېلمانو د مېلمستیا د نښې په توګه چای وړاندې کیږي.	Pashto (Standard)	South Asia	SACOR_04
Digital payments have made transactions faster.	ډیجیټل تادیاتو معاملات ګړندي کړي دي.	Pashto (Standard)	South Asia	SACOR_02
The river flows peacefully through the valley.	سیند په دره کې په آرامۍ سره بهیږي.	Pashto (Standard)	South Asia	SACOR_01
Teachers shape young minds.	استادان د ځوان ذهنونو شکل ورکوي.	Pashto (Standard)	South Asia	SACOR_01
The market was crowded with people.	بازار د خلکو سره ډک و.	Pashto (Standard)	South Asia	SACOR_09
The wedding ceremony lasted three days.	د واده مراسم درې ورځې دوام وکړ.	Pashto (Standard)	South Asia	SACOR_02
Cooking together brings family members closer.	یوځای پخول د کورنۍ غړو ته نږدې راولي.	Pashto (Standard)	South Asia	SACOR_08
Respecting elders is an important value.	د زړونو درناوی مهمه ارزښت دی.	Pashto (Standard)	South Asia	SACOR_09
People celebrate festivals with great joy.	خلک د خوښۍ سره جشنونه لمانځي.	Pashto (Standard)	South Asia	SACOR_06
Doctors work long hours to treat patients.	داکتران د ناروغانو درملنې لپاره اوږد ساعتونه کار کوي.	Pashto (Standard)	South Asia	SACOR_03
Farmers planted rice in the flooded fields.	کرهڼه کونکي د اوبو لاندې کروندو کې وريجې وکړې.	Pashto (Standard)	South Asia	SACOR_03
Regular exercise helps maintain good health.	منظم تمرین د ښه روغتیا ساتلو کې مرسته کوي.	Pashto (Standard)	South Asia	SACOR_02
The bus arrived late.	بس ورو ورو راغله.	Pashto (Standard)	South Asia	SACOR_02
She cooked delicious biryani for the family.	هغې د کورنۍ لپاره خوندور بریاني پخ کړه.	Pashto (Standard)	South Asia	SACOR_06
Storytelling preserves culture and knowledge.	کیسه ویل د کلتوري او پوهې ساتنه کوي.	Pashto (Standard)	South Asia	SACOR_09
Farmers wake up early to tend to crops.	کرهڼه کونکي د محصولاتو پاملرنې لپاره وختي پاړ کېږي.	Pashto (Standard)	South Asia	SACOR_08
She received a scholarship to study medicine.	هغې د طب زده کړې لپاره بورسیه ترلاسه کړه.	Pashto (Standard)	South Asia	SACOR_02
Sports teach teamwork and discipline.	لوبې د ټیم کار او نظم زده کوي.	Pashto (Standard)	South Asia	SACOR_09
Digital payments have made transactions faster.	ډیجیټل تادیاتو معاملات ګړندي کړي دي.	Pashto (Standard)	South Asia	SACOR_05
Parents sacrifice their own needs for children.	والدین د ماشومانو لپاره خپل اړتیاوې قربان کوي.	Pashto (Standard)	South Asia	SACOR_06
Online shopping has become popular.	آنلاین پلورلې محبوبه شوې ده.	Pashto (Standard)	South Asia	SACOR_03
Children learn best when they are interested.	ماشومان غوره زده کوي کله چې دوی علاقه لري.	Pashto (Standard)	South Asia	SACOR_04
Birds were chirping in the trees.	مرغۍ په ونو کې چغېدلې.	Pashto (Standard)	South Asia	SACOR_06
Education opens doors to opportunities.	زده کړه د فرصتونو دروازې خلاصوي.	Pashto (Standard)	South Asia	SACOR_05
Students gathered in the library.	زده کوونکي په کتابتون کې راټول شول.	Pashto (Standard)	South Asia	SACOR_03
We decided to visit the old temple.	موږ د پخواني معبد لیدلو پریکړه وکړه.	Pashto (Standard)	South Asia	SACOR_07
Small businesses create employment opportunities.	کوچني سوداګرۍ د دندو فرصتونه رامنځته کوي.	Pashto (Standard)	South Asia	SACOR_09
Children were playing cricket in the street.	ماشومان په سړک کې کریکټ لوبېدل.	Pashto (Standard)	South Asia	SACOR_08
Respecting elders is an important value.	د زړونو درناوی مهمه ارزښت دی.	Pashto (Standard)	South Asia	SACOR_05
My grandmother told me stories.	زما نیا ما ماته کیسې وړې.	Pashto (Standard)	South Asia	SACOR_05
I woke up early this morning.	زه نن سهار وختي پاړ شوم.	Pashto (Standard)	South Asia	SACOR_08
Cricket is a popular sport.	کریکټ یوه مشهوره لوبه ده.	Pashto (Standard)	South Asia	SACOR_01
Handicrafts showcase artistic traditions.	دستي کارونه هنري دودونه ښکاره کوي.	Pashto (Standard)	South Asia	SACOR_02
The bus arrived late.	بس ورو ورو راغله.	Pashto (Standard)	South Asia	SACOR_08
Agriculture remains the primary source of income.	کرهڼه د عاید اصلي سرچینه پاتې ده.	Pashto (Standard)	South Asia	SACOR_04
Tea is served to guests as a gesture of hospitality.	د مېلمانو د مېلمستیا د نښې په توګه چای وړاندې کیږي.	Pashto (Standard)	South Asia	SACOR_03
She received a scholarship to study medicine.	هغې د طب زده کړې لپاره بورسیه ترلاسه کړه.	Pashto (Standard)	South Asia	SACOR_01
Tourism brings revenue to regions with historical sites.	سیاحت د تاریخي سایټونو سیمو ته عاید راولي.	Pashto (Standard)	South Asia	SACOR_09
Elderly people share wisdom and stories.	زړون خلک حکمت او کیسې شریکوي.	Pashto (Standard)	South Asia	SACOR_07
The internet connects people across continents.	انټرنیټ د براعظمونو په اوږدو کې خلک سره نښلوي.	Pashto (Standard)	South Asia	SACOR_06
Eating fresh fruits provides essential vitamins.	د تازه میوو خوړل اړین ویتامینونه برابروي.	Pashto (Standard)	South Asia	SACOR_03
Storytelling preserves culture and knowledge.	کیسه ویل د کلتوري او پوهې ساتنه کوي.	Pashto (Standard)	South Asia	SACOR_04
Pollution in cities has become a serious problem.	په ښارونو کې ککړتیا یوه سخت ستونزه شوې ده.	Pashto (Standard)	South Asia	SACOR_08
She cooked delicious biryani for the family.	هغې د کورنۍ لپاره خوندور بریاني پخ کړه.	Pashto (Standard)	South Asia	SACOR_08
Cooking together brings family members closer.	یوځای پخول د کورنۍ غړو ته نږدې راولي.	Pashto (Standard)	South Asia	SACOR_08
Traditional music is important for our heritage.	دودیز موسیقي زموږ د میراث لپاره مهمه ده.	Pashto (Standard)	South Asia	SACOR_03
Train journeys offer scenic views.	د اورګاډو سفرونه د مناظرو لید ورکوي.	Pashto (Standard)	South Asia	SACOR_10
Doctors recommend drinking plenty of water.	داکتران د ډیرو اوبو څښل وړاندیز کوي.	Pashto (Standard)	South Asia	SACOR_07
Clear communication prevents misunderstandings.	روښانه اړیکه د ناپوهیو مخه نیسي.	Pashto (Standard)	South Asia	SACOR_07
Doctors work long hours to treat patients.	داکتران د ناروغانو درملنې لپاره اوږد ساعتونه کار کوي.	Pashto (Standard)	South Asia	SACOR_06
The teacher explained the lesson patiently.	استاد صبر سره درس تشریح کړ.	Pashto (Standard)	South Asia	SACOR_07
People celebrate festivals with great joy.	خلک د خوښۍ سره جشنونه لمانځي.	Pashto (Standard)	South Asia	SACOR_04
She walked slowly through the garden.	هغې په باغ کې ورو ورو تېره شوه.	Pashto (Standard)	South Asia	SACOR_04
Teachers shape young minds.	استادان د ځوان ذهنونو شکل ورکوي.	Pashto (Standard)	South Asia	SACOR_08
The professor wrote equations on the blackboard.	پروفیسور په تختې کې معادلې ولیکلې.	Pashto (Standard)	South Asia	SACOR_01
The school organized a science fair.	ښوونځي د ساینس نندارې تنظیم کړه.	Pashto (Standard)	South Asia	SACOR_02
Farmers wake up early to tend to crops.	کرهڼه کونکي د محصولاتو پاملرنې لپاره وختي پاړ کېږي.	Pashto (Standard)	South Asia	SACOR_05
Regular exercise helps maintain good health.	منظم تمرین د ښه روغتیا ساتلو کې مرسته کوي.	Pashto (Standard)	South Asia	SACOR_01
Family members support each other during difficult times.	د کورنۍ غړي د ستونزمنو وختونو کې یو بل ساتنه کوي.	Pashto (Standard)	South Asia	SACOR_01
People travel long distances to visit religious sites.	خلک د مذهبي سایټونو لیدلو لپاره اوږد فاصلې سفر کوي.	Pashto (Standard)	South Asia	SACOR_06
The market was crowded with people.	بازار د خلکو سره ډک و.	Pashto (Standard)	South Asia	SACOR_03
Smartphones have changed how people communicate.	سمارټ فونونو د خلکو د اړیکو لاره بدله کړې ده.	Pashto (Standard)	South Asia	SACOR_08
The river flows peacefully through the valley.	سیند په دره کې په آرامۍ سره بهیږي.	Pashto (Standard)	South Asia	SACOR_09
Spices add flavor to traditional dishes.	مسالې دودیزو خوړلو ته خوند ورکوي.	Pashto (Standard)	South Asia	SACOR_02
After finishing his work, he sat down.	د خپل کار پای ته رسولو وروسته، ناست شو.	Pashto (Standard)	South Asia	SACOR_01
The wedding ceremony lasted three days.	د واده مراسم درې ورځې دوام وکړ.	Pashto (Standard)	South Asia	SACOR_06
Reading books improves vocabulary.	د کتابونو لوستل د لغت ښه والی کوي.	Pashto (Standard)	South Asia	SACOR_06
Farmers planted rice in the flooded fields.	کرهڼه کونکي د اوبو لاندې کروندو کې وريجې وکړې.	Pashto (Standard)	South Asia	SACOR_09
Learning a new language requires practice.	د نوې ژبې زده کړه تمرین ته اړتیا لري.	Pashto (Standard)	South Asia	SACOR_01
The forest is home to many wild animals.	ځنګل د ډیرو وحشي حیواناتو کور دی.	Pashto (Standard)	South Asia	SACOR_01
She received a scholarship to study medicine.	هغې د طب زده کړې لپاره بورسیه ترلاسه کړه.	Pashto (Standard)	South Asia	SACOR_01
Sports teach teamwork and discipline.	لوبې د ټیم کار او نظم زده کوي.	Pashto (Standard)	South Asia	SACOR_03
Tea is served to guests as a gesture of hospitality.	د مېلمانو د مېلمستیا د نښې په توګه چای وړاندې کیږي.	Pashto (Standard)	South Asia	SACOR_08
The internet connects people across continents.	انټرنیټ د براعظمونو په اوږدو کې خلک سره نښلوي.	Pashto (Standard)	South Asia	SACOR_03
Pollution in cities has become a serious problem.	په ښارونو کې ککړتیا یوه سخت ستونزه شوې ده.	Pashto (Standard)	South Asia	SACOR_03
Regular exercise helps maintain good health.	منظم تمرین د ښه روغتیا ساتلو کې مرسته کوي.	Pashto (Standard)	South Asia	SACOR_02
Teachers shape young minds.	استادان د ځوان ذهنونو شکل ورکوي.	Pashto (Standard)	South Asia	SACOR_05
Handicrafts showcase artistic traditions.	دستي کارونه هنري دودونه ښکاره کوي.	Pashto (Standard)	South Asia	SACOR_03
After finishing his work, he sat down.	د خپل کار پای ته رسولو وروسته، ناست شو.	Pashto (Standard)	South Asia	SACOR_06
Clear communication prevents misunderstandings.	روښانه اړیکه د ناپوهیو مخه نیسي.	Pashto (Standard)	South Asia	SACOR_08
Eating fresh fruits provides essential vitamins.	د تازه میوو خوړل اړین ویتامینونه برابروي.	Pashto (Standard)	South Asia	SACOR_04
People travel long distances to visit religious sites.	خلک د مذهبي سایټونو لیدلو لپاره اوږد فاصلې سفر کوي.	Pashto (Standard)	South Asia	SACOR_02
Elderly people share wisdom and stories.	زړون خلک حکمت او کیسې شریکوي.	Pashto (Standard)	South Asia	SACOR_07
Reading books improves vocabulary.	د کتابونو لوستل د لغت ښه والی کوي.	Pashto (Standard)	South Asia	SACOR_01
Learning a new language requires practice.	د نوې ژبې زده کړه تمرین ته اړتیا لري.	Pashto (Standard)	South Asia	SACOR_10
She cooked delicious biryani for the family.	هغې د کورنۍ لپاره خوندور بریاني پخ کړه.	Pashto (Standard)	South Asia	SACOR_05
Doctors recommend drinking plenty of water.	داکتران د ډیرو اوبو څښل وړاندیز کوي.	Pashto (Standard)	South Asia	SACOR_04
The forest is home to many wild animals.	ځنګل د ډیرو وحشي حیواناتو کور دی.	Pashto (Standard)	South Asia	SACOR_10
The bus arrived late.	بس ورو ورو راغله.	Pashto (Standard)	South Asia	SACOR_02
She walked slowly through the garden.	هغې په باغ کې ورو ورو تېره شوه.	Pashto (Standard)	South Asia	SACOR_04
The wedding ceremony lasted three days.	د واده مراسم درې ورځې دوام وکړ.	Pashto (Standard)	South Asia	SACOR_07
The school organized a science fair.	ښوونځي د ساینس نندارې تنظیم کړه.	Pashto (Standard)	South Asia	SACOR_09
Cricket is a popular sport.	کریکټ یوه مشهوره لوبه ده.	Pashto (Standard)	South Asia	SACOR_02
Farmers planted rice in the flooded fields.	کرهڼه کونکي د اوبو لاندې کروندو کې وريجې وکړې.	Pashto (Standard)	South Asia	SACOR_08
Respecting elders is an important value.	د زړونو درناوی مهمه ارزښت دی.	Pashto (Standard)	South Asia	SACOR_03
The professor wrote equations on the blackboard.	پروفیسور په تختې کې معادلې ولیکلې.	Pashto (Standard)	South Asia	SACOR_01
Doctors work long hours to treat patients.	داکتران د ناروغانو درملنې لپاره اوږد ساعتونه کار کوي.	Pashto (Standard)	South Asia	SACOR_04
Tourism brings revenue to regions with historical sites.	سیاحت د تاریخي سایټونو سیمو ته عاید راولي.	Pashto (Standard)	South Asia	SACOR_02
We decided to visit the old temple.	موږ د پخواني معبد لیدلو پریکړه وکړه.	Pashto (Standard)	South Asia	SACOR_04
Train journeys offer scenic views.	د اورګاډو سفرونه د مناظرو لید ورکوي.	Pashto (Standard)	South Asia	SACOR_07
Traditional music is important for our heritage.	دودیز موسیقي زموږ د میراث لپاره مهمه ده.	Pashto (Standard)	South Asia	SACOR_10
People celebrate festivals with great joy.	خلک د خوښۍ سره جشنونه لمانځي.	Pashto (Standard)	South Asia	SACOR_06
Smartphones have changed how people communicate.	سمارټ فونونو د خلکو د اړیکو لاره بدله کړې ده.	Pashto (Standard)	South Asia	SACOR_06
Birds were chirping in the trees.	مرغۍ په ونو کې چغېدلې.	Pashto (Standard)	South Asia	SACOR_03
Agriculture remains the primary source of income.	کرهڼه د عاید اصلي سرچینه پاتې ده.	Pashto (Standard)	South Asia	SACOR_09
Education opens doors to opportunities.	زده کړه د فرصتونو دروازې خلاصوي.	Pashto (Standard)	South Asia	SACOR_07
Spices add flavor to traditional dishes.	مسالې دودیزو خوړلو ته خوند ورکوي.	Pashto (Standard)	South Asia	SACOR_03
Children were playing cricket in the street.	ماشومان په سړک کې کریکټ لوبېدل.	Pashto (Standard)	South Asia	SACOR_01
The market was crowded with people.	بازار د خلکو سره ډک و.	Pashto (Standard)	South Asia	SACOR_10
I woke up early this morning.	زه نن سهار وختي پاړ شوم.	Pashto (Standard)	South Asia	SACOR_03
The teacher explained the lesson patiently.	استاد صبر سره درس تشریح کړ.	Pashto (Standard)	South Asia	SACOR_10
Parents sacrifice their own needs for children.	والدین د ماشومانو لپاره خپل اړتیاوې قربان کوي.	Pashto (Standard)	South Asia	SACOR_08
My grandmother told me stories.	زما نیا ما ماته کیسې وړې.	Pashto (Standard)	South Asia	SACOR_04
Children learn best when they are interested.	ماشومان غوره زده کوي کله چې دوی علاقه لري.	Pashto (Standard)	South Asia	SACOR_06
Cooking together brings family members closer.	یوځای پخول د کورنۍ غړو ته نږدې راولي.	Pashto (Standard)	South Asia	SACOR_03
The river flows peacefully through the valley.	سیند په دره کې په آرامۍ سره بهیږي.	Pashto (Standard)	South Asia	SACOR_06
Storytelling preserves culture and knowledge.	کیسه ویل د کلتوري او پوهې ساتنه کوي.	Pashto (Standard)	South Asia	SACOR_10
Small businesses create employment opportunities.	کوچني سوداګرۍ د دندو فرصتونه رامنځته کوي.	Pashto (Standard)	South Asia	SACOR_06
Online shopping has become popular.	آنلاین پلورلې محبوبه شوې ده.	Pashto (Standard)	South Asia	SACOR_04
Digital payments have made transactions faster.	ډیجیټل تادیاتو معاملات ګړندي کړي دي.	Pashto (Standard)	South Asia	SACOR_04
Students gathered in the library.	زده کوونکي په کتابتون کې راټول شول.	Pashto (Standard)	South Asia	SACOR_03
Farmers wake up early to tend to crops.	کرهڼه کونکي د محصولاتو پاملرنې لپاره وختي پاړ کېږي.	Pashto (Standard)	South Asia	SACOR_03
Family members support each other during difficult times.	د کورنۍ غړي د ستونزمنو وختونو کې یو بل ساتنه کوي.	Pashto (Standard)	South Asia	SACOR_03
Smartphones have changed how people communicate.	سمارټ فونونو د خلکو د اړیکو لاره بدله کړې ده.	Pashto (Standard)	South Asia	SACOR_08
Reading books improves vocabulary.	د کتابونو لوستل د لغت ښه والی کوي.	Pashto (Standard)	South Asia	SACOR_04
Pollution in cities has become a serious problem.	په ښارونو کې ککړتیا یوه سخت ستونزه شوې ده.	Pashto (Standard)	South Asia	SACOR_10
Traditional music is important for our heritage.	دودیز موسیقي زموږ د میراث لپاره مهمه ده.	Pashto (Standard)	South Asia	SACOR_04
The professor wrote equations on the blackboard.	پروفیسور په تختې کې معادلې ولیکلې.	Pashto (Standard)	South Asia	SACOR_09
Farmers wake up early to tend to crops.	کرهڼه کونکي د محصولاتو پاملرنې لپاره وختي پاړ کېږي.	Pashto (Standard)	South Asia	SACOR_10
Handicrafts showcase artistic traditions.	دستي کارونه هنري دودونه ښکاره کوي.	Pashto (Standard)	South Asia	SACOR_10
Tea is served to guests as a gesture of hospitality.	د مېلمانو د مېلمستیا د نښې په توګه چای وړاندې کیږي.	Pashto (Standard)	South Asia	SACOR_03
Birds were chirping in the trees.	مرغۍ په ونو کې چغېدلې.	Pashto (Standard)	South Asia	SACOR_01
Doctors recommend drinking plenty of water.	داکتران د ډیرو اوبو څښل وړاندیز کوي.	Pashto (Standard)	South Asia	SACOR_05
Storytelling preserves culture and knowledge.	کیسه ویل د کلتوري او پوهې ساتنه کوي.	Pashto (Standard)	South Asia	SACOR_06
Learning a new language requires practice.	د نوې ژبې زده کړه تمرین ته اړتیا لري.	Pashto (Standard)	South Asia	SACOR_08
Children were playing cricket in the street.	ماشومان په سړک کې کریکټ لوبېدل.	Pashto (Standard)	South Asia	SACOR_04
Spices add flavor to traditional dishes.	مسالې دودیزو خوړلو ته خوند ورکوي.	Pashto (Standard)	South Asia	SACOR_06
Students gathered in the library.	زده کوونکي په کتابتون کې راټول شول.	Pashto (Standard)	South Asia	SACOR_04
Train journeys offer scenic views.	د اورګاډو سفرونه د مناظرو لید ورکوي.	Pashto (Standard)	South Asia	SACOR_03
Farmers planted rice in the flooded fields.	کرهڼه کونکي د اوبو لاندې کروندو کې وريجې وکړې.	Pashto (Standard)	South Asia	SACOR_04
The teacher explained the lesson patiently.	استاد صبر سره درس تشریح کړ.	Pashto (Standard)	South Asia	SACOR_07
Cricket is a popular sport.	کریکټ یوه مشهوره لوبه ده.	Pashto (Standard)	South Asia	SACOR_07
Family members support each other during difficult times.	د کورنۍ غړي د ستونزمنو وختونو کې یو بل ساتنه کوي.	Pashto (Standard)	South Asia	SACOR_02
The bus arrived late.	بس ورو ورو راغله.	Pashto (Standard)	South Asia	SACOR_09
Regular exercise helps maintain good health.	منظم تمرین د ښه روغتیا ساتلو کې مرسته کوي.	Pashto (Standard)	South Asia	SACOR_06
The forest is home to many wild animals.	ځنګل د ډیرو وحشي حیواناتو کور دی.	Pashto (Standard)	South Asia	SACOR_01
Eating fresh fruits provides essential vitamins.	د تازه میوو خوړل اړین ویتامینونه برابروي.	Pashto (Standard)	South Asia	SACOR_08
The river flows peacefully through the valley.	سیند په دره کې په آرامۍ سره بهیږي.	Pashto (Standard)	South Asia	SACOR_07
I woke up early this morning.	زه نن سهار وختي پاړ شوم.	Pashto (Standard)	South Asia	SACOR_02
Clear communication prevents misunderstandings.	روښانه اړیکه د ناپوهیو مخه نیسي.	Pashto (Standard)	South Asia	SACOR_01
Respecting elders is an important value.	د زړونو درناوی مهمه ارزښت دی.	Pashto (Standard)	South Asia	SACOR_09
She received a scholarship to study medicine.	هغې د طب زده کړې لپاره بورسیه ترلاسه کړه.	Pashto (Standard)	South Asia	SACOR_08
Elderly people share wisdom and stories.	زړون خلک حکمت او کیسې شریکوي.	Pashto (Standard)	South Asia	SACOR_01
Teachers shape young minds.	استادان د ځوان ذهنونو شکل ورکوي.	Pashto (Standard)	South Asia	SACOR_09
Digital payments have made transactions faster.	ډیجیټل تادیاتو معاملات ګړندي کړي دي.	Pashto (Standard)	South Asia	SACOR_03
She walked slowly through the garden.	هغې په باغ کې ورو ورو تېره شوه.	Pashto (Standard)	South Asia	SACOR_07
Cooking together brings family members closer.	یوځای پخول د کورنۍ غړو ته نږدې راولي.	Pashto (Standard)	South Asia	SACOR_10
People celebrate festivals with great joy.	خلک د خوښۍ سره جشنونه لمانځي.	Pashto (Standard)	South Asia	SACOR_08
The wedding ceremony lasted three days.	د واده مراسم درې ورځې دوام وکړ.	Pashto (Standard)	South Asia	SACOR_02
Parents sacrifice their own needs for children.	والدین د ماشومانو لپاره خپل اړتیاوې قربان کوي.	Pashto (Standard)	South Asia	SACOR_09
The school organized a science fair.	ښوونځي د ساینس نندارې تنظیم کړه.	Pashto (Standard)	South Asia	SACOR_03
She cooked delicious biryani for the family.	هغې د کورنۍ لپاره خوندور بریاني پخ کړه.	Pashto (Standard)	South Asia	SACOR_04
My grandmother told me stories.	زما نیا ما ماته کیسې وړې.	Pashto (Standard)	South Asia	SACOR_07
Online shopping has become popular.	آنلاین پلورلې محبوبه شوې ده.	Pashto (Standard)	South Asia	SACOR_01
Agriculture remains the primary source of income.	کرهڼه د عاید اصلي سرچینه پاتې ده.	Pashto (Standard)	South Asia	SACOR_02
The market was crowded with people.	بازار د خلکو سره ډک و.	Pashto (Standard)	South Asia	SACOR_01
Sports teach teamwork and discipline.	لوبې د ټیم کار او نظم زده کوي.	Pashto (Standard)	South Asia	SACOR_08
Education opens doors to opportunities.	زده کړه د فرصتونو دروازې خلاصوي.	Pashto (Standard)	South Asia	SACOR_02
Small businesses create employment opportunities.	کوچني سوداګرۍ د دندو فرصتونه رامنځته کوي.	Pashto (Standard)	South Asia	SACOR_03
People travel long distances to visit religious sites.	خلک د مذهبي سایټونو لیدلو لپاره اوږد فاصلې سفر کوي.	Pashto (Standard)	South Asia	SACOR_07
Tourism brings revenue to regions with historical sites.	سیاحت د تاریخي سایټونو سیمو ته عاید راولي.	Pashto (Standard)	South Asia	SACOR_02
The internet connects people across continents.	انټرنیټ د براعظمونو په اوږدو کې خلک سره نښلوي.	Pashto (Standard)	South Asia	SACOR_06
Children learn best when they are interested.	ماشومان غوره زده کوي کله چې دوی علاقه لري.	Pashto (Standard)	South Asia	SACOR_09
Doctors work long hours to treat patients.	داکتران د ناروغانو درملنې لپاره اوږد ساعتونه کار کوي.	Pashto (Standard)	South Asia	SACOR_04
We decided to visit the old temple.	موږ د پخواني معبد لیدلو پریکړه وکړه.	Pashto (Standard)	South Asia	SACOR_09
After finishing his work, he sat down.	د خپل کار پای ته رسولو وروسته، ناست شو.	Pashto (Standard)	South Asia	SACOR_09
Storytelling preserves culture and knowledge.	کیسه ویل د کلتوري او پوهې ساتنه کوي.	Pashto (Standard)	South Asia	SACOR_03
Learning a new language requires practice.	د نوې ژبې زده کړه تمرین ته اړتیا لري.	Pashto (Standard)	South Asia	SACOR_02
Children were playing cricket in the street.	ماشومان په سړک کې کریکټ لوبېدل.	Pashto (Standard)	South Asia	SACOR_08
The teacher explained the lesson patiently.	استاد صبر سره درس تشریح کړ.	Pashto (Standard)	South Asia	SACOR_07
The market was crowded with people.	بازار د خلکو سره ډک و.	Pashto (Standard)	South Asia	SACOR_05
Regular exercise helps maintain good health.	منظم تمرین د ښه روغتیا ساتلو کې مرسته کوي.	Pashto (Standard)	South Asia	SACOR_09
Smartphones have changed how people communicate.	سمارټ فونونو د خلکو د اړیکو لاره بدله کړې ده.	Pashto (Standard)	South Asia	SACOR_05
I woke up early this morning.	زه نن سهار وختي پاړ شوم.	Pashto (Standard)	South Asia	SACOR_07
Agriculture remains the primary source of income.	کرهڼه د عاید اصلي سرچینه پاتې ده.	Pashto (Standard)	South Asia	SACOR_08
Reading books improves vocabulary.	د کتابونو لوستل د لغت ښه والی کوي.	Pashto (Standard)	South Asia	SACOR_04
Birds were chirping in the trees.	مرغۍ په ونو کې چغېدلې.	Pashto (Standard)	South Asia	SACOR_06
After finishing his work, he sat down.	د خپل کار پای ته رسولو وروسته، ناست شو.	Pashto (Standard)	South Asia	SACOR_08
People travel long distances to visit religious sites.	خلک د مذهبي سایټونو لیدلو لپاره اوږد فاصلې سفر کوي.	Pashto (Standard)	South Asia	SACOR_05
She received a scholarship to study medicine.	هغې د طب زده کړې لپاره بورسیه ترلاسه کړه.	Pashto (Standard)	South Asia	SACOR_03
Sports teach teamwork and discipline.	لوبې د ټیم کار او نظم زده کوي.	Pashto (Standard)	South Asia	SACOR_03
Handicrafts showcase artistic traditions.	دستي کارونه هنري دودونه ښکاره کوي.	Pashto (Standard)	South Asia	SACOR_04
The bus arrived late.	بس ورو ورو راغله.	Pashto (Standard)	South Asia	SACOR_04
She walked slowly through the garden.	هغې په باغ کې ورو ورو تېره شوه.	Pashto (Standard)	South Asia	SACOR_03
Tourism brings revenue to regions with historical sites.	سیاحت د تاریخي سایټونو سیمو ته عاید راولي.	Pashto (Standard)	South Asia	SACOR_03
Doctors work long hours to treat patients.	داکتران د ناروغانو درملنې لپاره اوږد ساعتونه کار کوي.	Pashto (Standard)	South Asia	SACOR_03
The school organized a science fair.	ښوونځي د ساینس نندارې تنظیم کړه.	Pashto (Standard)	South Asia	SACOR_09
Education opens doors to opportunities.	زده کړه د فرصتونو دروازې خلاصوي.	Pashto (Standard)	South Asia	SACOR_01
Eating fresh fruits provides essential vitamins.	د تازه میوو خوړل اړین ویتامینونه برابروي.	Pashto (Standard)	South Asia	SACOR_02
Children learn best when they are interested.	ماشومان غوره زده کوي کله چې دوی علاقه لري.	Pashto (Standard)	South Asia	SACOR_10
Digital payments have made transactions faster.	ډیجیټل تادیاتو معاملات ګړندي کړي دي.	Pashto (Standard)	South Asia	SACOR_05
The forest is home to many wild animals.	ځنګل د ډیرو وحشي حیواناتو کور دی.	Pashto (Standard)	South Asia	SACOR_05
Respecting elders is an important value.	د زړونو درناوی مهمه ارزښت دی.	Pashto (Standard)	South Asia	SACOR_03
My grandmother told me stories.	زما نیا ما ماته کیسې وړې.	Pashto (Standard)	South Asia	SACOR_06
Cricket is a popular sport.	کریکټ یوه مشهوره لوبه ده.	Pashto (Standard)	South Asia	SACOR_09
People celebrate festivals with great joy.	خلک د خوښۍ سره جشنونه لمانځي.	Pashto (Standard)	South Asia	SACOR_10
Parents sacrifice their own needs for children.	والدین د ماشومانو لپاره خپل اړتیاوې قربان کوي.	Pashto (Standard)	South Asia	SACOR_03
Teachers shape young minds.	استادان د ځوان ذهنونو شکل ورکوي.	Pashto (Standard)	South Asia	SACOR_03
Spices add flavor to traditional dishes.	مسالې دودیزو خوړلو ته خوند ورکوي.	Pashto (Standard)	South Asia	SACOR_03
The wedding ceremony lasted three days.	د واده مراسم درې ورځې دوام وکړ.	Pashto (Standard)	South Asia	SACOR_06
The professor wrote equations on the blackboard.	پروفیسور په تختې کې معادلې ولیکلې.	Pashto (Standard)	South Asia	SACOR_07
Elderly people share wisdom and stories.	زړون خلک حکمت او کیسې شریکوي.	Pashto (Standard)	South Asia	SACOR_01
Pollution in cities has become a serious problem.	په ښارونو کې ککړتیا یوه سخت ستونزه شوې ده.	Pashto (Standard)	South Asia	SACOR_07
Farmers planted rice in the flooded fields.	کرهڼه کونکي د اوبو لاندې کروندو کې وريجې وکړې.	Pashto (Standard)	South Asia	SACOR_03
She cooked delicious biryani for the family.	هغې د کورنۍ لپاره خوندور بریاني پخ کړه.	Pashto (Standard)	South Asia	SACOR_10
Train journeys offer scenic views.	د اورګاډو سفرونه د مناظرو لید ورکوي.	Pashto (Standard)	South Asia	SACOR_06
Small businesses create employment opportunities.	کوچني سوداګرۍ د دندو فرصتونه رامنځته کوي.	Pashto (Standard)	South Asia	SACOR_04
Tea is served to guests as a gesture of hospitality.	د مېلمانو د مېلمستیا د نښې په توګه چای وړاندې کیږي.	Pashto (Standard)	South Asia	SACOR_06
Cooking together brings family members closer.	یوځای پخول د کورنۍ غړو ته نږدې راولي.	Pashto (Standard)	South Asia	SACOR_01
Farmers wake up early to tend to crops.	کرهڼه کونکي د محصولاتو پاملرنې لپاره وختي پاړ کېږي.	Pashto (Standard)	South Asia	SACOR_07
Students gathered in the library.	زده کوونکي په کتابتون کې راټول شول.	Pashto (Standard)	South Asia	SACOR_04
Doctors recommend drinking plenty of water.	داکتران د ډیرو اوبو څښل وړاندیز کوي.	Pashto (Standard)	South Asia	SACOR_08
Online shopping has become popular.	آنلاین پلورلې محبوبه شوې ده.	Pashto (Standard)	South Asia	SACOR_04
The internet connects people across continents.	انټرنیټ د براعظمونو په اوږدو کې خلک سره نښلوي.	Pashto (Standard)	South Asia	SACOR_02
Clear communication prevents misunderstandings.	روښانه اړیکه د ناپوهیو مخه نیسي.	Pashto (Standard)	South Asia	SACOR_02
Family members support each other during difficult times.	د کورنۍ غړي د ستونزمنو وختونو کې یو بل ساتنه کوي.	Pashto (Standard)	South Asia	SACOR_09
We decided to visit the old temple.	موږ د پخواني معبد لیدلو پریکړه وکړه.	Pashto (Standard)	South Asia	SACOR_01
Traditional music is important for our heritage.	دودیز موسیقي زموږ د میراث لپاره مهمه ده.	Pashto (Standard)	South Asia	SACOR_05
The river flows peacefully through the valley.	سیند په دره کې په آرامۍ سره بهیږي.	Pashto (Standard)	South Asia	SACOR_07
Parents sacrifice their own needs for children.	والدین د ماشومانو لپاره خپل اړتیاوې قربان کوي.	Pashto (Standard)	South Asia	SACOR_08
Doctors work long hours to treat patients.	داکتران د ناروغانو درملنې لپاره اوږد ساعتونه کار کوي.	Pashto (Standard)	South Asia	SACOR_05
My grandmother told me stories.	زما نیا ما ماته کیسې وړې.	Pashto (Standard)	South Asia	SACOR_02
Farmers planted rice in the flooded fields.	کرهڼه کونکي د اوبو لاندې کروندو کې وريجې وکړې.	Pashto (Standard)	South Asia	SACOR_04
Sports teach teamwork and discipline.	لوبې د ټیم کار او نظم زده کوي.	Pashto (Standard)	South Asia	SACOR_01
People celebrate festivals with great joy.	خلک د خوښۍ سره جشنونه لمانځي.	Pashto (Standard)	South Asia	SACOR_08
She cooked delicious biryani for the family.	هغې د کورنۍ لپاره خوندور بریاني پخ کړه.	Pashto (Standard)	South Asia	SACOR_06
The market was crowded with people.	بازار د خلکو سره ډک و.	Pashto (Standard)	South Asia	SACOR_04
Tourism brings revenue to regions with historical sites.	سیاحت د تاریخي سایټونو سیمو ته عاید راولي.	Pashto (Standard)	South Asia	SACOR_09
Respecting elders is an important value.	د زړونو درناوی مهمه ارزښت دی.	Pashto (Standard)	South Asia	SACOR_05
Spices add flavor to traditional dishes.	مسالې دودیزو خوړلو ته خوند ورکوي.	Pashto (Standard)	South Asia	SACOR_02
Birds were chirping in the trees.	مرغۍ په ونو کې چغېدلې.	Pashto (Standard)	South Asia	SACOR_09
Pollution in cities has become a serious problem.	په ښارونو کې ککړتیا یوه سخت ستونزه شوې ده.	Pashto (Standard)	South Asia	SACOR_06
The internet connects people across continents.	انټرنیټ د براعظمونو په اوږدو کې خلک سره نښلوي.	Pashto (Standard)	South Asia	SACOR_03
Children learn best when they are interested.	ماشومان غوره زده کوي کله چې دوی علاقه لري.	Pashto (Standard)	South Asia	SACOR_01
Online shopping has become popular.	آنلاین پلورلې محبوبه شوې ده.	Pashto (Standard)	South Asia	SACOR_02
Cricket is a popular sport.	کریکټ یوه مشهوره لوبه ده.	Pashto (Standard)	South Asia	SACOR_04
Handicrafts showcase artistic traditions.	دستي کارونه هنري دودونه ښکاره کوي.	Pashto (Standard)	South Asia	SACOR_07
The river flows peacefully through the valley.	سیند په دره کې په آرامۍ سره بهیږي.	Pashto (Standard)	South Asia	SACOR_03
Farmers wake up early to tend to crops.	کرهڼه کونکي د محصولاتو پاملرنې لپاره وختي پاړ کېږي.	Pashto (Standard)	South Asia	SACOR_07
Smartphones have changed how people communicate.	سمارټ فونونو د خلکو د اړیکو لاره بدله کړې ده.	Pashto (Standard)	South Asia	SACOR_01
Tea is served to guests as a gesture of hospitality.	د مېلمانو د مېلمستیا د نښې په توګه چای وړاندې کیږي.	Pashto (Standard)	South Asia	SACOR_09
Family members support each other during difficult times.	د کورنۍ غړي د ستونزمنو وختونو کې یو بل ساتنه کوي.	Pashto (Standard)	South Asia	SACOR_05
Learning a new language requires practice.	د نوې ژبې زده کړه تمرین ته اړتیا لري.	Pashto (Standard)	South Asia	SACOR_07
Education opens doors to opportunities.	زده کړه د فرصتونو دروازې خلاصوي.	Pashto (Standard)	South Asia	SACOR_04
The professor wrote equations on the blackboard.	پروفیسور په تختې کې معادلې ولیکلې.	Pashto (Standard)	South Asia	SACOR_10
Teachers shape young minds.	استادان د ځوان ذهنونو شکل ورکوي.	Pashto (Standard)	South Asia	SACOR_08
Train journeys offer scenic views.	د اورګاډو سفرونه د مناظرو لید ورکوي.	Pashto (Standard)	South Asia	SACOR_06
Traditional music is important for our heritage.	دودیز موسیقي زموږ د میراث لپاره مهمه ده.	Pashto (Standard)	South Asia	SACOR_07
Cooking together brings family members closer.	یوځای پخول د کورنۍ غړو ته نږدې راولي.	Pashto (Standard)	South Asia	SACOR_02
Children were playing cricket in the street.	ماشومان په سړک کې کریکټ لوبېدل.	Pashto (Standard)	South Asia	SACOR_06
Digital payments have made transactions faster.	ډیجیټل تادیاتو معاملات ګړندي کړي دي.	Pashto (Standard)	South Asia	SACOR_05
The forest is home to many wild animals.	ځنګل د ډیرو وحشي حیواناتو کور دی.	Pashto (Standard)	South Asia	SACOR_08
She received a scholarship to study medicine.	هغې د طب زده کړې لپاره بورسیه ترلاسه کړه.	Pashto (Standard)	South Asia	SACOR_01
Students gathered in the library.	زده کوونکي په کتابتون کې راټول شول.	Pashto (Standard)	South Asia	SACOR_06
Small businesses create employment opportunities.	کوچني سوداګرۍ د دندو فرصتونه رامنځته کوي.	Pashto (Standard)	South Asia	SACOR_06
Reading books improves vocabulary.	د کتابونو لوستل د لغت ښه والی کوي.	Pashto (Standard)	South Asia	SACOR_05
I woke up early this morning.	زه نن سهار وختي پاړ شوم.	Pashto (Standard)	South Asia	SACOR_10
Storytelling preserves culture and knowledge.	کیسه ویل د کلتوري او پوهې ساتنه کوي.	Pashto (Standard)	South Asia	SACOR_02
The teacher explained the lesson patiently.	استاد صبر سره درس تشریح کړ.	Pashto (Standard)	South Asia	SACOR_03
Eating fresh fruits provides essential vitamins.	د تازه میوو خوړل اړین ویتامینونه برابروي.	Pashto (Standard)	South Asia	SACOR_02
She walked slowly through the garden.	هغې په باغ کې ورو ورو تېره شوه.	Pashto (Standard)	South Asia	SACOR_06
Doctors recommend drinking plenty of water.	داکتران د ډیرو اوبو څښل وړاندیز کوي.	Pashto (Standard)	South Asia	SACOR_02
Regular exercise helps maintain good health.	منظم تمرین د ښه روغتیا ساتلو کې مرسته کوي.	Pashto (Standard)	South Asia	SACOR_07
After finishing his work, he sat down.	د خپل کار پای ته رسولو وروسته، ناست شو.	Pashto (Standard)	South Asia	SACOR_05
Elderly people share wisdom and stories.	زړون خلک حکمت او کیسې شریکوي.	Pashto (Standard)	South Asia	SACOR_02
We decided to visit the old temple.	موږ د پخواني معبد لیدلو پریکړه وکړه.	Pashto (Standard)	South Asia	SACOR_02
The wedding ceremony lasted three days.	د واده مراسم درې ورځې دوام وکړ.	Pashto (Standard)	South Asia	SACOR_10
People travel long distances to visit religious sites.	خلک د مذهبي سایټونو لیدلو لپاره اوږد فاصلې سفر کوي.	Pashto (Standard)	South Asia	SACOR_06
The school organized a science fair.	ښوونځي د ساینس نندارې تنظیم کړه.	Pashto (Standard)	South Asia	SACOR_06
The bus arrived late.	بس ورو ورو راغله.	Pashto (Standard)	South Asia	SACOR_07
Agriculture remains the primary source of income.	کرهڼه د عاید اصلي سرچینه پاتې ده.	Pashto (Standard)	South Asia	SACOR_05
Clear communication prevents misunderstandings.	روښانه اړیکه د ناپوهیو مخه نیسي.	Pashto (Standard)	South Asia	SACOR_01
Regular exercise helps maintain good health.	منظم تمرین د ښه روغتیا ساتلو کې مرسته کوي.	Pashto (Standard)	South Asia	SACOR_10
Traditional music is important for our heritage.	دودیز موسیقي زموږ د میراث لپاره مهمه ده.	Pashto (Standard)	South Asia	SACOR_02
The bus arrived late.	بس ورو ورو راغله.	Pashto (Standard)	South Asia	SACOR_10
She walked slowly through the garden.	هغې په باغ کې ورو ورو تېره شوه.	Pashto (Standard)	South Asia	SACOR_07
Sports teach teamwork and discipline.	لوبې د ټیم کار او نظم زده کوي.	Pashto (Standard)	South Asia	SACOR_10
Elderly people share wisdom and stories.	زړون خلک حکمت او کیسې شریکوي.	Pashto (Standard)	South Asia	SACOR_04
Children were playing cricket in the street.	ماشومان په سړک کې کریکټ لوبېدل.	Pashto (Standard)	South Asia	SACOR_10
Tourism brings revenue to regions with historical sites.	سیاحت د تاریخي سایټونو سیمو ته عاید راولي.	Pashto (Standard)	South Asia	SACOR_06
People celebrate festivals with great joy.	خلک د خوښۍ سره جشنونه لمانځي.	Pashto (Standard)	South Asia	SACOR_08
She received a scholarship to study medicine.	هغې د طب زده کړې لپاره بورسیه ترلاسه کړه.	Pashto (Standard)	South Asia	SACOR_09
Family members support each other during difficult times.	د کورنۍ غړي د ستونزمنو وختونو کې یو بل ساتنه کوي.	Pashto (Standard)	South Asia	SACOR_08
Digital payments have made transactions faster.	ډیجیټل تادیاتو معاملات ګړندي کړي دي.	Pashto (Standard)	South Asia	SACOR_06
Online shopping has become popular.	آنلاین پلورلې محبوبه شوې ده.	Pashto (Standard)	South Asia	SACOR_03
We decided to visit the old temple.	موږ د پخواني معبد لیدلو پریکړه وکړه.	Pashto (Standard)	South Asia	SACOR_01
Small businesses create employment opportunities.	کوچني سوداګرۍ د دندو فرصتونه رامنځته کوي.	Pashto (Standard)	South Asia	SACOR_08
Education opens doors to opportunities.	زده کړه د فرصتونو دروازې خلاصوي.	Pashto (Standard)	South Asia	SACOR_01
The forest is home to many wild animals.	ځنګل د ډیرو وحشي حیواناتو کور دی.	Pashto (Standard)	South Asia	SACOR_03
People travel long distances to visit religious sites.	خلک د مذهبي سایټونو لیدلو لپاره اوږد فاصلې سفر کوي.	Pashto (Standard)	South Asia	SACOR_01
Farmers planted rice in the flooded fields.	کرهڼه کونکي د اوبو لاندې کروندو کې وريجې وکړې.	Pashto (Standard)	South Asia	SACOR_05
Children learn best when they are interested.	ماشومان غوره زده کوي کله چې دوی علاقه لري.	Pashto (Standard)	South Asia	SACOR_03
Tea is served to guests as a gesture of hospitality.	د مېلمانو د مېلمستیا د نښې په توګه چای وړاندې کیږي.	Pashto (Standard)	South Asia	SACOR_07
The internet connects people across continents.	انټرنیټ د براعظمونو په اوږدو کې خلک سره نښلوي.	Pashto (Standard)	South Asia	SACOR_03
Spices add flavor to traditional dishes.	مسالې دودیزو خوړلو ته خوند ورکوي.	Pashto (Standard)	South Asia	SACOR_01
Agriculture remains the primary source of income.	کرهڼه د عاید اصلي سرچینه پاتې ده.	Pashto (Standard)	South Asia	SACOR_02
Farmers wake up early to tend to crops.	کرهڼه کونکي د محصولاتو پاملرنې لپاره وختي پاړ کېږي.	Pashto (Standard)	South Asia	SACOR_10
Cricket is a popular sport.	کریکټ یوه مشهوره لوبه ده.	Pashto (Standard)	South Asia	SACOR_08
Teachers shape young minds.	استادان د ځوان ذهنونو شکل ورکوي.	Pashto (Standard)	South Asia	SACOR_02
Students gathered in the library.	زده کوونکي په کتابتون کې راټول شول.	Pashto (Standard)	South Asia	SACOR_03
She cooked delicious biryani for the family.	هغې د کورنۍ لپاره خوندور بریاني پخ کړه.	Pashto (Standard)	South Asia	SACOR_02
Storytelling preserves culture and knowledge.	کیسه ویل د کلتوري او پوهې ساتنه کوي.	Pashto (Standard)	South Asia	SACOR_03
Eating fresh fruits provides essential vitamins.	د تازه میوو خوړل اړین ویتامینونه برابروي.	Pashto (Standard)	South Asia	SACOR_05
I woke up early this morning.	زه نن سهار وختي پاړ شوم.	Pashto (Standard)	South Asia	SACOR_02
The wedding ceremony lasted three days.	د واده مراسم درې ورځې دوام وکړ.	Pashto (Standard)	South Asia	SACOR_04
Pollution in cities has become a serious problem.	په ښارونو کې ککړتیا یوه سخت ستونزه شوې ده.	Pashto (Standard)	South Asia	SACOR_10
Handicrafts showcase artistic traditions.	دستي کارونه هنري دودونه ښکاره کوي.	Pashto (Standard)	South Asia	SACOR_04
Cooking together brings family members closer.	یوځای پخول د کورنۍ غړو ته نږدې راولي.	Pashto (Standard)	South Asia	SACOR_07
Smartphones have changed how people communicate.	سمارټ فونونو د خلکو د اړیکو لاره بدله کړې ده.	Pashto (Standard)	South Asia	SACOR_10
Reading books improves vocabulary.	د کتابونو لوستل د لغت ښه والی کوي.	Pashto (Standard)	South Asia	SACOR_07
Parents sacrifice their own needs for children.	والدین د ماشومانو لپاره خپل اړتیاوې قربان کوي.	Pashto (Standard)	South Asia	SACOR_08
My grandmother told me stories.	زما نیا ما ماته کیسې وړې.	Pashto (Standard)	South Asia	SACOR_09
The professor wrote equations on the blackboard.	پروفیسور په تختې کې معادلې ولیکلې.	Pashto (Standard)	South Asia	SACOR_10
Clear communication prevents misunderstandings.	روښانه اړیکه د ناپوهیو مخه نیسي.	Pashto (Standard)	South Asia	SACOR_08
After finishing his work, he sat down.	د خپل کار پای ته رسولو وروسته، ناست شو.	Pashto (Standard)	South Asia	SACOR_07
The river flows peacefully through the valley.	سیند په دره کې په آرامۍ سره بهیږي.	Pashto (Standard)	South Asia	SACOR_01
Train journeys offer scenic views.	د اورګاډو سفرونه د مناظرو لید ورکوي.	Pashto (Standard)	South Asia	SACOR_10
Doctors work long hours to treat patients.	داکتران د ناروغانو درملنې لپاره اوږد ساعتونه کار کوي.	Pashto (Standard)	South Asia	SACOR_09
The market was crowded with people.	بازار د خلکو سره ډک و.	Pashto (Standard)	South Asia	SACOR_08
Learning a new language requires practice.	د نوې ژبې زده کړه تمرین ته اړتیا لري.	Pashto (Standard)	South Asia	SACOR_04
The teacher explained the lesson patiently.	استاد صبر سره درس تشریح کړ.	Pashto (Standard)	South Asia	SACOR_02
Respecting elders is an important value.	د زړونو درناوی مهمه ارزښت دی.	Pashto (Standard)	South Asia	SACOR_03
Doctors recommend drinking plenty of water.	داکتران د ډیرو اوبو څښل وړاندیز کوي.	Pashto (Standard)	South Asia	SACOR_07
The school organized a science fair.	ښوونځي د ساینس نندارې تنظیم کړه.	Pashto (Standard)	South Asia	SACOR_08
Birds were chirping in the trees.	مرغۍ په ونو کې چغېدلې.	Pashto (Standard)	South Asia	SACOR_08
Students gathered in the library.	زده کوونکي په کتابتون کې راټول شول.	Pashto (Standard)	South Asia	SACOR_04
Storytelling preserves culture and knowledge.	کیسه ویل د کلتوري او پوهې ساتنه کوي.	Pashto (Standard)	South Asia	SACOR_02
Cooking together brings family members closer.	یوځای پخول د کورنۍ غړو ته نږدې راولي.	Pashto (Standard)	South Asia	SACOR_10
Smartphones have changed how people communicate.	سمارټ فونونو د خلکو د اړیکو لاره بدله کړې ده.	Pashto (Standard)	South Asia	SACOR_03
Learning a new language requires practice.	د نوې ژبې زده کړه تمرین ته اړتیا لري.	Pashto (Standard)	South Asia	SACOR_03
The professor wrote equations on the blackboard.	پروفیسور په تختې کې معادلې ولیکلې.	Pashto (Standard)	South Asia	SACOR_08
Traditional music is important for our heritage.	دودیز موسیقي زموږ د میراث لپاره مهمه ده.	Pashto (Standard)	South Asia	SACOR_07
Family members support each other during difficult times.	د کورنۍ غړي د ستونزمنو وختونو کې یو بل ساتنه کوي.	Pashto (Standard)	South Asia	SACOR_01
People travel long distances to visit religious sites.	خلک د مذهبي سایټونو لیدلو لپاره اوږد فاصلې سفر کوي.	Pashto (Standard)	South Asia	SACOR_08
The wedding ceremony lasted three days.	د واده مراسم درې ورځې دوام وکړ.	Pashto (Standard)	South Asia	SACOR_06
She cooked delicious biryani for the family.	هغې د کورنۍ لپاره خوندور بریاني پخ کړه.	Pashto (Standard)	South Asia	SACOR_10
Regular exercise helps maintain good health.	منظم تمرین د ښه روغتیا ساتلو کې مرسته کوي.	Pashto (Standard)	South Asia	SACOR_09
After finishing his work, he sat down.	د خپل کار پای ته رسولو وروسته، ناست شو.	Pashto (Standard)	South Asia	SACOR_09
Small businesses create employment opportunities.	کوچني سوداګرۍ د دندو فرصتونه رامنځته کوي.	Pashto (Standard)	South Asia	SACOR_10
The bus arrived late.	بس ورو ورو راغله.	Pashto (Standard)	South Asia	SACOR_08
Eating fresh fruits provides essential vitamins.	د تازه میوو خوړل اړین ویتامینونه برابروي.	Pashto (Standard)	South Asia	SACOR_09
Elderly people share wisdom and stories.	زړون خلک حکمت او کیسې شریکوي.	Pashto (Standard)	South Asia	SACOR_07
Train journeys offer scenic views.	د اورګاډو سفرونه د مناظرو لید ورکوي.	Pashto (Standard)	South Asia	SACOR_06
Agriculture remains the primary source of income.	کرهڼه د عاید اصلي سرچینه پاتې ده.	Pashto (Standard)	South Asia	SACOR_04
The river flows peacefully through the valley.	سیند په دره کې په آرامۍ سره بهیږي.	Pashto (Standard)	South Asia	SACOR_04
My grandmother told me stories.	زما نیا ما ماته کیسې وړې.	Pashto (Standard)	South Asia	SACOR_10
I woke up early this morning.	زه نن سهار وختي پاړ شوم.	Pashto (Standard)	South Asia	SACOR_05
Children were playing cricket in the street.	ماشومان په سړک کې کریکټ لوبېدل.	Pashto (Standard)	South Asia	SACOR_04
The school organized a science fair.	ښوونځي د ساینس نندارې تنظیم کړه.	Pashto (Standard)	South Asia	SACOR_02
Cricket is a popular sport.	کریکټ یوه مشهوره لوبه ده.	Pashto (Standard)	South Asia	SACOR_10
Parents sacrifice their own needs for children.	والدین د ماشومانو لپاره خپل اړتیاوې قربان کوي.	Pashto (Standard)	South Asia	SACOR_02
She received a scholarship to study medicine.	هغې د طب زده کړې لپاره بورسیه ترلاسه کړه.	Pashto (Standard)	South Asia	SACOR_07
Handicrafts showcase artistic traditions.	دستي کارونه هنري دودونه ښکاره کوي.	Pashto (Standard)	South Asia	SACOR_06
Pollution in cities has become a serious problem.	په ښارونو کې ککړتیا یوه سخت ستونزه شوې ده.	Pashto (Standard)	South Asia	SACOR_05
Tourism brings revenue to regions with historical sites.	سیاحت د تاریخي سایټونو سیمو ته عاید راولي.	Pashto (Standard)	South Asia	SACOR_04
Education opens doors to opportunities.	زده کړه د فرصتونو دروازې خلاصوي.	Pashto (Standard)	South Asia	SACOR_01
Birds were chirping in the trees.	مرغۍ په ونو کې چغېدلې.	Pashto (Standard)	South Asia	SACOR_09
Farmers planted rice in the flooded fields.	کرهڼه کونکي د اوبو لاندې کروندو کې وريجې وکړې.	Pashto (Standard)	South Asia	SACOR_10
Sports teach teamwork and discipline.	لوبې د ټیم کار او نظم زده کوي.	Pashto (Standard)	South Asia	SACOR_06
Doctors work long hours to treat patients.	داکتران د ناروغانو درملنې لپاره اوږد ساعتونه کار کوي.	Pashto (Standard)	South Asia	SACOR_03
Spices add flavor to traditional dishes.	مسالې دودیزو خوړلو ته خوند ورکوي.	Pashto (Standard)	South Asia	SACOR_04
The forest is home to many wild animals.	ځنګل د ډیرو وحشي حیواناتو کور دی.	Pashto (Standard)	South Asia	SACOR_02
Clear communication prevents misunderstandings.	روښانه اړیکه د ناپوهیو مخه نیسي.	Pashto (Standard)	South Asia	SACOR_03
The internet connects people across continents.	انټرنیټ د براعظمونو په اوږدو کې خلک سره نښلوي.	Pashto (Standard)	South Asia	SACOR_01
The teacher explained the lesson patiently.	استاد صبر سره درس تشریح کړ.	Pashto (Standard)	South Asia	SACOR_03
Respecting elders is an important value.	د زړونو درناوی مهمه ارزښت دی.	Pashto (Standard)	South Asia	SACOR_02
Children learn best when they are interested.	ماشومان غوره زده کوي کله چې دوی علاقه لري.	Pashto (Standard)	South Asia	SACOR_10
Tea is served to guests as a gesture of hospitality.	د مېلمانو د مېلمستیا د نښې په توګه چای وړاندې کیږي.	Pashto (Standard)	South Asia	SACOR_02
Teachers shape young minds.	استادان د ځوان ذهنونو شکل ورکوي.	Pashto (Standard)	South Asia	SACOR_06
Doctors recommend drinking plenty of water.	داکتران د ډیرو اوبو څښل وړاندیز کوي.	Pashto (Standard)	South Asia	SACOR_01
Reading books improves vocabulary.	د کتابونو لوستل د لغت ښه والی کوي.	Pashto (Standard)	South Asia	SACOR_06
Online shopping has become popular.	آنلاین پلورلې محبوبه شوې ده.	Pashto (Standard)	South Asia	SACOR_08
We decided to visit the old temple.	موږ د پخواني معبد لیدلو پریکړه وکړه.	Pashto (Standard)	South Asia	SACOR_07
Farmers wake up early to tend to crops.	کرهڼه کونکي د محصولاتو پاملرنې لپاره وختي پاړ کېږي.	Pashto (Standard)	South Asia	SACOR_05
Digital payments have made transactions faster.	ډیجیټل تادیاتو معاملات ګړندي کړي دي.	Pashto (Standard)	South Asia	SACOR_05
She walked slowly through the garden.	هغې په باغ کې ورو ورو تېره شوه.	Pashto (Standard)	South Asia	SACOR_10
People celebrate festivals with great joy.	خلک د خوښۍ سره جشنونه لمانځي.	Pashto (Standard)	South Asia	SACOR_08
The market was crowded with people.	بازار د خلکو سره ډک و.	Pashto (Standard)	South Asia	SACOR_05
Eating fresh fruits provides essential vitamins.	د تازه میوو خوړل اړین ویتامینونه برابروي.	Pashto (Standard)	South Asia	SACOR_08
The internet connects people across continents.	انټرنیټ د براعظمونو په اوږدو کې خلک سره نښلوي.	Pashto (Standard)	South Asia	SACOR_01
The market was crowded with people.	بازار د خلکو سره ډک و.	Pashto (Standard)	South Asia	SACOR_01
Farmers planted rice in the flooded fields.	کرهڼه کونکي د اوبو لاندې کروندو کې وريجې وکړې.	Pashto (Standard)	South Asia	SACOR_01
People travel long distances to visit religious sites.	خلک د مذهبي سایټونو لیدلو لپاره اوږد فاصلې سفر کوي.	Pashto (Standard)	South Asia	SACOR_03
Education opens doors to opportunities.	زده کړه د فرصتونو دروازې خلاصوي.	Pashto (Standard)	South Asia	SACOR_07
The wedding ceremony lasted three days.	د واده مراسم درې ورځې دوام وکړ.	Pashto (Standard)	South Asia	SACOR_09
The school organized a science fair.	ښوونځي د ساینس نندارې تنظیم کړه.	Pashto (Standard)	South Asia	SACOR_08
The bus arrived late.	بس ورو ورو راغله.	Pashto (Standard)	South Asia	SACOR_07
Reading books improves vocabulary.	د کتابونو لوستل د لغت ښه والی کوي.	Pashto (Standard)	South Asia	SACOR_05
The teacher explained the lesson patiently.	استاد صبر سره درس تشریح کړ.	Pashto (Standard)	South Asia	SACOR_05
Parents sacrifice their own needs for children.	والدین د ماشومانو لپاره خپل اړتیاوې قربان کوي.	Pashto (Standard)	South Asia	SACOR_09
Spices add flavor to traditional dishes.	مسالې دودیزو خوړلو ته خوند ورکوي.	Pashto (Standard)	South Asia	SACOR_07
Regular exercise helps maintain good health.	منظم تمرین د ښه روغتیا ساتلو کې مرسته کوي.	Pashto (Standard)	South Asia	SACOR_08
Doctors recommend drinking plenty of water.	داکتران د ډیرو اوبو څښل وړاندیز کوي.	Pashto (Standard)	South Asia	SACOR_07
Traditional music is important for our heritage.	دودیز موسیقي زموږ د میراث لپاره مهمه ده.	Pashto (Standard)	South Asia	SACOR_05
Tourism brings revenue to regions with historical sites.	سیاحت د تاریخي سایټونو سیمو ته عاید راولي.	Pashto (Standard)	South Asia	SACOR_10
Elderly people share wisdom and stories.	زړون خلک حکمت او کیسې شریکوي.	Pashto (Standard)	South Asia	SACOR_08
Cooking together brings family members closer.	یوځای پخول د کورنۍ غړو ته نږدې راولي.	Pashto (Standard)	South Asia	SACOR_10
We decided to visit the old temple.	موږ د پخواني معبد لیدلو پریکړه وکړه.	Pashto (Standard)	South Asia	SACOR_08
Smartphones have changed how people communicate.	سمارټ فونونو د خلکو د اړیکو لاره بدله کړې ده.	Pashto (Standard)	South Asia	SACOR_05
Children were playing cricket in the street.	ماشومان په سړک کې کریکټ لوبېدل.	Pashto (Standard)	South Asia	SACOR_02
She received a scholarship to study medicine.	هغې د طب زده کړې لپاره بورسیه ترلاسه کړه.	Pashto (Standard)	South Asia	SACOR_07
Pollution in cities has become a serious problem.	په ښارونو کې ککړتیا یوه سخت ستونزه شوې ده.	Pashto (Standard)	South Asia	SACOR_04
Respecting elders is an important value.	د زړونو درناوی مهمه ارزښت دی.	Pashto (Standard)	South Asia	SACOR_07
Farmers wake up early to tend to crops.	کرهڼه کونکي د محصولاتو پاملرنې لپاره وختي پاړ کېږي.	Pashto (Standard)	South Asia	SACOR_06
Cricket is a popular sport.	کریکټ یوه مشهوره لوبه ده.	Pashto (Standard)	South Asia	SACOR_07
Teachers shape young minds.	استادان د ځوان ذهنونو شکل ورکوي.	Pashto (Standard)	South Asia	SACOR_01
Doctors work long hours to treat patients.	داکتران د ناروغانو درملنې لپاره اوږد ساعتونه کار کوي.	Pashto (Standard)	South Asia	SACOR_05
Clear communication prevents misunderstandings.	روښانه اړیکه د ناپوهیو مخه نیسي.	Pashto (Standard)	South Asia	SACOR_06
Train journeys offer scenic views.	د اورګاډو سفرونه د مناظرو لید ورکوي.	Pashto (Standard)	South Asia	SACOR_01
Small businesses create employment opportunities.	کوچني سوداګرۍ د دندو فرصتونه رامنځته کوي.	Pashto (Standard)	South Asia	SACOR_01
Birds were chirping in the trees.	مرغۍ په ونو کې چغېدلې.	Pashto (Standard)	South Asia	SACOR_07
Sports teach teamwork and discipline.	لوبې د ټیم کار او نظم زده کوي.	Pashto (Standard)	South Asia	SACOR_04
Agriculture remains the primary source of income.	کرهڼه د عاید اصلي سرچینه پاتې ده.	Pashto (Standard)	South Asia	SACOR_06
The professor wrote equations on the blackboard.	پروفیسور په تختې کې معادلې ولیکلې.	Pashto (Standard)	South Asia	SACOR_06
People celebrate festivals with great joy.	خلک د خوښۍ سره جشنونه لمانځي.	Pashto (Standard)	South Asia	SACOR_04
I woke up early this morning.	زه نن سهار وختي پاړ شوم.	Pashto (Standard)	South Asia	SACOR_08
Children learn best when they are interested.	ماشومان غوره زده کوي کله چې دوی علاقه لري.	Pashto (Standard)	South Asia	SACOR_04
Digital payments have made transactions faster.	ډیجیټل تادیاتو معاملات ګړندي کړي دي.	Pashto (Standard)	South Asia	SACOR_01
Online shopping has become popular.	آنلاین پلورلې محبوبه شوې ده.	Pashto (Standard)	South Asia	SACOR_10
Learning a new language requires practice.	د نوې ژبې زده کړه تمرین ته اړتیا لري.	Pashto (Standard)	South Asia	SACOR_07
My grandmother told me stories.	زما نیا ما ماته کیسې وړې.	Pashto (Standard)	South Asia	SACOR_05
She cooked delicious biryani for the family.	هغې د کورنۍ لپاره خوندور بریاني پخ کړه.	Pashto (Standard)	South Asia	SACOR_10
Tea is served to guests as a gesture of hospitality.	د مېلمانو د مېلمستیا د نښې په توګه چای وړاندې کیږي.	Pashto (Standard)	South Asia	SACOR_07
After finishing his work, he sat down.	د خپل کار پای ته رسولو وروسته، ناست شو.	Pashto (Standard)	South Asia	SACOR_10
Handicrafts showcase artistic traditions.	دستي کارونه هنري دودونه ښکاره کوي.	Pashto (Standard)	South Asia	SACOR_03
The forest is home to many wild animals.	ځنګل د ډیرو وحشي حیواناتو کور دی.	Pashto (Standard)	South Asia	SACOR_08
Family members support each other during difficult times.	د کورنۍ غړي د ستونزمنو وختونو کې یو بل ساتنه کوي.	Pashto (Standard)	South Asia	SACOR_08
Storytelling preserves culture and knowledge.	کیسه ویل د کلتوري او پوهې ساتنه کوي.	Pashto (Standard)	South Asia	SACOR_02
She walked slowly through the garden.	هغې په باغ کې ورو ورو تېره شوه.	Pashto (Standard)	South Asia	SACOR_02
Students gathered in the library.	زده کوونکي په کتابتون کې راټول شول.	Pashto (Standard)	South Asia	SACOR_10
The river flows peacefully through the valley.	سیند په دره کې په آرامۍ سره بهیږي.	Pashto (Standard)	South Asia	SACOR_06
Cricket is a popular sport.	کریکټ یوه مشهوره لوبه ده.	Pashto (Standard)	South Asia	SACOR_03
Doctors recommend drinking plenty of water.	داکتران د ډیرو اوبو څښل وړاندیز کوي.	Pashto (Standard)	South Asia	SACOR_10
Spices add flavor to traditional dishes.	مسالې دودیزو خوړلو ته خوند ورکوي.	Pashto (Standard)	South Asia	SACOR_07
Farmers wake up early to tend to crops.	کرهڼه کونکي د محصولاتو پاملرنې لپاره وختي پاړ کېږي.	Pashto (Standard)	South Asia	SACOR_04
Respecting elders is an important value.	د زړونو درناوی مهمه ارزښت دی.	Pashto (Standard)	South Asia	SACOR_06
People celebrate festivals with great joy.	خلک د خوښۍ سره جشنونه لمانځي.	Pashto (Standard)	South Asia	SACOR_04
Digital payments have made transactions faster.	ډیجیټل تادیاتو معاملات ګړندي کړي دي.	Pashto (Standard)	South Asia	SACOR_01
She cooked delicious biryani for the family.	هغې د کورنۍ لپاره خوندور بریاني پخ کړه.	Pashto (Standard)	South Asia	SACOR_06
Tea is served to guests as a gesture of hospitality.	د مېلمانو د مېلمستیا د نښې په توګه چای وړاندې کیږي.	Pashto (Standard)	South Asia	SACOR_10
I woke up early this morning.	زه نن سهار وختي پاړ شوم.	Pashto (Standard)	South Asia	SACOR_08
The teacher explained the lesson patiently.	استاد صبر سره درس تشریح کړ.	Pashto (Standard)	South Asia	SACOR_01
Birds were chirping in the trees.	مرغۍ په ونو کې چغېدلې.	Pashto (Standard)	South Asia	SACOR_03
Doctors work long hours to treat patients.	داکتران د ناروغانو درملنې لپاره اوږد ساعتونه کار کوي.	Pashto (Standard)	South Asia	SACOR_06
Traditional music is important for our heritage.	دودیز موسیقي زموږ د میراث لپاره مهمه ده.	Pashto (Standard)	South Asia	SACOR_06
Farmers planted rice in the flooded fields.	کرهڼه کونکي د اوبو لاندې کروندو کې وريجې وکړې.	Pashto (Standard)	South Asia	SACOR_02
Agriculture remains the primary source of income.	کرهڼه د عاید اصلي سرچینه پاتې ده.	Pashto (Standard)	South Asia	SACOR_03
Sports teach teamwork and discipline.	لوبې د ټیم کار او نظم زده کوي.	Pashto (Standard)	South Asia	SACOR_09
Elderly people share wisdom and stories.	زړون خلک حکمت او کیسې شریکوي.	Pashto (Standard)	South Asia	SACOR_03
Children were playing cricket in the street.	ماشومان په سړک کې کریکټ لوبېدل.	Pashto (Standard)	South Asia	SACOR_08
The school organized a science fair.	ښوونځي د ساینس نندارې تنظیم کړه.	Pashto (Standard)	South Asia	SACOR_07
The river flows peacefully through the valley.	سیند په دره کې په آرامۍ سره بهیږي.	Pashto (Standard)	South Asia	SACOR_04
Eating fresh fruits provides essential vitamins.	د تازه میوو خوړل اړین ویتامینونه برابروي.	Pashto (Standard)	South Asia	SACOR_07
The internet connects people across continents.	انټرنیټ د براعظمونو په اوږدو کې خلک سره نښلوي.	Pashto (Standard)	South Asia	SACOR_05
She walked slowly through the garden.	هغې په باغ کې ورو ورو تېره شوه.	Pashto (Standard)	South Asia	SACOR_04
Family members support each other during difficult times.	د کورنۍ غړي د ستونزمنو وختونو کې یو بل ساتنه کوي.	Pashto (Standard)	South Asia	SACOR_02
Tourism brings revenue to regions with historical sites.	سیاحت د تاریخي سایټونو سیمو ته عاید راولي.	Pashto (Standard)	South Asia	SACOR_06
Smartphones have changed how people communicate.	سمارټ فونونو د خلکو د اړیکو لاره بدله کړې ده.	Pashto (Standard)	South Asia	SACOR_10
Parents sacrifice their own needs for children.	والدین د ماشومانو لپاره خپل اړتیاوې قربان کوي.	Pashto (Standard)	South Asia	SACOR_05
Storytelling preserves culture and knowledge.	کیسه ویل د کلتوري او پوهې ساتنه کوي.	Pashto (Standard)	South Asia	SACOR_09
The forest is home to many wild animals.	ځنګل د ډیرو وحشي حیواناتو کور دی.	Pashto (Standard)	South Asia	SACOR_10
She received a scholarship to study medicine.	هغې د طب زده کړې لپاره بورسیه ترلاسه کړه.	Pashto (Standard)	South Asia	SACOR_09
Learning a new language requires practice.	د نوې ژبې زده کړه تمرین ته اړتیا لري.	Pashto (Standard)	South Asia	SACOR_10
The professor wrote equations on the blackboard.	پروفیسور په تختې کې معادلې ولیکلې.	Pashto (Standard)	South Asia	SACOR_06
Train journeys offer scenic views.	د اورګاډو سفرونه د مناظرو لید ورکوي.	Pashto (Standard)	South Asia	SACOR_10
Students gathered in the library.	زده کوونکي په کتابتون کې راټول شول.	Pashto (Standard)	South Asia	SACOR_07
The market was crowded with people.	بازار د خلکو سره ډک و.	Pashto (Standard)	South Asia	SACOR_06
After finishing his work, he sat down.	د خپل کار پای ته رسولو وروسته، ناست شو.	Pashto (Standard)	South Asia	SACOR_05
The bus arrived late.	بس ورو ورو راغله.	Pashto (Standard)	South Asia	SACOR_07
Children learn best when they are interested.	ماشومان غوره زده کوي کله چې دوی علاقه لري.	Pashto (Standard)	South Asia	SACOR_07
Regular exercise helps maintain good health.	منظم تمرین د ښه روغتیا ساتلو کې مرسته کوي.	Pashto (Standard)	South Asia	SACOR_04
The wedding ceremony lasted three days.	د واده مراسم درې ورځې دوام وکړ.	Pashto (Standard)	South Asia	SACOR_05
Online shopping has become popular.	آنلاین پلورلې محبوبه شوې ده.	Pashto (Standard)	South Asia	SACOR_06
Pollution in cities has become a serious problem.	په ښارونو کې ککړتیا یوه سخت ستونزه شوې ده.	Pashto (Standard)	South Asia	SACOR_05
Cooking together brings family members closer.	یوځای پخول د کورنۍ غړو ته نږدې راولي.	Pashto (Standard)	South Asia	SACOR_05
Reading books improves vocabulary.	د کتابونو لوستل د لغت ښه والی کوي.	Pashto (Standard)	South Asia	SACOR_04
We decided to visit the old temple.	موږ د پخواني معبد لیدلو پریکړه وکړه.	Pashto (Standard)	South Asia	SACOR_05
Teachers shape young minds.	استادان د ځوان ذهنونو شکل ورکوي.	Pashto (Standard)	South Asia	SACOR_05
My grandmother told me stories.	زما نیا ما ماته کیسې وړې.	Pashto (Standard)	South Asia	SACOR_02
Clear communication prevents misunderstandings.	روښانه اړیکه د ناپوهیو مخه نیسي.	Pashto (Standard)	South Asia	SACOR_05
People travel long distances to visit religious sites.	خلک د مذهبي سایټونو لیدلو لپاره اوږد فاصلې سفر کوي.	Pashto (Standard)	South Asia	SACOR_10
Small businesses create employment opportunities.	کوچني سوداګرۍ د دندو فرصتونه رامنځته کوي.	Pashto (Standard)	South Asia	SACOR_02
Handicrafts showcase artistic traditions.	دستي کارونه هنري دودونه ښکاره کوي.	Pashto (Standard)	South Asia	SACOR_07
Education opens doors to opportunities.	زده کړه د فرصتونو دروازې خلاصوي.	Pashto (Standard)	South Asia	SACOR_10
The internet connects people across continents.	انټرنیټ د براعظمونو په اوږدو کې خلک سره نښلوي.	Pashto (Standard)	South Asia	SACOR_10
Digital payments have made transactions faster.	ډیجیټل تادیاتو معاملات ګړندي کړي دي.	Pashto (Standard)	South Asia	SACOR_10
The wedding ceremony lasted three days.	د واده مراسم درې ورځې دوام وکړ.	Pashto (Standard)	South Asia	SACOR_04
Spices add flavor to traditional dishes.	مسالې دودیزو خوړلو ته خوند ورکوي.	Pashto (Standard)	South Asia	SACOR_10
Agriculture remains the primary source of income.	کرهڼه د عاید اصلي سرچینه پاتې ده.	Pashto (Standard)	South Asia	SACOR_04
Students gathered in the library.	زده کوونکي په کتابتون کې راټول شول.	Pashto (Standard)	South Asia	SACOR_05
Education opens doors to opportunities.	زده کړه د فرصتونو دروازې خلاصوي.	Pashto (Standard)	South Asia	SACOR_05
Storytelling preserves culture and knowledge.	کیسه ویل د کلتوري او پوهې ساتنه کوي.	Pashto (Standard)	South Asia	SACOR_10
Children were playing cricket in the street.	ماشومان په سړک کې کریکټ لوبېدل.	Pashto (Standard)	South Asia	SACOR_08
She received a scholarship to study medicine.	هغې د طب زده کړې لپاره بورسیه ترلاسه کړه.	Pashto (Standard)	South Asia	SACOR_05
Elderly people share wisdom and stories.	زړون خلک حکمت او کیسې شریکوي.	Pashto (Standard)	South Asia	SACOR_04
Traditional music is important for our heritage.	دودیز موسیقي زموږ د میراث لپاره مهمه ده.	Pashto (Standard)	South Asia	SACOR_10
I woke up early this morning.	زه نن سهار وختي پاړ شوم.	Pashto (Standard)	South Asia	SACOR_05
Parents sacrifice their own needs for children.	والدین د ماشومانو لپاره خپل اړتیاوې قربان کوي.	Pashto (Standard)	South Asia	SACOR_07
Train journeys offer scenic views.	د اورګاډو سفرونه د مناظرو لید ورکوي.	Pashto (Standard)	South Asia	SACOR_05
The market was crowded with people.	بازار د خلکو سره ډک و.	Pashto (Standard)	South Asia	SACOR_01
The forest is home to many wild animals.	ځنګل د ډیرو وحشي حیواناتو کور دی.	Pashto (Standard)	South Asia	SACOR_09
Regular exercise helps maintain good health.	منظم تمرین د ښه روغتیا ساتلو کې مرسته کوي.	Pashto (Standard)	South Asia	SACOR_09
Pollution in cities has become a serious problem.	په ښارونو کې ککړتیا یوه سخت ستونزه شوې ده.	Pashto (Standard)	South Asia	SACOR_03
Family members support each other during difficult times.	د کورنۍ غړي د ستونزمنو وختونو کې یو بل ساتنه کوي.	Pashto (Standard)	South Asia	SACOR_03
Respecting elders is an important value.	د زړونو درناوی مهمه ارزښت دی.	Pashto (Standard)	South Asia	SACOR_04
Cricket is a popular sport.	کریکټ یوه مشهوره لوبه ده.	Pashto (Standard)	South Asia	SACOR_01
After finishing his work, he sat down.	د خپل کار پای ته رسولو وروسته، ناست شو.	Pashto (Standard)	South Asia	SACOR_10
We decided to visit the old temple.	موږ د پخواني معبد لیدلو پریکړه وکړه.	Pashto (Standard)	South Asia	SACOR_06
The river flows peacefully through the valley.	سیند په دره کې په آرامۍ سره بهیږي.	Pashto (Standard)	South Asia	SACOR_09
Smartphones have changed how people communicate.	سمارټ فونونو د خلکو د اړیکو لاره بدله کړې ده.	Pashto (Standard)	South Asia	SACOR_07
Reading books improves vocabulary.	د کتابونو لوستل د لغت ښه والی کوي.	Pashto (Standard)	South Asia	SACOR_03
Farmers wake up early to tend to crops.	کرهڼه کونکي د محصولاتو پاملرنې لپاره وختي پاړ کېږي.	Pashto (Standard)	South Asia	SACOR_10
She walked slowly through the garden.	هغې په باغ کې ورو ورو تېره شوه.	Pashto (Standard)	South Asia	SACOR_08
Tourism brings revenue to regions with historical sites.	سیاحت د تاریخي سایټونو سیمو ته عاید راولي.	Pashto (Standard)	South Asia	SACOR_04
Handicrafts showcase artistic traditions.	دستي کارونه هنري دودونه ښکاره کوي.	Pashto (Standard)	South Asia	SACOR_10
Eating fresh fruits provides essential vitamins.	د تازه میوو خوړل اړین ویتامینونه برابروي.	Pashto (Standard)	South Asia	SACOR_09
Sports teach teamwork and discipline.	لوبې د ټیم کار او نظم زده کوي.	Pashto (Standard)	South Asia	SACOR_09
She cooked delicious biryani for the family.	هغې د کورنۍ لپاره خوندور بریاني پخ کړه.	Pashto (Standard)	South Asia	SACOR_10
My grandmother told me stories.	زما نیا ما ماته کیسې وړې.	Pashto (Standard)	South Asia	SACOR_05
Doctors recommend drinking plenty of water.	داکتران د ډیرو اوبو څښل وړاندیز کوي.	Pashto (Standard)	South Asia	SACOR_02
Small businesses create employment opportunities.	کوچني سوداګرۍ د دندو فرصتونه رامنځته کوي.	Pashto (Standard)	South Asia	SACOR_04
People celebrate festivals with great joy.	خلک د خوښۍ سره جشنونه لمانځي.	Pashto (Standard)	South Asia	SACOR_03
The professor wrote equations on the blackboard.	پروفیسور په تختې کې معادلې ولیکلې.	Pashto (Standard)	South Asia	SACOR_02
The teacher explained the lesson patiently.	استاد صبر سره درس تشریح کړ.	Pashto (Standard)	South Asia	SACOR_01
Doctors work long hours to treat patients.	داکتران د ناروغانو درملنې لپاره اوږد ساعتونه کار کوي.	Pashto (Standard)	South Asia	SACOR_10
People travel long distances to visit religious sites.	خلک د مذهبي سایټونو لیدلو لپاره اوږد فاصلې سفر کوي.	Pashto (Standard)	South Asia	SACOR_08
Tea is served to guests as a gesture of hospitality.	د مېلمانو د مېلمستیا د نښې په توګه چای وړاندې کیږي.	Pashto (Standard)	South Asia	SACOR_03
Teachers shape young minds.	استادان د ځوان ذهنونو شکل ورکوي.	Pashto (Standard)	South Asia	SACOR_01
Cooking together brings family members closer.	یوځای پخول د کورنۍ غړو ته نږدې راولي.	Pashto (Standard)	South Asia	SACOR_03
Learning a new language requires practice.	د نوې ژبې زده کړه تمرین ته اړتیا لري.	Pashto (Standard)	South Asia	SACOR_02
The school organized a science fair.	ښوونځي د ساینس نندارې تنظیم کړه.	Pashto (Standard)	South Asia	SACOR_08
Online shopping has become popular.	آنلاین پلورلې محبوبه شوې ده.	Pashto (Standard)	South Asia	SACOR_01
Children learn best when they are interested.	ماشومان غوره زده کوي کله چې دوی علاقه لري.	Pashto (Standard)	South Asia	SACOR_08
Farmers planted rice in the flooded fields.	کرهڼه کونکي د اوبو لاندې کروندو کې وريجې وکړې.	Pashto (Standard)	South Asia	SACOR_06
The bus arrived late.	بس ورو ورو راغله.	Pashto (Standard)	South Asia	SACOR_05
Clear communication prevents misunderstandings.	روښانه اړیکه د ناپوهیو مخه نیسي.	Pashto (Standard)	South Asia	SACOR_09
Birds were chirping in the trees.	مرغۍ په ونو کې چغېدلې.	Pashto (Standard)	South Asia	SACOR_06
Tourism brings revenue to regions with historical sites.	سیاحت د تاریخي سایټونو سیمو ته عاید راولي.	Pashto (Standard)	South Asia	SACOR_04
Doctors recommend drinking plenty of water.	داکتران د ډیرو اوبو څښل وړاندیز کوي.	Pashto (Standard)	South Asia	SACOR_05
Small businesses create employment opportunities.	کوچني سوداګرۍ د دندو فرصتونه رامنځته کوي.	Pashto (Standard)	South Asia	SACOR_07
The teacher explained the lesson patiently.	استاد صبر سره درس تشریح کړ.	Pashto (Standard)	South Asia	SACOR_06
Children were playing cricket in the street.	ماشومان په سړک کې کریکټ لوبېدل.	Pashto (Standard)	South Asia	SACOR_06
I woke up early this morning.	زه نن سهار وختي پاړ شوم.	Pashto (Standard)	South Asia	SACOR_08
Agriculture remains the primary source of income.	کرهڼه د عاید اصلي سرچینه پاتې ده.	Pashto (Standard)	South Asia	SACOR_10
After finishing his work, he sat down.	د خپل کار پای ته رسولو وروسته، ناست شو.	Pashto (Standard)	South Asia	SACOR_03
Cricket is a popular sport.	کریکټ یوه مشهوره لوبه ده.	Pashto (Standard)	South Asia	SACOR_03
Tea is served to guests as a gesture of hospitality.	د مېلمانو د مېلمستیا د نښې په توګه چای وړاندې کیږي.	Pashto (Standard)	South Asia	SACOR_01
Smartphones have changed how people communicate.	سمارټ فونونو د خلکو د اړیکو لاره بدله کړې ده.	Pashto (Standard)	South Asia	SACOR_04
The forest is home to many wild animals.	ځنګل د ډیرو وحشي حیواناتو کور دی.	Pashto (Standard)	South Asia	SACOR_01
The professor wrote equations on the blackboard.	پروفیسور په تختې کې معادلې ولیکلې.	Pashto (Standard)	South Asia	SACOR_01
The school organized a science fair.	ښوونځي د ساینس نندارې تنظیم کړه.	Pashto (Standard)	South Asia	SACOR_05
Pollution in cities has become a serious problem.	په ښارونو کې ککړتیا یوه سخت ستونزه شوې ده.	Pashto (Standard)	South Asia	SACOR_05
The internet connects people across continents.	انټرنیټ د براعظمونو په اوږدو کې خلک سره نښلوي.	Pashto (Standard)	South Asia	SACOR_10
Teachers shape young minds.	استادان د ځوان ذهنونو شکل ورکوي.	Pashto (Standard)	South Asia	SACOR_07
Reading books improves vocabulary.	د کتابونو لوستل د لغت ښه والی کوي.	Pashto (Standard)	South Asia	SACOR_05
People travel long distances to visit religious sites.	خلک د مذهبي سایټونو لیدلو لپاره اوږد فاصلې سفر کوي.	Pashto (Standard)	South Asia	SACOR_07
Doctors work long hours to treat patients.	داکتران د ناروغانو درملنې لپاره اوږد ساعتونه کار کوي.	Pashto (Standard)	South Asia	SACOR_02
People celebrate festivals with great joy.	خلک د خوښۍ سره جشنونه لمانځي.	Pashto (Standard)	South Asia	SACOR_03
Birds were chirping in the trees.	مرغۍ په ونو کې چغېدلې.	Pashto (Standard)	South Asia	SACOR_10
Education opens doors to opportunities.	زده کړه د فرصتونو دروازې خلاصوي.	Pashto (Standard)	South Asia	SACOR_04
Cooking together brings family members closer.	یوځای پخول د کورنۍ غړو ته نږدې راولي.	Pashto (Standard)	South Asia	SACOR_10
Train journeys offer scenic views.	د اورګاډو سفرونه د مناظرو لید ورکوي.	Pashto (Standard)	South Asia	SACOR_01
The wedding ceremony lasted three days.	د واده مراسم درې ورځې دوام وکړ.	Pashto (Standard)	South Asia	SACOR_01
Farmers planted rice in the flooded fields.	کرهڼه کونکي د اوبو لاندې کروندو کې وريجې وکړې.	Pashto (Standard)	South Asia	SACOR_03
She received a scholarship to study medicine.	هغې د طب زده کړې لپاره بورسیه ترلاسه کړه.	Pashto (Standard)	South Asia	SACOR_06
Storytelling preserves culture and knowledge.	کیسه ویل د کلتوري او پوهې ساتنه کوي.	Pashto (Standard)	South Asia	SACOR_02
Learning a new language requires practice.	د نوې ژبې زده کړه تمرین ته اړتیا لري.	Pashto (Standard)	South Asia	SACOR_03
The bus arrived late.	بس ورو ورو راغله.	Pashto (Standard)	South Asia	SACOR_02
Traditional music is important for our heritage.	دودیز موسیقي زموږ د میراث لپاره مهمه ده.	Pashto (Standard)	South Asia	SACOR_04
She walked slowly through the garden.	هغې په باغ کې ورو ورو تېره شوه.	Pashto (Standard)	South Asia	SACOR_08
She cooked delicious biryani for the family.	هغې د کورنۍ لپاره خوندور بریاني پخ کړه.	Pashto (Standard)	South Asia	SACOR_06
We decided to visit the old temple.	موږ د پخواني معبد لیدلو پریکړه وکړه.	Pashto (Standard)	South Asia	SACOR_07
Clear communication prevents misunderstandings.	روښانه اړیکه د ناپوهیو مخه نیسي.	Pashto (Standard)	South Asia	SACOR_06
Farmers wake up early to tend to crops.	کرهڼه کونکي د محصولاتو پاملرنې لپاره وختي پاړ کېږي.	Pashto (Standard)	South Asia	SACOR_09
The market was crowded with people.	بازار د خلکو سره ډک و.	Pashto (Standard)	South Asia	SACOR_10
Handicrafts showcase artistic traditions.	دستي کارونه هنري دودونه ښکاره کوي.	Pashto (Standard)	South Asia	SACOR_07
My grandmother told me stories.	زما نیا ما ماته کیسې وړې.	Pashto (Standard)	South Asia	SACOR_04
Digital payments have made transactions faster.	ډیجیټل تادیاتو معاملات ګړندي کړي دي.	Pashto (Standard)	South Asia	SACOR_06
The river flows peacefully through the valley.	سیند په دره کې په آرامۍ سره بهیږي.	Pashto (Standard)	South Asia	SACOR_10
Eating fresh fruits provides essential vitamins.	د تازه میوو خوړل اړین ویتامینونه برابروي.	Pashto (Standard)	South Asia	SACOR_06
Family members support each other during difficult times.	د کورنۍ غړي د ستونزمنو وختونو کې یو بل ساتنه کوي.	Pashto (Standard)	South Asia	SACOR_08
Children learn best when they are interested.	ماشومان غوره زده کوي کله چې دوی علاقه لري.	Pashto (Standard)	South Asia	SACOR_01
Students gathered in the library.	زده کوونکي په کتابتون کې راټول شول.	Pashto (Standard)	South Asia	SACOR_09
Respecting elders is an important value.	د زړونو درناوی مهمه ارزښت دی.	Pashto (Standard)	South Asia	SACOR_07
Spices add flavor to traditional dishes.	مسالې دودیزو خوړلو ته خوند ورکوي.	Pashto (Standard)	South Asia	SACOR_02
Elderly people share wisdom and stories.	زړون خلک حکمت او کیسې شریکوي.	Pashto (Standard)	South Asia	SACOR_10
Regular exercise helps maintain good health.	منظم تمرین د ښه روغتیا ساتلو کې مرسته کوي.	Pashto (Standard)	South Asia	SACOR_10
Sports teach teamwork and discipline.	لوبې د ټیم کار او نظم زده کوي.	Pashto (Standard)	South Asia	SACOR_04
Parents sacrifice their own needs for children.	والدین د ماشومانو لپاره خپل اړتیاوې قربان کوي.	Pashto (Standard)	South Asia	SACOR_02
Online shopping has become popular.	آنلاین پلورلې محبوبه شوې ده.	Pashto (Standard)	South Asia	SACOR_05
Farmers wake up early to tend to crops.	کرهڼه کونکي د محصولاتو پاملرنې لپاره وختي پاړ کېږي.	Pashto (Standard)	South Asia	SACOR_06
Doctors work long hours to treat patients.	داکتران د ناروغانو درملنې لپاره اوږد ساعتونه کار کوي.	Pashto (Standard)	South Asia	SACOR_09
I woke up early this morning.	زه نن سهار وختي پاړ شوم.	Pashto (Standard)	South Asia	SACOR_05
Tourism brings revenue to regions with historical sites.	سیاحت د تاریخي سایټونو سیمو ته عاید راولي.	Pashto (Standard)	South Asia	SACOR_04
The school organized a science fair.	ښوونځي د ساینس نندارې تنظیم کړه.	Pashto (Standard)	South Asia	SACOR_05
After finishing his work, he sat down.	د خپل کار پای ته رسولو وروسته، ناست شو.	Pashto (Standard)	South Asia	SACOR_06
Tea is served to guests as a gesture of hospitality.	د مېلمانو د مېلمستیا د نښې په توګه چای وړاندې کیږي.	Pashto (Standard)	South Asia	SACOR_07
We decided to visit the old temple.	موږ د پخواني معبد لیدلو پریکړه وکړه.	Pashto (Standard)	South Asia	SACOR_07
Cooking together brings family members closer.	یوځای پخول د کورنۍ غړو ته نږدې راولي.	Pashto (Standard)	South Asia	SACOR_04
Children were playing cricket in the street.	ماشومان په سړک کې کریکټ لوبېدل.	Pashto (Standard)	South Asia	SACOR_02
Digital payments have made transactions faster.	ډیجیټل تادیاتو معاملات ګړندي کړي دي.	Pashto (Standard)	South Asia	SACOR_02
The market was crowded with people.	بازار د خلکو سره ډک و.	Pashto (Standard)	South Asia	SACOR_04
She walked slowly through the garden.	هغې په باغ کې ورو ورو تېره شوه.	Pashto (Standard)	South Asia	SACOR_09
The bus arrived late.	بس ورو ورو راغله.	Pashto (Standard)	South Asia	SACOR_09
Traditional music is important for our heritage.	دودیز موسیقي زموږ د میراث لپاره مهمه ده.	Pashto (Standard)	South Asia	SACOR_06
Train journeys offer scenic views.	د اورګاډو سفرونه د مناظرو لید ورکوي.	Pashto (Standard)	South Asia	SACOR_01
The internet connects people across continents.	انټرنیټ د براعظمونو په اوږدو کې خلک سره نښلوي.	Pashto (Standard)	South Asia	SACOR_04
Students gathered in the library.	زده کوونکي په کتابتون کې راټول شول.	Pashto (Standard)	South Asia	SACOR_05
Doctors recommend drinking plenty of water.	داکتران د ډیرو اوبو څښل وړاندیز کوي.	Pashto (Standard)	South Asia	SACOR_03
Small businesses create employment opportunities.	کوچني سوداګرۍ د دندو فرصتونه رامنځته کوي.	Pashto (Standard)	South Asia	SACOR_04
The professor wrote equations on the blackboard.	پروفیسور په تختې کې معادلې ولیکلې.	Pashto (Standard)	South Asia	SACOR_07
Smartphones have changed how people communicate.	سمارټ فونونو د خلکو د اړیکو لاره بدله کړې ده.	Pashto (Standard)	South Asia	SACOR_03
She cooked delicious biryani for the family.	هغې د کورنۍ لپاره خوندور بریاني پخ کړه.	Pashto (Standard)	South Asia	SACOR_03
Parents sacrifice their own needs for children.	والدین د ماشومانو لپاره خپل اړتیاوې قربان کوي.	Pashto (Standard)	South Asia	SACOR_01
My grandmother told me stories.	زما نیا ما ماته کیسې وړې.	Pashto (Standard)	South Asia	SACOR_04
The wedding ceremony lasted three days.	د واده مراسم درې ورځې دوام وکړ.	Pashto (Standard)	South Asia	SACOR_04
Teachers shape young minds.	استادان د ځوان ذهنونو شکل ورکوي.	Pashto (Standard)	South Asia	SACOR_05
People celebrate festivals with great joy.	خلک د خوښۍ سره جشنونه لمانځي.	Pashto (Standard)	South Asia	SACOR_08
The teacher explained the lesson patiently.	استاد صبر سره درس تشریح کړ.	Pashto (Standard)	South Asia	SACOR_05
Online shopping has become popular.	آنلاین پلورلې محبوبه شوې ده.	Pashto (Standard)	South Asia	SACOR_03
Spices add flavor to traditional dishes.	مسالې دودیزو خوړلو ته خوند ورکوي.	Pashto (Standard)	South Asia	SACOR_05
Handicrafts showcase artistic traditions.	دستي کارونه هنري دودونه ښکاره کوي.	Pashto (Standard)	South Asia	SACOR_07
Storytelling preserves culture and knowledge.	کیسه ویل د کلتوري او پوهې ساتنه کوي.	Pashto (Standard)	South Asia	SACOR_04
Cricket is a popular sport.	کریکټ یوه مشهوره لوبه ده.	Pashto (Standard)	South Asia	SACOR_02
Elderly people share wisdom and stories.	زړون خلک حکمت او کیسې شریکوي.	Pashto (Standard)	South Asia	SACOR_01
Eating fresh fruits provides essential vitamins.	د تازه میوو خوړل اړین ویتامینونه برابروي.	Pashto (Standard)	South Asia	SACOR_05
The forest is home to many wild animals.	ځنګل د ډیرو وحشي حیواناتو کور دی.	Pashto (Standard)	South Asia	SACOR_04
Clear communication prevents misunderstandings.	روښانه اړیکه د ناپوهیو مخه نیسي.	Pashto (Standard)	South Asia	SACOR_08
Birds were chirping in the trees.	مرغۍ په ونو کې چغېدلې.	Pashto (Standard)	South Asia	SACOR_10
Pollution in cities has become a serious problem.	په ښارونو کې ککړتیا یوه سخت ستونزه شوې ده.	Pashto (Standard)	South Asia	SACOR_07
Learning a new language requires practice.	د نوې ژبې زده کړه تمرین ته اړتیا لري.	Pashto (Standard)	South Asia	SACOR_09
Agriculture remains the primary source of income.	کرهڼه د عاید اصلي سرچینه پاتې ده.	Pashto (Standard)	South Asia	SACOR_07
Children learn best when they are interested.	ماشومان غوره زده کوي کله چې دوی علاقه لري.	Pashto (Standard)	South Asia	SACOR_09
People travel long distances to visit religious sites.	خلک د مذهبي سایټونو لیدلو لپاره اوږد فاصلې سفر کوي.	Pashto (Standard)	South Asia	SACOR_01
Farmers planted rice in the flooded fields.	کرهڼه کونکي د اوبو لاندې کروندو کې وريجې وکړې.	Pashto (Standard)	South Asia	SACOR_01
She received a scholarship to study medicine.	هغې د طب زده کړې لپاره بورسیه ترلاسه کړه.	Pashto (Standard)	South Asia	SACOR_09
Regular exercise helps maintain good health.	منظم تمرین د ښه روغتیا ساتلو کې مرسته کوي.	Pashto (Standard)	South Asia	SACOR_06
Family members support each other during difficult times.	د کورنۍ غړي د ستونزمنو وختونو کې یو بل ساتنه کوي.	Pashto (Standard)	South Asia	SACOR_03
The river flows peacefully through the valley.	سیند په دره کې په آرامۍ سره بهیږي.	Pashto (Standard)	South Asia	SACOR_10
Sports teach teamwork and discipline.	لوبې د ټیم کار او نظم زده کوي.	Pashto (Standard)	South Asia	SACOR_05
Education opens doors to opportunities.	زده کړه د فرصتونو دروازې خلاصوي.	Pashto (Standard)	South Asia	SACOR_07
Respecting elders is an important value.	د زړونو درناوی مهمه ارزښت دی.	Pashto (Standard)	South Asia	SACOR_10
Reading books improves vocabulary.	د کتابونو لوستل د لغت ښه والی کوي.	Pashto (Standard)	South Asia	SACOR_01
Storytelling preserves culture and knowledge.	کیسه ویل د کلتوري او پوهې ساتنه کوي.	Pashto (Standard)	South Asia	SACOR_03
Clear communication prevents misunderstandings.	روښانه اړیکه د ناپوهیو مخه نیسي.	Pashto (Standard)	South Asia	SACOR_02
Tea is served to guests as a gesture of hospitality.	د مېلمانو د مېلمستیا د نښې په توګه چای وړاندې کیږي.	Pashto (Standard)	South Asia	SACOR_08
Doctors work long hours to treat patients.	داکتران د ناروغانو درملنې لپاره اوږد ساعتونه کار کوي.	Pashto (Standard)	South Asia	SACOR_08
Students gathered in the library.	زده کوونکي په کتابتون کې راټول شول.	Pashto (Standard)	South Asia	SACOR_05
She received a scholarship to study medicine.	هغې د طب زده کړې لپاره بورسیه ترلاسه کړه.	Pashto (Standard)	South Asia	SACOR_02
Respecting elders is an important value.	د زړونو درناوی مهمه ارزښت دی.	Pashto (Standard)	South Asia	SACOR_08
Cricket is a popular sport.	کریکټ یوه مشهوره لوبه ده.	Pashto (Standard)	South Asia	SACOR_05
Tourism brings revenue to regions with historical sites.	سیاحت د تاریخي سایټونو سیمو ته عاید راولي.	Pashto (Standard)	South Asia	SACOR_04
Teachers shape young minds.	استادان د ځوان ذهنونو شکل ورکوي.	Pashto (Standard)	South Asia	SACOR_01
The professor wrote equations on the blackboard.	پروفیسور په تختې کې معادلې ولیکلې.	Pashto (Standard)	South Asia	SACOR_05
She walked slowly through the garden.	هغې په باغ کې ورو ورو تېره شوه.	Pashto (Standard)	South Asia	SACOR_04
Farmers planted rice in the flooded fields.	کرهڼه کونکي د اوبو لاندې کروندو کې وريجې وکړې.	Pashto (Standard)	South Asia	SACOR_06
We decided to visit the old temple.	موږ د پخواني معبد لیدلو پریکړه وکړه.	Pashto (Standard)	South Asia	SACOR_01
Pollution in cities has become a serious problem.	په ښارونو کې ککړتیا یوه سخت ستونزه شوې ده.	Pashto (Standard)	South Asia	SACOR_03
Birds were chirping in the trees.	مرغۍ په ونو کې چغېدلې.	Pashto (Standard)	South Asia	SACOR_04
Parents sacrifice their own needs for children.	والدین د ماشومانو لپاره خپل اړتیاوې قربان کوي.	Pashto (Standard)	South Asia	SACOR_09
Children were playing cricket in the street.	ماشومان په سړک کې کریکټ لوبېدل.	Pashto (Standard)	South Asia	SACOR_06
Children learn best when they are interested.	ماشومان غوره زده کوي کله چې دوی علاقه لري.	Pashto (Standard)	South Asia	SACOR_01
Traditional music is important for our heritage.	دودیز موسیقي زموږ د میراث لپاره مهمه ده.	Pashto (Standard)	South Asia	SACOR_03
The market was crowded with people.	بازار د خلکو سره ډک و.	Pashto (Standard)	South Asia	SACOR_03
Handicrafts showcase artistic traditions.	دستي کارونه هنري دودونه ښکاره کوي.	Pashto (Standard)	South Asia	SACOR_09
The teacher explained the lesson patiently.	استاد صبر سره درس تشریح کړ.	Pashto (Standard)	South Asia	SACOR_10
The school organized a science fair.	ښوونځي د ساینس نندارې تنظیم کړه.	Pashto (Standard)	South Asia	SACOR_05
Smartphones have changed how people communicate.	سمارټ فونونو د خلکو د اړیکو لاره بدله کړې ده.	Pashto (Standard)	South Asia	SACOR_07
Eating fresh fruits provides essential vitamins.	د تازه میوو خوړل اړین ویتامینونه برابروي.	Pashto (Standard)	South Asia	SACOR_07
The bus arrived late.	بس ورو ورو راغله.	Pashto (Standard)	South Asia	SACOR_06
Elderly people share wisdom and stories.	زړون خلک حکمت او کیسې شریکوي.	Pashto (Standard)	South Asia	SACOR_03
The river flows peacefully through the valley.	سیند په دره کې په آرامۍ سره بهیږي.	Pashto (Standard)	South Asia	SACOR_08
Sports teach teamwork and discipline.	لوبې د ټیم کار او نظم زده کوي.	Pashto (Standard)	South Asia	SACOR_06
Regular exercise helps maintain good health.	منظم تمرین د ښه روغتیا ساتلو کې مرسته کوي.	Pashto (Standard)	South Asia	SACOR_03
Farmers wake up early to tend to crops.	کرهڼه کونکي د محصولاتو پاملرنې لپاره وختي پاړ کېږي.	Pashto (Standard)	South Asia	SACOR_04
Digital payments have made transactions faster.	ډیجیټل تادیاتو معاملات ګړندي کړي دي.	Pashto (Standard)	South Asia	SACOR_04
Spices add flavor to traditional dishes.	مسالې دودیزو خوړلو ته خوند ورکوي.	Pashto (Standard)	South Asia	SACOR_03
Learning a new language requires practice.	د نوې ژبې زده کړه تمرین ته اړتیا لري.	Pashto (Standard)	South Asia	SACOR_09
Cooking together brings family members closer.	یوځای پخول د کورنۍ غړو ته نږدې راولي.	Pashto (Standard)	South Asia	SACOR_03
I woke up early this morning.	زه نن سهار وختي پاړ شوم.	Pashto (Standard)	South Asia	SACOR_10
The wedding ceremony lasted three days.	د واده مراسم درې ورځې دوام وکړ.	Pashto (Standard)	South Asia	SACOR_04
Small businesses create employment opportunities.	کوچني سوداګرۍ د دندو فرصتونه رامنځته کوي.	Pashto (Standard)	South Asia	SACOR_01
People celebrate festivals with great joy.	خلک د خوښۍ سره جشنونه لمانځي.	Pashto (Standard)	South Asia	SACOR_03
After finishing his work, he sat down.	د خپل کار پای ته رسولو وروسته، ناست شو.	Pashto (Standard)	South Asia	SACOR_01
People travel long distances to visit religious sites.	خلک د مذهبي سایټونو لیدلو لپاره اوږد فاصلې سفر کوي.	Pashto (Standard)	South Asia	SACOR_03
My grandmother told me stories.	زما نیا ما ماته کیسې وړې.	Pashto (Standard)	South Asia	SACOR_06
Family members support each other during difficult times.	د کورنۍ غړي د ستونزمنو وختونو کې یو بل ساتنه کوي.	Pashto (Standard)	South Asia	SACOR_07
Reading books improves vocabulary.	د کتابونو لوستل د لغت ښه والی کوي.	Pashto (Standard)	South Asia	SACOR_10
She cooked delicious biryani for the family.	هغې د کورنۍ لپاره خوندور بریاني پخ کړه.	Pashto (Standard)	South Asia	SACOR_02
The forest is home to many wild animals.	ځنګل د ډیرو وحشي حیواناتو کور دی.	Pashto (Standard)	South Asia	SACOR_04
Doctors recommend drinking plenty of water.	داکتران د ډیرو اوبو څښل وړاندیز کوي.	Pashto (Standard)	South Asia	SACOR_04
The internet connects people across continents.	انټرنیټ د براعظمونو په اوږدو کې خلک سره نښلوي.	Pashto (Standard)	South Asia	SACOR_01
Agriculture remains the primary source of income.	کرهڼه د عاید اصلي سرچینه پاتې ده.	Pashto (Standard)	South Asia	SACOR_04
Education opens doors to opportunities.	زده کړه د فرصتونو دروازې خلاصوي.	Pashto (Standard)	South Asia	SACOR_01
Train journeys offer scenic views.	د اورګاډو سفرونه د مناظرو لید ورکوي.	Pashto (Standard)	South Asia	SACOR_04
Online shopping has become popular.	آنلاین پلورلې محبوبه شوې ده.	Pashto (Standard)	South Asia	SACOR_04
Reading books improves vocabulary.	د کتابونو لوستل د لغت ښه والی کوي.	Pashto (Standard)	South Asia	SACOR_05
She cooked delicious biryani for the family.	هغې د کورنۍ لپاره خوندور بریاني پخ کړه.	Pashto (Standard)	South Asia	SACOR_07
The wedding ceremony lasted three days.	د واده مراسم درې ورځې دوام وکړ.	Pashto (Standard)	South Asia	SACOR_08
Birds were chirping in the trees.	مرغۍ په ونو کې چغېدلې.	Pashto (Standard)	South Asia	SACOR_08
The professor wrote equations on the blackboard.	پروفیسور په تختې کې معادلې ولیکلې.	Pashto (Standard)	South Asia	SACOR_02
Smartphones have changed how people communicate.	سمارټ فونونو د خلکو د اړیکو لاره بدله کړې ده.	Pashto (Standard)	South Asia	SACOR_02
Doctors work long hours to treat patients.	داکتران د ناروغانو درملنې لپاره اوږد ساعتونه کار کوي.	Pashto (Standard)	South Asia	SACOR_07
Small businesses create employment opportunities.	کوچني سوداګرۍ د دندو فرصتونه رامنځته کوي.	Pashto (Standard)	South Asia	SACOR_08
People celebrate festivals with great joy.	خلک د خوښۍ سره جشنونه لمانځي.	Pashto (Standard)	South Asia	SACOR_06
Farmers planted rice in the flooded fields.	کرهڼه کونکي د اوبو لاندې کروندو کې وريجې وکړې.	Pashto (Standard)	South Asia	SACOR_01
People travel long distances to visit religious sites.	خلک د مذهبي سایټونو لیدلو لپاره اوږد فاصلې سفر کوي.	Pashto (Standard)	South Asia	SACOR_08
Eating fresh fruits provides essential vitamins.	د تازه میوو خوړل اړین ویتامینونه برابروي.	Pashto (Standard)	South Asia	SACOR_07
The market was crowded with people.	بازار د خلکو سره ډک و.	Pashto (Standard)	South Asia	SACOR_03
Traditional music is important for our heritage.	دودیز موسیقي زموږ د میراث لپاره مهمه ده.	Pashto (Standard)	South Asia	SACOR_08
Parents sacrifice their own needs for children.	والدین د ماشومانو لپاره خپل اړتیاوې قربان کوي.	Pashto (Standard)	South Asia	SACOR_10
Storytelling preserves culture and knowledge.	کیسه ویل د کلتوري او پوهې ساتنه کوي.	Pashto (Standard)	South Asia	SACOR_10
Train journeys offer scenic views.	د اورګاډو سفرونه د مناظرو لید ورکوي.	Pashto (Standard)	South Asia	SACOR_06
Digital payments have made transactions faster.	ډیجیټل تادیاتو معاملات ګړندي کړي دي.	Pashto (Standard)	South Asia	SACOR_06
Farmers wake up early to tend to crops.	کرهڼه کونکي د محصولاتو پاملرنې لپاره وختي پاړ کېږي.	Pashto (Standard)	South Asia	SACOR_04
Online shopping has become popular.	آنلاین پلورلې محبوبه شوې ده.	Pashto (Standard)	South Asia	SACOR_01
Clear communication prevents misunderstandings.	روښانه اړیکه د ناپوهیو مخه نیسي.	Pashto (Standard)	South Asia	SACOR_03
Learning a new language requires practice.	د نوې ژبې زده کړه تمرین ته اړتیا لري.	Pashto (Standard)	South Asia	SACOR_05
We decided to visit the old temple.	موږ د پخواني معبد لیدلو پریکړه وکړه.	Pashto (Standard)	South Asia	SACOR_06
The internet connects people across continents.	انټرنیټ د براعظمونو په اوږدو کې خلک سره نښلوي.	Pashto (Standard)	South Asia	SACOR_04
Students gathered in the library.	زده کوونکي په کتابتون کې راټول شول.	Pashto (Standard)	South Asia	SACOR_01
Tourism brings revenue to regions with historical sites.	سیاحت د تاریخي سایټونو سیمو ته عاید راولي.	Pashto (Standard)	South Asia	SACOR_02
Regular exercise helps maintain good health.	منظم تمرین د ښه روغتیا ساتلو کې مرسته کوي.	Pashto (Standard)	South Asia	SACOR_03
Spices add flavor to traditional dishes.	مسالې دودیزو خوړلو ته خوند ورکوي.	Pashto (Standard)	South Asia	SACOR_04
My grandmother told me stories.	زما نیا ما ماته کیسې وړې.	Pashto (Standard)	South Asia	SACOR_10
Respecting elders is an important value.	د زړونو درناوی مهمه ارزښت دی.	Pashto (Standard)	South Asia	SACOR_09
Elderly people share wisdom and stories.	زړون خلک حکمت او کیسې شریکوي.	Pashto (Standard)	South Asia	SACOR_05
Pollution in cities has become a serious problem.	په ښارونو کې ککړتیا یوه سخت ستونزه شوې ده.	Pashto (Standard)	South Asia	SACOR_08
Family members support each other during difficult times.	د کورنۍ غړي د ستونزمنو وختونو کې یو بل ساتنه کوي.	Pashto (Standard)	South Asia	SACOR_03
Doctors recommend drinking plenty of water.	داکتران د ډیرو اوبو څښل وړاندیز کوي.	Pashto (Standard)	South Asia	SACOR_04
She received a scholarship to study medicine.	هغې د طب زده کړې لپاره بورسیه ترلاسه کړه.	Pashto (Standard)	South Asia	SACOR_01
Children learn best when they are interested.	ماشومان غوره زده کوي کله چې دوی علاقه لري.	Pashto (Standard)	South Asia	SACOR_04
Cricket is a popular sport.	کریکټ یوه مشهوره لوبه ده.	Pashto (Standard)	South Asia	SACOR_05
The river flows peacefully through the valley.	سیند په دره کې په آرامۍ سره بهیږي.	Pashto (Standard)	South Asia	SACOR_03
Education opens doors to opportunities.	زده کړه د فرصتونو دروازې خلاصوي.	Pashto (Standard)	South Asia	SACOR_01
The forest is home to many wild animals.	ځنګل د ډیرو وحشي حیواناتو کور دی.	Pashto (Standard)	South Asia	SACOR_03
After finishing his work, he sat down.	د خپل کار پای ته رسولو وروسته، ناست شو.	Pashto (Standard)	South Asia	SACOR_09
I woke up early this morning.	زه نن سهار وختي پاړ شوم.	Pashto (Standard)	South Asia	SACOR_05
Children were playing cricket in the street.	ماشومان په سړک کې کریکټ لوبېدل.	Pashto (Standard)	South Asia	SACOR_08
Agriculture remains the primary source of income.	کرهڼه د عاید اصلي سرچینه پاتې ده.	Pashto (Standard)	South Asia	SACOR_02
Cooking together brings family members closer.	یوځای پخول د کورنۍ غړو ته نږدې راولي.	Pashto (Standard)	South Asia	SACOR_10
She walked slowly through the garden.	هغې په باغ کې ورو ورو تېره شوه.	Pashto (Standard)	South Asia	SACOR_01
The school organized a science fair.	ښوونځي د ساینس نندارې تنظیم کړه.	Pashto (Standard)	South Asia	SACOR_02
Handicrafts showcase artistic traditions.	دستي کارونه هنري دودونه ښکاره کوي.	Pashto (Standard)	South Asia	SACOR_08
Tea is served to guests as a gesture of hospitality.	د مېلمانو د مېلمستیا د نښې په توګه چای وړاندې کیږي.	Pashto (Standard)	South Asia	SACOR_03
Teachers shape young minds.	استادان د ځوان ذهنونو شکل ورکوي.	Pashto (Standard)	South Asia	SACOR_03
The teacher explained the lesson patiently.	استاد صبر سره درس تشریح کړ.	Pashto (Standard)	South Asia	SACOR_03
Sports teach teamwork and discipline.	لوبې د ټیم کار او نظم زده کوي.	Pashto (Standard)	South Asia	SACOR_05
The bus arrived late.	بس ورو ورو راغله.	Pashto (Standard)	South Asia	SACOR_01
The internet connects people across continents.	انټرنیټ د براعظمونو په اوږدو کې خلک سره نښلوي.	Pashto (Standard)	South Asia	SACOR_06
Children were playing cricket in the street.	ماشومان په سړک کې کریکټ لوبېدل.	Pashto (Standard)	South Asia	SACOR_01
Parents sacrifice their own needs for children.	والدین د ماشومانو لپاره خپل اړتیاوې قربان کوي.	Pashto (Standard)	South Asia	SACOR_08
My grandmother told me stories.	زما نیا ما ماته کیسې وړې.	Pashto (Standard)	South Asia	SACOR_07
The bus arrived late.	بس ورو ورو راغله.	Pashto (Standard)	South Asia	SACOR_05
After finishing his work, he sat down.	د خپل کار پای ته رسولو وروسته، ناست شو.	Pashto (Standard)	South Asia	SACOR_09
The river flows peacefully through the valley.	سیند په دره کې په آرامۍ سره بهیږي.	Pashto (Standard)	South Asia	SACOR_08
Train journeys offer scenic views.	د اورګاډو سفرونه د مناظرو لید ورکوي.	Pashto (Standard)	South Asia	SACOR_02
Digital payments have made transactions faster.	ډیجیټل تادیاتو معاملات ګړندي کړي دي.	Pashto (Standard)	South Asia	SACOR_08
Farmers wake up early to tend to crops.	کرهڼه کونکي د محصولاتو پاملرنې لپاره وختي پاړ کېږي.	Pashto (Standard)	South Asia	SACOR_08
Pollution in cities has become a serious problem.	په ښارونو کې ککړتیا یوه سخت ستونزه شوې ده.	Pashto (Standard)	South Asia	SACOR_06
Small businesses create employment opportunities.	کوچني سوداګرۍ د دندو فرصتونه رامنځته کوي.	Pashto (Standard)	South Asia	SACOR_05
Regular exercise helps maintain good health.	منظم تمرین د ښه روغتیا ساتلو کې مرسته کوي.	Pashto (Standard)	South Asia	SACOR_07
Farmers planted rice in the flooded fields.	کرهڼه کونکي د اوبو لاندې کروندو کې وريجې وکړې.	Pashto (Standard)	South Asia	SACOR_02
She walked slowly through the garden.	هغې په باغ کې ورو ورو تېره شوه.	Pashto (Standard)	South Asia	SACOR_10
The professor wrote equations on the blackboard.	پروفیسور په تختې کې معادلې ولیکلې.	Pashto (Standard)	South Asia	SACOR_10
Online shopping has become popular.	آنلاین پلورلې محبوبه شوې ده.	Pashto (Standard)	South Asia	SACOR_03
Spices add flavor to traditional dishes.	مسالې دودیزو خوړلو ته خوند ورکوي.	Pashto (Standard)	South Asia	SACOR_05
Learning a new language requires practice.	د نوې ژبې زده کړه تمرین ته اړتیا لري.	Pashto (Standard)	South Asia	SACOR_01
Eating fresh fruits provides essential vitamins.	د تازه میوو خوړل اړین ویتامینونه برابروي.	Pashto (Standard)	South Asia	SACOR_07
Teachers shape young minds.	استادان د ځوان ذهنونو شکل ورکوي.	Pashto (Standard)	South Asia	SACOR_06
Clear communication prevents misunderstandings.	روښانه اړیکه د ناپوهیو مخه نیسي.	Pashto (Standard)	South Asia	SACOR_09
Traditional music is important for our heritage.	دودیز موسیقي زموږ د میراث لپاره مهمه ده.	Pashto (Standard)	South Asia	SACOR_04
Students gathered in the library.	زده کوونکي په کتابتون کې راټول شول.	Pashto (Standard)	South Asia	SACOR_09
Reading books improves vocabulary.	د کتابونو لوستل د لغت ښه والی کوي.	Pashto (Standard)	South Asia	SACOR_08
The wedding ceremony lasted three days.	د واده مراسم درې ورځې دوام وکړ.	Pashto (Standard)	South Asia	SACOR_03
Cricket is a popular sport.	کریکټ یوه مشهوره لوبه ده.	Pashto (Standard)	South Asia	SACOR_08
Sports teach teamwork and discipline.	لوبې د ټیم کار او نظم زده کوي.	Pashto (Standard)	South Asia	SACOR_03
The forest is home to many wild animals.	ځنګل د ډیرو وحشي حیواناتو کور دی.	Pashto (Standard)	South Asia	SACOR_06
Agriculture remains the primary source of income.	کرهڼه د عاید اصلي سرچینه پاتې ده.	Pashto (Standard)	South Asia	SACOR_09
Respecting elders is an important value.	د زړونو درناوی مهمه ارزښت دی.	Pashto (Standard)	South Asia	SACOR_02
Education opens doors to opportunities.	زده کړه د فرصتونو دروازې خلاصوي.	Pashto (Standard)	South Asia	SACOR_03
The market was crowded with people.	بازار د خلکو سره ډک و.	Pashto (Standard)	South Asia	SACOR_03
Doctors recommend drinking plenty of water.	داکتران د ډیرو اوبو څښل وړاندیز کوي.	Pashto (Standard)	South Asia	SACOR_06
People travel long distances to visit religious sites.	خلک د مذهبي سایټونو لیدلو لپاره اوږد فاصلې سفر کوي.	Pashto (Standard)	South Asia	SACOR_10
She cooked delicious biryani for the family.	هغې د کورنۍ لپاره خوندور بریاني پخ کړه.	Pashto (Standard)	South Asia	SACOR_01
Doctors work long hours to treat patients.	داکتران د ناروغانو درملنې لپاره اوږد ساعتونه کار کوي.	Pashto (Standard)	South Asia	SACOR_10
Tea is served to guests as a gesture of hospitality.	د مېلمانو د مېلمستیا د نښې په توګه چای وړاندې کیږي.	Pashto (Standard)	South Asia	SACOR_06
Elderly people share wisdom and stories.	زړون خلک حکمت او کیسې شریکوي.	Pashto (Standard)	South Asia	SACOR_07
We decided to visit the old temple.	موږ د پخواني معبد لیدلو پریکړه وکړه.	Pashto (Standard)	South Asia	SACOR_07
Storytelling preserves culture and knowledge.	کیسه ویل د کلتوري او پوهې ساتنه کوي.	Pashto (Standard)	South Asia	SACOR_09
She received a scholarship to study medicine.	هغې د طب زده کړې لپاره بورسیه ترلاسه کړه.	Pashto (Standard)	South Asia	SACOR_05
The school organized a science fair.	ښوونځي د ساینس نندارې تنظیم کړه.	Pashto (Standard)	South Asia	SACOR_05
Smartphones have changed how people communicate.	سمارټ فونونو د خلکو د اړیکو لاره بدله کړې ده.	Pashto (Standard)	South Asia	SACOR_09
People celebrate festivals with great joy.	خلک د خوښۍ سره جشنونه لمانځي.	Pashto (Standard)	South Asia	SACOR_03
Family members support each other during difficult times.	د کورنۍ غړي د ستونزمنو وختونو کې یو بل ساتنه کوي.	Pashto (Standard)	South Asia	SACOR_04
Tourism brings revenue to regions with historical sites.	سیاحت د تاریخي سایټونو سیمو ته عاید راولي.	Pashto (Standard)	South Asia	SACOR_08
Handicrafts showcase artistic traditions.	دستي کارونه هنري دودونه ښکاره کوي.	Pashto (Standard)	South Asia	SACOR_04
Birds were chirping in the trees.	مرغۍ په ونو کې چغېدلې.	Pashto (Standard)	South Asia	SACOR_04
Cooking together brings family members closer.	یوځای پخول د کورنۍ غړو ته نږدې راولي.	Pashto (Standard)	South Asia	SACOR_08
Children learn best when they are interested.	ماشومان غوره زده کوي کله چې دوی علاقه لري.	Pashto (Standard)	South Asia	SACOR_10
I woke up early this morning.	زه نن سهار وختي پاړ شوم.	Pashto (Standard)	South Asia	SACOR_02
The teacher explained the lesson patiently.	استاد صبر سره درس تشریح کړ.	Pashto (Standard)	South Asia	SACOR_03
The teacher explained the lesson patiently.	استاد صبر سره درس تشریح کړ.	Pashto (Standard)	South Asia	SACOR_02
Reading books improves vocabulary.	د کتابونو لوستل د لغت ښه والی کوي.	Pashto (Standard)	South Asia	SACOR_03
Respecting elders is an important value.	د زړونو درناوی مهمه ارزښت دی.	Pashto (Standard)	South Asia	SACOR_02
Regular exercise helps maintain good health.	منظم تمرین د ښه روغتیا ساتلو کې مرسته کوي.	Pashto (Standard)	South Asia	SACOR_02
Sports teach teamwork and discipline.	لوبې د ټیم کار او نظم زده کوي.	Pashto (Standard)	South Asia	SACOR_01
Elderly people share wisdom and stories.	زړون خلک حکمت او کیسې شریکوي.	Pashto (Standard)	South Asia	SACOR_02
Learning a new language requires practice.	د نوې ژبې زده کړه تمرین ته اړتیا لري.	Pashto (Standard)	South Asia	SACOR_09
I woke up early this morning.	زه نن سهار وختي پاړ شوم.	Pashto (Standard)	South Asia	SACOR_08
Children were playing cricket in the street.	ماشومان په سړک کې کریکټ لوبېدل.	Pashto (Standard)	South Asia	SACOR_09
Farmers planted rice in the flooded fields.	کرهڼه کونکي د اوبو لاندې کروندو کې وريجې وکړې.	Pashto (Standard)	South Asia	SACOR_01
Parents sacrifice their own needs for children.	والدین د ماشومانو لپاره خپل اړتیاوې قربان کوي.	Pashto (Standard)	South Asia	SACOR_04
Birds were chirping in the trees.	مرغۍ په ونو کې چغېدلې.	Pashto (Standard)	South Asia	SACOR_06
Students gathered in the library.	زده کوونکي په کتابتون کې راټول شول.	Pashto (Standard)	South Asia	SACOR_09
She cooked delicious biryani for the family.	هغې د کورنۍ لپاره خوندور بریاني پخ کړه.	Pashto (Standard)	South Asia	SACOR_07
The wedding ceremony lasted three days.	د واده مراسم درې ورځې دوام وکړ.	Pashto (Standard)	South Asia	SACOR_10
Small businesses create employment opportunities.	کوچني سوداګرۍ د دندو فرصتونه رامنځته کوي.	Pashto (Standard)	South Asia	SACOR_01
Education opens doors to opportunities.	زده کړه د فرصتونو دروازې خلاصوي.	Pashto (Standard)	South Asia	SACOR_02
We decided to visit the old temple.	موږ د پخواني معبد لیدلو پریکړه وکړه.	Pashto (Standard)	South Asia	SACOR_08
Cooking together brings family members closer.	یوځای پخول د کورنۍ غړو ته نږدې راولي.	Pashto (Standard)	South Asia	SACOR_01
The forest is home to many wild animals.	ځنګل د ډیرو وحشي حیواناتو کور دی.	Pashto (Standard)	South Asia	SACOR_08
The internet connects people across continents.	انټرنیټ د براعظمونو په اوږدو کې خلک سره نښلوي.	Pashto (Standard)	South Asia	SACOR_05
Eating fresh fruits provides essential vitamins.	د تازه میوو خوړل اړین ویتامینونه برابروي.	Pashto (Standard)	South Asia	SACOR_01
After finishing his work, he sat down.	د خپل کار پای ته رسولو وروسته، ناست شو.	Pashto (Standard)	South Asia	SACOR_04
The professor wrote equations on the blackboard.	پروفیسور په تختې کې معادلې ولیکلې.	Pashto (Standard)	South Asia	SACOR_10
The bus arrived late.	بس ورو ورو راغله.	Pashto (Standard)	South Asia	SACOR_03
Handicrafts showcase artistic traditions.	دستي کارونه هنري دودونه ښکاره کوي.	Pashto (Standard)	South Asia	SACOR_06
She walked slowly through the garden.	هغې په باغ کې ورو ورو تېره شوه.	Pashto (Standard)	South Asia	SACOR_02
Doctors work long hours to treat patients.	داکتران د ناروغانو درملنې لپاره اوږد ساعتونه کار کوي.	Pashto (Standard)	South Asia	SACOR_10
Cricket is a popular sport.	کریکټ یوه مشهوره لوبه ده.	Pashto (Standard)	South Asia	SACOR_10
Doctors recommend drinking plenty of water.	داکتران د ډیرو اوبو څښل وړاندیز کوي.	Pashto (Standard)	South Asia	SACOR_10
The school organized a science fair.	ښوونځي د ساینس نندارې تنظیم کړه.	Pashto (Standard)	South Asia	SACOR_05
Digital payments have made transactions faster.	ډیجیټل تادیاتو معاملات ګړندي کړي دي.	Pashto (Standard)	South Asia	SACOR_06
Teachers shape young minds.	استادان د ځوان ذهنونو شکل ورکوي.	Pashto (Standard)	South Asia	SACOR_03
Tourism brings revenue to regions with historical sites.	سیاحت د تاریخي سایټونو سیمو ته عاید راولي.	Pashto (Standard)	South Asia	SACOR_10
Traditional music is important for our heritage.	دودیز موسیقي زموږ د میراث لپاره مهمه ده.	Pashto (Standard)	South Asia	SACOR_06
Pollution in cities has become a serious problem.	په ښارونو کې ککړتیا یوه سخت ستونزه شوې ده.	Pashto (Standard)	South Asia	SACOR_02
People travel long distances to visit religious sites.	خلک د مذهبي سایټونو لیدلو لپاره اوږد فاصلې سفر کوي.	Pashto (Standard)	South Asia	SACOR_08
Farmers wake up early to tend to crops.	کرهڼه کونکي د محصولاتو پاملرنې لپاره وختي پاړ کېږي.	Pashto (Standard)	South Asia	SACOR_02
Clear communication prevents misunderstandings.	روښانه اړیکه د ناپوهیو مخه نیسي.	Pashto (Standard)	South Asia	SACOR_03
Smartphones have changed how people communicate.	سمارټ فونونو د خلکو د اړیکو لاره بدله کړې ده.	Pashto (Standard)	South Asia	SACOR_03
My grandmother told me stories.	زما نیا ما ماته کیسې وړې.	Pashto (Standard)	South Asia	SACOR_03
Spices add flavor to traditional dishes.	مسالې دودیزو خوړلو ته خوند ورکوي.	Pashto (Standard)	South Asia	SACOR_08
Storytelling preserves culture and knowledge.	کیسه ویل د کلتوري او پوهې ساتنه کوي.	Pashto (Standard)	South Asia	SACOR_07
Agriculture remains the primary source of income.	کرهڼه د عاید اصلي سرچینه پاتې ده.	Pashto (Standard)	South Asia	SACOR_05
Tea is served to guests as a gesture of hospitality.	د مېلمانو د مېلمستیا د نښې په توګه چای وړاندې کیږي.	Pashto (Standard)	South Asia	SACOR_04
The market was crowded with people.	بازار د خلکو سره ډک و.	Pashto (Standard)	South Asia	SACOR_04
Online shopping has become popular.	آنلاین پلورلې محبوبه شوې ده.	Pashto (Standard)	South Asia	SACOR_09
Family members support each other during difficult times.	د کورنۍ غړي د ستونزمنو وختونو کې یو بل ساتنه کوي.	Pashto (Standard)	South Asia	SACOR_08
People celebrate festivals with great joy.	خلک د خوښۍ سره جشنونه لمانځي.	Pashto (Standard)	South Asia	SACOR_03
She received a scholarship to study medicine.	هغې د طب زده کړې لپاره بورسیه ترلاسه کړه.	Pashto (Standard)	South Asia	SACOR_03
The river flows peacefully through the valley.	سیند په دره کې په آرامۍ سره بهیږي.	Pashto (Standard)	South Asia	SACOR_01
Train journeys offer scenic views.	د اورګاډو سفرونه د مناظرو لید ورکوي.	Pashto (Standard)	South Asia	SACOR_06
Children learn best when they are interested.	ماشومان غوره زده کوي کله چې دوی علاقه لري.	Pashto (Standard)	South Asia	SACOR_05
The forest is home to many wild animals.	ځنګل د ډیرو وحشي حیواناتو کور دی.	Pashto (Standard)	South Asia	SACOR_03
Sports teach teamwork and discipline.	لوبې د ټیم کار او نظم زده کوي.	Pashto (Standard)	South Asia	SACOR_03
Cricket is a popular sport.	کریکټ یوه مشهوره لوبه ده.	Pashto (Standard)	South Asia	SACOR_02
The bus arrived late.	بس ورو ورو راغله.	Pashto (Standard)	South Asia	SACOR_07
Digital payments have made transactions faster.	ډیجیټل تادیاتو معاملات ګړندي کړي دي.	Pashto (Standard)	South Asia	SACOR_03
Farmers wake up early to tend to crops.	کرهڼه کونکي د محصولاتو پاملرنې لپاره وختي پاړ کېږي.	Pashto (Standard)	South Asia	SACOR_07
The wedding ceremony lasted three days.	د واده مراسم درې ورځې دوام وکړ.	Pashto (Standard)	South Asia	SACOR_06
Train journeys offer scenic views.	د اورګاډو سفرونه د مناظرو لید ورکوي.	Pashto (Standard)	South Asia	SACOR_05
The internet connects people across continents.	انټرنیټ د براعظمونو په اوږدو کې خلک سره نښلوي.	Pashto (Standard)	South Asia	SACOR_10
Regular exercise helps maintain good health.	منظم تمرین د ښه روغتیا ساتلو کې مرسته کوي.	Pashto (Standard)	South Asia	SACOR_07
Tea is served to guests as a gesture of hospitality.	د مېلمانو د مېلمستیا د نښې په توګه چای وړاندې کیږي.	Pashto (Standard)	South Asia	SACOR_04
Learning a new language requires practice.	د نوې ژبې زده کړه تمرین ته اړتیا لري.	Pashto (Standard)	South Asia	SACOR_04
Online shopping has become popular.	آنلاین پلورلې محبوبه شوې ده.	Pashto (Standard)	South Asia	SACOR_01
Tourism brings revenue to regions with historical sites.	سیاحت د تاریخي سایټونو سیمو ته عاید راولي.	Pashto (Standard)	South Asia	SACOR_09
Pollution in cities has become a serious problem.	په ښارونو کې ککړتیا یوه سخت ستونزه شوې ده.	Pashto (Standard)	South Asia	SACOR_04
The teacher explained the lesson patiently.	استاد صبر سره درس تشریح کړ.	Pashto (Standard)	South Asia	SACOR_04
I woke up early this morning.	زه نن سهار وختي پاړ شوم.	Pashto (Standard)	South Asia	SACOR_05
After finishing his work, he sat down.	د خپل کار پای ته رسولو وروسته، ناست شو.	Pashto (Standard)	South Asia	SACOR_05
People celebrate festivals with great joy.	خلک د خوښۍ سره جشنونه لمانځي.	Pashto (Standard)	South Asia	SACOR_05
The school organized a science fair.	ښوونځي د ساینس نندارې تنظیم کړه.	Pashto (Standard)	South Asia	SACOR_08
Children learn best when they are interested.	ماشومان غوره زده کوي کله چې دوی علاقه لري.	Pashto (Standard)	South Asia	SACOR_01
Family members support each other during difficult times.	د کورنۍ غړي د ستونزمنو وختونو کې یو بل ساتنه کوي.	Pashto (Standard)	South Asia	SACOR_05
Respecting elders is an important value.	د زړونو درناوی مهمه ارزښت دی.	Pashto (Standard)	South Asia	SACOR_09
Doctors work long hours to treat patients.	داکتران د ناروغانو درملنې لپاره اوږد ساعتونه کار کوي.	Pashto (Standard)	South Asia	SACOR_09
Traditional music is important for our heritage.	دودیز موسیقي زموږ د میراث لپاره مهمه ده.	Pashto (Standard)	South Asia	SACOR_08
Farmers planted rice in the flooded fields.	کرهڼه کونکي د اوبو لاندې کروندو کې وريجې وکړې.	Pashto (Standard)	South Asia	SACOR_09
Spices add flavor to traditional dishes.	مسالې دودیزو خوړلو ته خوند ورکوي.	Pashto (Standard)	South Asia	SACOR_10
The market was crowded with people.	بازار د خلکو سره ډک و.	Pashto (Standard)	South Asia	SACOR_10
Doctors recommend drinking plenty of water.	داکتران د ډیرو اوبو څښل وړاندیز کوي.	Pashto (Standard)	South Asia	SACOR_06
She walked slowly through the garden.	هغې په باغ کې ورو ورو تېره شوه.	Pashto (Standard)	South Asia	SACOR_01
Clear communication prevents misunderstandings.	روښانه اړیکه د ناپوهیو مخه نیسي.	Pashto (Standard)	South Asia	SACOR_05
Agriculture remains the primary source of income.	کرهڼه د عاید اصلي سرچینه پاتې ده.	Pashto (Standard)	South Asia	SACOR_08
My grandmother told me stories.	زما نیا ما ماته کیسې وړې.	Pashto (Standard)	South Asia	SACOR_01
Students gathered in the library.	زده کوونکي په کتابتون کې راټول شول.	Pashto (Standard)	South Asia	SACOR_03
Birds were chirping in the trees.	مرغۍ په ونو کې چغېدلې.	Pashto (Standard)	South Asia	SACOR_01
Elderly people share wisdom and stories.	زړون خلک حکمت او کیسې شریکوي.	Pashto (Standard)	South Asia	SACOR_06
She received a scholarship to study medicine.	هغې د طب زده کړې لپاره بورسیه ترلاسه کړه.	Pashto (Standard)	South Asia	SACOR_10
The professor wrote equations on the blackboard.	پروفیسور په تختې کې معادلې ولیکلې.	Pashto (Standard)	South Asia	SACOR_07
Education opens doors to opportunities.	زده کړه د فرصتونو دروازې خلاصوي.	Pashto (Standard)	South Asia	SACOR_09
Handicrafts showcase artistic traditions.	دستي کارونه هنري دودونه ښکاره کوي.	Pashto (Standard)	South Asia	SACOR_06
Cooking together brings family members closer.	یوځای پخول د کورنۍ غړو ته نږدې راولي.	Pashto (Standard)	South Asia	SACOR_02
The river flows peacefully through the valley.	سیند په دره کې په آرامۍ سره بهیږي.	Pashto (Standard)	South Asia	SACOR_10
She cooked delicious biryani for the family.	هغې د کورنۍ لپاره خوندور بریاني پخ کړه.	Pashto (Standard)	South Asia	SACOR_06
Smartphones have changed how people communicate.	سمارټ فونونو د خلکو د اړیکو لاره بدله کړې ده.	Pashto (Standard)	South Asia	SACOR_04
Teachers shape young minds.	استادان د ځوان ذهنونو شکل ورکوي.	Pashto (Standard)	South Asia	SACOR_08
Eating fresh fruits provides essential vitamins.	د تازه میوو خوړل اړین ویتامینونه برابروي.	Pashto (Standard)	South Asia	SACOR_08
Storytelling preserves culture and knowledge.	کیسه ویل د کلتوري او پوهې ساتنه کوي.	Pashto (Standard)	South Asia	SACOR_05
Reading books improves vocabulary.	د کتابونو لوستل د لغت ښه والی کوي.	Pashto (Standard)	South Asia	SACOR_10
Children were playing cricket in the street.	ماشومان په سړک کې کریکټ لوبېدل.	Pashto (Standard)	South Asia	SACOR_03
Small businesses create employment opportunities.	کوچني سوداګرۍ د دندو فرصتونه رامنځته کوي.	Pashto (Standard)	South Asia	SACOR_07
People travel long distances to visit religious sites.	خلک د مذهبي سایټونو لیدلو لپاره اوږد فاصلې سفر کوي.	Pashto (Standard)	South Asia	SACOR_07
Parents sacrifice their own needs for children.	والدین د ماشومانو لپاره خپل اړتیاوې قربان کوي.	Pashto (Standard)	South Asia	SACOR_04
We decided to visit the old temple.	موږ د پخواني معبد لیدلو پریکړه وکړه.	Pashto (Standard)	South Asia	SACOR_03
The internet connects people across continents.	انټرنیټ د براعظمونو په اوږدو کې خلک سره نښلوي.	Pashto (Standard)	South Asia	SACOR_10
Small businesses create employment opportunities.	کوچني سوداګرۍ د دندو فرصتونه رامنځته کوي.	Pashto (Standard)	South Asia	SACOR_06
Teachers shape young minds.	استادان د ځوان ذهنونو شکل ورکوي.	Pashto (Standard)	South Asia	SACOR_07
Train journeys offer scenic views.	د اورګاډو سفرونه د مناظرو لید ورکوي.	Pashto (Standard)	South Asia	SACOR_04
Tourism brings revenue to regions with historical sites.	سیاحت د تاریخي سایټونو سیمو ته عاید راولي.	Pashto (Standard)	South Asia	SACOR_05
Digital payments have made transactions faster.	ډیجیټل تادیاتو معاملات ګړندي کړي دي.	Pashto (Standard)	South Asia	SACOR_03
The school organized a science fair.	ښوونځي د ساینس نندارې تنظیم کړه.	Pashto (Standard)	South Asia	SACOR_08
Clear communication prevents misunderstandings.	روښانه اړیکه د ناپوهیو مخه نیسي.	Pashto (Standard)	South Asia	SACOR_08
Sports teach teamwork and discipline.	لوبې د ټیم کار او نظم زده کوي.	Pashto (Standard)	South Asia	SACOR_08
The teacher explained the lesson patiently.	استاد صبر سره درس تشریح کړ.	Pashto (Standard)	South Asia	SACOR_06
Reading books improves vocabulary.	د کتابونو لوستل د لغت ښه والی کوي.	Pashto (Standard)	South Asia	SACOR_03
Smartphones have changed how people communicate.	سمارټ فونونو د خلکو د اړیکو لاره بدله کړې ده.	Pashto (Standard)	South Asia	SACOR_03
The forest is home to many wild animals.	ځنګل د ډیرو وحشي حیواناتو کور دی.	Pashto (Standard)	South Asia	SACOR_06
Spices add flavor to traditional dishes.	مسالې دودیزو خوړلو ته خوند ورکوي.	Pashto (Standard)	South Asia	SACOR_10
Farmers wake up early to tend to crops.	کرهڼه کونکي د محصولاتو پاملرنې لپاره وختي پاړ کېږي.	Pashto (Standard)	South Asia	SACOR_03
My grandmother told me stories.	زما نیا ما ماته کیسې وړې.	Pashto (Standard)	South Asia	SACOR_01
Learning a new language requires practice.	د نوې ژبې زده کړه تمرین ته اړتیا لري.	Pashto (Standard)	South Asia	SACOR_07
She walked slowly through the garden.	هغې په باغ کې ورو ورو تېره شوه.	Pashto (Standard)	South Asia	SACOR_02
Tea is served to guests as a gesture of hospitality.	د مېلمانو د مېلمستیا د نښې په توګه چای وړاندې کیږي.	Pashto (Standard)	South Asia	SACOR_07
Birds were chirping in the trees.	مرغۍ په ونو کې چغېدلې.	Pashto (Standard)	South Asia	SACOR_06
People celebrate festivals with great joy.	خلک د خوښۍ سره جشنونه لمانځي.	Pashto (Standard)	South Asia	SACOR_09
Elderly people share wisdom and stories.	زړون خلک حکمت او کیسې شریکوي.	Pashto (Standard)	South Asia	SACOR_02
Agriculture remains the primary source of income.	کرهڼه د عاید اصلي سرچینه پاتې ده.	Pashto (Standard)	South Asia	SACOR_03
Pollution in cities has become a serious problem.	په ښارونو کې ککړتیا یوه سخت ستونزه شوې ده.	Pashto (Standard)	South Asia	SACOR_10
We decided to visit the old temple.	موږ د پخواني معبد لیدلو پریکړه وکړه.	Pashto (Standard)	South Asia	SACOR_03
Handicrafts showcase artistic traditions.	دستي کارونه هنري دودونه ښکاره کوي.	Pashto (Standard)	South Asia	SACOR_01
After finishing his work, he sat down.	د خپل کار پای ته رسولو وروسته، ناست شو.	Pashto (Standard)	South Asia	SACOR_06
She received a scholarship to study medicine.	هغې د طب زده کړې لپاره بورسیه ترلاسه کړه.	Pashto (Standard)	South Asia	SACOR_10
Eating fresh fruits provides essential vitamins.	د تازه میوو خوړل اړین ویتامینونه برابروي.	Pashto (Standard)	South Asia	SACOR_03
Parents sacrifice their own needs for children.	والدین د ماشومانو لپاره خپل اړتیاوې قربان کوي.	Pashto (Standard)	South Asia	SACOR_03
The river flows peacefully through the valley.	سیند په دره کې په آرامۍ سره بهیږي.	Pashto (Standard)	South Asia	SACOR_10
Traditional music is important for our heritage.	دودیز موسیقي زموږ د میراث لپاره مهمه ده.	Pashto (Standard)	South Asia	SACOR_05
Cricket is a popular sport.	کریکټ یوه مشهوره لوبه ده.	Pashto (Standard)	South Asia	SACOR_02
Family members support each other during difficult times.	د کورنۍ غړي د ستونزمنو وختونو کې یو بل ساتنه کوي.	Pashto (Standard)	South Asia	SACOR_02
Storytelling preserves culture and knowledge.	کیسه ویل د کلتوري او پوهې ساتنه کوي.	Pashto (Standard)	South Asia	SACOR_06
Online shopping has become popular.	آنلاین پلورلې محبوبه شوې ده.	Pashto (Standard)	South Asia	SACOR_07
Respecting elders is an important value.	د زړونو درناوی مهمه ارزښت دی.	Pashto (Standard)	South Asia	SACOR_04
Doctors work long hours to treat patients.	داکتران د ناروغانو درملنې لپاره اوږد ساعتونه کار کوي.	Pashto (Standard)	South Asia	SACOR_01
The bus arrived late.	بس ورو ورو راغله.	Pashto (Standard)	South Asia	SACOR_03
The wedding ceremony lasted three days.	د واده مراسم درې ورځې دوام وکړ.	Pashto (Standard)	South Asia	SACOR_10
Children were playing cricket in the street.	ماشومان په سړک کې کریکټ لوبېدل.	Pashto (Standard)	South Asia	SACOR_06
Cooking together brings family members closer.	یوځای پخول د کورنۍ غړو ته نږدې راولي.	Pashto (Standard)	South Asia	SACOR_06
People travel long distances to visit religious sites.	خلک د مذهبي سایټونو لیدلو لپاره اوږد فاصلې سفر کوي.	Pashto (Standard)	South Asia	SACOR_10
The market was crowded with people.	بازار د خلکو سره ډک و.	Pashto (Standard)	South Asia	SACOR_07
Regular exercise helps maintain good health.	منظم تمرین د ښه روغتیا ساتلو کې مرسته کوي.	Pashto (Standard)	South Asia	SACOR_04
Education opens doors to opportunities.	زده کړه د فرصتونو دروازې خلاصوي.	Pashto (Standard)	South Asia	SACOR_07
Students gathered in the library.	زده کوونکي په کتابتون کې راټول شول.	Pashto (Standard)	South Asia	SACOR_04
Farmers planted rice in the flooded fields.	کرهڼه کونکي د اوبو لاندې کروندو کې وريجې وکړې.	Pashto (Standard)	South Asia	SACOR_08
I woke up early this morning.	زه نن سهار وختي پاړ شوم.	Pashto (Standard)	South Asia	SACOR_03
Children learn best when they are interested.	ماشومان غوره زده کوي کله چې دوی علاقه لري.	Pashto (Standard)	South Asia	SACOR_07
The professor wrote equations on the blackboard.	پروفیسور په تختې کې معادلې ولیکلې.	Pashto (Standard)	South Asia	SACOR_03
Doctors recommend drinking plenty of water.	داکتران د ډیرو اوبو څښل وړاندیز کوي.	Pashto (Standard)	South Asia	SACOR_10
She cooked delicious biryani for the family.	هغې د کورنۍ لپاره خوندور بریاني پخ کړه.	Pashto (Standard)	South Asia	SACOR_05
Sports teach teamwork and discipline.	لوبې د ټیم کار او نظم زده کوي.	Pashto (Standard)	South Asia	SACOR_03
The forest is home to many wild animals.	ځنګل د ډیرو وحشي حیواناتو کور دی.	Pashto (Standard)	South Asia	SACOR_01
The professor wrote equations on the blackboard.	پروفیسور په تختې کې معادلې ولیکلې.	Pashto (Standard)	South Asia	SACOR_07
We decided to visit the old temple.	موږ د پخواني معبد لیدلو پریکړه وکړه.	Pashto (Standard)	South Asia	SACOR_07
The wedding ceremony lasted three days.	د واده مراسم درې ورځې دوام وکړ.	Pashto (Standard)	South Asia	SACOR_02
Teachers shape young minds.	استادان د ځوان ذهنونو شکل ورکوي.	Pashto (Standard)	South Asia	SACOR_06
People travel long distances to visit religious sites.	خلک د مذهبي سایټونو لیدلو لپاره اوږد فاصلې سفر کوي.	Pashto (Standard)	South Asia	SACOR_05
Train journeys offer scenic views.	د اورګاډو سفرونه د مناظرو لید ورکوي.	Pashto (Standard)	South Asia	SACOR_10
Storytelling preserves culture and knowledge.	کیسه ویل د کلتوري او پوهې ساتنه کوي.	Pashto (Standard)	South Asia	SACOR_09
Tourism brings revenue to regions with historical sites.	سیاحت د تاریخي سایټونو سیمو ته عاید راولي.	Pashto (Standard)	South Asia	SACOR_01
Education opens doors to opportunities.	زده کړه د فرصتونو دروازې خلاصوي.	Pashto (Standard)	South Asia	SACOR_09
Online shopping has become popular.	آنلاین پلورلې محبوبه شوې ده.	Pashto (Standard)	South Asia	SACOR_06
Clear communication prevents misunderstandings.	روښانه اړیکه د ناپوهیو مخه نیسي.	Pashto (Standard)	South Asia	SACOR_02
Children were playing cricket in the street.	ماشومان په سړک کې کریکټ لوبېدل.	Pashto (Standard)	South Asia	SACOR_04
Handicrafts showcase artistic traditions.	دستي کارونه هنري دودونه ښکاره کوي.	Pashto (Standard)	South Asia	SACOR_04
Doctors recommend drinking plenty of water.	داکتران د ډیرو اوبو څښل وړاندیز کوي.	Pashto (Standard)	South Asia	SACOR_02
Spices add flavor to traditional dishes.	مسالې دودیزو خوړلو ته خوند ورکوي.	Pashto (Standard)	South Asia	SACOR_04
Learning a new language requires practice.	د نوې ژبې زده کړه تمرین ته اړتیا لري.	Pashto (Standard)	South Asia	SACOR_09
She cooked delicious biryani for the family.	هغې د کورنۍ لپاره خوندور بریاني پخ کړه.	Pashto (Standard)	South Asia	SACOR_01
Pollution in cities has become a serious problem.	په ښارونو کې ککړتیا یوه سخت ستونزه شوې ده.	Pashto (Standard)	South Asia	SACOR_01
The river flows peacefully through the valley.	سیند په دره کې په آرامۍ سره بهیږي.	Pashto (Standard)	South Asia	SACOR_05
She received a scholarship to study medicine.	هغې د طب زده کړې لپاره بورسیه ترلاسه کړه.	Pashto (Standard)	South Asia	SACOR_10
Cooking together brings family members closer.	یوځای پخول د کورنۍ غړو ته نږدې راولي.	Pashto (Standard)	South Asia	SACOR_09
Doctors work long hours to treat patients.	داکتران د ناروغانو درملنې لپاره اوږد ساعتونه کار کوي.	Pashto (Standard)	South Asia	SACOR_04
Smartphones have changed how people communicate.	سمارټ فونونو د خلکو د اړیکو لاره بدله کړې ده.	Pashto (Standard)	South Asia	SACOR_03
Tea is served to guests as a gesture of hospitality.	د مېلمانو د مېلمستیا د نښې په توګه چای وړاندې کیږي.	Pashto (Standard)	South Asia	SACOR_02
The internet connects people across continents.	انټرنیټ د براعظمونو په اوږدو کې خلک سره نښلوي.	Pashto (Standard)	South Asia	SACOR_02
I woke up early this morning.	زه نن سهار وختي پاړ شوم.	Pashto (Standard)	South Asia	SACOR_03
Small businesses create employment opportunities.	کوچني سوداګرۍ د دندو فرصتونه رامنځته کوي.	Pashto (Standard)	South Asia	SACOR_03
The teacher explained the lesson patiently.	استاد صبر سره درس تشریح کړ.	Pashto (Standard)	South Asia	SACOR_02
Children learn best when they are interested.	ماشومان غوره زده کوي کله چې دوی علاقه لري.	Pashto (Standard)	South Asia	SACOR_03
Farmers planted rice in the flooded fields.	کرهڼه کونکي د اوبو لاندې کروندو کې وريجې وکړې.	Pashto (Standard)	South Asia	SACOR_02
The market was crowded with people.	بازار د خلکو سره ډک و.	Pashto (Standard)	South Asia	SACOR_06
Respecting elders is an important value.	د زړونو درناوی مهمه ارزښت دی.	Pashto (Standard)	South Asia	SACOR_05
Parents sacrifice their own needs for children.	والدین د ماشومانو لپاره خپل اړتیاوې قربان کوي.	Pashto (Standard)	South Asia	SACOR_09
Agriculture remains the primary source of income.	کرهڼه د عاید اصلي سرچینه پاتې ده.	Pashto (Standard)	South Asia	SACOR_02
People celebrate festivals with great joy.	خلک د خوښۍ سره جشنونه لمانځي.	Pashto (Standard)	South Asia	SACOR_06
Cricket is a popular sport.	کریکټ یوه مشهوره لوبه ده.	Pashto (Standard)	South Asia	SACOR_09
After finishing his work, he sat down.	د خپل کار پای ته رسولو وروسته، ناست شو.	Pashto (Standard)	South Asia	SACOR_03
Birds were chirping in the trees.	مرغۍ په ونو کې چغېدلې.	Pashto (Standard)	South Asia	SACOR_07
Traditional music is important for our heritage.	دودیز موسیقي زموږ د میراث لپاره مهمه ده.	Pashto (Standard)	South Asia	SACOR_09
Family members support each other during difficult times.	د کورنۍ غړي د ستونزمنو وختونو کې یو بل ساتنه کوي.	Pashto (Standard)	South Asia	SACOR_07
My grandmother told me stories.	زما نیا ما ماته کیسې وړې.	Pashto (Standard)	South Asia	SACOR_09
The school organized a science fair.	ښوونځي د ساینس نندارې تنظیم کړه.	Pashto (Standard)	South Asia	SACOR_08
She walked slowly through the garden.	هغې په باغ کې ورو ورو تېره شوه.	Pashto (Standard)	South Asia	SACOR_07
The bus arrived late.	بس ورو ورو راغله.	Pashto (Standard)	South Asia	SACOR_05
Digital payments have made transactions faster.	ډیجیټل تادیاتو معاملات ګړندي کړي دي.	Pashto (Standard)	South Asia	SACOR_01
Regular exercise helps maintain good health.	منظم تمرین د ښه روغتیا ساتلو کې مرسته کوي.	Pashto (Standard)	South Asia	SACOR_02
Students gathered in the library.	زده کوونکي په کتابتون کې راټول شول.	Pashto (Standard)	South Asia	SACOR_10
Elderly people share wisdom and stories.	زړون خلک حکمت او کیسې شریکوي.	Pashto (Standard)	South Asia	SACOR_02
Eating fresh fruits provides essential vitamins.	د تازه میوو خوړل اړین ویتامینونه برابروي.	Pashto (Standard)	South Asia	SACOR_09
Reading books improves vocabulary.	د کتابونو لوستل د لغت ښه والی کوي.	Pashto (Standard)	South Asia	SACOR_06
Farmers wake up early to tend to crops.	کرهڼه کونکي د محصولاتو پاملرنې لپاره وختي پاړ کېږي.	Pashto (Standard)	South Asia	SACOR_05
Teachers shape young minds.	استادان د ځوان ذهنونو شکل ورکوي.	Pashto (Standard)	South Asia	SACOR_09
People travel long distances to visit religious sites.	خلک د مذهبي سایټونو لیدلو لپاره اوږد فاصلې سفر کوي.	Pashto (Standard)	South Asia	SACOR_09
Birds were chirping in the trees.	مرغۍ په ونو کې چغېدلې.	Pashto (Standard)	South Asia	SACOR_01
Tourism brings revenue to regions with historical sites.	سیاحت د تاریخي سایټونو سیمو ته عاید راولي.	Pashto (Standard)	South Asia	SACOR_07
She received a scholarship to study medicine.	هغې د طب زده کړې لپاره بورسیه ترلاسه کړه.	Pashto (Standard)	South Asia	SACOR_05
Learning a new language requires practice.	د نوې ژبې زده کړه تمرین ته اړتیا لري.	Pashto (Standard)	South Asia	SACOR_05
Eating fresh fruits provides essential vitamins.	د تازه میوو خوړل اړین ویتامینونه برابروي.	Pashto (Standard)	South Asia	SACOR_03
Farmers planted rice in the flooded fields.	کرهڼه کونکي د اوبو لاندې کروندو کې وريجې وکړې.	Pashto (Standard)	South Asia	SACOR_01
Storytelling preserves culture and knowledge.	کیسه ویل د کلتوري او پوهې ساتنه کوي.	Pashto (Standard)	South Asia	SACOR_01
The school organized a science fair.	ښوونځي د ساینس نندارې تنظیم کړه.	Pashto (Standard)	South Asia	SACOR_07
Cooking together brings family members closer.	یوځای پخول د کورنۍ غړو ته نږدې راولي.	Pashto (Standard)	South Asia	SACOR_03
The wedding ceremony lasted three days.	د واده مراسم درې ورځې دوام وکړ.	Pashto (Standard)	South Asia	SACOR_10
The forest is home to many wild animals.	ځنګل د ډیرو وحشي حیواناتو کور دی.	Pashto (Standard)	South Asia	SACOR_09
After finishing his work, he sat down.	د خپل کار پای ته رسولو وروسته، ناست شو.	Pashto (Standard)	South Asia	SACOR_08
Parents sacrifice their own needs for children.	والدین د ماشومانو لپاره خپل اړتیاوې قربان کوي.	Pashto (Standard)	South Asia	SACOR_08
Agriculture remains the primary source of income.	کرهڼه د عاید اصلي سرچینه پاتې ده.	Pashto (Standard)	South Asia	SACOR_09
Smartphones have changed how people communicate.	سمارټ فونونو د خلکو د اړیکو لاره بدله کړې ده.	Pashto (Standard)	South Asia	SACOR_08
Elderly people share wisdom and stories.	زړون خلک حکمت او کیسې شریکوي.	Pashto (Standard)	South Asia	SACOR_04
Tea is served to guests as a gesture of hospitality.	د مېلمانو د مېلمستیا د نښې په توګه چای وړاندې کیږي.	Pashto (Standard)	South Asia	SACOR_06
The market was crowded with people.	بازار د خلکو سره ډک و.	Pashto (Standard)	South Asia	SACOR_09
The bus arrived late.	بس ورو ورو راغله.	Pashto (Standard)	South Asia	SACOR_06
Education opens doors to opportunities.	زده کړه د فرصتونو دروازې خلاصوي.	Pashto (Standard)	South Asia	SACOR_07
Digital payments have made transactions faster.	ډیجیټل تادیاتو معاملات ګړندي کړي دي.	Pashto (Standard)	South Asia	SACOR_07
Doctors work long hours to treat patients.	داکتران د ناروغانو درملنې لپاره اوږد ساعتونه کار کوي.	Pashto (Standard)	South Asia	SACOR_05
I woke up early this morning.	زه نن سهار وختي پاړ شوم.	Pashto (Standard)	South Asia	SACOR_07
We decided to visit the old temple.	موږ د پخواني معبد لیدلو پریکړه وکړه.	Pashto (Standard)	South Asia	SACOR_05
Reading books improves vocabulary.	د کتابونو لوستل د لغت ښه والی کوي.	Pashto (Standard)	South Asia	SACOR_02
Clear communication prevents misunderstandings.	روښانه اړیکه د ناپوهیو مخه نیسي.	Pashto (Standard)	South Asia	SACOR_10
Cricket is a popular sport.	کریکټ یوه مشهوره لوبه ده.	Pashto (Standard)	South Asia	SACOR_07
Students gathered in the library.	زده کوونکي په کتابتون کې راټول شول.	Pashto (Standard)	South Asia	SACOR_03
The professor wrote equations on the blackboard.	پروفیسور په تختې کې معادلې ولیکلې.	Pashto (Standard)	South Asia	SACOR_04
Sports teach teamwork and discipline.	لوبې د ټیم کار او نظم زده کوي.	Pashto (Standard)	South Asia	SACOR_05
Doctors recommend drinking plenty of water.	داکتران د ډیرو اوبو څښل وړاندیز کوي.	Pashto (Standard)	South Asia	SACOR_03
She walked slowly through the garden.	هغې په باغ کې ورو ورو تېره شوه.	Pashto (Standard)	South Asia	SACOR_02
Online shopping has become popular.	آنلاین پلورلې محبوبه شوې ده.	Pashto (Standard)	South Asia	SACOR_10
Small businesses create employment opportunities.	کوچني سوداګرۍ د دندو فرصتونه رامنځته کوي.	Pashto (Standard)	South Asia	SACOR_03
Regular exercise helps maintain good health.	منظم تمرین د ښه روغتیا ساتلو کې مرسته کوي.	Pashto (Standard)	South Asia	SACOR_07
Train journeys offer scenic views.	د اورګاډو سفرونه د مناظرو لید ورکوي.	Pashto (Standard)	South Asia	SACOR_03
Farmers wake up early to tend to crops.	کرهڼه کونکي د محصولاتو پاملرنې لپاره وختي پاړ کېږي.	Pashto (Standard)	South Asia	SACOR_03
Family members support each other during difficult times.	د کورنۍ غړي د ستونزمنو وختونو کې یو بل ساتنه کوي.	Pashto (Standard)	South Asia	SACOR_02
My grandmother told me stories.	زما نیا ما ماته کیسې وړې.	Pashto (Standard)	South Asia	SACOR_04
Handicrafts showcase artistic traditions.	دستي کارونه هنري دودونه ښکاره کوي.	Pashto (Standard)	South Asia	SACOR_03
Spices add flavor to traditional dishes.	مسالې دودیزو خوړلو ته خوند ورکوي.	Pashto (Standard)	South Asia	SACOR_01
People celebrate festivals with great joy.	خلک د خوښۍ سره جشنونه لمانځي.	Pashto (Standard)	South Asia	SACOR_05
The internet connects people across continents.	انټرنیټ د براعظمونو په اوږدو کې خلک سره نښلوي.	Pashto (Standard)	South Asia	SACOR_02
Pollution in cities has become a serious problem.	په ښارونو کې ککړتیا یوه سخت ستونزه شوې ده.	Pashto (Standard)	South Asia	SACOR_01
Children were playing cricket in the street.	ماشومان په سړک کې کریکټ لوبېدل.	Pashto (Standard)	South Asia	SACOR_05
Traditional music is important for our heritage.	دودیز موسیقي زموږ د میراث لپاره مهمه ده.	Pashto (Standard)	South Asia	SACOR_03
The river flows peacefully through the valley.	سیند په دره کې په آرامۍ سره بهیږي.	Pashto (Standard)	South Asia	SACOR_10
The teacher explained the lesson patiently.	استاد صبر سره درس تشریح کړ.	Pashto (Standard)	South Asia	SACOR_05
Respecting elders is an important value.	د زړونو درناوی مهمه ارزښت دی.	Pashto (Standard)	South Asia	SACOR_09
She cooked delicious biryani for the family.	هغې د کورنۍ لپاره خوندور بریاني پخ کړه.	Pashto (Standard)	South Asia	SACOR_04
Children learn best when they are interested.	ماشومان غوره زده کوي کله چې دوی علاقه لري.	Pashto (Standard)	South Asia	SACOR_02
Teachers shape young minds.	استادان د ځوان ذهنونو شکل ورکوي.	Pashto (Standard)	South Asia	SACOR_05
Doctors recommend drinking plenty of water.	داکتران د ډیرو اوبو څښل وړاندیز کوي.	Pashto (Standard)	South Asia	SACOR_08
Students gathered in the library.	زده کوونکي په کتابتون کې راټول شول.	Pashto (Standard)	South Asia	SACOR_09
The professor wrote equations on the blackboard.	پروفیسور په تختې کې معادلې ولیکلې.	Pashto (Standard)	South Asia	SACOR_10
Children learn best when they are interested.	ماشومان غوره زده کوي کله چې دوی علاقه لري.	Pashto (Standard)	South Asia	SACOR_02
Reading books improves vocabulary.	د کتابونو لوستل د لغت ښه والی کوي.	Pashto (Standard)	South Asia	SACOR_02
Storytelling preserves culture and knowledge.	کیسه ویل د کلتوري او پوهې ساتنه کوي.	Pashto (Standard)	South Asia	SACOR_08
Children were playing cricket in the street.	ماشومان په سړک کې کریکټ لوبېدل.	Pashto (Standard)	South Asia	SACOR_10
Pollution in cities has become a serious problem.	په ښارونو کې ککړتیا یوه سخت ستونزه شوې ده.	Pashto (Standard)	South Asia	SACOR_08
Online shopping has become popular.	آنلاین پلورلې محبوبه شوې ده.	Pashto (Standard)	South Asia	SACOR_03
Birds were chirping in the trees.	مرغۍ په ونو کې چغېدلې.	Pashto (Standard)	South Asia	SACOR_07
She received a scholarship to study medicine.	هغې د طب زده کړې لپاره بورسیه ترلاسه کړه.	Pashto (Standard)	South Asia	SACOR_10
Cricket is a popular sport.	کریکټ یوه مشهوره لوبه ده.	Pashto (Standard)	South Asia	SACOR_10
Parents sacrifice their own needs for children.	والدین د ماشومانو لپاره خپل اړتیاوې قربان کوي.	Pashto (Standard)	South Asia	SACOR_10
Elderly people share wisdom and stories.	زړون خلک حکمت او کیسې شریکوي.	Pashto (Standard)	South Asia	SACOR_10
Respecting elders is an important value.	د زړونو درناوی مهمه ارزښت دی.	Pashto (Standard)	South Asia	SACOR_05
The bus arrived late.	بس ورو ورو راغله.	Pashto (Standard)	South Asia	SACOR_10
People travel long distances to visit religious sites.	خلک د مذهبي سایټونو لیدلو لپاره اوږد فاصلې سفر کوي.	Pashto (Standard)	South Asia	SACOR_09
Farmers planted rice in the flooded fields.	کرهڼه کونکي د اوبو لاندې کروندو کې وريجې وکړې.	Pashto (Standard)	South Asia	SACOR_02
Digital payments have made transactions faster.	ډیجیټل تادیاتو معاملات ګړندي کړي دي.	Pashto (Standard)	South Asia	SACOR_03
Traditional music is important for our heritage.	دودیز موسیقي زموږ د میراث لپاره مهمه ده.	Pashto (Standard)	South Asia	SACOR_09
Eating fresh fruits provides essential vitamins.	د تازه میوو خوړل اړین ویتامینونه برابروي.	Pashto (Standard)	South Asia	SACOR_04
The river flows peacefully through the valley.	سیند په دره کې په آرامۍ سره بهیږي.	Pashto (Standard)	South Asia	SACOR_02
The school organized a science fair.	ښوونځي د ساینس نندارې تنظیم کړه.	Pashto (Standard)	South Asia	SACOR_09
The teacher explained the lesson patiently.	استاد صبر سره درس تشریح کړ.	Pashto (Standard)	South Asia	SACOR_01
Tea is served to guests as a gesture of hospitality.	د مېلمانو د مېلمستیا د نښې په توګه چای وړاندې کیږي.	Pashto (Standard)	South Asia	SACOR_01
I woke up early this morning.	زه نن سهار وختي پاړ شوم.	Pashto (Standard)	South Asia	SACOR_04
Train journeys offer scenic views.	د اورګاډو سفرونه د مناظرو لید ورکوي.	Pashto (Standard)	South Asia	SACOR_07
The internet connects people across continents.	انټرنیټ د براعظمونو په اوږدو کې خلک سره نښلوي.	Pashto (Standard)	South Asia	SACOR_07
The market was crowded with people.	بازار د خلکو سره ډک و.	Pashto (Standard)	South Asia	SACOR_07
After finishing his work, he sat down.	د خپل کار پای ته رسولو وروسته، ناست شو.	Pashto (Standard)	South Asia	SACOR_01
The wedding ceremony lasted three days.	د واده مراسم درې ورځې دوام وکړ.	Pashto (Standard)	South Asia	SACOR_03
Family members support each other during difficult times.	د کورنۍ غړي د ستونزمنو وختونو کې یو بل ساتنه کوي.	Pashto (Standard)	South Asia	SACOR_01
Spices add flavor to traditional dishes.	مسالې دودیزو خوړلو ته خوند ورکوي.	Pashto (Standard)	South Asia	SACOR_01
We decided to visit the old temple.	موږ د پخواني معبد لیدلو پریکړه وکړه.	Pashto (Standard)	South Asia	SACOR_01
Learning a new language requires practice.	د نوې ژبې زده کړه تمرین ته اړتیا لري.	Pashto (Standard)	South Asia	SACOR_06
Tourism brings revenue to regions with historical sites.	سیاحت د تاریخي سایټونو سیمو ته عاید راولي.	Pashto (Standard)	South Asia	SACOR_04
Clear communication prevents misunderstandings.	روښانه اړیکه د ناپوهیو مخه نیسي.	Pashto (Standard)	South Asia	SACOR_03
Education opens doors to opportunities.	زده کړه د فرصتونو دروازې خلاصوي.	Pashto (Standard)	South Asia	SACOR_09
Smartphones have changed how people communicate.	سمارټ فونونو د خلکو د اړیکو لاره بدله کړې ده.	Pashto (Standard)	South Asia	SACOR_06
The forest is home to many wild animals.	ځنګل د ډیرو وحشي حیواناتو کور دی.	Pashto (Standard)	South Asia	SACOR_04
People celebrate festivals with great joy.	خلک د خوښۍ سره جشنونه لمانځي.	Pashto (Standard)	South Asia	SACOR_09
She cooked delicious biryani for the family.	هغې د کورنۍ لپاره خوندور بریاني پخ کړه.	Pashto (Standard)	South Asia	SACOR_07
My grandmother told me stories.	زما نیا ما ماته کیسې وړې.	Pashto (Standard)	South Asia	SACOR_04
Sports teach teamwork and discipline.	لوبې د ټیم کار او نظم زده کوي.	Pashto (Standard)	South Asia	SACOR_02
Agriculture remains the primary source of income.	کرهڼه د عاید اصلي سرچینه پاتې ده.	Pashto (Standard)	South Asia	SACOR_01
Doctors work long hours to treat patients.	داکتران د ناروغانو درملنې لپاره اوږد ساعتونه کار کوي.	Pashto (Standard)	South Asia	SACOR_06
Small businesses create employment opportunities.	کوچني سوداګرۍ د دندو فرصتونه رامنځته کوي.	Pashto (Standard)	South Asia	SACOR_01
Cooking together brings family members closer.	یوځای پخول د کورنۍ غړو ته نږدې راولي.	Pashto (Standard)	South Asia	SACOR_06
She walked slowly through the garden.	هغې په باغ کې ورو ورو تېره شوه.	Pashto (Standard)	South Asia	SACOR_03
Regular exercise helps maintain good health.	منظم تمرین د ښه روغتیا ساتلو کې مرسته کوي.	Pashto (Standard)	South Asia	SACOR_05
Farmers wake up early to tend to crops.	کرهڼه کونکي د محصولاتو پاملرنې لپاره وختي پاړ کېږي.	Pashto (Standard)	South Asia	SACOR_04
Handicrafts showcase artistic traditions.	دستي کارونه هنري دودونه ښکاره کوي.	Pashto (Standard)	South Asia	SACOR_09
I woke up early this morning.	زه نن سهار وختي پاړ شوم.	Pashto (Standard)	South Asia	SACOR_04
Smartphones have changed how people communicate.	سمارټ فونونو د خلکو د اړیکو لاره بدله کړې ده.	Pashto (Standard)	South Asia	SACOR_09
The professor wrote equations on the blackboard.	پروفیسور په تختې کې معادلې ولیکلې.	Pashto (Standard)	South Asia	SACOR_01
Tea is served to guests as a gesture of hospitality.	د مېلمانو د مېلمستیا د نښې په توګه چای وړاندې کیږي.	Pashto (Standard)	South Asia	SACOR_06
The teacher explained the lesson patiently.	استاد صبر سره درس تشریح کړ.	Pashto (Standard)	South Asia	SACOR_09
People celebrate festivals with great joy.	خلک د خوښۍ سره جشنونه لمانځي.	Pashto (Standard)	South Asia	SACOR_03
The school organized a science fair.	ښوونځي د ساینس نندارې تنظیم کړه.	Pashto (Standard)	South Asia	SACOR_07
We decided to visit the old temple.	موږ د پخواني معبد لیدلو پریکړه وکړه.	Pashto (Standard)	South Asia	SACOR_10
Spices add flavor to traditional dishes.	مسالې دودیزو خوړلو ته خوند ورکوي.	Pashto (Standard)	South Asia	SACOR_03
Birds were chirping in the trees.	مرغۍ په ونو کې چغېدلې.	Pashto (Standard)	South Asia	SACOR_10
Pollution in cities has become a serious problem.	په ښارونو کې ککړتیا یوه سخت ستونزه شوې ده.	Pashto (Standard)	South Asia	SACOR_10
She walked slowly through the garden.	هغې په باغ کې ورو ورو تېره شوه.	Pashto (Standard)	South Asia	SACOR_01
The wedding ceremony lasted three days.	د واده مراسم درې ورځې دوام وکړ.	Pashto (Standard)	South Asia	SACOR_01
Cooking together brings family members closer.	یوځای پخول د کورنۍ غړو ته نږدې راولي.	Pashto (Standard)	South Asia	SACOR_08
Train journeys offer scenic views.	د اورګاډو سفرونه د مناظرو لید ورکوي.	Pashto (Standard)	South Asia	SACOR_07
Digital payments have made transactions faster.	ډیجیټل تادیاتو معاملات ګړندي کړي دي.	Pashto (Standard)	South Asia	SACOR_09
After finishing his work, he sat down.	د خپل کار پای ته رسولو وروسته، ناست شو.	Pashto (Standard)	South Asia	SACOR_07
My grandmother told me stories.	زما نیا ما ماته کیسې وړې.	Pashto (Standard)	South Asia	SACOR_03
Children were playing cricket in the street.	ماشومان په سړک کې کریکټ لوبېدل.	Pashto (Standard)	South Asia	SACOR_08
The internet connects people across continents.	انټرنیټ د براعظمونو په اوږدو کې خلک سره نښلوي.	Pashto (Standard)	South Asia	SACOR_07
Elderly people share wisdom and stories.	زړون خلک حکمت او کیسې شریکوي.	Pashto (Standard)	South Asia	SACOR_04
The river flows peacefully through the valley.	سیند په دره کې په آرامۍ سره بهیږي.	Pashto (Standard)	South Asia	SACOR_04
Regular exercise helps maintain good health.	منظم تمرین د ښه روغتیا ساتلو کې مرسته کوي.	Pashto (Standard)	South Asia	SACOR_03
Learning a new language requires practice.	د نوې ژبې زده کړه تمرین ته اړتیا لري.	Pashto (Standard)	South Asia	SACOR_09
Farmers wake up early to tend to crops.	کرهڼه کونکي د محصولاتو پاملرنې لپاره وختي پاړ کېږي.	Pashto (Standard)	South Asia	SACOR_04
Teachers shape young minds.	استادان د ځوان ذهنونو شکل ورکوي.	Pashto (Standard)	South Asia	SACOR_09
Family members support each other during difficult times.	د کورنۍ غړي د ستونزمنو وختونو کې یو بل ساتنه کوي.	Pashto (Standard)	South Asia	SACOR_10
Cricket is a popular sport.	کریکټ یوه مشهوره لوبه ده.	Pashto (Standard)	South Asia	SACOR_07
Students gathered in the library.	زده کوونکي په کتابتون کې راټول شول.	Pashto (Standard)	South Asia	SACOR_04
The bus arrived late.	بس ورو ورو راغله.	Pashto (Standard)	South Asia	SACOR_04
Doctors recommend drinking plenty of water.	داکتران د ډیرو اوبو څښل وړاندیز کوي.	Pashto (Standard)	South Asia	SACOR_08
Handicrafts showcase artistic traditions.	دستي کارونه هنري دودونه ښکاره کوي.	Pashto (Standard)	South Asia	SACOR_07
The market was crowded with people.	بازار د خلکو سره ډک و.	Pashto (Standard)	South Asia	SACOR_02
She received a scholarship to study medicine.	هغې د طب زده کړې لپاره بورسیه ترلاسه کړه.	Pashto (Standard)	South Asia	SACOR_09
Children learn best when they are interested.	ماشومان غوره زده کوي کله چې دوی علاقه لري.	Pashto (Standard)	South Asia	SACOR_06
Education opens doors to opportunities.	زده کړه د فرصتونو دروازې خلاصوي.	Pashto (Standard)	South Asia	SACOR_02
Sports teach teamwork and discipline.	لوبې د ټیم کار او نظم زده کوي.	Pashto (Standard)	South Asia	SACOR_09
Tourism brings revenue to regions with historical sites.	سیاحت د تاریخي سایټونو سیمو ته عاید راولي.	Pashto (Standard)	South Asia	SACOR_07
She cooked delicious biryani for the family.	هغې د کورنۍ لپاره خوندور بریاني پخ کړه.	Pashto (Standard)	South Asia	SACOR_03
Eating fresh fruits provides essential vitamins.	د تازه میوو خوړل اړین ویتامینونه برابروي.	Pashto (Standard)	South Asia	SACOR_07
Farmers planted rice in the flooded fields.	کرهڼه کونکي د اوبو لاندې کروندو کې وريجې وکړې.	Pashto (Standard)	South Asia	SACOR_08
Respecting elders is an important value.	د زړونو درناوی مهمه ارزښت دی.	Pashto (Standard)	South Asia	SACOR_02
Storytelling preserves culture and knowledge.	کیسه ویل د کلتوري او پوهې ساتنه کوي.	Pashto (Standard)	South Asia	SACOR_04
People travel long distances to visit religious sites.	خلک د مذهبي سایټونو لیدلو لپاره اوږد فاصلې سفر کوي.	Pashto (Standard)	South Asia	SACOR_07
Small businesses create employment opportunities.	کوچني سوداګرۍ د دندو فرصتونه رامنځته کوي.	Pashto (Standard)	South Asia	SACOR_09
Agriculture remains the primary source of income.	کرهڼه د عاید اصلي سرچینه پاتې ده.	Pashto (Standard)	South Asia	SACOR_05
Reading books improves vocabulary.	د کتابونو لوستل د لغت ښه والی کوي.	Pashto (Standard)	South Asia	SACOR_02
Online shopping has become popular.	آنلاین پلورلې محبوبه شوې ده.	Pashto (Standard)	South Asia	SACOR_01
Traditional music is important for our heritage.	دودیز موسیقي زموږ د میراث لپاره مهمه ده.	Pashto (Standard)	South Asia	SACOR_02
Doctors work long hours to treat patients.	داکتران د ناروغانو درملنې لپاره اوږد ساعتونه کار کوي.	Pashto (Standard)	South Asia	SACOR_04
Parents sacrifice their own needs for children.	والدین د ماشومانو لپاره خپل اړتیاوې قربان کوي.	Pashto (Standard)	South Asia	SACOR_03
The forest is home to many wild animals.	ځنګل د ډیرو وحشي حیواناتو کور دی.	Pashto (Standard)	South Asia	SACOR_09
Clear communication prevents misunderstandings.	روښانه اړیکه د ناپوهیو مخه نیسي.	Pashto (Standard)	South Asia	SACOR_03
She received a scholarship to study medicine.	هغې د طب زده کړې لپاره بورسیه ترلاسه کړه.	Pashto (Standard)	South Asia	SACOR_04
Doctors recommend drinking plenty of water.	داکتران د ډیرو اوبو څښل وړاندیز کوي.	Pashto (Standard)	South Asia	SACOR_04
People travel long distances to visit religious sites.	خلک د مذهبي سایټونو لیدلو لپاره اوږد فاصلې سفر کوي.	Pashto (Standard)	South Asia	SACOR_10
The bus arrived late.	بس ورو ورو راغله.	Pashto (Standard)	South Asia	SACOR_03
Reading books improves vocabulary.	د کتابونو لوستل د لغت ښه والی کوي.	Pashto (Standard)	South Asia	SACOR_02
Tea is served to guests as a gesture of hospitality.	د مېلمانو د مېلمستیا د نښې په توګه چای وړاندې کیږي.	Pashto (Standard)	South Asia	SACOR_09
Train journeys offer scenic views.	د اورګاډو سفرونه د مناظرو لید ورکوي.	Pashto (Standard)	South Asia	SACOR_09
She walked slowly through the garden.	هغې په باغ کې ورو ورو تېره شوه.	Pashto (Standard)	South Asia	SACOR_04
I woke up early this morning.	زه نن سهار وختي پاړ شوم.	Pashto (Standard)	South Asia	SACOR_06
The internet connects people across continents.	انټرنیټ د براعظمونو په اوږدو کې خلک سره نښلوي.	Pashto (Standard)	South Asia	SACOR_03
The professor wrote equations on the blackboard.	پروفیسور په تختې کې معادلې ولیکلې.	Pashto (Standard)	South Asia	SACOR_08
People celebrate festivals with great joy.	خلک د خوښۍ سره جشنونه لمانځي.	Pashto (Standard)	South Asia	SACOR_10
Agriculture remains the primary source of income.	کرهڼه د عاید اصلي سرچینه پاتې ده.	Pashto (Standard)	South Asia	SACOR_02
Spices add flavor to traditional dishes.	مسالې دودیزو خوړلو ته خوند ورکوي.	Pashto (Standard)	South Asia	SACOR_09
Small businesses create employment opportunities.	کوچني سوداګرۍ د دندو فرصتونه رامنځته کوي.	Pashto (Standard)	South Asia	SACOR_08
Education opens doors to opportunities.	زده کړه د فرصتونو دروازې خلاصوي.	Pashto (Standard)	South Asia	SACOR_06
Family members support each other during difficult times.	د کورنۍ غړي د ستونزمنو وختونو کې یو بل ساتنه کوي.	Pashto (Standard)	South Asia	SACOR_01
Cricket is a popular sport.	کریکټ یوه مشهوره لوبه ده.	Pashto (Standard)	South Asia	SACOR_07
Clear communication prevents misunderstandings.	روښانه اړیکه د ناپوهیو مخه نیسي.	Pashto (Standard)	South Asia	SACOR_08
Regular exercise helps maintain good health.	منظم تمرین د ښه روغتیا ساتلو کې مرسته کوي.	Pashto (Standard)	South Asia	SACOR_08
Pollution in cities has become a serious problem.	په ښارونو کې ککړتیا یوه سخت ستونزه شوې ده.	Pashto (Standard)	South Asia	SACOR_07
Farmers wake up early to tend to crops.	کرهڼه کونکي د محصولاتو پاملرنې لپاره وختي پاړ کېږي.	Pashto (Standard)	South Asia	SACOR_02
Eating fresh fruits provides essential vitamins.	د تازه میوو خوړل اړین ویتامینونه برابروي.	Pashto (Standard)	South Asia	SACOR_01
The school organized a science fair.	ښوونځي د ساینس نندارې تنظیم کړه.	Pashto (Standard)	South Asia	SACOR_07
Respecting elders is an important value.	د زړونو درناوی مهمه ارزښت دی.	Pashto (Standard)	South Asia	SACOR_06
The teacher explained the lesson patiently.	استاد صبر سره درس تشریح کړ.	Pashto (Standard)	South Asia	SACOR_10
The river flows peacefully through the valley.	سیند په دره کې په آرامۍ سره بهیږي.	Pashto (Standard)	South Asia	SACOR_03
Learning a new language requires practice.	د نوې ژبې زده کړه تمرین ته اړتیا لري.	Pashto (Standard)	South Asia	SACOR_01
Tourism brings revenue to regions with historical sites.	سیاحت د تاریخي سایټونو سیمو ته عاید راولي.	Pashto (Standard)	South Asia	SACOR_09
Smartphones have changed how people communicate.	سمارټ فونونو د خلکو د اړیکو لاره بدله کړې ده.	Pashto (Standard)	South Asia	SACOR_09
Digital payments have made transactions faster.	ډیجیټل تادیاتو معاملات ګړندي کړي دي.	Pashto (Standard)	South Asia	SACOR_02
Sports teach teamwork and discipline.	لوبې د ټیم کار او نظم زده کوي.	Pashto (Standard)	South Asia	SACOR_05
Storytelling preserves culture and knowledge.	کیسه ویل د کلتوري او پوهې ساتنه کوي.	Pashto (Standard)	South Asia	SACOR_04
After finishing his work, he sat down.	د خپل کار پای ته رسولو وروسته، ناست شو.	Pashto (Standard)	South Asia	SACOR_02
Traditional music is important for our heritage.	دودیز موسیقي زموږ د میراث لپاره مهمه ده.	Pashto (Standard)	South Asia	SACOR_10
The forest is home to many wild animals.	ځنګل د ډیرو وحشي حیواناتو کور دی.	Pashto (Standard)	South Asia	SACOR_03
The market was crowded with people.	بازار د خلکو سره ډک و.	Pashto (Standard)	South Asia	SACOR_08
Teachers shape young minds.	استادان د ځوان ذهنونو شکل ورکوي.	Pashto (Standard)	South Asia	SACOR_10
Elderly people share wisdom and stories.	زړون خلک حکمت او کیسې شریکوي.	Pashto (Standard)	South Asia	SACOR_08
She cooked delicious biryani for the family.	هغې د کورنۍ لپاره خوندور بریاني پخ کړه.	Pashto (Standard)	South Asia	SACOR_07
Doctors work long hours to treat patients.	داکتران د ناروغانو درملنې لپاره اوږد ساعتونه کار کوي.	Pashto (Standard)	South Asia	SACOR_02
The wedding ceremony lasted three days.	د واده مراسم درې ورځې دوام وکړ.	Pashto (Standard)	South Asia	SACOR_08
Handicrafts showcase artistic traditions.	دستي کارونه هنري دودونه ښکاره کوي.	Pashto (Standard)	South Asia	SACOR_09
Children were playing cricket in the street.	ماشومان په سړک کې کریکټ لوبېدل.	Pashto (Standard)	South Asia	SACOR_02
Farmers planted rice in the flooded fields.	کرهڼه کونکي د اوبو لاندې کروندو کې وريجې وکړې.	Pashto (Standard)	South Asia	SACOR_06
My grandmother told me stories.	زما نیا ما ماته کیسې وړې.	Pashto (Standard)	South Asia	SACOR_10
Cooking together brings family members closer.	یوځای پخول د کورنۍ غړو ته نږدې راولي.	Pashto (Standard)	South Asia	SACOR_07
Online shopping has become popular.	آنلاین پلورلې محبوبه شوې ده.	Pashto (Standard)	South Asia	SACOR_10
Parents sacrifice their own needs for children.	والدین د ماشومانو لپاره خپل اړتیاوې قربان کوي.	Pashto (Standard)	South Asia	SACOR_09
Students gathered in the library.	زده کوونکي په کتابتون کې راټول شول.	Pashto (Standard)	South Asia	SACOR_04
Children learn best when they are interested.	ماشومان غوره زده کوي کله چې دوی علاقه لري.	Pashto (Standard)	South Asia	SACOR_09
We decided to visit the old temple.	موږ د پخواني معبد لیدلو پریکړه وکړه.	Pashto (Standard)	South Asia	SACOR_05
Birds were chirping in the trees.	مرغۍ په ونو کې چغېدلې.	Pashto (Standard)	South Asia	SACOR_06
Train journeys offer scenic views.	د اورګاډو سفرونه د مناظرو لید ورکوي.	Pashto (Standard)	South Asia	SACOR_08
Smartphones have changed how people communicate.	سمارټ فونونو د خلکو د اړیکو لاره بدله کړې ده.	Pashto (Standard)	South Asia	SACOR_03
Sports teach teamwork and discipline.	لوبې د ټیم کار او نظم زده کوي.	Pashto (Standard)	South Asia	SACOR_01
Digital payments have made transactions faster.	ډیجیټل تادیاتو معاملات ګړندي کړي دي.	Pashto (Standard)	South Asia	SACOR_03
Family members support each other during difficult times.	د کورنۍ غړي د ستونزمنو وختونو کې یو بل ساتنه کوي.	Pashto (Standard)	South Asia	SACOR_07
Handicrafts showcase artistic traditions.	دستي کارونه هنري دودونه ښکاره کوي.	Pashto (Standard)	South Asia	SACOR_07
Cricket is a popular sport.	کریکټ یوه مشهوره لوبه ده.	Pashto (Standard)	South Asia	SACOR_06
The school organized a science fair.	ښوونځي د ساینس نندارې تنظیم کړه.	Pashto (Standard)	South Asia	SACOR_07
She received a scholarship to study medicine.	هغې د طب زده کړې لپاره بورسیه ترلاسه کړه.	Pashto (Standard)	South Asia	SACOR_09
Cooking together brings family members closer.	یوځای پخول د کورنۍ غړو ته نږدې راولي.	Pashto (Standard)	South Asia	SACOR_07
Education opens doors to opportunities.	زده کړه د فرصتونو دروازې خلاصوي.	Pashto (Standard)	South Asia	SACOR_03
People celebrate festivals with great joy.	خلک د خوښۍ سره جشنونه لمانځي.	Pashto (Standard)	South Asia	SACOR_10
Spices add flavor to traditional dishes.	مسالې دودیزو خوړلو ته خوند ورکوي.	Pashto (Standard)	South Asia	SACOR_06
After finishing his work, he sat down.	د خپل کار پای ته رسولو وروسته، ناست شو.	Pashto (Standard)	South Asia	SACOR_10
The market was crowded with people.	بازار د خلکو سره ډک و.	Pashto (Standard)	South Asia	SACOR_02
My grandmother told me stories.	زما نیا ما ماته کیسې وړې.	Pashto (Standard)	South Asia	SACOR_03
Farmers planted rice in the flooded fields.	کرهڼه کونکي د اوبو لاندې کروندو کې وريجې وکړې.	Pashto (Standard)	South Asia	SACOR_06
Regular exercise helps maintain good health.	منظم تمرین د ښه روغتیا ساتلو کې مرسته کوي.	Pashto (Standard)	South Asia	SACOR_08
Reading books improves vocabulary.	د کتابونو لوستل د لغت ښه والی کوي.	Pashto (Standard)	South Asia	SACOR_04
Tourism brings revenue to regions with historical sites.	سیاحت د تاریخي سایټونو سیمو ته عاید راولي.	Pashto (Standard)	South Asia	SACOR_05
She cooked delicious biryani for the family.	هغې د کورنۍ لپاره خوندور بریاني پخ کړه.	Pashto (Standard)	South Asia	SACOR_10
Doctors work long hours to treat patients.	داکتران د ناروغانو درملنې لپاره اوږد ساعتونه کار کوي.	Pashto (Standard)	South Asia	SACOR_09
Teachers shape young minds.	استادان د ځوان ذهنونو شکل ورکوي.	Pashto (Standard)	South Asia	SACOR_10
Storytelling preserves culture and knowledge.	کیسه ویل د کلتوري او پوهې ساتنه کوي.	Pashto (Standard)	South Asia	SACOR_10
Children learn best when they are interested.	ماشومان غوره زده کوي کله چې دوی علاقه لري.	Pashto (Standard)	South Asia	SACOR_03
Learning a new language requires practice.	د نوې ژبې زده کړه تمرین ته اړتیا لري.	Pashto (Standard)	South Asia	SACOR_06
Eating fresh fruits provides essential vitamins.	د تازه میوو خوړل اړین ویتامینونه برابروي.	Pashto (Standard)	South Asia	SACOR_06
The wedding ceremony lasted three days.	د واده مراسم درې ورځې دوام وکړ.	Pashto (Standard)	South Asia	SACOR_04
Small businesses create employment opportunities.	کوچني سوداګرۍ د دندو فرصتونه رامنځته کوي.	Pashto (Standard)	South Asia	SACOR_10
The internet connects people across continents.	انټرنیټ د براعظمونو په اوږدو کې خلک سره نښلوي.	Pashto (Standard)	South Asia	SACOR_05
Elderly people share wisdom and stories.	زړون خلک حکمت او کیسې شریکوي.	Pashto (Standard)	South Asia	SACOR_07
Clear communication prevents misunderstandings.	روښانه اړیکه د ناپوهیو مخه نیسي.	Pashto (Standard)	South Asia	SACOR_01
Doctors recommend drinking plenty of water.	داکتران د ډیرو اوبو څښل وړاندیز کوي.	Pashto (Standard)	South Asia	SACOR_08
Respecting elders is an important value.	د زړونو درناوی مهمه ارزښت دی.	Pashto (Standard)	South Asia	SACOR_05
Parents sacrifice their own needs for children.	والدین د ماشومانو لپاره خپل اړتیاوې قربان کوي.	Pashto (Standard)	South Asia	SACOR_03
The teacher explained the lesson patiently.	استاد صبر سره درس تشریح کړ.	Pashto (Standard)	South Asia	SACOR_10
The forest is home to many wild animals.	ځنګل د ډیرو وحشي حیواناتو کور دی.	Pashto (Standard)	South Asia	SACOR_10
Birds were chirping in the trees.	مرغۍ په ونو کې چغېدلې.	Pashto (Standard)	South Asia	SACOR_01
Students gathered in the library.	زده کوونکي په کتابتون کې راټول شول.	Pashto (Standard)	South Asia	SACOR_08
Farmers wake up early to tend to crops.	کرهڼه کونکي د محصولاتو پاملرنې لپاره وختي پاړ کېږي.	Pashto (Standard)	South Asia	SACOR_05
We decided to visit the old temple.	موږ د پخواني معبد لیدلو پریکړه وکړه.	Pashto (Standard)	South Asia	SACOR_08
Agriculture remains the primary source of income.	کرهڼه د عاید اصلي سرچینه پاتې ده.	Pashto (Standard)	South Asia	SACOR_03
Pollution in cities has become a serious problem.	په ښارونو کې ککړتیا یوه سخت ستونزه شوې ده.	Pashto (Standard)	South Asia	SACOR_10
People travel long distances to visit religious sites.	خلک د مذهبي سایټونو لیدلو لپاره اوږد فاصلې سفر کوي.	Pashto (Standard)	South Asia	SACOR_07
Tea is served to guests as a gesture of hospitality.	د مېلمانو د مېلمستیا د نښې په توګه چای وړاندې کیږي.	Pashto (Standard)	South Asia	SACOR_07
Traditional music is important for our heritage.	دودیز موسیقي زموږ د میراث لپاره مهمه ده.	Pashto (Standard)	South Asia	SACOR_10
The river flows peacefully through the valley.	سیند په دره کې په آرامۍ سره بهیږي.	Pashto (Standard)	South Asia	SACOR_05
The bus arrived late.	بس ورو ورو راغله.	Pashto (Standard)	South Asia	SACOR_02
She walked slowly through the garden.	هغې په باغ کې ورو ورو تېره شوه.	Pashto (Standard)	South Asia	SACOR_08
The professor wrote equations on the blackboard.	پروفیسور په تختې کې معادلې ولیکلې.	Pashto (Standard)	South Asia	SACOR_10
Online shopping has become popular.	آنلاین پلورلې محبوبه شوې ده.	Pashto (Standard)	South Asia	SACOR_10
I woke up early this morning.	زه نن سهار وختي پاړ شوم.	Pashto (Standard)	South Asia	SACOR_07
Children were playing cricket in the street.	ماشومان په سړک کې کریکټ لوبېدل.	Pashto (Standard)	South Asia	SACOR_08
People celebrate festivals with great joy.	خلک د خوښۍ سره جشنونه لمانځي.	Pashto (Standard)	South Asia	SACOR_01
Reading books improves vocabulary.	د کتابونو لوستل د لغت ښه والی کوي.	Pashto (Standard)	South Asia	SACOR_09
Family members support each other during difficult times.	د کورنۍ غړي د ستونزمنو وختونو کې یو بل ساتنه کوي.	Pashto (Standard)	South Asia	SACOR_01
The forest is home to many wild animals.	ځنګل د ډیرو وحشي حیواناتو کور دی.	Pashto (Standard)	South Asia	SACOR_09
I woke up early this morning.	زه نن سهار وختي پاړ شوم.	Pashto (Standard)	South Asia	SACOR_10
Digital payments have made transactions faster.	ډیجیټل تادیاتو معاملات ګړندي کړي دي.	Pashto (Standard)	South Asia	SACOR_08
Education opens doors to opportunities.	زده کړه د فرصتونو دروازې خلاصوي.	Pashto (Standard)	South Asia	SACOR_05
Storytelling preserves culture and knowledge.	کیسه ویل د کلتوري او پوهې ساتنه کوي.	Pashto (Standard)	South Asia	SACOR_08
Teachers shape young minds.	استادان د ځوان ذهنونو شکل ورکوي.	Pashto (Standard)	South Asia	SACOR_05
The bus arrived late.	بس ورو ورو راغله.	Pashto (Standard)	South Asia	SACOR_09
The professor wrote equations on the blackboard.	پروفیسور په تختې کې معادلې ولیکلې.	Pashto (Standard)	South Asia	SACOR_06
Learning a new language requires practice.	د نوې ژبې زده کړه تمرین ته اړتیا لري.	Pashto (Standard)	South Asia	SACOR_10
Small businesses create employment opportunities.	کوچني سوداګرۍ د دندو فرصتونه رامنځته کوي.	Pashto (Standard)	South Asia	SACOR_10
Cricket is a popular sport.	کریکټ یوه مشهوره لوبه ده.	Pashto (Standard)	South Asia	SACOR_05
The teacher explained the lesson patiently.	استاد صبر سره درس تشریح کړ.	Pashto (Standard)	South Asia	SACOR_07
Tourism brings revenue to regions with historical sites.	سیاحت د تاریخي سایټونو سیمو ته عاید راولي.	Pashto (Standard)	South Asia	SACOR_05
Agriculture remains the primary source of income.	کرهڼه د عاید اصلي سرچینه پاتې ده.	Pashto (Standard)	South Asia	SACOR_02
After finishing his work, he sat down.	د خپل کار پای ته رسولو وروسته، ناست شو.	Pashto (Standard)	South Asia	SACOR_09
Parents sacrifice their own needs for children.	والدین د ماشومانو لپاره خپل اړتیاوې قربان کوي.	Pashto (Standard)	South Asia	SACOR_04
Clear communication prevents misunderstandings.	روښانه اړیکه د ناپوهیو مخه نیسي.	Pashto (Standard)	South Asia	SACOR_10
Eating fresh fruits provides essential vitamins.	د تازه میوو خوړل اړین ویتامینونه برابروي.	Pashto (Standard)	South Asia	SACOR_09
Doctors work long hours to treat patients.	داکتران د ناروغانو درملنې لپاره اوږد ساعتونه کار کوي.	Pashto (Standard)	South Asia	SACOR_05
Traditional music is important for our heritage.	دودیز موسیقي زموږ د میراث لپاره مهمه ده.	Pashto (Standard)	South Asia	SACOR_02
Tea is served to guests as a gesture of hospitality.	د مېلمانو د مېلمستیا د نښې په توګه چای وړاندې کیږي.	Pashto (Standard)	South Asia	SACOR_07
She received a scholarship to study medicine.	هغې د طب زده کړې لپاره بورسیه ترلاسه کړه.	Pashto (Standard)	South Asia	SACOR_08
Handicrafts showcase artistic traditions.	دستي کارونه هنري دودونه ښکاره کوي.	Pashto (Standard)	South Asia	SACOR_04
My grandmother told me stories.	زما نیا ما ماته کیسې وړې.	Pashto (Standard)	South Asia	SACOR_05
Children were playing cricket in the street.	ماشومان په سړک کې کریکټ لوبېدل.	Pashto (Standard)	South Asia	SACOR_08
Farmers wake up early to tend to crops.	کرهڼه کونکي د محصولاتو پاملرنې لپاره وختي پاړ کېږي.	Pashto (Standard)	South Asia	SACOR_09
Sports teach teamwork and discipline.	لوبې د ټیم کار او نظم زده کوي.	Pashto (Standard)	South Asia	SACOR_06
The market was crowded with people.	بازار د خلکو سره ډک و.	Pashto (Standard)	South Asia	SACOR_04
We decided to visit the old temple.	موږ د پخواني معبد لیدلو پریکړه وکړه.	Pashto (Standard)	South Asia	SACOR_07
She walked slowly through the garden.	هغې په باغ کې ورو ورو تېره شوه.	Pashto (Standard)	South Asia	SACOR_10
Doctors recommend drinking plenty of water.	داکتران د ډیرو اوبو څښل وړاندیز کوي.	Pashto (Standard)	South Asia	SACOR_09
She cooked delicious biryani for the family.	هغې د کورنۍ لپاره خوندور بریاني پخ کړه.	Pashto (Standard)	South Asia	SACOR_09
The internet connects people across continents.	انټرنیټ د براعظمونو په اوږدو کې خلک سره نښلوي.	Pashto (Standard)	South Asia	SACOR_02
Respecting elders is an important value.	د زړونو درناوی مهمه ارزښت دی.	Pashto (Standard)	South Asia	SACOR_07
The school organized a science fair.	ښوونځي د ساینس نندارې تنظیم کړه.	Pashto (Standard)	South Asia	SACOR_05
Farmers planted rice in the flooded fields.	کرهڼه کونکي د اوبو لاندې کروندو کې وريجې وکړې.	Pashto (Standard)	South Asia	SACOR_10
Train journeys offer scenic views.	د اورګاډو سفرونه د مناظرو لید ورکوي.	Pashto (Standard)	South Asia	SACOR_09
Children learn best when they are interested.	ماشومان غوره زده کوي کله چې دوی علاقه لري.	Pashto (Standard)	South Asia	SACOR_01
Elderly people share wisdom and stories.	زړون خلک حکمت او کیسې شریکوي.	Pashto (Standard)	South Asia	SACOR_05
The wedding ceremony lasted three days.	د واده مراسم درې ورځې دوام وکړ.	Pashto (Standard)	South Asia	SACOR_05
Spices add flavor to traditional dishes.	مسالې دودیزو خوړلو ته خوند ورکوي.	Pashto (Standard)	South Asia	SACOR_06
The river flows peacefully through the valley.	سیند په دره کې په آرامۍ سره بهیږي.	Pashto (Standard)	South Asia	SACOR_01
Birds were chirping in the trees.	مرغۍ په ونو کې چغېدلې.	Pashto (Standard)	South Asia	SACOR_10
Regular exercise helps maintain good health.	منظم تمرین د ښه روغتیا ساتلو کې مرسته کوي.	Pashto (Standard)	South Asia	SACOR_03
Pollution in cities has become a serious problem.	په ښارونو کې ککړتیا یوه سخت ستونزه شوې ده.	Pashto (Standard)	South Asia	SACOR_09
Smartphones have changed how people communicate.	سمارټ فونونو د خلکو د اړیکو لاره بدله کړې ده.	Pashto (Standard)	South Asia	SACOR_07
Online shopping has become popular.	آنلاین پلورلې محبوبه شوې ده.	Pashto (Standard)	South Asia	SACOR_01
People travel long distances to visit religious sites.	خلک د مذهبي سایټونو لیدلو لپاره اوږد فاصلې سفر کوي.	Pashto (Standard)	South Asia	SACOR_06
Students gathered in the library.	زده کوونکي په کتابتون کې راټول شول.	Pashto (Standard)	South Asia	SACOR_03
Cooking together brings family members closer.	یوځای پخول د کورنۍ غړو ته نږدې راولي.	Pashto (Standard)	South Asia	SACOR_02
Doctors work long hours to treat patients.	داکتران د ناروغانو درملنې لپاره اوږد ساعتونه کار کوي.	Pashto (Standard)	South Asia	SACOR_01
Tea is served to guests as a gesture of hospitality.	د مېلمانو د مېلمستیا د نښې په توګه چای وړاندې کیږي.	Pashto (Standard)	South Asia	SACOR_03
Traditional music is important for our heritage.	دودیز موسیقي زموږ د میراث لپاره مهمه ده.	Pashto (Standard)	South Asia	SACOR_07
Small businesses create employment opportunities.	کوچني سوداګرۍ د دندو فرصتونه رامنځته کوي.	Pashto (Standard)	South Asia	SACOR_03
Cricket is a popular sport.	کریکټ یوه مشهوره لوبه ده.	Pashto (Standard)	South Asia	SACOR_08
The river flows peacefully through the valley.	سیند په دره کې په آرامۍ سره بهیږي.	Pashto (Standard)	South Asia	SACOR_01
Clear communication prevents misunderstandings.	روښانه اړیکه د ناپوهیو مخه نیسي.	Pashto (Standard)	South Asia	SACOR_07
The forest is home to many wild animals.	ځنګل د ډیرو وحشي حیواناتو کور دی.	Pashto (Standard)	South Asia	SACOR_07
She received a scholarship to study medicine.	هغې د طب زده کړې لپاره بورسیه ترلاسه کړه.	Pashto (Standard)	South Asia	SACOR_05
She cooked delicious biryani for the family.	هغې د کورنۍ لپاره خوندور بریاني پخ کړه.	Pashto (Standard)	South Asia	SACOR_09
Doctors recommend drinking plenty of water.	داکتران د ډیرو اوبو څښل وړاندیز کوي.	Pashto (Standard)	South Asia	SACOR_10
Education opens doors to opportunities.	زده کړه د فرصتونو دروازې خلاصوي.	Pashto (Standard)	South Asia	SACOR_01
Agriculture remains the primary source of income.	کرهڼه د عاید اصلي سرچینه پاتې ده.	Pashto (Standard)	South Asia	SACOR_01
Eating fresh fruits provides essential vitamins.	د تازه میوو خوړل اړین ویتامینونه برابروي.	Pashto (Standard)	South Asia	SACOR_09
Storytelling preserves culture and knowledge.	کیسه ویل د کلتوري او پوهې ساتنه کوي.	Pashto (Standard)	South Asia	SACOR_03
Spices add flavor to traditional dishes.	مسالې دودیزو خوړلو ته خوند ورکوي.	Pashto (Standard)	South Asia	SACOR_05
Online shopping has become popular.	آنلاین پلورلې محبوبه شوې ده.	Pashto (Standard)	South Asia	SACOR_09
We decided to visit the old temple.	موږ د پخواني معبد لیدلو پریکړه وکړه.	Pashto (Standard)	South Asia	SACOR_05
The teacher explained the lesson patiently.	استاد صبر سره درس تشریح کړ.	Pashto (Standard)	South Asia	SACOR_06
Family members support each other during difficult times.	د کورنۍ غړي د ستونزمنو وختونو کې یو بل ساتنه کوي.	Pashto (Standard)	South Asia	SACOR_09
Parents sacrifice their own needs for children.	والدین د ماشومانو لپاره خپل اړتیاوې قربان کوي.	Pashto (Standard)	South Asia	SACOR_02
Birds were chirping in the trees.	مرغۍ په ونو کې چغېدلې.	Pashto (Standard)	South Asia	SACOR_04
People travel long distances to visit religious sites.	خلک د مذهبي سایټونو لیدلو لپاره اوږد فاصلې سفر کوي.	Pashto (Standard)	South Asia	SACOR_01
After finishing his work, he sat down.	د خپل کار پای ته رسولو وروسته، ناست شو.	Pashto (Standard)	South Asia	SACOR_09
Elderly people share wisdom and stories.	زړون خلک حکمت او کیسې شریکوي.	Pashto (Standard)	South Asia	SACOR_09
The market was crowded with people.	بازار د خلکو سره ډک و.	Pashto (Standard)	South Asia	SACOR_10
Sports teach teamwork and discipline.	لوبې د ټیم کار او نظم زده کوي.	Pashto (Standard)	South Asia	SACOR_09
Regular exercise helps maintain good health.	منظم تمرین د ښه روغتیا ساتلو کې مرسته کوي.	Pashto (Standard)	South Asia	SACOR_04
Children learn best when they are interested.	ماشومان غوره زده کوي کله چې دوی علاقه لري.	Pashto (Standard)	South Asia	SACOR_01
Farmers wake up early to tend to crops.	کرهڼه کونکي د محصولاتو پاملرنې لپاره وختي پاړ کېږي.	Pashto (Standard)	South Asia	SACOR_06
The school organized a science fair.	ښوونځي د ساینس نندارې تنظیم کړه.	Pashto (Standard)	South Asia	SACOR_08
Teachers shape young minds.	استادان د ځوان ذهنونو شکل ورکوي.	Pashto (Standard)	South Asia	SACOR_05
Students gathered in the library.	زده کوونکي په کتابتون کې راټول شول.	Pashto (Standard)	South Asia	SACOR_09
I woke up early this morning.	زه نن سهار وختي پاړ شوم.	Pashto (Standard)	South Asia	SACOR_09
Train journeys offer scenic views.	د اورګاډو سفرونه د مناظرو لید ورکوي.	Pashto (Standard)	South Asia	SACOR_04
Tourism brings revenue to regions with historical sites.	سیاحت د تاریخي سایټونو سیمو ته عاید راولي.	Pashto (Standard)	South Asia	SACOR_10
Handicrafts showcase artistic traditions.	دستي کارونه هنري دودونه ښکاره کوي.	Pashto (Standard)	South Asia	SACOR_10
Respecting elders is an important value.	د زړونو درناوی مهمه ارزښت دی.	Pashto (Standard)	South Asia	SACOR_08
The bus arrived late.	بس ورو ورو راغله.	Pashto (Standard)	South Asia	SACOR_05
Smartphones have changed how people communicate.	سمارټ فونونو د خلکو د اړیکو لاره بدله کړې ده.	Pashto (Standard)	South Asia	SACOR_02
Farmers planted rice in the flooded fields.	کرهڼه کونکي د اوبو لاندې کروندو کې وريجې وکړې.	Pashto (Standard)	South Asia	SACOR_09
The wedding ceremony lasted three days.	د واده مراسم درې ورځې دوام وکړ.	Pashto (Standard)	South Asia	SACOR_06
Cooking together brings family members closer.	یوځای پخول د کورنۍ غړو ته نږدې راولي.	Pashto (Standard)	South Asia	SACOR_07
The internet connects people across continents.	انټرنیټ د براعظمونو په اوږدو کې خلک سره نښلوي.	Pashto (Standard)	South Asia	SACOR_04
Digital payments have made transactions faster.	ډیجیټل تادیاتو معاملات ګړندي کړي دي.	Pashto (Standard)	South Asia	SACOR_01
The professor wrote equations on the blackboard.	پروفیسور په تختې کې معادلې ولیکلې.	Pashto (Standard)	South Asia	SACOR_03
People celebrate festivals with great joy.	خلک د خوښۍ سره جشنونه لمانځي.	Pashto (Standard)	South Asia	SACOR_08
Reading books improves vocabulary.	د کتابونو لوستل د لغت ښه والی کوي.	Pashto (Standard)	South Asia	SACOR_06
She walked slowly through the garden.	هغې په باغ کې ورو ورو تېره شوه.	Pashto (Standard)	South Asia	SACOR_01
Children were playing cricket in the street.	ماشومان په سړک کې کریکټ لوبېدل.	Pashto (Standard)	South Asia	SACOR_01
My grandmother told me stories.	زما نیا ما ماته کیسې وړې.	Pashto (Standard)	South Asia	SACOR_01
Pollution in cities has become a serious problem.	په ښارونو کې ککړتیا یوه سخت ستونزه شوې ده.	Pashto (Standard)	South Asia	SACOR_04
Learning a new language requires practice.	د نوې ژبې زده کړه تمرین ته اړتیا لري.	Pashto (Standard)	South Asia	SACOR_01
Respecting elders is an important value.	د زړونو درناوی مهمه ارزښت دی.	Pashto (Standard)	South Asia	SACOR_06
Reading books improves vocabulary.	د کتابونو لوستل د لغت ښه والی کوي.	Pashto (Standard)	South Asia	SACOR_07
We decided to visit the old temple.	موږ د پخواني معبد لیدلو پریکړه وکړه.	Pashto (Standard)	South Asia	SACOR_07
The market was crowded with people.	بازار د خلکو سره ډک و.	Pashto (Standard)	South Asia	SACOR_02
The bus arrived late.	بس ورو ورو راغله.	Pashto (Standard)	South Asia	SACOR_10
The professor wrote equations on the blackboard.	پروفیسور په تختې کې معادلې ولیکلې.	Pashto (Standard)	South Asia	SACOR_10
People celebrate festivals with great joy.	خلک د خوښۍ سره جشنونه لمانځي.	Pashto (Standard)	South Asia	SACOR_06
The teacher explained the lesson patiently.	استاد صبر سره درس تشریح کړ.	Pashto (Standard)	South Asia	SACOR_04
Pollution in cities has become a serious problem.	په ښارونو کې ککړتیا یوه سخت ستونزه شوې ده.	Pashto (Standard)	South Asia	SACOR_01
She cooked delicious biryani for the family.	هغې د کورنۍ لپاره خوندور بریاني پخ کړه.	Pashto (Standard)	South Asia	SACOR_06
Children were playing cricket in the street.	ماشومان په سړک کې کریکټ لوبېدل.	Pashto (Standard)	South Asia	SACOR_07
Clear communication prevents misunderstandings.	روښانه اړیکه د ناپوهیو مخه نیسي.	Pashto (Standard)	South Asia	SACOR_05
Doctors work long hours to treat patients.	داکتران د ناروغانو درملنې لپاره اوږد ساعتونه کار کوي.	Pashto (Standard)	South Asia	SACOR_02
Traditional music is important for our heritage.	دودیز موسیقي زموږ د میراث لپاره مهمه ده.	Pashto (Standard)	South Asia	SACOR_09
My grandmother told me stories.	زما نیا ما ماته کیسې وړې.	Pashto (Standard)	South Asia	SACOR_05
Storytelling preserves culture and knowledge.	کیسه ویل د کلتوري او پوهې ساتنه کوي.	Pashto (Standard)	South Asia	SACOR_10
Elderly people share wisdom and stories.	زړون خلک حکمت او کیسې شریکوي.	Pashto (Standard)	South Asia	SACOR_04
Online shopping has become popular.	آنلاین پلورلې محبوبه شوې ده.	Pashto (Standard)	South Asia	SACOR_08
After finishing his work, he sat down.	د خپل کار پای ته رسولو وروسته، ناست شو.	Pashto (Standard)	South Asia	SACOR_09
Family members support each other during difficult times.	د کورنۍ غړي د ستونزمنو وختونو کې یو بل ساتنه کوي.	Pashto (Standard)	South Asia	SACOR_05
Birds were chirping in the trees.	مرغۍ په ونو کې چغېدلې.	Pashto (Standard)	South Asia	SACOR_07
She received a scholarship to study medicine.	هغې د طب زده کړې لپاره بورسیه ترلاسه کړه.	Pashto (Standard)	South Asia	SACOR_08
Smartphones have changed how people communicate.	سمارټ فونونو د خلکو د اړیکو لاره بدله کړې ده.	Pashto (Standard)	South Asia	SACOR_10
Children learn best when they are interested.	ماشومان غوره زده کوي کله چې دوی علاقه لري.	Pashto (Standard)	South Asia	SACOR_01
Farmers wake up early to tend to crops.	کرهڼه کونکي د محصولاتو پاملرنې لپاره وختي پاړ کېږي.	Pashto (Standard)	South Asia	SACOR_09
People travel long distances to visit religious sites.	خلک د مذهبي سایټونو لیدلو لپاره اوږد فاصلې سفر کوي.	Pashto (Standard)	South Asia	SACOR_08
Farmers planted rice in the flooded fields.	کرهڼه کونکي د اوبو لاندې کروندو کې وريجې وکړې.	Pashto (Standard)	South Asia	SACOR_01
Digital payments have made transactions faster.	ډیجیټل تادیاتو معاملات ګړندي کړي دي.	Pashto (Standard)	South Asia	SACOR_02
The school organized a science fair.	ښوونځي د ساینس نندارې تنظیم کړه.	Pashto (Standard)	South Asia	SACOR_09
I woke up early this morning.	زه نن سهار وختي پاړ شوم.	Pashto (Standard)	South Asia	SACOR_08
Students gathered in the library.	زده کوونکي په کتابتون کې راټول شول.	Pashto (Standard)	South Asia	SACOR_03
Doctors recommend drinking plenty of water.	داکتران د ډیرو اوبو څښل وړاندیز کوي.	Pashto (Standard)	South Asia	SACOR_07
Sports teach teamwork and discipline.	لوبې د ټیم کار او نظم زده کوي.	Pashto (Standard)	South Asia	SACOR_01
Agriculture remains the primary source of income.	کرهڼه د عاید اصلي سرچینه پاتې ده.	Pashto (Standard)	South Asia	SACOR_01
The river flows peacefully through the valley.	سیند په دره کې په آرامۍ سره بهیږي.	Pashto (Standard)	South Asia	SACOR_02
Small businesses create employment opportunities.	کوچني سوداګرۍ د دندو فرصتونه رامنځته کوي.	Pashto (Standard)	South Asia	SACOR_04
The internet connects people across continents.	انټرنیټ د براعظمونو په اوږدو کې خلک سره نښلوي.	Pashto (Standard)	South Asia	SACOR_07
She walked slowly through the garden.	هغې په باغ کې ورو ورو تېره شوه.	Pashto (Standard)	South Asia	SACOR_06
Handicrafts showcase artistic traditions.	دستي کارونه هنري دودونه ښکاره کوي.	Pashto (Standard)	South Asia	SACOR_02
Learning a new language requires practice.	د نوې ژبې زده کړه تمرین ته اړتیا لري.	Pashto (Standard)	South Asia	SACOR_01
Spices add flavor to traditional dishes.	مسالې دودیزو خوړلو ته خوند ورکوي.	Pashto (Standard)	South Asia	SACOR_04
Parents sacrifice their own needs for children.	والدین د ماشومانو لپاره خپل اړتیاوې قربان کوي.	Pashto (Standard)	South Asia	SACOR_05
Tourism brings revenue to regions with historical sites.	سیاحت د تاریخي سایټونو سیمو ته عاید راولي.	Pashto (Standard)	South Asia	SACOR_05
Train journeys offer scenic views.	د اورګاډو سفرونه د مناظرو لید ورکوي.	Pashto (Standard)	South Asia	SACOR_05
The wedding ceremony lasted three days.	د واده مراسم درې ورځې دوام وکړ.	Pashto (Standard)	South Asia	SACOR_05
Eating fresh fruits provides essential vitamins.	د تازه میوو خوړل اړین ویتامینونه برابروي.	Pashto (Standard)	South Asia	SACOR_03
Education opens doors to opportunities.	زده کړه د فرصتونو دروازې خلاصوي.	Pashto (Standard)	South Asia	SACOR_10
Regular exercise helps maintain good health.	منظم تمرین د ښه روغتیا ساتلو کې مرسته کوي.	Pashto (Standard)	South Asia	SACOR_10
Cricket is a popular sport.	کریکټ یوه مشهوره لوبه ده.	Pashto (Standard)	South Asia	SACOR_01
Teachers shape young minds.	استادان د ځوان ذهنونو شکل ورکوي.	Pashto (Standard)	South Asia	SACOR_07
Cooking together brings family members closer.	یوځای پخول د کورنۍ غړو ته نږدې راولي.	Pashto (Standard)	South Asia	SACOR_08
Tea is served to guests as a gesture of hospitality.	د مېلمانو د مېلمستیا د نښې په توګه چای وړاندې کیږي.	Pashto (Standard)	South Asia	SACOR_05
The forest is home to many wild animals.	ځنګل د ډیرو وحشي حیواناتو کور دی.	Pashto (Standard)	South Asia	SACOR_06
People celebrate festivals with great joy.	خلک د خوښۍ سره جشنونه لمانځي.	Pashto (Standard)	South Asia	SACOR_07
Reading books improves vocabulary.	د کتابونو لوستل د لغت ښه والی کوي.	Pashto (Standard)	South Asia	SACOR_09
She cooked delicious biryani for the family.	هغې د کورنۍ لپاره خوندور بریاني پخ کړه.	Pashto (Standard)	South Asia	SACOR_07
Cricket is a popular sport.	کریکټ یوه مشهوره لوبه ده.	Pashto (Standard)	South Asia	SACOR_06
Pollution in cities has become a serious problem.	په ښارونو کې ککړتیا یوه سخت ستونزه شوې ده.	Pashto (Standard)	South Asia	SACOR_03
She received a scholarship to study medicine.	هغې د طب زده کړې لپاره بورسیه ترلاسه کړه.	Pashto (Standard)	South Asia	SACOR_05
Tourism brings revenue to regions with historical sites.	سیاحت د تاریخي سایټونو سیمو ته عاید راولي.	Pashto (Standard)	South Asia	SACOR_01
The bus arrived late.	بس ورو ورو راغله.	Pashto (Standard)	South Asia	SACOR_07
Eating fresh fruits provides essential vitamins.	د تازه میوو خوړل اړین ویتامینونه برابروي.	Pashto (Standard)	South Asia	SACOR_03
Teachers shape young minds.	استادان د ځوان ذهنونو شکل ورکوي.	Pashto (Standard)	South Asia	SACOR_03
Train journeys offer scenic views.	د اورګاډو سفرونه د مناظرو لید ورکوي.	Pashto (Standard)	South Asia	SACOR_02
Online shopping has become popular.	آنلاین پلورلې محبوبه شوې ده.	Pashto (Standard)	South Asia	SACOR_06
The professor wrote equations on the blackboard.	پروفیسور په تختې کې معادلې ولیکلې.	Pashto (Standard)	South Asia	SACOR_06
Family members support each other during difficult times.	د کورنۍ غړي د ستونزمنو وختونو کې یو بل ساتنه کوي.	Pashto (Standard)	South Asia	SACOR_10
Respecting elders is an important value.	د زړونو درناوی مهمه ارزښت دی.	Pashto (Standard)	South Asia	SACOR_10
The forest is home to many wild animals.	ځنګل د ډیرو وحشي حیواناتو کور دی.	Pashto (Standard)	South Asia	SACOR_07
Agriculture remains the primary source of income.	کرهڼه د عاید اصلي سرچینه پاتې ده.	Pashto (Standard)	South Asia	SACOR_08
Parents sacrifice their own needs for children.	والدین د ماشومانو لپاره خپل اړتیاوې قربان کوي.	Pashto (Standard)	South Asia	SACOR_03
Spices add flavor to traditional dishes.	مسالې دودیزو خوړلو ته خوند ورکوي.	Pashto (Standard)	South Asia	SACOR_06
She walked slowly through the garden.	هغې په باغ کې ورو ورو تېره شوه.	Pashto (Standard)	South Asia	SACOR_07
Small businesses create employment opportunities.	کوچني سوداګرۍ د دندو فرصتونه رامنځته کوي.	Pashto (Standard)	South Asia	SACOR_03
Farmers wake up early to tend to crops.	کرهڼه کونکي د محصولاتو پاملرنې لپاره وختي پاړ کېږي.	Pashto (Standard)	South Asia	SACOR_03
The teacher explained the lesson patiently.	استاد صبر سره درس تشریح کړ.	Pashto (Standard)	South Asia	SACOR_03
Farmers planted rice in the flooded fields.	کرهڼه کونکي د اوبو لاندې کروندو کې وريجې وکړې.	Pashto (Standard)	South Asia	SACOR_02
Clear communication prevents misunderstandings.	روښانه اړیکه د ناپوهیو مخه نیسي.	Pashto (Standard)	South Asia	SACOR_10
We decided to visit the old temple.	موږ د پخواني معبد لیدلو پریکړه وکړه.	Pashto (Standard)	South Asia	SACOR_01
Students gathered in the library.	زده کوونکي په کتابتون کې راټول شول.	Pashto (Standard)	South Asia	SACOR_06
Traditional music is important for our heritage.	دودیز موسیقي زموږ د میراث لپاره مهمه ده.	Pashto (Standard)	South Asia	SACOR_04
People travel long distances to visit religious sites.	خلک د مذهبي سایټونو لیدلو لپاره اوږد فاصلې سفر کوي.	Pashto (Standard)	South Asia	SACOR_04
Learning a new language requires practice.	د نوې ژبې زده کړه تمرین ته اړتیا لري.	Pashto (Standard)	South Asia	SACOR_05
The internet connects people across continents.	انټرنیټ د براعظمونو په اوږدو کې خلک سره نښلوي.	Pashto (Standard)	South Asia	SACOR_08
Sports teach teamwork and discipline.	لوبې د ټیم کار او نظم زده کوي.	Pashto (Standard)	South Asia	SACOR_01
After finishing his work, he sat down.	د خپل کار پای ته رسولو وروسته، ناست شو.	Pashto (Standard)	South Asia	SACOR_05
The river flows peacefully through the valley.	سیند په دره کې په آرامۍ سره بهیږي.	Pashto (Standard)	South Asia	SACOR_08
Cooking together brings family members closer.	یوځای پخول د کورنۍ غړو ته نږدې راولي.	Pashto (Standard)	South Asia	SACOR_05
The school organized a science fair.	ښوونځي د ساینس نندارې تنظیم کړه.	Pashto (Standard)	South Asia	SACOR_08
Digital payments have made transactions faster.	ډیجیټل تادیاتو معاملات ګړندي کړي دي.	Pashto (Standard)	South Asia	SACOR_07
Doctors work long hours to treat patients.	داکتران د ناروغانو درملنې لپاره اوږد ساعتونه کار کوي.	Pashto (Standard)	South Asia	SACOR_05
Birds were chirping in the trees.	مرغۍ په ونو کې چغېدلې.	Pashto (Standard)	South Asia	SACOR_09
Regular exercise helps maintain good health.	منظم تمرین د ښه روغتیا ساتلو کې مرسته کوي.	Pashto (Standard)	South Asia	SACOR_05
The market was crowded with people.	بازار د خلکو سره ډک و.	Pashto (Standard)	South Asia	SACOR_06
Elderly people share wisdom and stories.	زړون خلک حکمت او کیسې شریکوي.	Pashto (Standard)	South Asia	SACOR_06
Tea is served to guests as a gesture of hospitality.	د مېلمانو د مېلمستیا د نښې په توګه چای وړاندې کیږي.	Pashto (Standard)	South Asia	SACOR_10
Doctors recommend drinking plenty of water.	داکتران د ډیرو اوبو څښل وړاندیز کوي.	Pashto (Standard)	South Asia	SACOR_04
Education opens doors to opportunities.	زده کړه د فرصتونو دروازې خلاصوي.	Pashto (Standard)	South Asia	SACOR_10
My grandmother told me stories.	زما نیا ما ماته کیسې وړې.	Pashto (Standard)	South Asia	SACOR_07
Children were playing cricket in the street.	ماشومان په سړک کې کریکټ لوبېدل.	Pashto (Standard)	South Asia	SACOR_06
Handicrafts showcase artistic traditions.	دستي کارونه هنري دودونه ښکاره کوي.	Pashto (Standard)	South Asia	SACOR_03
I woke up early this morning.	زه نن سهار وختي پاړ شوم.	Pashto (Standard)	South Asia	SACOR_02
The wedding ceremony lasted three days.	د واده مراسم درې ورځې دوام وکړ.	Pashto (Standard)	South Asia	SACOR_04
Children learn best when they are interested.	ماشومان غوره زده کوي کله چې دوی علاقه لري.	Pashto (Standard)	South Asia	SACOR_09
Smartphones have changed how people communicate.	سمارټ فونونو د خلکو د اړیکو لاره بدله کړې ده.	Pashto (Standard)	South Asia	SACOR_04
Storytelling preserves culture and knowledge.	کیسه ویل د کلتوري او پوهې ساتنه کوي.	Pashto (Standard)	South Asia	SACOR_06
Spices add flavor to traditional dishes.	مسالې دودیزو خوړلو ته خوند ورکوي.	Pashto (Standard)	South Asia	SACOR_01
Pollution in cities has become a serious problem.	په ښارونو کې ککړتیا یوه سخت ستونزه شوې ده.	Pashto (Standard)	South Asia	SACOR_08
The school organized a science fair.	ښوونځي د ساینس نندارې تنظیم کړه.	Pashto (Standard)	South Asia	SACOR_02
The wedding ceremony lasted three days.	د واده مراسم درې ورځې دوام وکړ.	Pashto (Standard)	South Asia	SACOR_03
We decided to visit the old temple.	موږ د پخواني معبد لیدلو پریکړه وکړه.	Pashto (Standard)	South Asia	SACOR_05
Digital payments have made transactions faster.	ډیجیټل تادیاتو معاملات ګړندي کړي دي.	Pashto (Standard)	South Asia	SACOR_06
Students gathered in the library.	زده کوونکي په کتابتون کې راټول شول.	Pashto (Standard)	South Asia	SACOR_06
The market was crowded with people.	بازار د خلکو سره ډک و.	Pashto (Standard)	South Asia	SACOR_04
Parents sacrifice their own needs for children.	والدین د ماشومانو لپاره خپل اړتیاوې قربان کوي.	Pashto (Standard)	South Asia	SACOR_02
Tourism brings revenue to regions with historical sites.	سیاحت د تاریخي سایټونو سیمو ته عاید راولي.	Pashto (Standard)	South Asia	SACOR_03
Farmers planted rice in the flooded fields.	کرهڼه کونکي د اوبو لاندې کروندو کې وريجې وکړې.	Pashto (Standard)	South Asia	SACOR_10
Storytelling preserves culture and knowledge.	کیسه ویل د کلتوري او پوهې ساتنه کوي.	Pashto (Standard)	South Asia	SACOR_01
Learning a new language requires practice.	د نوې ژبې زده کړه تمرین ته اړتیا لري.	Pashto (Standard)	South Asia	SACOR_01
Clear communication prevents misunderstandings.	روښانه اړیکه د ناپوهیو مخه نیسي.	Pashto (Standard)	South Asia	SACOR_04
Handicrafts showcase artistic traditions.	دستي کارونه هنري دودونه ښکاره کوي.	Pashto (Standard)	South Asia	SACOR_07
Eating fresh fruits provides essential vitamins.	د تازه میوو خوړل اړین ویتامینونه برابروي.	Pashto (Standard)	South Asia	SACOR_03
Cricket is a popular sport.	کریکټ یوه مشهوره لوبه ده.	Pashto (Standard)	South Asia	SACOR_03
Train journeys offer scenic views.	د اورګاډو سفرونه د مناظرو لید ورکوي.	Pashto (Standard)	South Asia	SACOR_02
She walked slowly through the garden.	هغې په باغ کې ورو ورو تېره شوه.	Pashto (Standard)	South Asia	SACOR_02
The bus arrived late.	بس ورو ورو راغله.	Pashto (Standard)	South Asia	SACOR_08
Sports teach teamwork and discipline.	لوبې د ټیم کار او نظم زده کوي.	Pashto (Standard)	South Asia	SACOR_04
Regular exercise helps maintain good health.	منظم تمرین د ښه روغتیا ساتلو کې مرسته کوي.	Pashto (Standard)	South Asia	SACOR_03
Family members support each other during difficult times.	د کورنۍ غړي د ستونزمنو وختونو کې یو بل ساتنه کوي.	Pashto (Standard)	South Asia	SACOR_08
Children were playing cricket in the street.	ماشومان په سړک کې کریکټ لوبېدل.	Pashto (Standard)	South Asia	SACOR_08
Online shopping has become popular.	آنلاین پلورلې محبوبه شوې ده.	Pashto (Standard)	South Asia	SACOR_03
She received a scholarship to study medicine.	هغې د طب زده کړې لپاره بورسیه ترلاسه کړه.	Pashto (Standard)	South Asia	SACOR_07
Agriculture remains the primary source of income.	کرهڼه د عاید اصلي سرچینه پاتې ده.	Pashto (Standard)	South Asia	SACOR_05
The internet connects people across continents.	انټرنیټ د براعظمونو په اوږدو کې خلک سره نښلوي.	Pashto (Standard)	South Asia	SACOR_09
Elderly people share wisdom and stories.	زړون خلک حکمت او کیسې شریکوي.	Pashto (Standard)	South Asia	SACOR_09
People celebrate festivals with great joy.	خلک د خوښۍ سره جشنونه لمانځي.	Pashto (Standard)	South Asia	SACOR_04
Reading books improves vocabulary.	د کتابونو لوستل د لغت ښه والی کوي.	Pashto (Standard)	South Asia	SACOR_10
Teachers shape young minds.	استادان د ځوان ذهنونو شکل ورکوي.	Pashto (Standard)	South Asia	SACOR_06
The forest is home to many wild animals.	ځنګل د ډیرو وحشي حیواناتو کور دی.	Pashto (Standard)	South Asia	SACOR_09
Smartphones have changed how people communicate.	سمارټ فونونو د خلکو د اړیکو لاره بدله کړې ده.	Pashto (Standard)	South Asia	SACOR_06
Doctors work long hours to treat patients.	داکتران د ناروغانو درملنې لپاره اوږد ساعتونه کار کوي.	Pashto (Standard)	South Asia	SACOR_06
The professor wrote equations on the blackboard.	پروفیسور په تختې کې معادلې ولیکلې.	Pashto (Standard)	South Asia	SACOR_09
Education opens doors to opportunities.	زده کړه د فرصتونو دروازې خلاصوي.	Pashto (Standard)	South Asia	SACOR_06
Cooking together brings family members closer.	یوځای پخول د کورنۍ غړو ته نږدې راولي.	Pashto (Standard)	South Asia	SACOR_03
Children learn best when they are interested.	ماشومان غوره زده کوي کله چې دوی علاقه لري.	Pashto (Standard)	South Asia	SACOR_03
I woke up early this morning.	زه نن سهار وختي پاړ شوم.	Pashto (Standard)	South Asia	SACOR_10
After finishing his work, he sat down.	د خپل کار پای ته رسولو وروسته، ناست شو.	Pashto (Standard)	South Asia	SACOR_05
She cooked delicious biryani for the family.	هغې د کورنۍ لپاره خوندور بریاني پخ کړه.	Pashto (Standard)	South Asia	SACOR_03
Tea is served to guests as a gesture of hospitality.	د مېلمانو د مېلمستیا د نښې په توګه چای وړاندې کیږي.	Pashto (Standard)	South Asia	SACOR_06
My grandmother told me stories.	زما نیا ما ماته کیسې وړې.	Pashto (Standard)	South Asia	SACOR_03
Respecting elders is an important value.	د زړونو درناوی مهمه ارزښت دی.	Pashto (Standard)	South Asia	SACOR_06
Small businesses create employment opportunities.	کوچني سوداګرۍ د دندو فرصتونه رامنځته کوي.	Pashto (Standard)	South Asia	SACOR_02
People travel long distances to visit religious sites.	خلک د مذهبي سایټونو لیدلو لپاره اوږد فاصلې سفر کوي.	Pashto (Standard)	South Asia	SACOR_07
Doctors recommend drinking plenty of water.	داکتران د ډیرو اوبو څښل وړاندیز کوي.	Pashto (Standard)	South Asia	SACOR_02
Birds were chirping in the trees.	مرغۍ په ونو کې چغېدلې.	Pashto (Standard)	South Asia	SACOR_09
The river flows peacefully through the valley.	سیند په دره کې په آرامۍ سره بهیږي.	Pashto (Standard)	South Asia	SACOR_06
Farmers wake up early to tend to crops.	کرهڼه کونکي د محصولاتو پاملرنې لپاره وختي پاړ کېږي.	Pashto (Standard)	South Asia	SACOR_08
The teacher explained the lesson patiently.	استاد صبر سره درس تشریح کړ.	Pashto (Standard)	South Asia	SACOR_06
Traditional music is important for our heritage.	دودیز موسیقي زموږ د میراث لپاره مهمه ده.	Pashto (Standard)	South Asia	SACOR_10
Reading books improves vocabulary.	د کتابونو لوستل د لغت ښه والی کوي.	Pashto (Standard)	South Asia	SACOR_02
We decided to visit the old temple.	موږ د پخواني معبد لیدلو پریکړه وکړه.	Pashto (Standard)	South Asia	SACOR_08
Birds were chirping in the trees.	مرغۍ په ونو کې چغېدلې.	Pashto (Standard)	South Asia	SACOR_02
Tea is served to guests as a gesture of hospitality.	د مېلمانو د مېلمستیا د نښې په توګه چای وړاندې کیږي.	Pashto (Standard)	South Asia	SACOR_01
Children were playing cricket in the street.	ماشومان په سړک کې کریکټ لوبېدل.	Pashto (Standard)	South Asia	SACOR_06
Cooking together brings family members closer.	یوځای پخول د کورنۍ غړو ته نږدې راولي.	Pashto (Standard)	South Asia	SACOR_01
Agriculture remains the primary source of income.	کرهڼه د عاید اصلي سرچینه پاتې ده.	Pashto (Standard)	South Asia	SACOR_09
Children learn best when they are interested.	ماشومان غوره زده کوي کله چې دوی علاقه لري.	Pashto (Standard)	South Asia	SACOR_01
The bus arrived late.	بس ورو ورو راغله.	Pashto (Standard)	South Asia	SACOR_06
She cooked delicious biryani for the family.	هغې د کورنۍ لپاره خوندور بریاني پخ کړه.	Pashto (Standard)	South Asia	SACOR_05
Parents sacrifice their own needs for children.	والدین د ماشومانو لپاره خپل اړتیاوې قربان کوي.	Pashto (Standard)	South Asia	SACOR_10
She walked slowly through the garden.	هغې په باغ کې ورو ورو تېره شوه.	Pashto (Standard)	South Asia	SACOR_02
Elderly people share wisdom and stories.	زړون خلک حکمت او کیسې شریکوي.	Pashto (Standard)	South Asia	SACOR_05
After finishing his work, he sat down.	د خپل کار پای ته رسولو وروسته، ناست شو.	Pashto (Standard)	South Asia	SACOR_08
Education opens doors to opportunities.	زده کړه د فرصتونو دروازې خلاصوي.	Pashto (Standard)	South Asia	SACOR_08
Cricket is a popular sport.	کریکټ یوه مشهوره لوبه ده.	Pashto (Standard)	South Asia	SACOR_05
Family members support each other during difficult times.	د کورنۍ غړي د ستونزمنو وختونو کې یو بل ساتنه کوي.	Pashto (Standard)	South Asia	SACOR_05
Spices add flavor to traditional dishes.	مسالې دودیزو خوړلو ته خوند ورکوي.	Pashto (Standard)	South Asia	SACOR_08
Sports teach teamwork and discipline.	لوبې د ټیم کار او نظم زده کوي.	Pashto (Standard)	South Asia	SACOR_04
Teachers shape young minds.	استادان د ځوان ذهنونو شکل ورکوي.	Pashto (Standard)	South Asia	SACOR_06
Traditional music is important for our heritage.	دودیز موسیقي زموږ د میراث لپاره مهمه ده.	Pashto (Standard)	South Asia	SACOR_04
Eating fresh fruits provides essential vitamins.	د تازه میوو خوړل اړین ویتامینونه برابروي.	Pashto (Standard)	South Asia	SACOR_06
The river flows peacefully through the valley.	سیند په دره کې په آرامۍ سره بهیږي.	Pashto (Standard)	South Asia	SACOR_03
I woke up early this morning.	زه نن سهار وختي پاړ شوم.	Pashto (Standard)	South Asia	SACOR_05
Smartphones have changed how people communicate.	سمارټ فونونو د خلکو د اړیکو لاره بدله کړې ده.	Pashto (Standard)	South Asia	SACOR_08
Small businesses create employment opportunities.	کوچني سوداګرۍ د دندو فرصتونه رامنځته کوي.	Pashto (Standard)	South Asia	SACOR_09
Train journeys offer scenic views.	د اورګاډو سفرونه د مناظرو لید ورکوي.	Pashto (Standard)	South Asia	SACOR_05
Clear communication prevents misunderstandings.	روښانه اړیکه د ناپوهیو مخه نیسي.	Pashto (Standard)	South Asia	SACOR_02
People travel long distances to visit religious sites.	خلک د مذهبي سایټونو لیدلو لپاره اوږد فاصلې سفر کوي.	Pashto (Standard)	South Asia	SACOR_08
The professor wrote equations on the blackboard.	پروفیسور په تختې کې معادلې ولیکلې.	Pashto (Standard)	South Asia	SACOR_02
Doctors recommend drinking plenty of water.	داکتران د ډیرو اوبو څښل وړاندیز کوي.	Pashto (Standard)	South Asia	SACOR_06
Farmers planted rice in the flooded fields.	کرهڼه کونکي د اوبو لاندې کروندو کې وريجې وکړې.	Pashto (Standard)	South Asia	SACOR_10
Doctors work long hours to treat patients.	داکتران د ناروغانو درملنې لپاره اوږد ساعتونه کار کوي.	Pashto (Standard)	South Asia	SACOR_05
The internet connects people across continents.	انټرنیټ د براعظمونو په اوږدو کې خلک سره نښلوي.	Pashto (Standard)	South Asia	SACOR_10
Digital payments have made transactions faster.	ډیجیټل تادیاتو معاملات ګړندي کړي دي.	Pashto (Standard)	South Asia	SACOR_08
She received a scholarship to study medicine.	هغې د طب زده کړې لپاره بورسیه ترلاسه کړه.	Pashto (Standard)	South Asia	SACOR_04
My grandmother told me stories.	زما نیا ما ماته کیسې وړې.	Pashto (Standard)	South Asia	SACOR_05
Tourism brings revenue to regions with historical sites.	سیاحت د تاریخي سایټونو سیمو ته عاید راولي.	Pashto (Standard)	South Asia	SACOR_05
Storytelling preserves culture and knowledge.	کیسه ویل د کلتوري او پوهې ساتنه کوي.	Pashto (Standard)	South Asia	SACOR_10
Learning a new language requires practice.	د نوې ژبې زده کړه تمرین ته اړتیا لري.	Pashto (Standard)	South Asia	SACOR_04
Students gathered in the library.	زده کوونکي په کتابتون کې راټول شول.	Pashto (Standard)	South Asia	SACOR_01
The school organized a science fair.	ښوونځي د ساینس نندارې تنظیم کړه.	Pashto (Standard)	South Asia	SACOR_06
The wedding ceremony lasted three days.	د واده مراسم درې ورځې دوام وکړ.	Pashto (Standard)	South Asia	SACOR_04
Regular exercise helps maintain good health.	منظم تمرین د ښه روغتیا ساتلو کې مرسته کوي.	Pashto (Standard)	South Asia	SACOR_08
The teacher explained the lesson patiently.	استاد صبر سره درس تشریح کړ.	Pashto (Standard)	South Asia	SACOR_09
Handicrafts showcase artistic traditions.	دستي کارونه هنري دودونه ښکاره کوي.	Pashto (Standard)	South Asia	SACOR_09
People celebrate festivals with great joy.	خلک د خوښۍ سره جشنونه لمانځي.	Pashto (Standard)	South Asia	SACOR_01
The forest is home to many wild animals.	ځنګل د ډیرو وحشي حیواناتو کور دی.	Pashto (Standard)	South Asia	SACOR_04
The market was crowded with people.	بازار د خلکو سره ډک و.	Pashto (Standard)	South Asia	SACOR_04
Pollution in cities has become a serious problem.	په ښارونو کې ککړتیا یوه سخت ستونزه شوې ده.	Pashto (Standard)	South Asia	SACOR_02
Respecting elders is an important value.	د زړونو درناوی مهمه ارزښت دی.	Pashto (Standard)	South Asia	SACOR_09
Farmers wake up early to tend to crops.	کرهڼه کونکي د محصولاتو پاملرنې لپاره وختي پاړ کېږي.	Pashto (Standard)	South Asia	SACOR_04
Online shopping has become popular.	آنلاین پلورلې محبوبه شوې ده.	Pashto (Standard)	South Asia	SACOR_07
Farmers wake up early to tend to crops.	کرهڼه کونکي د محصولاتو پاملرنې لپاره وختي پاړ کېږي.	Pashto (Standard)	South Asia	SACOR_02
Storytelling preserves culture and knowledge.	کیسه ویل د کلتوري او پوهې ساتنه کوي.	Pashto (Standard)	South Asia	SACOR_02
People travel long distances to visit religious sites.	خلک د مذهبي سایټونو لیدلو لپاره اوږد فاصلې سفر کوي.	Pashto (Standard)	South Asia	SACOR_04
Eating fresh fruits provides essential vitamins.	د تازه میوو خوړل اړین ویتامینونه برابروي.	Pashto (Standard)	South Asia	SACOR_04
Spices add flavor to traditional dishes.	مسالې دودیزو خوړلو ته خوند ورکوي.	Pashto (Standard)	South Asia	SACOR_09
Family members support each other during difficult times.	د کورنۍ غړي د ستونزمنو وختونو کې یو بل ساتنه کوي.	Pashto (Standard)	South Asia	SACOR_10
The internet connects people across continents.	انټرنیټ د براعظمونو په اوږدو کې خلک سره نښلوي.	Pashto (Standard)	South Asia	SACOR_03
Train journeys offer scenic views.	د اورګاډو سفرونه د مناظرو لید ورکوي.	Pashto (Standard)	South Asia	SACOR_07
Learning a new language requires practice.	د نوې ژبې زده کړه تمرین ته اړتیا لري.	Pashto (Standard)	South Asia	SACOR_01
Clear communication prevents misunderstandings.	روښانه اړیکه د ناپوهیو مخه نیسي.	Pashto (Standard)	South Asia	SACOR_09
She received a scholarship to study medicine.	هغې د طب زده کړې لپاره بورسیه ترلاسه کړه.	Pashto (Standard)	South Asia	SACOR_08
Online shopping has become popular.	آنلاین پلورلې محبوبه شوې ده.	Pashto (Standard)	South Asia	SACOR_09
The wedding ceremony lasted three days.	د واده مراسم درې ورځې دوام وکړ.	Pashto (Standard)	South Asia	SACOR_09
The market was crowded with people.	بازار د خلکو سره ډک و.	Pashto (Standard)	South Asia	SACOR_03
Tea is served to guests as a gesture of hospitality.	د مېلمانو د مېلمستیا د نښې په توګه چای وړاندې کیږي.	Pashto (Standard)	South Asia	SACOR_09
Cricket is a popular sport.	کریکټ یوه مشهوره لوبه ده.	Pashto (Standard)	South Asia	SACOR_02
Digital payments have made transactions faster.	ډیجیټل تادیاتو معاملات ګړندي کړي دي.	Pashto (Standard)	South Asia	SACOR_06
Smartphones have changed how people communicate.	سمارټ فونونو د خلکو د اړیکو لاره بدله کړې ده.	Pashto (Standard)	South Asia	SACOR_03
We decided to visit the old temple.	موږ د پخواني معبد لیدلو پریکړه وکړه.	Pashto (Standard)	South Asia	SACOR_08
Students gathered in the library.	زده کوونکي په کتابتون کې راټول شول.	Pashto (Standard)	South Asia	SACOR_09
Agriculture remains the primary source of income.	کرهڼه د عاید اصلي سرچینه پاتې ده.	Pashto (Standard)	South Asia	SACOR_08
Pollution in cities has become a serious problem.	په ښارونو کې ککړتیا یوه سخت ستونزه شوې ده.	Pashto (Standard)	South Asia	SACOR_04
I woke up early this morning.	زه نن سهار وختي پاړ شوم.	Pashto (Standard)	South Asia	SACOR_01
The school organized a science fair.	ښوونځي د ساینس نندارې تنظیم کړه.	Pashto (Standard)	South Asia	SACOR_05
Regular exercise helps maintain good health.	منظم تمرین د ښه روغتیا ساتلو کې مرسته کوي.	Pashto (Standard)	South Asia	SACOR_09
Traditional music is important for our heritage.	دودیز موسیقي زموږ د میراث لپاره مهمه ده.	Pashto (Standard)	South Asia	SACOR_07
Small businesses create employment opportunities.	کوچني سوداګرۍ د دندو فرصتونه رامنځته کوي.	Pashto (Standard)	South Asia	SACOR_03
Teachers shape young minds.	استادان د ځوان ذهنونو شکل ورکوي.	Pashto (Standard)	South Asia	SACOR_06
Cooking together brings family members closer.	یوځای پخول د کورنۍ غړو ته نږدې راولي.	Pashto (Standard)	South Asia	SACOR_02
The professor wrote equations on the blackboard.	پروفیسور په تختې کې معادلې ولیکلې.	Pashto (Standard)	South Asia	SACOR_06
Tourism brings revenue to regions with historical sites.	سیاحت د تاریخي سایټونو سیمو ته عاید راولي.	Pashto (Standard)	South Asia	SACOR_03
My grandmother told me stories.	زما نیا ما ماته کیسې وړې.	Pashto (Standard)	South Asia	SACOR_02
Elderly people share wisdom and stories.	زړون خلک حکمت او کیسې شریکوي.	Pashto (Standard)	South Asia	SACOR_08
The forest is home to many wild animals.	ځنګل د ډیرو وحشي حیواناتو کور دی.	Pashto (Standard)	South Asia	SACOR_05
Education opens doors to opportunities.	زده کړه د فرصتونو دروازې خلاصوي.	Pashto (Standard)	South Asia	SACOR_07
She cooked delicious biryani for the family.	هغې د کورنۍ لپاره خوندور بریاني پخ کړه.	Pashto (Standard)	South Asia	SACOR_06
People celebrate festivals with great joy.	خلک د خوښۍ سره جشنونه لمانځي.	Pashto (Standard)	South Asia	SACOR_04
Reading books improves vocabulary.	د کتابونو لوستل د لغت ښه والی کوي.	Pashto (Standard)	South Asia	SACOR_06
The bus arrived late.	بس ورو ورو راغله.	Pashto (Standard)	South Asia	SACOR_04
Doctors work long hours to treat patients.	داکتران د ناروغانو درملنې لپاره اوږد ساعتونه کار کوي.	Pashto (Standard)	South Asia	SACOR_08
Children were playing cricket in the street.	ماشومان په سړک کې کریکټ لوبېدل.	Pashto (Standard)	South Asia	SACOR_09
The teacher explained the lesson patiently.	استاد صبر سره درس تشریح کړ.	Pashto (Standard)	South Asia	SACOR_01
Sports teach teamwork and discipline.	لوبې د ټیم کار او نظم زده کوي.	Pashto (Standard)	South Asia	SACOR_02
The river flows peacefully through the valley.	سیند په دره کې په آرامۍ سره بهیږي.	Pashto (Standard)	South Asia	SACOR_09
Handicrafts showcase artistic traditions.	دستي کارونه هنري دودونه ښکاره کوي.	Pashto (Standard)	South Asia	SACOR_10
Doctors recommend drinking plenty of water.	داکتران د ډیرو اوبو څښل وړاندیز کوي.	Pashto (Standard)	South Asia	SACOR_02
Birds were chirping in the trees.	مرغۍ په ونو کې چغېدلې.	Pashto (Standard)	South Asia	SACOR_06
Children learn best when they are interested.	ماشومان غوره زده کوي کله چې دوی علاقه لري.	Pashto (Standard)	South Asia	SACOR_07
Farmers planted rice in the flooded fields.	کرهڼه کونکي د اوبو لاندې کروندو کې وريجې وکړې.	Pashto (Standard)	South Asia	SACOR_08
Respecting elders is an important value.	د زړونو درناوی مهمه ارزښت دی.	Pashto (Standard)	South Asia	SACOR_04
She walked slowly through the garden.	هغې په باغ کې ورو ورو تېره شوه.	Pashto (Standard)	South Asia	SACOR_05
Parents sacrifice their own needs for children.	والدین د ماشومانو لپاره خپل اړتیاوې قربان کوي.	Pashto (Standard)	South Asia	SACOR_05
After finishing his work, he sat down.	د خپل کار پای ته رسولو وروسته، ناست شو.	Pashto (Standard)	South Asia	SACOR_07
After finishing his work, he sat down.	د خپل کار پای ته رسولو وروسته، ناست شو.	Pashto (Standard)	South Asia	SACOR_08
Respecting elders is an important value.	د زړونو درناوی مهمه ارزښت دی.	Pashto (Standard)	South Asia	SACOR_02
Students gathered in the library.	زده کوونکي په کتابتون کې راټول شول.	Pashto (Standard)	South Asia	SACOR_08
Family members support each other during difficult times.	د کورنۍ غړي د ستونزمنو وختونو کې یو بل ساتنه کوي.	Pashto (Standard)	South Asia	SACOR_08
People celebrate festivals with great joy.	خلک د خوښۍ سره جشنونه لمانځي.	Pashto (Standard)	South Asia	SACOR_07
Smartphones have changed how people communicate.	سمارټ فونونو د خلکو د اړیکو لاره بدله کړې ده.	Pashto (Standard)	South Asia	SACOR_03
The school organized a science fair.	ښوونځي د ساینس نندارې تنظیم کړه.	Pashto (Standard)	South Asia	SACOR_10
Tourism brings revenue to regions with historical sites.	سیاحت د تاریخي سایټونو سیمو ته عاید راولي.	Pashto (Standard)	South Asia	SACOR_07
She received a scholarship to study medicine.	هغې د طب زده کړې لپاره بورسیه ترلاسه کړه.	Pashto (Standard)	South Asia	SACOR_10
Eating fresh fruits provides essential vitamins.	د تازه میوو خوړل اړین ویتامینونه برابروي.	Pashto (Standard)	South Asia	SACOR_02
Regular exercise helps maintain good health.	منظم تمرین د ښه روغتیا ساتلو کې مرسته کوي.	Pashto (Standard)	South Asia	SACOR_05
Reading books improves vocabulary.	د کتابونو لوستل د لغت ښه والی کوي.	Pashto (Standard)	South Asia	SACOR_04
Farmers planted rice in the flooded fields.	کرهڼه کونکي د اوبو لاندې کروندو کې وريجې وکړې.	Pashto (Standard)	South Asia	SACOR_04
She cooked delicious biryani for the family.	هغې د کورنۍ لپاره خوندور بریاني پخ کړه.	Pashto (Standard)	South Asia	SACOR_07
Handicrafts showcase artistic traditions.	دستي کارونه هنري دودونه ښکاره کوي.	Pashto (Standard)	South Asia	SACOR_03
The bus arrived late.	بس ورو ورو راغله.	Pashto (Standard)	South Asia	SACOR_10
Online shopping has become popular.	آنلاین پلورلې محبوبه شوې ده.	Pashto (Standard)	South Asia	SACOR_10
Digital payments have made transactions faster.	ډیجیټل تادیاتو معاملات ګړندي کړي دي.	Pashto (Standard)	South Asia	SACOR_10
Learning a new language requires practice.	د نوې ژبې زده کړه تمرین ته اړتیا لري.	Pashto (Standard)	South Asia	SACOR_05
The professor wrote equations on the blackboard.	پروفیسور په تختې کې معادلې ولیکلې.	Pashto (Standard)	South Asia	SACOR_07
Pollution in cities has become a serious problem.	په ښارونو کې ککړتیا یوه سخت ستونزه شوې ده.	Pashto (Standard)	South Asia	SACOR_07
The internet connects people across continents.	انټرنیټ د براعظمونو په اوږدو کې خلک سره نښلوي.	Pashto (Standard)	South Asia	SACOR_05
Children learn best when they are interested.	ماشومان غوره زده کوي کله چې دوی علاقه لري.	Pashto (Standard)	South Asia	SACOR_06
Cooking together brings family members closer.	یوځای پخول د کورنۍ غړو ته نږدې راولي.	Pashto (Standard)	South Asia	SACOR_01
I woke up early this morning.	زه نن سهار وختي پاړ شوم.	Pashto (Standard)	South Asia	SACOR_10
The river flows peacefully through the valley.	سیند په دره کې په آرامۍ سره بهیږي.	Pashto (Standard)	South Asia	SACOR_10
Children were playing cricket in the street.	ماشومان په سړک کې کریکټ لوبېدل.	Pashto (Standard)	South Asia	SACOR_10
Tea is served to guests as a gesture of hospitality.	د مېلمانو د مېلمستیا د نښې په توګه چای وړاندې کیږي.	Pashto (Standard)	South Asia	SACOR_10
My grandmother told me stories.	زما نیا ما ماته کیسې وړې.	Pashto (Standard)	South Asia	SACOR_01
The market was crowded with people.	بازار د خلکو سره ډک و.	Pashto (Standard)	South Asia	SACOR_01
Traditional music is important for our heritage.	دودیز موسیقي زموږ د میراث لپاره مهمه ده.	Pashto (Standard)	South Asia	SACOR_02
Storytelling preserves culture and knowledge.	کیسه ویل د کلتوري او پوهې ساتنه کوي.	Pashto (Standard)	South Asia	SACOR_01
The forest is home to many wild animals.	ځنګل د ډیرو وحشي حیواناتو کور دی.	Pashto (Standard)	South Asia	SACOR_09
Doctors work long hours to treat patients.	داکتران د ناروغانو درملنې لپاره اوږد ساعتونه کار کوي.	Pashto (Standard)	South Asia	SACOR_10
Elderly people share wisdom and stories.	زړون خلک حکمت او کیسې شریکوي.	Pashto (Standard)	South Asia	SACOR_09
Parents sacrifice their own needs for children.	والدین د ماشومانو لپاره خپل اړتیاوې قربان کوي.	Pashto (Standard)	South Asia	SACOR_06
She walked slowly through the garden.	هغې په باغ کې ورو ورو تېره شوه.	Pashto (Standard)	South Asia	SACOR_08
The wedding ceremony lasted three days.	د واده مراسم درې ورځې دوام وکړ.	Pashto (Standard)	South Asia	SACOR_04
The teacher explained the lesson patiently.	استاد صبر سره درس تشریح کړ.	Pashto (Standard)	South Asia	SACOR_10
Spices add flavor to traditional dishes.	مسالې دودیزو خوړلو ته خوند ورکوي.	Pashto (Standard)	South Asia	SACOR_01
People travel long distances to visit religious sites.	خلک د مذهبي سایټونو لیدلو لپاره اوږد فاصلې سفر کوي.	Pashto (Standard)	South Asia	SACOR_09
Clear communication prevents misunderstandings.	روښانه اړیکه د ناپوهیو مخه نیسي.	Pashto (Standard)	South Asia	SACOR_04
Teachers shape young minds.	استادان د ځوان ذهنونو شکل ورکوي.	Pashto (Standard)	South Asia	SACOR_06
Agriculture remains the primary source of income.	کرهڼه د عاید اصلي سرچینه پاتې ده.	Pashto (Standard)	South Asia	SACOR_03
Cricket is a popular sport.	کریکټ یوه مشهوره لوبه ده.	Pashto (Standard)	South Asia	SACOR_02
Train journeys offer scenic views.	د اورګاډو سفرونه د مناظرو لید ورکوي.	Pashto (Standard)	South Asia	SACOR_02
We decided to visit the old temple.	موږ د پخواني معبد لیدلو پریکړه وکړه.	Pashto (Standard)	South Asia	SACOR_09
Doctors recommend drinking plenty of water.	داکتران د ډیرو اوبو څښل وړاندیز کوي.	Pashto (Standard)	South Asia	SACOR_10
Sports teach teamwork and discipline.	لوبې د ټیم کار او نظم زده کوي.	Pashto (Standard)	South Asia	SACOR_07
Small businesses create employment opportunities.	کوچني سوداګرۍ د دندو فرصتونه رامنځته کوي.	Pashto (Standard)	South Asia	SACOR_09
Farmers wake up early to tend to crops.	کرهڼه کونکي د محصولاتو پاملرنې لپاره وختي پاړ کېږي.	Pashto (Standard)	South Asia	SACOR_05
Birds were chirping in the trees.	مرغۍ په ونو کې چغېدلې.	Pashto (Standard)	South Asia	SACOR_05
Education opens doors to opportunities.	زده کړه د فرصتونو دروازې خلاصوي.	Pashto (Standard)	South Asia	SACOR_03
Spices add flavor to traditional dishes.	مسالې دودیزو خوړلو ته خوند ورکوي.	Pashto (Standard)	South Asia	SACOR_05
Cricket is a popular sport.	کریکټ یوه مشهوره لوبه ده.	Pashto (Standard)	South Asia	SACOR_07
Birds were chirping in the trees.	مرغۍ په ونو کې چغېدلې.	Pashto (Standard)	South Asia	SACOR_05
She received a scholarship to study medicine.	هغې د طب زده کړې لپاره بورسیه ترلاسه کړه.	Pashto (Standard)	South Asia	SACOR_09
Doctors recommend drinking plenty of water.	داکتران د ډیرو اوبو څښل وړاندیز کوي.	Pashto (Standard)	South Asia	SACOR_09
We decided to visit the old temple.	موږ د پخواني معبد لیدلو پریکړه وکړه.	Pashto (Standard)	South Asia	SACOR_05
The wedding ceremony lasted three days.	د واده مراسم درې ورځې دوام وکړ.	Pashto (Standard)	South Asia	SACOR_10
The internet connects people across continents.	انټرنیټ د براعظمونو په اوږدو کې خلک سره نښلوي.	Pashto (Standard)	South Asia	SACOR_10
She walked slowly through the garden.	هغې په باغ کې ورو ورو تېره شوه.	Pashto (Standard)	South Asia	SACOR_08
Online shopping has become popular.	آنلاین پلورلې محبوبه شوې ده.	Pashto (Standard)	South Asia	SACOR_10
Pollution in cities has become a serious problem.	په ښارونو کې ککړتیا یوه سخت ستونزه شوې ده.	Pashto (Standard)	South Asia	SACOR_06
The forest is home to many wild animals.	ځنګل د ډیرو وحشي حیواناتو کور دی.	Pashto (Standard)	South Asia	SACOR_08
The teacher explained the lesson patiently.	استاد صبر سره درس تشریح کړ.	Pashto (Standard)	South Asia	SACOR_03
The market was crowded with people.	بازار د خلکو سره ډک و.	Pashto (Standard)	South Asia	SACOR_09
Farmers wake up early to tend to crops.	کرهڼه کونکي د محصولاتو پاملرنې لپاره وختي پاړ کېږي.	Pashto (Standard)	South Asia	SACOR_06
Respecting elders is an important value.	د زړونو درناوی مهمه ارزښت دی.	Pashto (Standard)	South Asia	SACOR_08
Farmers planted rice in the flooded fields.	کرهڼه کونکي د اوبو لاندې کروندو کې وريجې وکړې.	Pashto (Standard)	South Asia	SACOR_06
Traditional music is important for our heritage.	دودیز موسیقي زموږ د میراث لپاره مهمه ده.	Pashto (Standard)	South Asia	SACOR_10
Tourism brings revenue to regions with historical sites.	سیاحت د تاریخي سایټونو سیمو ته عاید راولي.	Pashto (Standard)	South Asia	SACOR_06
After finishing his work, he sat down.	د خپل کار پای ته رسولو وروسته، ناست شو.	Pashto (Standard)	South Asia	SACOR_09
Sports teach teamwork and discipline.	لوبې د ټیم کار او نظم زده کوي.	Pashto (Standard)	South Asia	SACOR_03
Smartphones have changed how people communicate.	سمارټ فونونو د خلکو د اړیکو لاره بدله کړې ده.	Pashto (Standard)	South Asia	SACOR_09
Storytelling preserves culture and knowledge.	کیسه ویل د کلتوري او پوهې ساتنه کوي.	Pashto (Standard)	South Asia	SACOR_02
Cooking together brings family members closer.	یوځای پخول د کورنۍ غړو ته نږدې راولي.	Pashto (Standard)	South Asia	SACOR_10
The river flows peacefully through the valley.	سیند په دره کې په آرامۍ سره بهیږي.	Pashto (Standard)	South Asia	SACOR_01
Family members support each other during difficult times.	د کورنۍ غړي د ستونزمنو وختونو کې یو بل ساتنه کوي.	Pashto (Standard)	South Asia	SACOR_03
My grandmother told me stories.	زما نیا ما ماته کیسې وړې.	Pashto (Standard)	South Asia	SACOR_03
The professor wrote equations on the blackboard.	پروفیسور په تختې کې معادلې ولیکلې.	Pashto (Standard)	South Asia	SACOR_02
She cooked delicious biryani for the family.	هغې د کورنۍ لپاره خوندور بریاني پخ کړه.	Pashto (Standard)	South Asia	SACOR_08
Reading books improves vocabulary.	د کتابونو لوستل د لغت ښه والی کوي.	Pashto (Standard)	South Asia	SACOR_10
People travel long distances to visit religious sites.	خلک د مذهبي سایټونو لیدلو لپاره اوږد فاصلې سفر کوي.	Pashto (Standard)	South Asia	SACOR_08
Parents sacrifice their own needs for children.	والدین د ماشومانو لپاره خپل اړتیاوې قربان کوي.	Pashto (Standard)	South Asia	SACOR_09
People celebrate festivals with great joy.	خلک د خوښۍ سره جشنونه لمانځي.	Pashto (Standard)	South Asia	SACOR_10
The school organized a science fair.	ښوونځي د ساینس نندارې تنظیم کړه.	Pashto (Standard)	South Asia	SACOR_02
Handicrafts showcase artistic traditions.	دستي کارونه هنري دودونه ښکاره کوي.	Pashto (Standard)	South Asia	SACOR_03
Children were playing cricket in the street.	ماشومان په سړک کې کریکټ لوبېدل.	Pashto (Standard)	South Asia	SACOR_05
Clear communication prevents misunderstandings.	روښانه اړیکه د ناپوهیو مخه نیسي.	Pashto (Standard)	South Asia	SACOR_09
Small businesses create employment opportunities.	کوچني سوداګرۍ د دندو فرصتونه رامنځته کوي.	Pashto (Standard)	South Asia	SACOR_09
Digital payments have made transactions faster.	ډیجیټل تادیاتو معاملات ګړندي کړي دي.	Pashto (Standard)	South Asia	SACOR_04
Learning a new language requires practice.	د نوې ژبې زده کړه تمرین ته اړتیا لري.	Pashto (Standard)	South Asia	SACOR_10
Agriculture remains the primary source of income.	کرهڼه د عاید اصلي سرچینه پاتې ده.	Pashto (Standard)	South Asia	SACOR_08
Education opens doors to opportunities.	زده کړه د فرصتونو دروازې خلاصوي.	Pashto (Standard)	South Asia	SACOR_02
Eating fresh fruits provides essential vitamins.	د تازه میوو خوړل اړین ویتامینونه برابروي.	Pashto (Standard)	South Asia	SACOR_08
I woke up early this morning.	زه نن سهار وختي پاړ شوم.	Pashto (Standard)	South Asia	SACOR_01
Elderly people share wisdom and stories.	زړون خلک حکمت او کیسې شریکوي.	Pashto (Standard)	South Asia	SACOR_06
Children learn best when they are interested.	ماشومان غوره زده کوي کله چې دوی علاقه لري.	Pashto (Standard)	South Asia	SACOR_10
Regular exercise helps maintain good health.	منظم تمرین د ښه روغتیا ساتلو کې مرسته کوي.	Pashto (Standard)	South Asia	SACOR_09
Tea is served to guests as a gesture of hospitality.	د مېلمانو د مېلمستیا د نښې په توګه چای وړاندې کیږي.	Pashto (Standard)	South Asia	SACOR_05
Teachers shape young minds.	استادان د ځوان ذهنونو شکل ورکوي.	Pashto (Standard)	South Asia	SACOR_05
Students gathered in the library.	زده کوونکي په کتابتون کې راټول شول.	Pashto (Standard)	South Asia	SACOR_06
The bus arrived late.	بس ورو ورو راغله.	Pashto (Standard)	South Asia	SACOR_02
Train journeys offer scenic views.	د اورګاډو سفرونه د مناظرو لید ورکوي.	Pashto (Standard)	South Asia	SACOR_05
Doctors work long hours to treat patients.	داکتران د ناروغانو درملنې لپاره اوږد ساعتونه کار کوي.	Pashto (Standard)	South Asia	SACOR_04
People travel long distances to visit religious sites.	خلک د مذهبي سایټونو لیدلو لپاره اوږد فاصلې سفر کوي.	Pashto (Standard)	South Asia	SACOR_07
The market was crowded with people.	بازار د خلکو سره ډک و.	Pashto (Standard)	South Asia	SACOR_08
Farmers wake up early to tend to crops.	کرهڼه کونکي د محصولاتو پاملرنې لپاره وختي پاړ کېږي.	Pashto (Standard)	South Asia	SACOR_03
Digital payments have made transactions faster.	ډیجیټل تادیاتو معاملات ګړندي کړي دي.	Pashto (Standard)	South Asia	SACOR_09
Doctors recommend drinking plenty of water.	داکتران د ډیرو اوبو څښل وړاندیز کوي.	Pashto (Standard)	South Asia	SACOR_07
She cooked delicious biryani for the family.	هغې د کورنۍ لپاره خوندور بریاني پخ کړه.	Pashto (Standard)	South Asia	SACOR_09
Doctors work long hours to treat patients.	داکتران د ناروغانو درملنې لپاره اوږد ساعتونه کار کوي.	Pashto (Standard)	South Asia	SACOR_02
The river flows peacefully through the valley.	سیند په دره کې په آرامۍ سره بهیږي.	Pashto (Standard)	South Asia	SACOR_02
Small businesses create employment opportunities.	کوچني سوداګرۍ د دندو فرصتونه رامنځته کوي.	Pashto (Standard)	South Asia	SACOR_03
Eating fresh fruits provides essential vitamins.	د تازه میوو خوړل اړین ویتامینونه برابروي.	Pashto (Standard)	South Asia	SACOR_04
Pollution in cities has become a serious problem.	په ښارونو کې ککړتیا یوه سخت ستونزه شوې ده.	Pashto (Standard)	South Asia	SACOR_01
Respecting elders is an important value.	د زړونو درناوی مهمه ارزښت دی.	Pashto (Standard)	South Asia	SACOR_04
We decided to visit the old temple.	موږ د پخواني معبد لیدلو پریکړه وکړه.	Pashto (Standard)	South Asia	SACOR_09
Birds were chirping in the trees.	مرغۍ په ونو کې چغېدلې.	Pashto (Standard)	South Asia	SACOR_09
People celebrate festivals with great joy.	خلک د خوښۍ سره جشنونه لمانځي.	Pashto (Standard)	South Asia	SACOR_06
Handicrafts showcase artistic traditions.	دستي کارونه هنري دودونه ښکاره کوي.	Pashto (Standard)	South Asia	SACOR_07
Online shopping has become popular.	آنلاین پلورلې محبوبه شوې ده.	Pashto (Standard)	South Asia	SACOR_09
The internet connects people across continents.	انټرنیټ د براعظمونو په اوږدو کې خلک سره نښلوي.	Pashto (Standard)	South Asia	SACOR_02
Cooking together brings family members closer.	یوځای پخول د کورنۍ غړو ته نږدې راولي.	Pashto (Standard)	South Asia	SACOR_02
Reading books improves vocabulary.	د کتابونو لوستل د لغت ښه والی کوي.	Pashto (Standard)	South Asia	SACOR_10
Learning a new language requires practice.	د نوې ژبې زده کړه تمرین ته اړتیا لري.	Pashto (Standard)	South Asia	SACOR_04
Family members support each other during difficult times.	د کورنۍ غړي د ستونزمنو وختونو کې یو بل ساتنه کوي.	Pashto (Standard)	South Asia	SACOR_10
Students gathered in the library.	زده کوونکي په کتابتون کې راټول شول.	Pashto (Standard)	South Asia	SACOR_08
The professor wrote equations on the blackboard.	پروفیسور په تختې کې معادلې ولیکلې.	Pashto (Standard)	South Asia	SACOR_09
Children were playing cricket in the street.	ماشومان په سړک کې کریکټ لوبېدل.	Pashto (Standard)	South Asia	SACOR_02
Farmers planted rice in the flooded fields.	کرهڼه کونکي د اوبو لاندې کروندو کې وريجې وکړې.	Pashto (Standard)	South Asia	SACOR_05
Traditional music is important for our heritage.	دودیز موسیقي زموږ د میراث لپاره مهمه ده.	Pashto (Standard)	South Asia	SACOR_06
Smartphones have changed how people communicate.	سمارټ فونونو د خلکو د اړیکو لاره بدله کړې ده.	Pashto (Standard)	South Asia	SACOR_10
Clear communication prevents misunderstandings.	روښانه اړیکه د ناپوهیو مخه نیسي.	Pashto (Standard)	South Asia	SACOR_01
Cricket is a popular sport.	کریکټ یوه مشهوره لوبه ده.	Pashto (Standard)	South Asia	SACOR_01
Regular exercise helps maintain good health.	منظم تمرین د ښه روغتیا ساتلو کې مرسته کوي.	Pashto (Standard)	South Asia	SACOR_10
The forest is home to many wild animals.	ځنګل د ډیرو وحشي حیواناتو کور دی.	Pashto (Standard)	South Asia	SACOR_10
The teacher explained the lesson patiently.	استاد صبر سره درس تشریح کړ.	Pashto (Standard)	South Asia	SACOR_03
Elderly people share wisdom and stories.	زړون خلک حکمت او کیسې شریکوي.	Pashto (Standard)	South Asia	SACOR_02
Tourism brings revenue to regions with historical sites.	سیاحت د تاریخي سایټونو سیمو ته عاید راولي.	Pashto (Standard)	South Asia	SACOR_08
Parents sacrifice their own needs for children.	والدین د ماشومانو لپاره خپل اړتیاوې قربان کوي.	Pashto (Standard)	South Asia	SACOR_08
Spices add flavor to traditional dishes.	مسالې دودیزو خوړلو ته خوند ورکوي.	Pashto (Standard)	South Asia	SACOR_10
I woke up early this morning.	زه نن سهار وختي پاړ شوم.	Pashto (Standard)	South Asia	SACOR_01
Agriculture remains the primary source of income.	کرهڼه د عاید اصلي سرچینه پاتې ده.	Pashto (Standard)	South Asia	SACOR_06
After finishing his work, he sat down.	د خپل کار پای ته رسولو وروسته، ناست شو.	Pashto (Standard)	South Asia	SACOR_06
Education opens doors to opportunities.	زده کړه د فرصتونو دروازې خلاصوي.	Pashto (Standard)	South Asia	SACOR_03
The school organized a science fair.	ښوونځي د ساینس نندارې تنظیم کړه.	Pashto (Standard)	South Asia	SACOR_09
Storytelling preserves culture and knowledge.	کیسه ویل د کلتوري او پوهې ساتنه کوي.	Pashto (Standard)	South Asia	SACOR_07
The wedding ceremony lasted three days.	د واده مراسم درې ورځې دوام وکړ.	Pashto (Standard)	South Asia	SACOR_07
Tea is served to guests as a gesture of hospitality.	د مېلمانو د مېلمستیا د نښې په توګه چای وړاندې کیږي.	Pashto (Standard)	South Asia	SACOR_10
My grandmother told me stories.	زما نیا ما ماته کیسې وړې.	Pashto (Standard)	South Asia	SACOR_04
Sports teach teamwork and discipline.	لوبې د ټیم کار او نظم زده کوي.	Pashto (Standard)	South Asia	SACOR_04
Teachers shape young minds.	استادان د ځوان ذهنونو شکل ورکوي.	Pashto (Standard)	South Asia	SACOR_06
Children learn best when they are interested.	ماشومان غوره زده کوي کله چې دوی علاقه لري.	Pashto (Standard)	South Asia	SACOR_02
She received a scholarship to study medicine.	هغې د طب زده کړې لپاره بورسیه ترلاسه کړه.	Pashto (Standard)	South Asia	SACOR_06
She walked slowly through the garden.	هغې په باغ کې ورو ورو تېره شوه.	Pashto (Standard)	South Asia	SACOR_09
Train journeys offer scenic views.	د اورګاډو سفرونه د مناظرو لید ورکوي.	Pashto (Standard)	South Asia	SACOR_09
The bus arrived late.	بس ورو ورو راغله.	Pashto (Standard)	South Asia	SACOR_01
The market was crowded with people.	بازار د خلکو سره ډک و.	Pashto (Standard)	South Asia	SACOR_08
Digital payments have made transactions faster.	ډیجیټل تادیاتو معاملات ګړندي کړي دي.	Pashto (Standard)	South Asia	SACOR_01
Smartphones have changed how people communicate.	سمارټ فونونو د خلکو د اړیکو لاره بدله کړې ده.	Pashto (Standard)	South Asia	SACOR_06
Parents sacrifice their own needs for children.	والدین د ماشومانو لپاره خپل اړتیاوې قربان کوي.	Pashto (Standard)	South Asia	SACOR_04
Birds were chirping in the trees.	مرغۍ په ونو کې چغېدلې.	Pashto (Standard)	South Asia	SACOR_03
Doctors recommend drinking plenty of water.	داکتران د ډیرو اوبو څښل وړاندیز کوي.	Pashto (Standard)	South Asia	SACOR_07
Reading books improves vocabulary.	د کتابونو لوستل د لغت ښه والی کوي.	Pashto (Standard)	South Asia	SACOR_01
She walked slowly through the garden.	هغې په باغ کې ورو ورو تېره شوه.	Pashto (Standard)	South Asia	SACOR_02
People travel long distances to visit religious sites.	خلک د مذهبي سایټونو لیدلو لپاره اوږد فاصلې سفر کوي.	Pashto (Standard)	South Asia	SACOR_02
The wedding ceremony lasted three days.	د واده مراسم درې ورځې دوام وکړ.	Pashto (Standard)	South Asia	SACOR_10
Family members support each other during difficult times.	د کورنۍ غړي د ستونزمنو وختونو کې یو بل ساتنه کوي.	Pashto (Standard)	South Asia	SACOR_04
Clear communication prevents misunderstandings.	روښانه اړیکه د ناپوهیو مخه نیسي.	Pashto (Standard)	South Asia	SACOR_10
Cricket is a popular sport.	کریکټ یوه مشهوره لوبه ده.	Pashto (Standard)	South Asia	SACOR_02
The forest is home to many wild animals.	ځنګل د ډیرو وحشي حیواناتو کور دی.	Pashto (Standard)	South Asia	SACOR_01
Small businesses create employment opportunities.	کوچني سوداګرۍ د دندو فرصتونه رامنځته کوي.	Pashto (Standard)	South Asia	SACOR_04
Regular exercise helps maintain good health.	منظم تمرین د ښه روغتیا ساتلو کې مرسته کوي.	Pashto (Standard)	South Asia	SACOR_09
Tea is served to guests as a gesture of hospitality.	د مېلمانو د مېلمستیا د نښې په توګه چای وړاندې کیږي.	Pashto (Standard)	South Asia	SACOR_03
Agriculture remains the primary source of income.	کرهڼه د عاید اصلي سرچینه پاتې ده.	Pashto (Standard)	South Asia	SACOR_10
People celebrate festivals with great joy.	خلک د خوښۍ سره جشنونه لمانځي.	Pashto (Standard)	South Asia	SACOR_08
We decided to visit the old temple.	موږ د پخواني معبد لیدلو پریکړه وکړه.	Pashto (Standard)	South Asia	SACOR_05
Traditional music is important for our heritage.	دودیز موسیقي زموږ د میراث لپاره مهمه ده.	Pashto (Standard)	South Asia	SACOR_03
Learning a new language requires practice.	د نوې ژبې زده کړه تمرین ته اړتیا لري.	Pashto (Standard)	South Asia	SACOR_06
Children learn best when they are interested.	ماشومان غوره زده کوي کله چې دوی علاقه لري.	Pashto (Standard)	South Asia	SACOR_06
The bus arrived late.	بس ورو ورو راغله.	Pashto (Standard)	South Asia	SACOR_02
Pollution in cities has become a serious problem.	په ښارونو کې ککړتیا یوه سخت ستونزه شوې ده.	Pashto (Standard)	South Asia	SACOR_04
The teacher explained the lesson patiently.	استاد صبر سره درس تشریح کړ.	Pashto (Standard)	South Asia	SACOR_07
She received a scholarship to study medicine.	هغې د طب زده کړې لپاره بورسیه ترلاسه کړه.	Pashto (Standard)	South Asia	SACOR_01
Cooking together brings family members closer.	یوځای پخول د کورنۍ غړو ته نږدې راولي.	Pashto (Standard)	South Asia	SACOR_10
Farmers planted rice in the flooded fields.	کرهڼه کونکي د اوبو لاندې کروندو کې وريجې وکړې.	Pashto (Standard)	South Asia	SACOR_01
Respecting elders is an important value.	د زړونو درناوی مهمه ارزښت دی.	Pashto (Standard)	South Asia	SACOR_09
Tourism brings revenue to regions with historical sites.	سیاحت د تاریخي سایټونو سیمو ته عاید راولي.	Pashto (Standard)	South Asia	SACOR_06
Farmers wake up early to tend to crops.	کرهڼه کونکي د محصولاتو پاملرنې لپاره وختي پاړ کېږي.	Pashto (Standard)	South Asia	SACOR_09
My grandmother told me stories.	زما نیا ما ماته کیسې وړې.	Pashto (Standard)	South Asia	SACOR_02
Doctors work long hours to treat patients.	داکتران د ناروغانو درملنې لپاره اوږد ساعتونه کار کوي.	Pashto (Standard)	South Asia	SACOR_09
Online shopping has become popular.	آنلاین پلورلې محبوبه شوې ده.	Pashto (Standard)	South Asia	SACOR_02
I woke up early this morning.	زه نن سهار وختي پاړ شوم.	Pashto (Standard)	South Asia	SACOR_01
Handicrafts showcase artistic traditions.	دستي کارونه هنري دودونه ښکاره کوي.	Pashto (Standard)	South Asia	SACOR_05
The professor wrote equations on the blackboard.	پروفیسور په تختې کې معادلې ولیکلې.	Pashto (Standard)	South Asia	SACOR_06
Education opens doors to opportunities.	زده کړه د فرصتونو دروازې خلاصوي.	Pashto (Standard)	South Asia	SACOR_01
Spices add flavor to traditional dishes.	مسالې دودیزو خوړلو ته خوند ورکوي.	Pashto (Standard)	South Asia	SACOR_03
She cooked delicious biryani for the family.	هغې د کورنۍ لپاره خوندور بریاني پخ کړه.	Pashto (Standard)	South Asia	SACOR_05
Train journeys offer scenic views.	د اورګاډو سفرونه د مناظرو لید ورکوي.	Pashto (Standard)	South Asia	SACOR_04
After finishing his work, he sat down.	د خپل کار پای ته رسولو وروسته، ناست شو.	Pashto (Standard)	South Asia	SACOR_08
Elderly people share wisdom and stories.	زړون خلک حکمت او کیسې شریکوي.	Pashto (Standard)	South Asia	SACOR_04
The school organized a science fair.	ښوونځي د ساینس نندارې تنظیم کړه.	Pashto (Standard)	South Asia	SACOR_07
The river flows peacefully through the valley.	سیند په دره کې په آرامۍ سره بهیږي.	Pashto (Standard)	South Asia	SACOR_02
Eating fresh fruits provides essential vitamins.	د تازه میوو خوړل اړین ویتامینونه برابروي.	Pashto (Standard)	South Asia	SACOR_06
Storytelling preserves culture and knowledge.	کیسه ویل د کلتوري او پوهې ساتنه کوي.	Pashto (Standard)	South Asia	SACOR_09
Teachers shape young minds.	استادان د ځوان ذهنونو شکل ورکوي.	Pashto (Standard)	South Asia	SACOR_08
Sports teach teamwork and discipline.	لوبې د ټیم کار او نظم زده کوي.	Pashto (Standard)	South Asia	SACOR_04
Children were playing cricket in the street.	ماشومان په سړک کې کریکټ لوبېدل.	Pashto (Standard)	South Asia	SACOR_07
Students gathered in the library.	زده کوونکي په کتابتون کې راټول شول.	Pashto (Standard)	South Asia	SACOR_07
The internet connects people across continents.	انټرنیټ د براعظمونو په اوږدو کې خلک سره نښلوي.	Pashto (Standard)	South Asia	SACOR_03
The bus arrived late.	بس ورو ورو راغله.	Pashto (Standard)	South Asia	SACOR_08
Doctors work long hours to treat patients.	داکتران د ناروغانو درملنې لپاره اوږد ساعتونه کار کوي.	Pashto (Standard)	South Asia	SACOR_02
Farmers planted rice in the flooded fields.	کرهڼه کونکي د اوبو لاندې کروندو کې وريجې وکړې.	Pashto (Standard)	South Asia	SACOR_04
She walked slowly through the garden.	هغې په باغ کې ورو ورو تېره شوه.	Pashto (Standard)	South Asia	SACOR_06
After finishing his work, he sat down.	د خپل کار پای ته رسولو وروسته، ناست شو.	Pashto (Standard)	South Asia	SACOR_09
The forest is home to many wild animals.	ځنګل د ډیرو وحشي حیواناتو کور دی.	Pashto (Standard)	South Asia	SACOR_10
Farmers wake up early to tend to crops.	کرهڼه کونکي د محصولاتو پاملرنې لپاره وختي پاړ کېږي.	Pashto (Standard)	South Asia	SACOR_07
Traditional music is important for our heritage.	دودیز موسیقي زموږ د میراث لپاره مهمه ده.	Pashto (Standard)	South Asia	SACOR_10
Respecting elders is an important value.	د زړونو درناوی مهمه ارزښت دی.	Pashto (Standard)	South Asia	SACOR_04
Cricket is a popular sport.	کریکټ یوه مشهوره لوبه ده.	Pashto (Standard)	South Asia	SACOR_04
She received a scholarship to study medicine.	هغې د طب زده کړې لپاره بورسیه ترلاسه کړه.	Pashto (Standard)	South Asia	SACOR_06
Train journeys offer scenic views.	د اورګاډو سفرونه د مناظرو لید ورکوي.	Pashto (Standard)	South Asia	SACOR_04
Elderly people share wisdom and stories.	زړون خلک حکمت او کیسې شریکوي.	Pashto (Standard)	South Asia	SACOR_10
Learning a new language requires practice.	د نوې ژبې زده کړه تمرین ته اړتیا لري.	Pashto (Standard)	South Asia	SACOR_01
Family members support each other during difficult times.	د کورنۍ غړي د ستونزمنو وختونو کې یو بل ساتنه کوي.	Pashto (Standard)	South Asia	SACOR_01
Doctors recommend drinking plenty of water.	داکتران د ډیرو اوبو څښل وړاندیز کوي.	Pashto (Standard)	South Asia	SACOR_06
Children were playing cricket in the street.	ماشومان په سړک کې کریکټ لوبېدل.	Pashto (Standard)	South Asia	SACOR_09
We decided to visit the old temple.	موږ د پخواني معبد لیدلو پریکړه وکړه.	Pashto (Standard)	South Asia	SACOR_06
Tea is served to guests as a gesture of hospitality.	د مېلمانو د مېلمستیا د نښې په توګه چای وړاندې کیږي.	Pashto (Standard)	South Asia	SACOR_07
Parents sacrifice their own needs for children.	والدین د ماشومانو لپاره خپل اړتیاوې قربان کوي.	Pashto (Standard)	South Asia	SACOR_02
The internet connects people across continents.	انټرنیټ د براعظمونو په اوږدو کې خلک سره نښلوي.	Pashto (Standard)	South Asia	SACOR_06
Smartphones have changed how people communicate.	سمارټ فونونو د خلکو د اړیکو لاره بدله کړې ده.	Pashto (Standard)	South Asia	SACOR_05
Spices add flavor to traditional dishes.	مسالې دودیزو خوړلو ته خوند ورکوي.	Pashto (Standard)	South Asia	SACOR_08
The school organized a science fair.	ښوونځي د ساینس نندارې تنظیم کړه.	Pashto (Standard)	South Asia	SACOR_04
Storytelling preserves culture and knowledge.	کیسه ویل د کلتوري او پوهې ساتنه کوي.	Pashto (Standard)	South Asia	SACOR_02
Handicrafts showcase artistic traditions.	دستي کارونه هنري دودونه ښکاره کوي.	Pashto (Standard)	South Asia	SACOR_06
Pollution in cities has become a serious problem.	په ښارونو کې ککړتیا یوه سخت ستونزه شوې ده.	Pashto (Standard)	South Asia	SACOR_07
People celebrate festivals with great joy.	خلک د خوښۍ سره جشنونه لمانځي.	Pashto (Standard)	South Asia	SACOR_07
Students gathered in the library.	زده کوونکي په کتابتون کې راټول شول.	Pashto (Standard)	South Asia	SACOR_04
Regular exercise helps maintain good health.	منظم تمرین د ښه روغتیا ساتلو کې مرسته کوي.	Pashto (Standard)	South Asia	SACOR_10
Online shopping has become popular.	آنلاین پلورلې محبوبه شوې ده.	Pashto (Standard)	South Asia	SACOR_08
She cooked delicious biryani for the family.	هغې د کورنۍ لپاره خوندور بریاني پخ کړه.	Pashto (Standard)	South Asia	SACOR_10
I woke up early this morning.	زه نن سهار وختي پاړ شوم.	Pashto (Standard)	South Asia	SACOR_03
Tourism brings revenue to regions with historical sites.	سیاحت د تاریخي سایټونو سیمو ته عاید راولي.	Pashto (Standard)	South Asia	SACOR_06
Digital payments have made transactions faster.	ډیجیټل تادیاتو معاملات ګړندي کړي دي.	Pashto (Standard)	South Asia	SACOR_06
The professor wrote equations on the blackboard.	پروفیسور په تختې کې معادلې ولیکلې.	Pashto (Standard)	South Asia	SACOR_02
Sports teach teamwork and discipline.	لوبې د ټیم کار او نظم زده کوي.	Pashto (Standard)	South Asia	SACOR_02
People travel long distances to visit religious sites.	خلک د مذهبي سایټونو لیدلو لپاره اوږد فاصلې سفر کوي.	Pashto (Standard)	South Asia	SACOR_07
Small businesses create employment opportunities.	کوچني سوداګرۍ د دندو فرصتونه رامنځته کوي.	Pashto (Standard)	South Asia	SACOR_05
Clear communication prevents misunderstandings.	روښانه اړیکه د ناپوهیو مخه نیسي.	Pashto (Standard)	South Asia	SACOR_04
Reading books improves vocabulary.	د کتابونو لوستل د لغت ښه والی کوي.	Pashto (Standard)	South Asia	SACOR_07
The river flows peacefully through the valley.	سیند په دره کې په آرامۍ سره بهیږي.	Pashto (Standard)	South Asia	SACOR_10
Children learn best when they are interested.	ماشومان غوره زده کوي کله چې دوی علاقه لري.	Pashto (Standard)	South Asia	SACOR_01
The teacher explained the lesson patiently.	استاد صبر سره درس تشریح کړ.	Pashto (Standard)	South Asia	SACOR_03
Agriculture remains the primary source of income.	کرهڼه د عاید اصلي سرچینه پاتې ده.	Pashto (Standard)	South Asia	SACOR_09
My grandmother told me stories.	زما نیا ما ماته کیسې وړې.	Pashto (Standard)	South Asia	SACOR_04
The market was crowded with people.	بازار د خلکو سره ډک و.	Pashto (Standard)	South Asia	SACOR_08
The wedding ceremony lasted three days.	د واده مراسم درې ورځې دوام وکړ.	Pashto (Standard)	South Asia	SACOR_08
Teachers shape young minds.	استادان د ځوان ذهنونو شکل ورکوي.	Pashto (Standard)	South Asia	SACOR_03
Birds were chirping in the trees.	مرغۍ په ونو کې چغېدلې.	Pashto (Standard)	South Asia	SACOR_08
Eating fresh fruits provides essential vitamins.	د تازه میوو خوړل اړین ویتامینونه برابروي.	Pashto (Standard)	South Asia	SACOR_01
Cooking together brings family members closer.	یوځای پخول د کورنۍ غړو ته نږدې راولي.	Pashto (Standard)	South Asia	SACOR_03
Education opens doors to opportunities.	زده کړه د فرصتونو دروازې خلاصوي.	Pashto (Standard)	South Asia	SACOR_09
Farmers wake up early to tend to crops.	کرهڼه کونکي د محصولاتو پاملرنې لپاره وختي پاړ کېږي.	Pashto (Standard)	South Asia	SACOR_10
Eating fresh fruits provides essential vitamins.	د تازه میوو خوړل اړین ویتامینونه برابروي.	Pashto (Standard)	South Asia	SACOR_07
Students gathered in the library.	زده کوونکي په کتابتون کې راټول شول.	Pashto (Standard)	South Asia	SACOR_07
Train journeys offer scenic views.	د اورګاډو سفرونه د مناظرو لید ورکوي.	Pashto (Standard)	South Asia	SACOR_07
The professor wrote equations on the blackboard.	پروفیسور په تختې کې معادلې ولیکلې.	Pashto (Standard)	South Asia	SACOR_01
Birds were chirping in the trees.	مرغۍ په ونو کې چغېدلې.	Pashto (Standard)	South Asia	SACOR_06
People celebrate festivals with great joy.	خلک د خوښۍ سره جشنونه لمانځي.	Pashto (Standard)	South Asia	SACOR_04
Respecting elders is an important value.	د زړونو درناوی مهمه ارزښت دی.	Pashto (Standard)	South Asia	SACOR_05
Tea is served to guests as a gesture of hospitality.	د مېلمانو د مېلمستیا د نښې په توګه چای وړاندې کیږي.	Pashto (Standard)	South Asia	SACOR_03
She cooked delicious biryani for the family.	هغې د کورنۍ لپاره خوندور بریاني پخ کړه.	Pashto (Standard)	South Asia	SACOR_09
Sports teach teamwork and discipline.	لوبې د ټیم کار او نظم زده کوي.	Pashto (Standard)	South Asia	SACOR_02
The river flows peacefully through the valley.	سیند په دره کې په آرامۍ سره بهیږي.	Pashto (Standard)	South Asia	SACOR_07
I woke up early this morning.	زه نن سهار وختي پاړ شوم.	Pashto (Standard)	South Asia	SACOR_05
The internet connects people across continents.	انټرنیټ د براعظمونو په اوږدو کې خلک سره نښلوي.	Pashto (Standard)	South Asia	SACOR_05
We decided to visit the old temple.	موږ د پخواني معبد لیدلو پریکړه وکړه.	Pashto (Standard)	South Asia	SACOR_02
Reading books improves vocabulary.	د کتابونو لوستل د لغت ښه والی کوي.	Pashto (Standard)	South Asia	SACOR_07
Smartphones have changed how people communicate.	سمارټ فونونو د خلکو د اړیکو لاره بدله کړې ده.	Pashto (Standard)	South Asia	SACOR_02
After finishing his work, he sat down.	د خپل کار پای ته رسولو وروسته، ناست شو.	Pashto (Standard)	South Asia	SACOR_01
Tourism brings revenue to regions with historical sites.	سیاحت د تاریخي سایټونو سیمو ته عاید راولي.	Pashto (Standard)	South Asia	SACOR_02
People travel long distances to visit religious sites.	خلک د مذهبي سایټونو لیدلو لپاره اوږد فاصلې سفر کوي.	Pashto (Standard)	South Asia	SACOR_10
The wedding ceremony lasted three days.	د واده مراسم درې ورځې دوام وکړ.	Pashto (Standard)	South Asia	SACOR_08
Spices add flavor to traditional dishes.	مسالې دودیزو خوړلو ته خوند ورکوي.	Pashto (Standard)	South Asia	SACOR_06
Children were playing cricket in the street.	ماشومان په سړک کې کریکټ لوبېدل.	Pashto (Standard)	South Asia	SACOR_04
Teachers shape young minds.	استادان د ځوان ذهنونو شکل ورکوي.	Pashto (Standard)	South Asia	SACOR_06
Traditional music is important for our heritage.	دودیز موسیقي زموږ د میراث لپاره مهمه ده.	Pashto (Standard)	South Asia	SACOR_09
Education opens doors to opportunities.	زده کړه د فرصتونو دروازې خلاصوي.	Pashto (Standard)	South Asia	SACOR_05
The school organized a science fair.	ښوونځي د ساینس نندارې تنظیم کړه.	Pashto (Standard)	South Asia	SACOR_07
Regular exercise helps maintain good health.	منظم تمرین د ښه روغتیا ساتلو کې مرسته کوي.	Pashto (Standard)	South Asia	SACOR_05
Cooking together brings family members closer.	یوځای پخول د کورنۍ غړو ته نږدې راولي.	Pashto (Standard)	South Asia	SACOR_01
Agriculture remains the primary source of income.	کرهڼه د عاید اصلي سرچینه پاتې ده.	Pashto (Standard)	South Asia	SACOR_06
Family members support each other during difficult times.	د کورنۍ غړي د ستونزمنو وختونو کې یو بل ساتنه کوي.	Pashto (Standard)	South Asia	SACOR_02
Elderly people share wisdom and stories.	زړون خلک حکمت او کیسې شریکوي.	Pashto (Standard)	South Asia	SACOR_01
Clear communication prevents misunderstandings.	روښانه اړیکه د ناپوهیو مخه نیسي.	Pashto (Standard)	South Asia	SACOR_04
The bus arrived late.	بس ورو ورو راغله.	Pashto (Standard)	South Asia	SACOR_09
The teacher explained the lesson patiently.	استاد صبر سره درس تشریح کړ.	Pashto (Standard)	South Asia	SACOR_09
My grandmother told me stories.	زما نیا ما ماته کیسې وړې.	Pashto (Standard)	South Asia	SACOR_01
The market was crowded with people.	بازار د خلکو سره ډک و.	Pashto (Standard)	South Asia	SACOR_03
Small businesses create employment opportunities.	کوچني سوداګرۍ د دندو فرصتونه رامنځته کوي.	Pashto (Standard)	South Asia	SACOR_08
Handicrafts showcase artistic traditions.	دستي کارونه هنري دودونه ښکاره کوي.	Pashto (Standard)	South Asia	SACOR_04
She received a scholarship to study medicine.	هغې د طب زده کړې لپاره بورسیه ترلاسه کړه.	Pashto (Standard)	South Asia	SACOR_01
Digital payments have made transactions faster.	ډیجیټل تادیاتو معاملات ګړندي کړي دي.	Pashto (Standard)	South Asia	SACOR_05
Doctors work long hours to treat patients.	داکتران د ناروغانو درملنې لپاره اوږد ساعتونه کار کوي.	Pashto (Standard)	South Asia	SACOR_03
Doctors recommend drinking plenty of water.	داکتران د ډیرو اوبو څښل وړاندیز کوي.	Pashto (Standard)	South Asia	SACOR_08
Cricket is a popular sport.	کریکټ یوه مشهوره لوبه ده.	Pashto (Standard)	South Asia	SACOR_07
Storytelling preserves culture and knowledge.	کیسه ویل د کلتوري او پوهې ساتنه کوي.	Pashto (Standard)	South Asia	SACOR_04
Pollution in cities has become a serious problem.	په ښارونو کې ککړتیا یوه سخت ستونزه شوې ده.	Pashto (Standard)	South Asia	SACOR_07
The forest is home to many wild animals.	ځنګل د ډیرو وحشي حیواناتو کور دی.	Pashto (Standard)	South Asia	SACOR_03
She walked slowly through the garden.	هغې په باغ کې ورو ورو تېره شوه.	Pashto (Standard)	South Asia	SACOR_09
Farmers planted rice in the flooded fields.	کرهڼه کونکي د اوبو لاندې کروندو کې وريجې وکړې.	Pashto (Standard)	South Asia	SACOR_02
Children learn best when they are interested.	ماشومان غوره زده کوي کله چې دوی علاقه لري.	Pashto (Standard)	South Asia	SACOR_05
Learning a new language requires practice.	د نوې ژبې زده کړه تمرین ته اړتیا لري.	Pashto (Standard)	South Asia	SACOR_05
Parents sacrifice their own needs for children.	والدین د ماشومانو لپاره خپل اړتیاوې قربان کوي.	Pashto (Standard)	South Asia	SACOR_05
Online shopping has become popular.	آنلاین پلورلې محبوبه شوې ده.	Pashto (Standard)	South Asia	SACOR_08
Sports teach teamwork and discipline.	لوبې د ټیم کار او نظم زده کوي.	Pashto (Standard)	South Asia	SACOR_02
Smartphones have changed how people communicate.	سمارټ فونونو د خلکو د اړیکو لاره بدله کړې ده.	Pashto (Standard)	South Asia	SACOR_09
She cooked delicious biryani for the family.	هغې د کورنۍ لپاره خوندور بریاني پخ کړه.	Pashto (Standard)	South Asia	SACOR_10
People celebrate festivals with great joy.	خلک د خوښۍ سره جشنونه لمانځي.	Pashto (Standard)	South Asia	SACOR_04
Handicrafts showcase artistic traditions.	دستي کارونه هنري دودونه ښکاره کوي.	Pashto (Standard)	South Asia	SACOR_10
Regular exercise helps maintain good health.	منظم تمرین د ښه روغتیا ساتلو کې مرسته کوي.	Pashto (Standard)	South Asia	SACOR_06
The market was crowded with people.	بازار د خلکو سره ډک و.	Pashto (Standard)	South Asia	SACOR_04
Farmers planted rice in the flooded fields.	کرهڼه کونکي د اوبو لاندې کروندو کې وريجې وکړې.	Pashto (Standard)	South Asia	SACOR_01
Tea is served to guests as a gesture of hospitality.	د مېلمانو د مېلمستیا د نښې په توګه چای وړاندې کیږي.	Pashto (Standard)	South Asia	SACOR_10
Learning a new language requires practice.	د نوې ژبې زده کړه تمرین ته اړتیا لري.	Pashto (Standard)	South Asia	SACOR_07
Eating fresh fruits provides essential vitamins.	د تازه میوو خوړل اړین ویتامینونه برابروي.	Pashto (Standard)	South Asia	SACOR_10
Cooking together brings family members closer.	یوځای پخول د کورنۍ غړو ته نږدې راولي.	Pashto (Standard)	South Asia	SACOR_01
Spices add flavor to traditional dishes.	مسالې دودیزو خوړلو ته خوند ورکوي.	Pashto (Standard)	South Asia	SACOR_07
My grandmother told me stories.	زما نیا ما ماته کیسې وړې.	Pashto (Standard)	South Asia	SACOR_08
Doctors work long hours to treat patients.	داکتران د ناروغانو درملنې لپاره اوږد ساعتونه کار کوي.	Pashto (Standard)	South Asia	SACOR_07
Birds were chirping in the trees.	مرغۍ په ونو کې چغېدلې.	Pashto (Standard)	South Asia	SACOR_05
Children were playing cricket in the street.	ماشومان په سړک کې کریکټ لوبېدل.	Pashto (Standard)	South Asia	SACOR_10
The wedding ceremony lasted three days.	د واده مراسم درې ورځې دوام وکړ.	Pashto (Standard)	South Asia	SACOR_01
Agriculture remains the primary source of income.	کرهڼه د عاید اصلي سرچینه پاتې ده.	Pashto (Standard)	South Asia	SACOR_10
People travel long distances to visit religious sites.	خلک د مذهبي سایټونو لیدلو لپاره اوږد فاصلې سفر کوي.	Pashto (Standard)	South Asia	SACOR_03
She received a scholarship to study medicine.	هغې د طب زده کړې لپاره بورسیه ترلاسه کړه.	Pashto (Standard)	South Asia	SACOR_03
Traditional music is important for our heritage.	دودیز موسیقي زموږ د میراث لپاره مهمه ده.	Pashto (Standard)	South Asia	SACOR_09
The professor wrote equations on the blackboard.	پروفیسور په تختې کې معادلې ولیکلې.	Pashto (Standard)	South Asia	SACOR_09
Pollution in cities has become a serious problem.	په ښارونو کې ککړتیا یوه سخت ستونزه شوې ده.	Pashto (Standard)	South Asia	SACOR_05
Small businesses create employment opportunities.	کوچني سوداګرۍ د دندو فرصتونه رامنځته کوي.	Pashto (Standard)	South Asia	SACOR_10
Tourism brings revenue to regions with historical sites.	سیاحت د تاریخي سایټونو سیمو ته عاید راولي.	Pashto (Standard)	South Asia	SACOR_09
The bus arrived late.	بس ورو ورو راغله.	Pashto (Standard)	South Asia	SACOR_08
The internet connects people across continents.	انټرنیټ د براعظمونو په اوږدو کې خلک سره نښلوي.	Pashto (Standard)	South Asia	SACOR_05
Cricket is a popular sport.	کریکټ یوه مشهوره لوبه ده.	Pashto (Standard)	South Asia	SACOR_06
The river flows peacefully through the valley.	سیند په دره کې په آرامۍ سره بهیږي.	Pashto (Standard)	South Asia	SACOR_06
Teachers shape young minds.	استادان د ځوان ذهنونو شکل ورکوي.	Pashto (Standard)	South Asia	SACOR_02
Farmers wake up early to tend to crops.	کرهڼه کونکي د محصولاتو پاملرنې لپاره وختي پاړ کېږي.	Pashto (Standard)	South Asia	SACOR_04
The teacher explained the lesson patiently.	استاد صبر سره درس تشریح کړ.	Pashto (Standard)	South Asia	SACOR_06
Storytelling preserves culture and knowledge.	کیسه ویل د کلتوري او پوهې ساتنه کوي.	Pashto (Standard)	South Asia	SACOR_09
Elderly people share wisdom and stories.	زړون خلک حکمت او کیسې شریکوي.	Pashto (Standard)	South Asia	SACOR_08
The school organized a science fair.	ښوونځي د ساینس نندارې تنظیم کړه.	Pashto (Standard)	South Asia	SACOR_03
Digital payments have made transactions faster.	ډیجیټل تادیاتو معاملات ګړندي کړي دي.	Pashto (Standard)	South Asia	SACOR_08
I woke up early this morning.	زه نن سهار وختي پاړ شوم.	Pashto (Standard)	South Asia	SACOR_02
Students gathered in the library.	زده کوونکي په کتابتون کې راټول شول.	Pashto (Standard)	South Asia	SACOR_08
Train journeys offer scenic views.	د اورګاډو سفرونه د مناظرو لید ورکوي.	Pashto (Standard)	South Asia	SACOR_05
Education opens doors to opportunities.	زده کړه د فرصتونو دروازې خلاصوي.	Pashto (Standard)	South Asia	SACOR_04
Online shopping has become popular.	آنلاین پلورلې محبوبه شوې ده.	Pashto (Standard)	South Asia	SACOR_01
She walked slowly through the garden.	هغې په باغ کې ورو ورو تېره شوه.	Pashto (Standard)	South Asia	SACOR_07
Clear communication prevents misunderstandings.	روښانه اړیکه د ناپوهیو مخه نیسي.	Pashto (Standard)	South Asia	SACOR_09
Respecting elders is an important value.	د زړونو درناوی مهمه ارزښت دی.	Pashto (Standard)	South Asia	SACOR_09
Doctors recommend drinking plenty of water.	داکتران د ډیرو اوبو څښل وړاندیز کوي.	Pashto (Standard)	South Asia	SACOR_02
Family members support each other during difficult times.	د کورنۍ غړي د ستونزمنو وختونو کې یو بل ساتنه کوي.	Pashto (Standard)	South Asia	SACOR_02
Reading books improves vocabulary.	د کتابونو لوستل د لغت ښه والی کوي.	Pashto (Standard)	South Asia	SACOR_07
We decided to visit the old temple.	موږ د پخواني معبد لیدلو پریکړه وکړه.	Pashto (Standard)	South Asia	SACOR_05
After finishing his work, he sat down.	د خپل کار پای ته رسولو وروسته، ناست شو.	Pashto (Standard)	South Asia	SACOR_01
Parents sacrifice their own needs for children.	والدین د ماشومانو لپاره خپل اړتیاوې قربان کوي.	Pashto (Standard)	South Asia	SACOR_04
Children learn best when they are interested.	ماشومان غوره زده کوي کله چې دوی علاقه لري.	Pashto (Standard)	South Asia	SACOR_05
The forest is home to many wild animals.	ځنګل د ډیرو وحشي حیواناتو کور دی.	Pashto (Standard)	South Asia	SACOR_04
Doctors recommend drinking plenty of water.	داکتران د ډیرو اوبو څښل وړاندیز کوي.	Pashto (Standard)	South Asia	SACOR_10
Sports teach teamwork and discipline.	لوبې د ټیم کار او نظم زده کوي.	Pashto (Standard)	South Asia	SACOR_09
The river flows peacefully through the valley.	سیند په دره کې په آرامۍ سره بهیږي.	Pashto (Standard)	South Asia	SACOR_09
Pollution in cities has become a serious problem.	په ښارونو کې ککړتیا یوه سخت ستونزه شوې ده.	Pashto (Standard)	South Asia	SACOR_02
Farmers wake up early to tend to crops.	کرهڼه کونکي د محصولاتو پاملرنې لپاره وختي پاړ کېږي.	Pashto (Standard)	South Asia	SACOR_09
Cricket is a popular sport.	کریکټ یوه مشهوره لوبه ده.	Pashto (Standard)	South Asia	SACOR_08
The market was crowded with people.	بازار د خلکو سره ډک و.	Pashto (Standard)	South Asia	SACOR_04
Reading books improves vocabulary.	د کتابونو لوستل د لغت ښه والی کوي.	Pashto (Standard)	South Asia	SACOR_09
Children learn best when they are interested.	ماشومان غوره زده کوي کله چې دوی علاقه لري.	Pashto (Standard)	South Asia	SACOR_08
Eating fresh fruits provides essential vitamins.	د تازه میوو خوړل اړین ویتامینونه برابروي.	Pashto (Standard)	South Asia	SACOR_08
Learning a new language requires practice.	د نوې ژبې زده کړه تمرین ته اړتیا لري.	Pashto (Standard)	South Asia	SACOR_06
Agriculture remains the primary source of income.	کرهڼه د عاید اصلي سرچینه پاتې ده.	Pashto (Standard)	South Asia	SACOR_09
Teachers shape young minds.	استادان د ځوان ذهنونو شکل ورکوي.	Pashto (Standard)	South Asia	SACOR_04
The professor wrote equations on the blackboard.	پروفیسور په تختې کې معادلې ولیکلې.	Pashto (Standard)	South Asia	SACOR_04
Farmers planted rice in the flooded fields.	کرهڼه کونکي د اوبو لاندې کروندو کې وريجې وکړې.	Pashto (Standard)	South Asia	SACOR_04
Regular exercise helps maintain good health.	منظم تمرین د ښه روغتیا ساتلو کې مرسته کوي.	Pashto (Standard)	South Asia	SACOR_07
Train journeys offer scenic views.	د اورګاډو سفرونه د مناظرو لید ورکوي.	Pashto (Standard)	South Asia	SACOR_05
Spices add flavor to traditional dishes.	مسالې دودیزو خوړلو ته خوند ورکوي.	Pashto (Standard)	South Asia	SACOR_08
The wedding ceremony lasted three days.	د واده مراسم درې ورځې دوام وکړ.	Pashto (Standard)	South Asia	SACOR_08
Clear communication prevents misunderstandings.	روښانه اړیکه د ناپوهیو مخه نیسي.	Pashto (Standard)	South Asia	SACOR_01
Family members support each other during difficult times.	د کورنۍ غړي د ستونزمنو وختونو کې یو بل ساتنه کوي.	Pashto (Standard)	South Asia	SACOR_05
Small businesses create employment opportunities.	کوچني سوداګرۍ د دندو فرصتونه رامنځته کوي.	Pashto (Standard)	South Asia	SACOR_02
The teacher explained the lesson patiently.	استاد صبر سره درس تشریح کړ.	Pashto (Standard)	South Asia	SACOR_04
The internet connects people across continents.	انټرنیټ د براعظمونو په اوږدو کې خلک سره نښلوي.	Pashto (Standard)	South Asia	SACOR_01
Digital payments have made transactions faster.	ډیجیټل تادیاتو معاملات ګړندي کړي دي.	Pashto (Standard)	South Asia	SACOR_10
Storytelling preserves culture and knowledge.	کیسه ویل د کلتوري او پوهې ساتنه کوي.	Pashto (Standard)	South Asia	SACOR_01
People travel long distances to visit religious sites.	خلک د مذهبي سایټونو لیدلو لپاره اوږد فاصلې سفر کوي.	Pashto (Standard)	South Asia	SACOR_10
Elderly people share wisdom and stories.	زړون خلک حکمت او کیسې شریکوي.	Pashto (Standard)	South Asia	SACOR_02
The forest is home to many wild animals.	ځنګل د ډیرو وحشي حیواناتو کور دی.	Pashto (Standard)	South Asia	SACOR_06
We decided to visit the old temple.	موږ د پخواني معبد لیدلو پریکړه وکړه.	Pashto (Standard)	South Asia	SACOR_04
Education opens doors to opportunities.	زده کړه د فرصتونو دروازې خلاصوي.	Pashto (Standard)	South Asia	SACOR_09
Doctors work long hours to treat patients.	داکتران د ناروغانو درملنې لپاره اوږد ساعتونه کار کوي.	Pashto (Standard)	South Asia	SACOR_07
Tea is served to guests as a gesture of hospitality.	د مېلمانو د مېلمستیا د نښې په توګه چای وړاندې کیږي.	Pashto (Standard)	South Asia	SACOR_01
Tourism brings revenue to regions with historical sites.	سیاحت د تاریخي سایټونو سیمو ته عاید راولي.	Pashto (Standard)	South Asia	SACOR_03
I woke up early this morning.	زه نن سهار وختي پاړ شوم.	Pashto (Standard)	South Asia	SACOR_09
People celebrate festivals with great joy.	خلک د خوښۍ سره جشنونه لمانځي.	Pashto (Standard)	South Asia	SACOR_03
Online shopping has become popular.	آنلاین پلورلې محبوبه شوې ده.	Pashto (Standard)	South Asia	SACOR_07
Students gathered in the library.	زده کوونکي په کتابتون کې راټول شول.	Pashto (Standard)	South Asia	SACOR_03
My grandmother told me stories.	زما نیا ما ماته کیسې وړې.	Pashto (Standard)	South Asia	SACOR_06
She cooked delicious biryani for the family.	هغې د کورنۍ لپاره خوندور بریاني پخ کړه.	Pashto (Standard)	South Asia	SACOR_05
Handicrafts showcase artistic traditions.	دستي کارونه هنري دودونه ښکاره کوي.	Pashto (Standard)	South Asia	SACOR_03
Birds were chirping in the trees.	مرغۍ په ونو کې چغېدلې.	Pashto (Standard)	South Asia	SACOR_01
Respecting elders is an important value.	د زړونو درناوی مهمه ارزښت دی.	Pashto (Standard)	South Asia	SACOR_05
Traditional music is important for our heritage.	دودیز موسیقي زموږ د میراث لپاره مهمه ده.	Pashto (Standard)	South Asia	SACOR_02
The school organized a science fair.	ښوونځي د ساینس نندارې تنظیم کړه.	Pashto (Standard)	South Asia	SACOR_03
After finishing his work, he sat down.	د خپل کار پای ته رسولو وروسته، ناست شو.	Pashto (Standard)	South Asia	SACOR_04
She walked slowly through the garden.	هغې په باغ کې ورو ورو تېره شوه.	Pashto (Standard)	South Asia	SACOR_02
The bus arrived late.	بس ورو ورو راغله.	Pashto (Standard)	South Asia	SACOR_10
Parents sacrifice their own needs for children.	والدین د ماشومانو لپاره خپل اړتیاوې قربان کوي.	Pashto (Standard)	South Asia	SACOR_01
She received a scholarship to study medicine.	هغې د طب زده کړې لپاره بورسیه ترلاسه کړه.	Pashto (Standard)	South Asia	SACOR_06
Smartphones have changed how people communicate.	سمارټ فونونو د خلکو د اړیکو لاره بدله کړې ده.	Pashto (Standard)	South Asia	SACOR_08
Cooking together brings family members closer.	یوځای پخول د کورنۍ غړو ته نږدې راولي.	Pashto (Standard)	South Asia	SACOR_08
Children were playing cricket in the street.	ماشومان په سړک کې کریکټ لوبېدل.	Pashto (Standard)	South Asia	SACOR_03
Cricket is a popular sport.	کریکټ یوه مشهوره لوبه ده.	Pashto (Standard)	South Asia	SACOR_01
The teacher explained the lesson patiently.	استاد صبر سره درس تشریح کړ.	Pashto (Standard)	South Asia	SACOR_05
The forest is home to many wild animals.	ځنګل د ډیرو وحشي حیواناتو کور دی.	Pashto (Standard)	South Asia	SACOR_05
I woke up early this morning.	زه نن سهار وختي پاړ شوم.	Pashto (Standard)	South Asia	SACOR_02
Handicrafts showcase artistic traditions.	دستي کارونه هنري دودونه ښکاره کوي.	Pashto (Standard)	South Asia	SACOR_01
Birds were chirping in the trees.	مرغۍ په ونو کې چغېدلې.	Pashto (Standard)	South Asia	SACOR_01
She walked slowly through the garden.	هغې په باغ کې ورو ورو تېره شوه.	Pashto (Standard)	South Asia	SACOR_08
Students gathered in the library.	زده کوونکي په کتابتون کې راټول شول.	Pashto (Standard)	South Asia	SACOR_10
Storytelling preserves culture and knowledge.	کیسه ویل د کلتوري او پوهې ساتنه کوي.	Pashto (Standard)	South Asia	SACOR_05
Eating fresh fruits provides essential vitamins.	د تازه میوو خوړل اړین ویتامینونه برابروي.	Pashto (Standard)	South Asia	SACOR_02
Tourism brings revenue to regions with historical sites.	سیاحت د تاریخي سایټونو سیمو ته عاید راولي.	Pashto (Standard)	South Asia	SACOR_10
Regular exercise helps maintain good health.	منظم تمرین د ښه روغتیا ساتلو کې مرسته کوي.	Pashto (Standard)	South Asia	SACOR_04
She cooked delicious biryani for the family.	هغې د کورنۍ لپاره خوندور بریاني پخ کړه.	Pashto (Standard)	South Asia	SACOR_03
People travel long distances to visit religious sites.	خلک د مذهبي سایټونو لیدلو لپاره اوږد فاصلې سفر کوي.	Pashto (Standard)	South Asia	SACOR_05
Train journeys offer scenic views.	د اورګاډو سفرونه د مناظرو لید ورکوي.	Pashto (Standard)	South Asia	SACOR_06
Spices add flavor to traditional dishes.	مسالې دودیزو خوړلو ته خوند ورکوي.	Pashto (Standard)	South Asia	SACOR_04
Elderly people share wisdom and stories.	زړون خلک حکمت او کیسې شریکوي.	Pashto (Standard)	South Asia	SACOR_09
Clear communication prevents misunderstandings.	روښانه اړیکه د ناپوهیو مخه نیسي.	Pashto (Standard)	South Asia	SACOR_02
Digital payments have made transactions faster.	ډیجیټل تادیاتو معاملات ګړندي کړي دي.	Pashto (Standard)	South Asia	SACOR_01
Online shopping has become popular.	آنلاین پلورلې محبوبه شوې ده.	Pashto (Standard)	South Asia	SACOR_10
Agriculture remains the primary source of income.	کرهڼه د عاید اصلي سرچینه پاتې ده.	Pashto (Standard)	South Asia	SACOR_08
Doctors work long hours to treat patients.	داکتران د ناروغانو درملنې لپاره اوږد ساعتونه کار کوي.	Pashto (Standard)	South Asia	SACOR_10
Tea is served to guests as a gesture of hospitality.	د مېلمانو د مېلمستیا د نښې په توګه چای وړاندې کیږي.	Pashto (Standard)	South Asia	SACOR_05
My grandmother told me stories.	زما نیا ما ماته کیسې وړې.	Pashto (Standard)	South Asia	SACOR_02
Traditional music is important for our heritage.	دودیز موسیقي زموږ د میراث لپاره مهمه ده.	Pashto (Standard)	South Asia	SACOR_03
Pollution in cities has become a serious problem.	په ښارونو کې ککړتیا یوه سخت ستونزه شوې ده.	Pashto (Standard)	South Asia	SACOR_03
Respecting elders is an important value.	د زړونو درناوی مهمه ارزښت دی.	Pashto (Standard)	South Asia	SACOR_05
Teachers shape young minds.	استادان د ځوان ذهنونو شکل ورکوي.	Pashto (Standard)	South Asia	SACOR_09
Cooking together brings family members closer.	یوځای پخول د کورنۍ غړو ته نږدې راولي.	Pashto (Standard)	South Asia	SACOR_08
Children learn best when they are interested.	ماشومان غوره زده کوي کله چې دوی علاقه لري.	Pashto (Standard)	South Asia	SACOR_01
Farmers wake up early to tend to crops.	کرهڼه کونکي د محصولاتو پاملرنې لپاره وختي پاړ کېږي.	Pashto (Standard)	South Asia	SACOR_10
Small businesses create employment opportunities.	کوچني سوداګرۍ د دندو فرصتونه رامنځته کوي.	Pashto (Standard)	South Asia	SACOR_09
She received a scholarship to study medicine.	هغې د طب زده کړې لپاره بورسیه ترلاسه کړه.	Pashto (Standard)	South Asia	SACOR_08
Children were playing cricket in the street.	ماشومان په سړک کې کریکټ لوبېدل.	Pashto (Standard)	South Asia	SACOR_03
The bus arrived late.	بس ورو ورو راغله.	Pashto (Standard)	South Asia	SACOR_07
After finishing his work, he sat down.	د خپل کار پای ته رسولو وروسته، ناست شو.	Pashto (Standard)	South Asia	SACOR_05
We decided to visit the old temple.	موږ د پخواني معبد لیدلو پریکړه وکړه.	Pashto (Standard)	South Asia	SACOR_10
The internet connects people across continents.	انټرنیټ د براعظمونو په اوږدو کې خلک سره نښلوي.	Pashto (Standard)	South Asia	SACOR_07
Doctors recommend drinking plenty of water.	داکتران د ډیرو اوبو څښل وړاندیز کوي.	Pashto (Standard)	South Asia	SACOR_04
People celebrate festivals with great joy.	خلک د خوښۍ سره جشنونه لمانځي.	Pashto (Standard)	South Asia	SACOR_03
The river flows peacefully through the valley.	سیند په دره کې په آرامۍ سره بهیږي.	Pashto (Standard)	South Asia	SACOR_03
The wedding ceremony lasted three days.	د واده مراسم درې ورځې دوام وکړ.	Pashto (Standard)	South Asia	SACOR_06
Learning a new language requires practice.	د نوې ژبې زده کړه تمرین ته اړتیا لري.	Pashto (Standard)	South Asia	SACOR_02
The market was crowded with people.	بازار د خلکو سره ډک و.	Pashto (Standard)	South Asia	SACOR_08
The school organized a science fair.	ښوونځي د ساینس نندارې تنظیم کړه.	Pashto (Standard)	South Asia	SACOR_05
Family members support each other during difficult times.	د کورنۍ غړي د ستونزمنو وختونو کې یو بل ساتنه کوي.	Pashto (Standard)	South Asia	SACOR_03
Reading books improves vocabulary.	د کتابونو لوستل د لغت ښه والی کوي.	Pashto (Standard)	South Asia	SACOR_03
Farmers planted rice in the flooded fields.	کرهڼه کونکي د اوبو لاندې کروندو کې وريجې وکړې.	Pashto (Standard)	South Asia	SACOR_05
Education opens doors to opportunities.	زده کړه د فرصتونو دروازې خلاصوي.	Pashto (Standard)	South Asia	SACOR_01
Smartphones have changed how people communicate.	سمارټ فونونو د خلکو د اړیکو لاره بدله کړې ده.	Pashto (Standard)	South Asia	SACOR_05
Sports teach teamwork and discipline.	لوبې د ټیم کار او نظم زده کوي.	Pashto (Standard)	South Asia	SACOR_04
Parents sacrifice their own needs for children.	والدین د ماشومانو لپاره خپل اړتیاوې قربان کوي.	Pashto (Standard)	South Asia	SACOR_03
The professor wrote equations on the blackboard.	پروفیسور په تختې کې معادلې ولیکلې.	Pashto (Standard)	South Asia	SACOR_07
Education opens doors to opportunities.	زده کړه د فرصتونو دروازې خلاصوي.	Pashto (Standard)	South Asia	SACOR_02
Learning a new language requires practice.	د نوې ژبې زده کړه تمرین ته اړتیا لري.	Pashto (Standard)	South Asia	SACOR_02
Children learn best when they are interested.	ماشومان غوره زده کوي کله چې دوی علاقه لري.	Pashto (Standard)	South Asia	SACOR_09
The teacher explained the lesson patiently.	استاد صبر سره درس تشریح کړ.	Pashto (Standard)	South Asia	SACOR_10
Tourism brings revenue to regions with historical sites.	سیاحت د تاریخي سایټونو سیمو ته عاید راولي.	Pashto (Standard)	South Asia	SACOR_01
Parents sacrifice their own needs for children.	والدین د ماشومانو لپاره خپل اړتیاوې قربان کوي.	Pashto (Standard)	South Asia	SACOR_01
Birds were chirping in the trees.	مرغۍ په ونو کې چغېدلې.	Pashto (Standard)	South Asia	SACOR_04
Reading books improves vocabulary.	د کتابونو لوستل د لغت ښه والی کوي.	Pashto (Standard)	South Asia	SACOR_05
Regular exercise helps maintain good health.	منظم تمرین د ښه روغتیا ساتلو کې مرسته کوي.	Pashto (Standard)	South Asia	SACOR_07
Train journeys offer scenic views.	د اورګاډو سفرونه د مناظرو لید ورکوي.	Pashto (Standard)	South Asia	SACOR_09
Tea is served to guests as a gesture of hospitality.	د مېلمانو د مېلمستیا د نښې په توګه چای وړاندې کیږي.	Pashto (Standard)	South Asia	SACOR_07
After finishing his work, he sat down.	د خپل کار پای ته رسولو وروسته، ناست شو.	Pashto (Standard)	South Asia	SACOR_02
Children were playing cricket in the street.	ماشومان په سړک کې کریکټ لوبېدل.	Pashto (Standard)	South Asia	SACOR_07
Cricket is a popular sport.	کریکټ یوه مشهوره لوبه ده.	Pashto (Standard)	South Asia	SACOR_04
The wedding ceremony lasted three days.	د واده مراسم درې ورځې دوام وکړ.	Pashto (Standard)	South Asia	SACOR_01
The river flows peacefully through the valley.	سیند په دره کې په آرامۍ سره بهیږي.	Pashto (Standard)	South Asia	SACOR_08
Clear communication prevents misunderstandings.	روښانه اړیکه د ناپوهیو مخه نیسي.	Pashto (Standard)	South Asia	SACOR_01
Family members support each other during difficult times.	د کورنۍ غړي د ستونزمنو وختونو کې یو بل ساتنه کوي.	Pashto (Standard)	South Asia	SACOR_03
Farmers wake up early to tend to crops.	کرهڼه کونکي د محصولاتو پاملرنې لپاره وختي پاړ کېږي.	Pashto (Standard)	South Asia	SACOR_09
Cooking together brings family members closer.	یوځای پخول د کورنۍ غړو ته نږدې راولي.	Pashto (Standard)	South Asia	SACOR_07
Pollution in cities has become a serious problem.	په ښارونو کې ککړتیا یوه سخت ستونزه شوې ده.	Pashto (Standard)	South Asia	SACOR_08
Online shopping has become popular.	آنلاین پلورلې محبوبه شوې ده.	Pashto (Standard)	South Asia	SACOR_03
Traditional music is important for our heritage.	دودیز موسیقي زموږ د میراث لپاره مهمه ده.	Pashto (Standard)	South Asia	SACOR_01
Elderly people share wisdom and stories.	زړون خلک حکمت او کیسې شریکوي.	Pashto (Standard)	South Asia	SACOR_03
People celebrate festivals with great joy.	خلک د خوښۍ سره جشنونه لمانځي.	Pashto (Standard)	South Asia	SACOR_01
The market was crowded with people.	بازار د خلکو سره ډک و.	Pashto (Standard)	South Asia	SACOR_01
I woke up early this morning.	زه نن سهار وختي پاړ شوم.	Pashto (Standard)	South Asia	SACOR_10
Doctors work long hours to treat patients.	داکتران د ناروغانو درملنې لپاره اوږد ساعتونه کار کوي.	Pashto (Standard)	South Asia	SACOR_06
Agriculture remains the primary source of income.	کرهڼه د عاید اصلي سرچینه پاتې ده.	Pashto (Standard)	South Asia	SACOR_04
People travel long distances to visit religious sites.	خلک د مذهبي سایټونو لیدلو لپاره اوږد فاصلې سفر کوي.	Pashto (Standard)	South Asia	SACOR_07
Storytelling preserves culture and knowledge.	کیسه ویل د کلتوري او پوهې ساتنه کوي.	Pashto (Standard)	South Asia	SACOR_07
Students gathered in the library.	زده کوونکي په کتابتون کې راټول شول.	Pashto (Standard)	South Asia	SACOR_03
The internet connects people across continents.	انټرنیټ د براعظمونو په اوږدو کې خلک سره نښلوي.	Pashto (Standard)	South Asia	SACOR_02
Farmers planted rice in the flooded fields.	کرهڼه کونکي د اوبو لاندې کروندو کې وريجې وکړې.	Pashto (Standard)	South Asia	SACOR_10
Spices add flavor to traditional dishes.	مسالې دودیزو خوړلو ته خوند ورکوي.	Pashto (Standard)	South Asia	SACOR_06
Doctors recommend drinking plenty of water.	داکتران د ډیرو اوبو څښل وړاندیز کوي.	Pashto (Standard)	South Asia	SACOR_04
Teachers shape young minds.	استادان د ځوان ذهنونو شکل ورکوي.	Pashto (Standard)	South Asia	SACOR_07
My grandmother told me stories.	زما نیا ما ماته کیسې وړې.	Pashto (Standard)	South Asia	SACOR_09
Smartphones have changed how people communicate.	سمارټ فونونو د خلکو د اړیکو لاره بدله کړې ده.	Pashto (Standard)	South Asia	SACOR_10
She cooked delicious biryani for the family.	هغې د کورنۍ لپاره خوندور بریاني پخ کړه.	Pashto (Standard)	South Asia	SACOR_01
Eating fresh fruits provides essential vitamins.	د تازه میوو خوړل اړین ویتامینونه برابروي.	Pashto (Standard)	South Asia	SACOR_01
We decided to visit the old temple.	موږ د پخواني معبد لیدلو پریکړه وکړه.	Pashto (Standard)	South Asia	SACOR_06
Respecting elders is an important value.	د زړونو درناوی مهمه ارزښت دی.	Pashto (Standard)	South Asia	SACOR_08
She received a scholarship to study medicine.	هغې د طب زده کړې لپاره بورسیه ترلاسه کړه.	Pashto (Standard)	South Asia	SACOR_08
Sports teach teamwork and discipline.	لوبې د ټیم کار او نظم زده کوي.	Pashto (Standard)	South Asia	SACOR_10
The school organized a science fair.	ښوونځي د ساینس نندارې تنظیم کړه.	Pashto (Standard)	South Asia	SACOR_06
Digital payments have made transactions faster.	ډیجیټل تادیاتو معاملات ګړندي کړي دي.	Pashto (Standard)	South Asia	SACOR_01
Handicrafts showcase artistic traditions.	دستي کارونه هنري دودونه ښکاره کوي.	Pashto (Standard)	South Asia	SACOR_01
She walked slowly through the garden.	هغې په باغ کې ورو ورو تېره شوه.	Pashto (Standard)	South Asia	SACOR_02
The professor wrote equations on the blackboard.	پروفیسور په تختې کې معادلې ولیکلې.	Pashto (Standard)	South Asia	SACOR_08
The bus arrived late.	بس ورو ورو راغله.	Pashto (Standard)	South Asia	SACOR_04
Small businesses create employment opportunities.	کوچني سوداګرۍ د دندو فرصتونه رامنځته کوي.	Pashto (Standard)	South Asia	SACOR_03
The forest is home to many wild animals.	ځنګل د ډیرو وحشي حیواناتو کور دی.	Pashto (Standard)	South Asia	SACOR_06
The professor wrote equations on the blackboard.	پروفیسور په تختې کې معادلې ولیکلې.	Pashto (Standard)	South Asia	SACOR_10
The forest is home to many wild animals.	ځنګل د ډیرو وحشي حیواناتو کور دی.	Pashto (Standard)	South Asia	SACOR_01
Education opens doors to opportunities.	زده کړه د فرصتونو دروازې خلاصوي.	Pashto (Standard)	South Asia	SACOR_01
The bus arrived late.	بس ورو ورو راغله.	Pashto (Standard)	South Asia	SACOR_08
Storytelling preserves culture and knowledge.	کیسه ویل د کلتوري او پوهې ساتنه کوي.	Pashto (Standard)	South Asia	SACOR_04
She walked slowly through the garden.	هغې په باغ کې ورو ورو تېره شوه.	Pashto (Standard)	South Asia	SACOR_10
Farmers wake up early to tend to crops.	کرهڼه کونکي د محصولاتو پاملرنې لپاره وختي پاړ کېږي.	Pashto (Standard)	South Asia	SACOR_08
Small businesses create employment opportunities.	کوچني سوداګرۍ د دندو فرصتونه رامنځته کوي.	Pashto (Standard)	South Asia	SACOR_02
The teacher explained the lesson patiently.	استاد صبر سره درس تشریح کړ.	Pashto (Standard)	South Asia	SACOR_04
Children were playing cricket in the street.	ماشومان په سړک کې کریکټ لوبېدل.	Pashto (Standard)	South Asia	SACOR_01
Teachers shape young minds.	استادان د ځوان ذهنونو شکل ورکوي.	Pashto (Standard)	South Asia	SACOR_08
Traditional music is important for our heritage.	دودیز موسیقي زموږ د میراث لپاره مهمه ده.	Pashto (Standard)	South Asia	SACOR_03
Tourism brings revenue to regions with historical sites.	سیاحت د تاریخي سایټونو سیمو ته عاید راولي.	Pashto (Standard)	South Asia	SACOR_03
The wedding ceremony lasted three days.	د واده مراسم درې ورځې دوام وکړ.	Pashto (Standard)	South Asia	SACOR_02
Handicrafts showcase artistic traditions.	دستي کارونه هنري دودونه ښکاره کوي.	Pashto (Standard)	South Asia	SACOR_02
Clear communication prevents misunderstandings.	روښانه اړیکه د ناپوهیو مخه نیسي.	Pashto (Standard)	South Asia	SACOR_04
I woke up early this morning.	زه نن سهار وختي پاړ شوم.	Pashto (Standard)	South Asia	SACOR_09
She received a scholarship to study medicine.	هغې د طب زده کړې لپاره بورسیه ترلاسه کړه.	Pashto (Standard)	South Asia	SACOR_07
The school organized a science fair.	ښوونځي د ساینس نندارې تنظیم کړه.	Pashto (Standard)	South Asia	SACOR_10
The internet connects people across continents.	انټرنیټ د براعظمونو په اوږدو کې خلک سره نښلوي.	Pashto (Standard)	South Asia	SACOR_01
Smartphones have changed how people communicate.	سمارټ فونونو د خلکو د اړیکو لاره بدله کړې ده.	Pashto (Standard)	South Asia	SACOR_09
Children learn best when they are interested.	ماشومان غوره زده کوي کله چې دوی علاقه لري.	Pashto (Standard)	South Asia	SACOR_08
Learning a new language requires practice.	د نوې ژبې زده کړه تمرین ته اړتیا لري.	Pashto (Standard)	South Asia	SACOR_02
Cooking together brings family members closer.	یوځای پخول د کورنۍ غړو ته نږدې راولي.	Pashto (Standard)	South Asia	SACOR_07
The market was crowded with people.	بازار د خلکو سره ډک و.	Pashto (Standard)	South Asia	SACOR_08
Birds were chirping in the trees.	مرغۍ په ونو کې چغېدلې.	Pashto (Standard)	South Asia	SACOR_03
Cricket is a popular sport.	کریکټ یوه مشهوره لوبه ده.	Pashto (Standard)	South Asia	SACOR_03
Eating fresh fruits provides essential vitamins.	د تازه میوو خوړل اړین ویتامینونه برابروي.	Pashto (Standard)	South Asia	SACOR_02
Sports teach teamwork and discipline.	لوبې د ټیم کار او نظم زده کوي.	Pashto (Standard)	South Asia	SACOR_01
Elderly people share wisdom and stories.	زړون خلک حکمت او کیسې شریکوي.	Pashto (Standard)	South Asia	SACOR_05
Doctors work long hours to treat patients.	داکتران د ناروغانو درملنې لپاره اوږد ساعتونه کار کوي.	Pashto (Standard)	South Asia	SACOR_06
Parents sacrifice their own needs for children.	والدین د ماشومانو لپاره خپل اړتیاوې قربان کوي.	Pashto (Standard)	South Asia	SACOR_05
My grandmother told me stories.	زما نیا ما ماته کیسې وړې.	Pashto (Standard)	South Asia	SACOR_07
Digital payments have made transactions faster.	ډیجیټل تادیاتو معاملات ګړندي کړي دي.	Pashto (Standard)	South Asia	SACOR_02
People travel long distances to visit religious sites.	خلک د مذهبي سایټونو لیدلو لپاره اوږد فاصلې سفر کوي.	Pashto (Standard)	South Asia	SACOR_08
Online shopping has become popular.	آنلاین پلورلې محبوبه شوې ده.	Pashto (Standard)	South Asia	SACOR_02
Respecting elders is an important value.	د زړونو درناوی مهمه ارزښت دی.	Pashto (Standard)	South Asia	SACOR_10
Agriculture remains the primary source of income.	کرهڼه د عاید اصلي سرچینه پاتې ده.	Pashto (Standard)	South Asia	SACOR_03
Family members support each other during difficult times.	د کورنۍ غړي د ستونزمنو وختونو کې یو بل ساتنه کوي.	Pashto (Standard)	South Asia	SACOR_09
She cooked delicious biryani for the family.	هغې د کورنۍ لپاره خوندور بریاني پخ کړه.	Pashto (Standard)	South Asia	SACOR_02
Doctors recommend drinking plenty of water.	داکتران د ډیرو اوبو څښل وړاندیز کوي.	Pashto (Standard)	South Asia	SACOR_08
We decided to visit the old temple.	موږ د پخواني معبد لیدلو پریکړه وکړه.	Pashto (Standard)	South Asia	SACOR_01
Students gathered in the library.	زده کوونکي په کتابتون کې راټول شول.	Pashto (Standard)	South Asia	SACOR_08
Reading books improves vocabulary.	د کتابونو لوستل د لغت ښه والی کوي.	Pashto (Standard)	South Asia	SACOR_05
Train journeys offer scenic views.	د اورګاډو سفرونه د مناظرو لید ورکوي.	Pashto (Standard)	South Asia	SACOR_05
The river flows peacefully through the valley.	سیند په دره کې په آرامۍ سره بهیږي.	Pashto (Standard)	South Asia	SACOR_04
Spices add flavor to traditional dishes.	مسالې دودیزو خوړلو ته خوند ورکوي.	Pashto (Standard)	South Asia	SACOR_07
Regular exercise helps maintain good health.	منظم تمرین د ښه روغتیا ساتلو کې مرسته کوي.	Pashto (Standard)	South Asia	SACOR_01
After finishing his work, he sat down.	د خپل کار پای ته رسولو وروسته، ناست شو.	Pashto (Standard)	South Asia	SACOR_03
Tea is served to guests as a gesture of hospitality.	د مېلمانو د مېلمستیا د نښې په توګه چای وړاندې کیږي.	Pashto (Standard)	South Asia	SACOR_04
People celebrate festivals with great joy.	خلک د خوښۍ سره جشنونه لمانځي.	Pashto (Standard)	South Asia	SACOR_05
Farmers planted rice in the flooded fields.	کرهڼه کونکي د اوبو لاندې کروندو کې وريجې وکړې.	Pashto (Standard)	South Asia	SACOR_05
Pollution in cities has become a serious problem.	په ښارونو کې ککړتیا یوه سخت ستونزه شوې ده.	Pashto (Standard)	South Asia	SACOR_03
Tourism brings revenue to regions with historical sites.	سیاحت د تاریخي سایټونو سیمو ته عاید راولي.	Pashto (Standard)	South Asia	SACOR_03
Handicrafts showcase artistic traditions.	دستي کارونه هنري دودونه ښکاره کوي.	Pashto (Standard)	South Asia	SACOR_06
Family members support each other during difficult times.	د کورنۍ غړي د ستونزمنو وختونو کې یو بل ساتنه کوي.	Pashto (Standard)	South Asia	SACOR_03
Doctors work long hours to treat patients.	داکتران د ناروغانو درملنې لپاره اوږد ساعتونه کار کوي.	Pashto (Standard)	South Asia	SACOR_02
Respecting elders is an important value.	د زړونو درناوی مهمه ارزښت دی.	Pashto (Standard)	South Asia	SACOR_07
People travel long distances to visit religious sites.	خلک د مذهبي سایټونو لیدلو لپاره اوږد فاصلې سفر کوي.	Pashto (Standard)	South Asia	SACOR_01
The bus arrived late.	بس ورو ورو راغله.	Pashto (Standard)	South Asia	SACOR_03
Small businesses create employment opportunities.	کوچني سوداګرۍ د دندو فرصتونه رامنځته کوي.	Pashto (Standard)	South Asia	SACOR_06
Train journeys offer scenic views.	د اورګاډو سفرونه د مناظرو لید ورکوي.	Pashto (Standard)	South Asia	SACOR_03
Smartphones have changed how people communicate.	سمارټ فونونو د خلکو د اړیکو لاره بدله کړې ده.	Pashto (Standard)	South Asia	SACOR_04
Digital payments have made transactions faster.	ډیجیټل تادیاتو معاملات ګړندي کړي دي.	Pashto (Standard)	South Asia	SACOR_10
Pollution in cities has become a serious problem.	په ښارونو کې ککړتیا یوه سخت ستونزه شوې ده.	Pashto (Standard)	South Asia	SACOR_05
Learning a new language requires practice.	د نوې ژبې زده کړه تمرین ته اړتیا لري.	Pashto (Standard)	South Asia	SACOR_02
The river flows peacefully through the valley.	سیند په دره کې په آرامۍ سره بهیږي.	Pashto (Standard)	South Asia	SACOR_03
The forest is home to many wild animals.	ځنګل د ډیرو وحشي حیواناتو کور دی.	Pashto (Standard)	South Asia	SACOR_01
Cooking together brings family members closer.	یوځای پخول د کورنۍ غړو ته نږدې راولي.	Pashto (Standard)	South Asia	SACOR_10
My grandmother told me stories.	زما نیا ما ماته کیسې وړې.	Pashto (Standard)	South Asia	SACOR_05
We decided to visit the old temple.	موږ د پخواني معبد لیدلو پریکړه وکړه.	Pashto (Standard)	South Asia	SACOR_05
Reading books improves vocabulary.	د کتابونو لوستل د لغت ښه والی کوي.	Pashto (Standard)	South Asia	SACOR_08
I woke up early this morning.	زه نن سهار وختي پاړ شوم.	Pashto (Standard)	South Asia	SACOR_08
The professor wrote equations on the blackboard.	پروفیسور په تختې کې معادلې ولیکلې.	Pashto (Standard)	South Asia	SACOR_03
Doctors recommend drinking plenty of water.	داکتران د ډیرو اوبو څښل وړاندیز کوي.	Pashto (Standard)	South Asia	SACOR_07
Spices add flavor to traditional dishes.	مسالې دودیزو خوړلو ته خوند ورکوي.	Pashto (Standard)	South Asia	SACOR_10
Tea is served to guests as a gesture of hospitality.	د مېلمانو د مېلمستیا د نښې په توګه چای وړاندې کیږي.	Pashto (Standard)	South Asia	SACOR_01
Sports teach teamwork and discipline.	لوبې د ټیم کار او نظم زده کوي.	Pashto (Standard)	South Asia	SACOR_04
Farmers wake up early to tend to crops.	کرهڼه کونکي د محصولاتو پاملرنې لپاره وختي پاړ کېږي.	Pashto (Standard)	South Asia	SACOR_03
The internet connects people across continents.	انټرنیټ د براعظمونو په اوږدو کې خلک سره نښلوي.	Pashto (Standard)	South Asia	SACOR_07
Teachers shape young minds.	استادان د ځوان ذهنونو شکل ورکوي.	Pashto (Standard)	South Asia	SACOR_06
The teacher explained the lesson patiently.	استاد صبر سره درس تشریح کړ.	Pashto (Standard)	South Asia	SACOR_06
The school organized a science fair.	ښوونځي د ساینس نندارې تنظیم کړه.	Pashto (Standard)	South Asia	SACOR_02
The market was crowded with people.	بازار د خلکو سره ډک و.	Pashto (Standard)	South Asia	SACOR_04
Online shopping has become popular.	آنلاین پلورلې محبوبه شوې ده.	Pashto (Standard)	South Asia	SACOR_03
Storytelling preserves culture and knowledge.	کیسه ویل د کلتوري او پوهې ساتنه کوي.	Pashto (Standard)	South Asia	SACOR_08
She walked slowly through the garden.	هغې په باغ کې ورو ورو تېره شوه.	Pashto (Standard)	South Asia	SACOR_07
Cricket is a popular sport.	کریکټ یوه مشهوره لوبه ده.	Pashto (Standard)	South Asia	SACOR_02
Students gathered in the library.	زده کوونکي په کتابتون کې راټول شول.	Pashto (Standard)	South Asia	SACOR_08
Birds were chirping in the trees.	مرغۍ په ونو کې چغېدلې.	Pashto (Standard)	South Asia	SACOR_10
Parents sacrifice their own needs for children.	والدین د ماشومانو لپاره خپل اړتیاوې قربان کوي.	Pashto (Standard)	South Asia	SACOR_05
Children were playing cricket in the street.	ماشومان په سړک کې کریکټ لوبېدل.	Pashto (Standard)	South Asia	SACOR_09
Traditional music is important for our heritage.	دودیز موسیقي زموږ د میراث لپاره مهمه ده.	Pashto (Standard)	South Asia	SACOR_01
Farmers planted rice in the flooded fields.	کرهڼه کونکي د اوبو لاندې کروندو کې وريجې وکړې.	Pashto (Standard)	South Asia	SACOR_03
She received a scholarship to study medicine.	هغې د طب زده کړې لپاره بورسیه ترلاسه کړه.	Pashto (Standard)	South Asia	SACOR_05
Regular exercise helps maintain good health.	منظم تمرین د ښه روغتیا ساتلو کې مرسته کوي.	Pashto (Standard)	South Asia	SACOR_06
Education opens doors to opportunities.	زده کړه د فرصتونو دروازې خلاصوي.	Pashto (Standard)	South Asia	SACOR_06
Clear communication prevents misunderstandings.	روښانه اړیکه د ناپوهیو مخه نیسي.	Pashto (Standard)	South Asia	SACOR_10
Elderly people share wisdom and stories.	زړون خلک حکمت او کیسې شریکوي.	Pashto (Standard)	South Asia	SACOR_09
Children learn best when they are interested.	ماشومان غوره زده کوي کله چې دوی علاقه لري.	Pashto (Standard)	South Asia	SACOR_06
After finishing his work, he sat down.	د خپل کار پای ته رسولو وروسته، ناست شو.	Pashto (Standard)	South Asia	SACOR_02
Agriculture remains the primary source of income.	کرهڼه د عاید اصلي سرچینه پاتې ده.	Pashto (Standard)	South Asia	SACOR_07
People celebrate festivals with great joy.	خلک د خوښۍ سره جشنونه لمانځي.	Pashto (Standard)	South Asia	SACOR_01
The wedding ceremony lasted three days.	د واده مراسم درې ورځې دوام وکړ.	Pashto (Standard)	South Asia	SACOR_03
She cooked delicious biryani for the family.	هغې د کورنۍ لپاره خوندور بریاني پخ کړه.	Pashto (Standard)	South Asia	SACOR_02
Eating fresh fruits provides essential vitamins.	د تازه میوو خوړل اړین ویتامینونه برابروي.	Pashto (Standard)	South Asia	SACOR_02
The bus arrived late.	بس ورو ورو راغله.	Pashto (Standard)	South Asia	SACOR_10
Pollution in cities has become a serious problem.	په ښارونو کې ککړتیا یوه سخت ستونزه شوې ده.	Pashto (Standard)	South Asia	SACOR_02
Cricket is a popular sport.	کریکټ یوه مشهوره لوبه ده.	Pashto (Standard)	South Asia	SACOR_06
Farmers wake up early to tend to crops.	کرهڼه کونکي د محصولاتو پاملرنې لپاره وختي پاړ کېږي.	Pashto (Standard)	South Asia	SACOR_09
She received a scholarship to study medicine.	هغې د طب زده کړې لپاره بورسیه ترلاسه کړه.	Pashto (Standard)	South Asia	SACOR_10
Elderly people share wisdom and stories.	زړون خلک حکمت او کیسې شریکوي.	Pashto (Standard)	South Asia	SACOR_02
She walked slowly through the garden.	هغې په باغ کې ورو ورو تېره شوه.	Pashto (Standard)	South Asia	SACOR_03
The teacher explained the lesson patiently.	استاد صبر سره درس تشریح کړ.	Pashto (Standard)	South Asia	SACOR_07
Smartphones have changed how people communicate.	سمارټ فونونو د خلکو د اړیکو لاره بدله کړې ده.	Pashto (Standard)	South Asia	SACOR_09
Birds were chirping in the trees.	مرغۍ په ونو کې چغېدلې.	Pashto (Standard)	South Asia	SACOR_07
Tourism brings revenue to regions with historical sites.	سیاحت د تاریخي سایټونو سیمو ته عاید راولي.	Pashto (Standard)	South Asia	SACOR_05
Tea is served to guests as a gesture of hospitality.	د مېلمانو د مېلمستیا د نښې په توګه چای وړاندې کیږي.	Pashto (Standard)	South Asia	SACOR_10
Family members support each other during difficult times.	د کورنۍ غړي د ستونزمنو وختونو کې یو بل ساتنه کوي.	Pashto (Standard)	South Asia	SACOR_09
The market was crowded with people.	بازار د خلکو سره ډک و.	Pashto (Standard)	South Asia	SACOR_07
Children were playing cricket in the street.	ماشومان په سړک کې کریکټ لوبېدل.	Pashto (Standard)	South Asia	SACOR_05
The internet connects people across continents.	انټرنیټ د براعظمونو په اوږدو کې خلک سره نښلوي.	Pashto (Standard)	South Asia	SACOR_08
Clear communication prevents misunderstandings.	روښانه اړیکه د ناپوهیو مخه نیسي.	Pashto (Standard)	South Asia	SACOR_09
Sports teach teamwork and discipline.	لوبې د ټیم کار او نظم زده کوي.	Pashto (Standard)	South Asia	SACOR_07
Cooking together brings family members closer.	یوځای پخول د کورنۍ غړو ته نږدې راولي.	Pashto (Standard)	South Asia	SACOR_09
After finishing his work, he sat down.	د خپل کار پای ته رسولو وروسته، ناست شو.	Pashto (Standard)	South Asia	SACOR_07
I woke up early this morning.	زه نن سهار وختي پاړ شوم.	Pashto (Standard)	South Asia	SACOR_03
We decided to visit the old temple.	موږ د پخواني معبد لیدلو پریکړه وکړه.	Pashto (Standard)	South Asia	SACOR_04
People travel long distances to visit religious sites.	خلک د مذهبي سایټونو لیدلو لپاره اوږد فاصلې سفر کوي.	Pashto (Standard)	South Asia	SACOR_08
The school organized a science fair.	ښوونځي د ساینس نندارې تنظیم کړه.	Pashto (Standard)	South Asia	SACOR_07
Doctors recommend drinking plenty of water.	داکتران د ډیرو اوبو څښل وړاندیز کوي.	Pashto (Standard)	South Asia	SACOR_01
Traditional music is important for our heritage.	دودیز موسیقي زموږ د میراث لپاره مهمه ده.	Pashto (Standard)	South Asia	SACOR_01
Handicrafts showcase artistic traditions.	دستي کارونه هنري دودونه ښکاره کوي.	Pashto (Standard)	South Asia	SACOR_09
The forest is home to many wild animals.	ځنګل د ډیرو وحشي حیواناتو کور دی.	Pashto (Standard)	South Asia	SACOR_09
Farmers planted rice in the flooded fields.	کرهڼه کونکي د اوبو لاندې کروندو کې وريجې وکړې.	Pashto (Standard)	South Asia	SACOR_05
Regular exercise helps maintain good health.	منظم تمرین د ښه روغتیا ساتلو کې مرسته کوي.	Pashto (Standard)	South Asia	SACOR_05
Reading books improves vocabulary.	د کتابونو لوستل د لغت ښه والی کوي.	Pashto (Standard)	South Asia	SACOR_08
Students gathered in the library.	زده کوونکي په کتابتون کې راټول شول.	Pashto (Standard)	South Asia	SACOR_05
The river flows peacefully through the valley.	سیند په دره کې په آرامۍ سره بهیږي.	Pashto (Standard)	South Asia	SACOR_01
Parents sacrifice their own needs for children.	والدین د ماشومانو لپاره خپل اړتیاوې قربان کوي.	Pashto (Standard)	South Asia	SACOR_09
Agriculture remains the primary source of income.	کرهڼه د عاید اصلي سرچینه پاتې ده.	Pashto (Standard)	South Asia	SACOR_04
Respecting elders is an important value.	د زړونو درناوی مهمه ارزښت دی.	Pashto (Standard)	South Asia	SACOR_08
She cooked delicious biryani for the family.	هغې د کورنۍ لپاره خوندور بریاني پخ کړه.	Pashto (Standard)	South Asia	SACOR_09
Teachers shape young minds.	استادان د ځوان ذهنونو شکل ورکوي.	Pashto (Standard)	South Asia	SACOR_02
Education opens doors to opportunities.	زده کړه د فرصتونو دروازې خلاصوي.	Pashto (Standard)	South Asia	SACOR_10
The wedding ceremony lasted three days.	د واده مراسم درې ورځې دوام وکړ.	Pashto (Standard)	South Asia	SACOR_02
My grandmother told me stories.	زما نیا ما ماته کیسې وړې.	Pashto (Standard)	South Asia	SACOR_10
Storytelling preserves culture and knowledge.	کیسه ویل د کلتوري او پوهې ساتنه کوي.	Pashto (Standard)	South Asia	SACOR_01
Doctors work long hours to treat patients.	داکتران د ناروغانو درملنې لپاره اوږد ساعتونه کار کوي.	Pashto (Standard)	South Asia	SACOR_08
Train journeys offer scenic views.	د اورګاډو سفرونه د مناظرو لید ورکوي.	Pashto (Standard)	South Asia	SACOR_05
People celebrate festivals with great joy.	خلک د خوښۍ سره جشنونه لمانځي.	Pashto (Standard)	South Asia	SACOR_10
Learning a new language requires practice.	د نوې ژبې زده کړه تمرین ته اړتیا لري.	Pashto (Standard)	South Asia	SACOR_10
Eating fresh fruits provides essential vitamins.	د تازه میوو خوړل اړین ویتامینونه برابروي.	Pashto (Standard)	South Asia	SACOR_03
Children learn best when they are interested.	ماشومان غوره زده کوي کله چې دوی علاقه لري.	Pashto (Standard)	South Asia	SACOR_02
Digital payments have made transactions faster.	ډیجیټل تادیاتو معاملات ګړندي کړي دي.	Pashto (Standard)	South Asia	SACOR_07
Online shopping has become popular.	آنلاین پلورلې محبوبه شوې ده.	Pashto (Standard)	South Asia	SACOR_05
Small businesses create employment opportunities.	کوچني سوداګرۍ د دندو فرصتونه رامنځته کوي.	Pashto (Standard)	South Asia	SACOR_01
The professor wrote equations on the blackboard.	پروفیسور په تختې کې معادلې ولیکلې.	Pashto (Standard)	South Asia	SACOR_01
Spices add flavor to traditional dishes.	مسالې دودیزو خوړلو ته خوند ورکوي.	Pashto (Standard)	South Asia	SACOR_07
Family members support each other during difficult times.	د کورنۍ غړي د ستونزمنو وختونو کې یو بل ساتنه کوي.	Pashto (Standard)	South Asia	SACOR_10
Pollution in cities has become a serious problem.	په ښارونو کې ککړتیا یوه سخت ستونزه شوې ده.	Pashto (Standard)	South Asia	SACOR_09
My grandmother told me stories.	زما نیا ما ماته کیسې وړې.	Pashto (Standard)	South Asia	SACOR_04
The teacher explained the lesson patiently.	استاد صبر سره درس تشریح کړ.	Pashto (Standard)	South Asia	SACOR_07
The school organized a science fair.	ښوونځي د ساینس نندارې تنظیم کړه.	Pashto (Standard)	South Asia	SACOR_10
Children learn best when they are interested.	ماشومان غوره زده کوي کله چې دوی علاقه لري.	Pashto (Standard)	South Asia	SACOR_03
Parents sacrifice their own needs for children.	والدین د ماشومانو لپاره خپل اړتیاوې قربان کوي.	Pashto (Standard)	South Asia	SACOR_04
Students gathered in the library.	زده کوونکي په کتابتون کې راټول شول.	Pashto (Standard)	South Asia	SACOR_06
Teachers shape young minds.	استادان د ځوان ذهنونو شکل ورکوي.	Pashto (Standard)	South Asia	SACOR_04
Storytelling preserves culture and knowledge.	کیسه ویل د کلتوري او پوهې ساتنه کوي.	Pashto (Standard)	South Asia	SACOR_05
She cooked delicious biryani for the family.	هغې د کورنۍ لپاره خوندور بریاني پخ کړه.	Pashto (Standard)	South Asia	SACOR_09
Farmers planted rice in the flooded fields.	کرهڼه کونکي د اوبو لاندې کروندو کې وريجې وکړې.	Pashto (Standard)	South Asia	SACOR_05
Sports teach teamwork and discipline.	لوبې د ټیم کار او نظم زده کوي.	Pashto (Standard)	South Asia	SACOR_09
Train journeys offer scenic views.	د اورګاډو سفرونه د مناظرو لید ورکوي.	Pashto (Standard)	South Asia	SACOR_07
Cooking together brings family members closer.	یوځای پخول د کورنۍ غړو ته نږدې راولي.	Pashto (Standard)	South Asia	SACOR_05
The bus arrived late.	بس ورو ورو راغله.	Pashto (Standard)	South Asia	SACOR_08
Tourism brings revenue to regions with historical sites.	سیاحت د تاریخي سایټونو سیمو ته عاید راولي.	Pashto (Standard)	South Asia	SACOR_01
The internet connects people across continents.	انټرنیټ د براعظمونو په اوږدو کې خلک سره نښلوي.	Pashto (Standard)	South Asia	SACOR_09
Smartphones have changed how people communicate.	سمارټ فونونو د خلکو د اړیکو لاره بدله کړې ده.	Pashto (Standard)	South Asia	SACOR_03
Regular exercise helps maintain good health.	منظم تمرین د ښه روغتیا ساتلو کې مرسته کوي.	Pashto (Standard)	South Asia	SACOR_02
People travel long distances to visit religious sites.	خلک د مذهبي سایټونو لیدلو لپاره اوږد فاصلې سفر کوي.	Pashto (Standard)	South Asia	SACOR_04
Spices add flavor to traditional dishes.	مسالې دودیزو خوړلو ته خوند ورکوي.	Pashto (Standard)	South Asia	SACOR_10
Children were playing cricket in the street.	ماشومان په سړک کې کریکټ لوبېدل.	Pashto (Standard)	South Asia	SACOR_09
After finishing his work, he sat down.	د خپل کار پای ته رسولو وروسته، ناست شو.	Pashto (Standard)	South Asia	SACOR_07
Small businesses create employment opportunities.	کوچني سوداګرۍ د دندو فرصتونه رامنځته کوي.	Pashto (Standard)	South Asia	SACOR_06
I woke up early this morning.	زه نن سهار وختي پاړ شوم.	Pashto (Standard)	South Asia	SACOR_05
Handicrafts showcase artistic traditions.	دستي کارونه هنري دودونه ښکاره کوي.	Pashto (Standard)	South Asia	SACOR_07
Agriculture remains the primary source of income.	کرهڼه د عاید اصلي سرچینه پاتې ده.	Pashto (Standard)	South Asia	SACOR_03
Eating fresh fruits provides essential vitamins.	د تازه میوو خوړل اړین ویتامینونه برابروي.	Pashto (Standard)	South Asia	SACOR_03
Digital payments have made transactions faster.	ډیجیټل تادیاتو معاملات ګړندي کړي دي.	Pashto (Standard)	South Asia	SACOR_01
Reading books improves vocabulary.	د کتابونو لوستل د لغت ښه والی کوي.	Pashto (Standard)	South Asia	SACOR_03
Respecting elders is an important value.	د زړونو درناوی مهمه ارزښت دی.	Pashto (Standard)	South Asia	SACOR_02
Education opens doors to opportunities.	زده کړه د فرصتونو دروازې خلاصوي.	Pashto (Standard)	South Asia	SACOR_03
Elderly people share wisdom and stories.	زړون خلک حکمت او کیسې شریکوي.	Pashto (Standard)	South Asia	SACOR_04
Birds were chirping in the trees.	مرغۍ په ونو کې چغېدلې.	Pashto (Standard)	South Asia	SACOR_08
People celebrate festivals with great joy.	خلک د خوښۍ سره جشنونه لمانځي.	Pashto (Standard)	South Asia	SACOR_03
Online shopping has become popular.	آنلاین پلورلې محبوبه شوې ده.	Pashto (Standard)	South Asia	SACOR_01
We decided to visit the old temple.	موږ د پخواني معبد لیدلو پریکړه وکړه.	Pashto (Standard)	South Asia	SACOR_06
The market was crowded with people.	بازار د خلکو سره ډک و.	Pashto (Standard)	South Asia	SACOR_06
Learning a new language requires practice.	د نوې ژبې زده کړه تمرین ته اړتیا لري.	Pashto (Standard)	South Asia	SACOR_01
Clear communication prevents misunderstandings.	روښانه اړیکه د ناپوهیو مخه نیسي.	Pashto (Standard)	South Asia	SACOR_04
Cricket is a popular sport.	کریکټ یوه مشهوره لوبه ده.	Pashto (Standard)	South Asia	SACOR_04
Doctors recommend drinking plenty of water.	داکتران د ډیرو اوبو څښل وړاندیز کوي.	Pashto (Standard)	South Asia	SACOR_01
The forest is home to many wild animals.	ځنګل د ډیرو وحشي حیواناتو کور دی.	Pashto (Standard)	South Asia	SACOR_01
Traditional music is important for our heritage.	دودیز موسیقي زموږ د میراث لپاره مهمه ده.	Pashto (Standard)	South Asia	SACOR_01
Tea is served to guests as a gesture of hospitality.	د مېلمانو د مېلمستیا د نښې په توګه چای وړاندې کیږي.	Pashto (Standard)	South Asia	SACOR_01
Doctors work long hours to treat patients.	داکتران د ناروغانو درملنې لپاره اوږد ساعتونه کار کوي.	Pashto (Standard)	South Asia	SACOR_09
She received a scholarship to study medicine.	هغې د طب زده کړې لپاره بورسیه ترلاسه کړه.	Pashto (Standard)	South Asia	SACOR_09
The wedding ceremony lasted three days.	د واده مراسم درې ورځې دوام وکړ.	Pashto (Standard)	South Asia	SACOR_07
The professor wrote equations on the blackboard.	پروفیسور په تختې کې معادلې ولیکلې.	Pashto (Standard)	South Asia	SACOR_04
She walked slowly through the garden.	هغې په باغ کې ورو ورو تېره شوه.	Pashto (Standard)	South Asia	SACOR_05
The river flows peacefully through the valley.	سیند په دره کې په آرامۍ سره بهیږي.	Pashto (Standard)	South Asia	SACOR_07
Farmers wake up early to tend to crops.	کرهڼه کونکي د محصولاتو پاملرنې لپاره وختي پاړ کېږي.	Pashto (Standard)	South Asia	SACOR_08
Elderly people share wisdom and stories.	زړون خلک حکمت او کیسې شریکوي.	Pashto (Standard)	South Asia	SACOR_04
Spices add flavor to traditional dishes.	مسالې دودیزو خوړلو ته خوند ورکوي.	Pashto (Standard)	South Asia	SACOR_10
Smartphones have changed how people communicate.	سمارټ فونونو د خلکو د اړیکو لاره بدله کړې ده.	Pashto (Standard)	South Asia	SACOR_02
Birds were chirping in the trees.	مرغۍ په ونو کې چغېدلې.	Pashto (Standard)	South Asia	SACOR_10
Cricket is a popular sport.	کریکټ یوه مشهوره لوبه ده.	Pashto (Standard)	South Asia	SACOR_01
Regular exercise helps maintain good health.	منظم تمرین د ښه روغتیا ساتلو کې مرسته کوي.	Pashto (Standard)	South Asia	SACOR_01
I woke up early this morning.	زه نن سهار وختي پاړ شوم.	Pashto (Standard)	South Asia	SACOR_09
Traditional music is important for our heritage.	دودیز موسیقي زموږ د میراث لپاره مهمه ده.	Pashto (Standard)	South Asia	SACOR_09
Family members support each other during difficult times.	د کورنۍ غړي د ستونزمنو وختونو کې یو بل ساتنه کوي.	Pashto (Standard)	South Asia	SACOR_10
Doctors recommend drinking plenty of water.	داکتران د ډیرو اوبو څښل وړاندیز کوي.	Pashto (Standard)	South Asia	SACOR_10
The bus arrived late.	بس ورو ورو راغله.	Pashto (Standard)	South Asia	SACOR_02
Respecting elders is an important value.	د زړونو درناوی مهمه ارزښت دی.	Pashto (Standard)	South Asia	SACOR_02
Doctors work long hours to treat patients.	داکتران د ناروغانو درملنې لپاره اوږد ساعتونه کار کوي.	Pashto (Standard)	South Asia	SACOR_05
People celebrate festivals with great joy.	خلک د خوښۍ سره جشنونه لمانځي.	Pashto (Standard)	South Asia	SACOR_02
The professor wrote equations on the blackboard.	پروفیسور په تختې کې معادلې ولیکلې.	Pashto (Standard)	South Asia	SACOR_07
Education opens doors to opportunities.	زده کړه د فرصتونو دروازې خلاصوي.	Pashto (Standard)	South Asia	SACOR_01
Clear communication prevents misunderstandings.	روښانه اړیکه د ناپوهیو مخه نیسي.	Pashto (Standard)	South Asia	SACOR_01
The market was crowded with people.	بازار د خلکو سره ډک و.	Pashto (Standard)	South Asia	SACOR_10
Online shopping has become popular.	آنلاین پلورلې محبوبه شوې ده.	Pashto (Standard)	South Asia	SACOR_02
Students gathered in the library.	زده کوونکي په کتابتون کې راټول شول.	Pashto (Standard)	South Asia	SACOR_07
Handicrafts showcase artistic traditions.	دستي کارونه هنري دودونه ښکاره کوي.	Pashto (Standard)	South Asia	SACOR_10
Digital payments have made transactions faster.	ډیجیټل تادیاتو معاملات ګړندي کړي دي.	Pashto (Standard)	South Asia	SACOR_03
My grandmother told me stories.	زما نیا ما ماته کیسې وړې.	Pashto (Standard)	South Asia	SACOR_04
Cooking together brings family members closer.	یوځای پخول د کورنۍ غړو ته نږدې راولي.	Pashto (Standard)	South Asia	SACOR_03
Children learn best when they are interested.	ماشومان غوره زده کوي کله چې دوی علاقه لري.	Pashto (Standard)	South Asia	SACOR_08
Train journeys offer scenic views.	د اورګاډو سفرونه د مناظرو لید ورکوي.	Pashto (Standard)	South Asia	SACOR_04
The forest is home to many wild animals.	ځنګل د ډیرو وحشي حیواناتو کور دی.	Pashto (Standard)	South Asia	SACOR_08
People travel long distances to visit religious sites.	خلک د مذهبي سایټونو لیدلو لپاره اوږد فاصلې سفر کوي.	Pashto (Standard)	South Asia	SACOR_10
She walked slowly through the garden.	هغې په باغ کې ورو ورو تېره شوه.	Pashto (Standard)	South Asia	SACOR_09
The river flows peacefully through the valley.	سیند په دره کې په آرامۍ سره بهیږي.	Pashto (Standard)	South Asia	SACOR_10
Small businesses create employment opportunities.	کوچني سوداګرۍ د دندو فرصتونه رامنځته کوي.	Pashto (Standard)	South Asia	SACOR_08
Sports teach teamwork and discipline.	لوبې د ټیم کار او نظم زده کوي.	Pashto (Standard)	South Asia	SACOR_10
Children were playing cricket in the street.	ماشومان په سړک کې کریکټ لوبېدل.	Pashto (Standard)	South Asia	SACOR_01
Tea is served to guests as a gesture of hospitality.	د مېلمانو د مېلمستیا د نښې په توګه چای وړاندې کیږي.	Pashto (Standard)	South Asia	SACOR_07
Agriculture remains the primary source of income.	کرهڼه د عاید اصلي سرچینه پاتې ده.	Pashto (Standard)	South Asia	SACOR_01
Teachers shape young minds.	استادان د ځوان ذهنونو شکل ورکوي.	Pashto (Standard)	South Asia	SACOR_09
The internet connects people across continents.	انټرنیټ د براعظمونو په اوږدو کې خلک سره نښلوي.	Pashto (Standard)	South Asia	SACOR_06
Parents sacrifice their own needs for children.	والدین د ماشومانو لپاره خپل اړتیاوې قربان کوي.	Pashto (Standard)	South Asia	SACOR_05
We decided to visit the old temple.	موږ د پخواني معبد لیدلو پریکړه وکړه.	Pashto (Standard)	South Asia	SACOR_09
The teacher explained the lesson patiently.	استاد صبر سره درس تشریح کړ.	Pashto (Standard)	South Asia	SACOR_02
She cooked delicious biryani for the family.	هغې د کورنۍ لپاره خوندور بریاني پخ کړه.	Pashto (Standard)	South Asia	SACOR_09
She received a scholarship to study medicine.	هغې د طب زده کړې لپاره بورسیه ترلاسه کړه.	Pashto (Standard)	South Asia	SACOR_07
The wedding ceremony lasted three days.	د واده مراسم درې ورځې دوام وکړ.	Pashto (Standard)	South Asia	SACOR_08
After finishing his work, he sat down.	د خپل کار پای ته رسولو وروسته، ناست شو.	Pashto (Standard)	South Asia	SACOR_05
Farmers planted rice in the flooded fields.	کرهڼه کونکي د اوبو لاندې کروندو کې وريجې وکړې.	Pashto (Standard)	South Asia	SACOR_07
Tourism brings revenue to regions with historical sites.	سیاحت د تاریخي سایټونو سیمو ته عاید راولي.	Pashto (Standard)	South Asia	SACOR_04
Reading books improves vocabulary.	د کتابونو لوستل د لغت ښه والی کوي.	Pashto (Standard)	South Asia	SACOR_01
Eating fresh fruits provides essential vitamins.	د تازه میوو خوړل اړین ویتامینونه برابروي.	Pashto (Standard)	South Asia	SACOR_01
Learning a new language requires practice.	د نوې ژبې زده کړه تمرین ته اړتیا لري.	Pashto (Standard)	South Asia	SACOR_01
Pollution in cities has become a serious problem.	په ښارونو کې ککړتیا یوه سخت ستونزه شوې ده.	Pashto (Standard)	South Asia	SACOR_10
Farmers wake up early to tend to crops.	کرهڼه کونکي د محصولاتو پاملرنې لپاره وختي پاړ کېږي.	Pashto (Standard)	South Asia	SACOR_10
Storytelling preserves culture and knowledge.	کیسه ویل د کلتوري او پوهې ساتنه کوي.	Pashto (Standard)	South Asia	SACOR_09
The school organized a science fair.	ښوونځي د ساینس نندارې تنظیم کړه.	Pashto (Standard)	South Asia	SACOR_05
The wedding ceremony lasted three days.	د واده مراسم درې ورځې دوام وکړ.	Pashto (Standard)	South Asia	SACOR_04
We decided to visit the old temple.	موږ د پخواني معبد لیدلو پریکړه وکړه.	Pashto (Standard)	South Asia	SACOR_04
Smartphones have changed how people communicate.	سمارټ فونونو د خلکو د اړیکو لاره بدله کړې ده.	Pashto (Standard)	South Asia	SACOR_07
Pollution in cities has become a serious problem.	په ښارونو کې ککړتیا یوه سخت ستونزه شوې ده.	Pashto (Standard)	South Asia	SACOR_02
Tea is served to guests as a gesture of hospitality.	د مېلمانو د مېلمستیا د نښې په توګه چای وړاندې کیږي.	Pashto (Standard)	South Asia	SACOR_02
Teachers shape young minds.	استادان د ځوان ذهنونو شکل ورکوي.	Pashto (Standard)	South Asia	SACOR_04
Students gathered in the library.	زده کوونکي په کتابتون کې راټول شول.	Pashto (Standard)	South Asia	SACOR_08
Parents sacrifice their own needs for children.	والدین د ماشومانو لپاره خپل اړتیاوې قربان کوي.	Pashto (Standard)	South Asia	SACOR_02
She received a scholarship to study medicine.	هغې د طب زده کړې لپاره بورسیه ترلاسه کړه.	Pashto (Standard)	South Asia	SACOR_02
Doctors recommend drinking plenty of water.	داکتران د ډیرو اوبو څښل وړاندیز کوي.	Pashto (Standard)	South Asia	SACOR_09
Spices add flavor to traditional dishes.	مسالې دودیزو خوړلو ته خوند ورکوي.	Pashto (Standard)	South Asia	SACOR_02
Handicrafts showcase artistic traditions.	دستي کارونه هنري دودونه ښکاره کوي.	Pashto (Standard)	South Asia	SACOR_06
Regular exercise helps maintain good health.	منظم تمرین د ښه روغتیا ساتلو کې مرسته کوي.	Pashto (Standard)	South Asia	SACOR_02
She cooked delicious biryani for the family.	هغې د کورنۍ لپاره خوندور بریاني پخ کړه.	Pashto (Standard)	South Asia	SACOR_10
Education opens doors to opportunities.	زده کړه د فرصتونو دروازې خلاصوي.	Pashto (Standard)	South Asia	SACOR_09
She walked slowly through the garden.	هغې په باغ کې ورو ورو تېره شوه.	Pashto (Standard)	South Asia	SACOR_06
Farmers wake up early to tend to crops.	کرهڼه کونکي د محصولاتو پاملرنې لپاره وختي پاړ کېږي.	Pashto (Standard)	South Asia	SACOR_05
My grandmother told me stories.	زما نیا ما ماته کیسې وړې.	Pashto (Standard)	South Asia	SACOR_06
Farmers planted rice in the flooded fields.	کرهڼه کونکي د اوبو لاندې کروندو کې وريجې وکړې.	Pashto (Standard)	South Asia	SACOR_09
Agriculture remains the primary source of income.	کرهڼه د عاید اصلي سرچینه پاتې ده.	Pashto (Standard)	South Asia	SACOR_03
Clear communication prevents misunderstandings.	روښانه اړیکه د ناپوهیو مخه نیسي.	Pashto (Standard)	South Asia	SACOR_10
Learning a new language requires practice.	د نوې ژبې زده کړه تمرین ته اړتیا لري.	Pashto (Standard)	South Asia	SACOR_05
Doctors work long hours to treat patients.	داکتران د ناروغانو درملنې لپاره اوږد ساعتونه کار کوي.	Pashto (Standard)	South Asia	SACOR_03
Cooking together brings family members closer.	یوځای پخول د کورنۍ غړو ته نږدې راولي.	Pashto (Standard)	South Asia	SACOR_01
The internet connects people across continents.	انټرنیټ د براعظمونو په اوږدو کې خلک سره نښلوي.	Pashto (Standard)	South Asia	SACOR_04
Respecting elders is an important value.	د زړونو درناوی مهمه ارزښت دی.	Pashto (Standard)	South Asia	SACOR_05
Sports teach teamwork and discipline.	لوبې د ټیم کار او نظم زده کوي.	Pashto (Standard)	South Asia	SACOR_01
Traditional music is important for our heritage.	دودیز موسیقي زموږ د میراث لپاره مهمه ده.	Pashto (Standard)	South Asia	SACOR_02
Children were playing cricket in the street.	ماشومان په سړک کې کریکټ لوبېدل.	Pashto (Standard)	South Asia	SACOR_06
Birds were chirping in the trees.	مرغۍ په ونو کې چغېدلې.	Pashto (Standard)	South Asia	SACOR_04
People travel long distances to visit religious sites.	خلک د مذهبي سایټونو لیدلو لپاره اوږد فاصلې سفر کوي.	Pashto (Standard)	South Asia	SACOR_06
The river flows peacefully through the valley.	سیند په دره کې په آرامۍ سره بهیږي.	Pashto (Standard)	South Asia	SACOR_04
Reading books improves vocabulary.	د کتابونو لوستل د لغت ښه والی کوي.	Pashto (Standard)	South Asia	SACOR_05
Digital payments have made transactions faster.	ډیجیټل تادیاتو معاملات ګړندي کړي دي.	Pashto (Standard)	South Asia	SACOR_07
Online shopping has become popular.	آنلاین پلورلې محبوبه شوې ده.	Pashto (Standard)	South Asia	SACOR_07
Train journeys offer scenic views.	د اورګاډو سفرونه د مناظرو لید ورکوي.	Pashto (Standard)	South Asia	SACOR_01
People celebrate festivals with great joy.	خلک د خوښۍ سره جشنونه لمانځي.	Pashto (Standard)	South Asia	SACOR_08
Children learn best when they are interested.	ماشومان غوره زده کوي کله چې دوی علاقه لري.	Pashto (Standard)	South Asia	SACOR_06
Storytelling preserves culture and knowledge.	کیسه ویل د کلتوري او پوهې ساتنه کوي.	Pashto (Standard)	South Asia	SACOR_07
Eating fresh fruits provides essential vitamins.	د تازه میوو خوړل اړین ویتامینونه برابروي.	Pashto (Standard)	South Asia	SACOR_10
Family members support each other during difficult times.	د کورنۍ غړي د ستونزمنو وختونو کې یو بل ساتنه کوي.	Pashto (Standard)	South Asia	SACOR_10
The bus arrived late.	بس ورو ورو راغله.	Pashto (Standard)	South Asia	SACOR_10
Small businesses create employment opportunities.	کوچني سوداګرۍ د دندو فرصتونه رامنځته کوي.	Pashto (Standard)	South Asia	SACOR_05
After finishing his work, he sat down.	د خپل کار پای ته رسولو وروسته، ناست شو.	Pashto (Standard)	South Asia	SACOR_05
Elderly people share wisdom and stories.	زړون خلک حکمت او کیسې شریکوي.	Pashto (Standard)	South Asia	SACOR_10
The forest is home to many wild animals.	ځنګل د ډیرو وحشي حیواناتو کور دی.	Pashto (Standard)	South Asia	SACOR_05
The teacher explained the lesson patiently.	استاد صبر سره درس تشریح کړ.	Pashto (Standard)	South Asia	SACOR_07
Tourism brings revenue to regions with historical sites.	سیاحت د تاریخي سایټونو سیمو ته عاید راولي.	Pashto (Standard)	South Asia	SACOR_07
Cricket is a popular sport.	کریکټ یوه مشهوره لوبه ده.	Pashto (Standard)	South Asia	SACOR_08
The market was crowded with people.	بازار د خلکو سره ډک و.	Pashto (Standard)	South Asia	SACOR_03
The school organized a science fair.	ښوونځي د ساینس نندارې تنظیم کړه.	Pashto (Standard)	South Asia	SACOR_01
The professor wrote equations on the blackboard.	پروفیسور په تختې کې معادلې ولیکلې.	Pashto (Standard)	South Asia	SACOR_02
I woke up early this morning.	زه نن سهار وختي پاړ شوم.	Pashto (Standard)	South Asia	SACOR_01
The river flows peacefully through the valley.	سیند په دره کې په آرامۍ سره بهیږي.	Pashto (Standard)	South Asia	SACOR_09
Online shopping has become popular.	آنلاین پلورلې محبوبه شوې ده.	Pashto (Standard)	South Asia	SACOR_03
The wedding ceremony lasted three days.	د واده مراسم درې ورځې دوام وکړ.	Pashto (Standard)	South Asia	SACOR_05
Handicrafts showcase artistic traditions.	دستي کارونه هنري دودونه ښکاره کوي.	Pashto (Standard)	South Asia	SACOR_01
Children were playing cricket in the street.	ماشومان په سړک کې کریکټ لوبېدل.	Pashto (Standard)	South Asia	SACOR_03
She received a scholarship to study medicine.	هغې د طب زده کړې لپاره بورسیه ترلاسه کړه.	Pashto (Standard)	South Asia	SACOR_09
We decided to visit the old temple.	موږ د پخواني معبد لیدلو پریکړه وکړه.	Pashto (Standard)	South Asia	SACOR_02
People celebrate festivals with great joy.	خلک د خوښۍ سره جشنونه لمانځي.	Pashto (Standard)	South Asia	SACOR_09
Birds were chirping in the trees.	مرغۍ په ونو کې چغېدلې.	Pashto (Standard)	South Asia	SACOR_03
The internet connects people across continents.	انټرنیټ د براعظمونو په اوږدو کې خلک سره نښلوي.	Pashto (Standard)	South Asia	SACOR_03
Eating fresh fruits provides essential vitamins.	د تازه میوو خوړل اړین ویتامینونه برابروي.	Pashto (Standard)	South Asia	SACOR_04
Doctors work long hours to treat patients.	داکتران د ناروغانو درملنې لپاره اوږد ساعتونه کار کوي.	Pashto (Standard)	South Asia	SACOR_09
Farmers planted rice in the flooded fields.	کرهڼه کونکي د اوبو لاندې کروندو کې وريجې وکړې.	Pashto (Standard)	South Asia	SACOR_08
The teacher explained the lesson patiently.	استاد صبر سره درس تشریح کړ.	Pashto (Standard)	South Asia	SACOR_10
Sports teach teamwork and discipline.	لوبې د ټیم کار او نظم زده کوي.	Pashto (Standard)	South Asia	SACOR_05
After finishing his work, he sat down.	د خپل کار پای ته رسولو وروسته، ناست شو.	Pashto (Standard)	South Asia	SACOR_01
People travel long distances to visit religious sites.	خلک د مذهبي سایټونو لیدلو لپاره اوږد فاصلې سفر کوي.	Pashto (Standard)	South Asia	SACOR_03
I woke up early this morning.	زه نن سهار وختي پاړ شوم.	Pashto (Standard)	South Asia	SACOR_07
The professor wrote equations on the blackboard.	پروفیسور په تختې کې معادلې ولیکلې.	Pashto (Standard)	South Asia	SACOR_03
Agriculture remains the primary source of income.	کرهڼه د عاید اصلي سرچینه پاتې ده.	Pashto (Standard)	South Asia	SACOR_01
Tea is served to guests as a gesture of hospitality.	د مېلمانو د مېلمستیا د نښې په توګه چای وړاندې کیږي.	Pashto (Standard)	South Asia	SACOR_09
Small businesses create employment opportunities.	کوچني سوداګرۍ د دندو فرصتونه رامنځته کوي.	Pashto (Standard)	South Asia	SACOR_06
Reading books improves vocabulary.	د کتابونو لوستل د لغت ښه والی کوي.	Pashto (Standard)	South Asia	SACOR_09
Digital payments have made transactions faster.	ډیجیټل تادیاتو معاملات ګړندي کړي دي.	Pashto (Standard)	South Asia	SACOR_02
Parents sacrifice their own needs for children.	والدین د ماشومانو لپاره خپل اړتیاوې قربان کوي.	Pashto (Standard)	South Asia	SACOR_08
Respecting elders is an important value.	د زړونو درناوی مهمه ارزښت دی.	Pashto (Standard)	South Asia	SACOR_05
Traditional music is important for our heritage.	دودیز موسیقي زموږ د میراث لپاره مهمه ده.	Pashto (Standard)	South Asia	SACOR_06
Pollution in cities has become a serious problem.	په ښارونو کې ککړتیا یوه سخت ستونزه شوې ده.	Pashto (Standard)	South Asia	SACOR_03
Clear communication prevents misunderstandings.	روښانه اړیکه د ناپوهیو مخه نیسي.	Pashto (Standard)	South Asia	SACOR_08
Cricket is a popular sport.	کریکټ یوه مشهوره لوبه ده.	Pashto (Standard)	South Asia	SACOR_04
She walked slowly through the garden.	هغې په باغ کې ورو ورو تېره شوه.	Pashto (Standard)	South Asia	SACOR_06
Spices add flavor to traditional dishes.	مسالې دودیزو خوړلو ته خوند ورکوي.	Pashto (Standard)	South Asia	SACOR_04
Teachers shape young minds.	استادان د ځوان ذهنونو شکل ورکوي.	Pashto (Standard)	South Asia	SACOR_07
Doctors recommend drinking plenty of water.	داکتران د ډیرو اوبو څښل وړاندیز کوي.	Pashto (Standard)	South Asia	SACOR_05
Storytelling preserves culture and knowledge.	کیسه ویل د کلتوري او پوهې ساتنه کوي.	Pashto (Standard)	South Asia	SACOR_03
Education opens doors to opportunities.	زده کړه د فرصتونو دروازې خلاصوي.	Pashto (Standard)	South Asia	SACOR_04
Smartphones have changed how people communicate.	سمارټ فونونو د خلکو د اړیکو لاره بدله کړې ده.	Pashto (Standard)	South Asia	SACOR_06
Children learn best when they are interested.	ماشومان غوره زده کوي کله چې دوی علاقه لري.	Pashto (Standard)	South Asia	SACOR_08
My grandmother told me stories.	زما نیا ما ماته کیسې وړې.	Pashto (Standard)	South Asia	SACOR_01
She cooked delicious biryani for the family.	هغې د کورنۍ لپاره خوندور بریاني پخ کړه.	Pashto (Standard)	South Asia	SACOR_01
Regular exercise helps maintain good health.	منظم تمرین د ښه روغتیا ساتلو کې مرسته کوي.	Pashto (Standard)	South Asia	SACOR_05
Cooking together brings family members closer.	یوځای پخول د کورنۍ غړو ته نږدې راولي.	Pashto (Standard)	South Asia	SACOR_02
Family members support each other during difficult times.	د کورنۍ غړي د ستونزمنو وختونو کې یو بل ساتنه کوي.	Pashto (Standard)	South Asia	SACOR_03
The school organized a science fair.	ښوونځي د ساینس نندارې تنظیم کړه.	Pashto (Standard)	South Asia	SACOR_10
Train journeys offer scenic views.	د اورګاډو سفرونه د مناظرو لید ورکوي.	Pashto (Standard)	South Asia	SACOR_02
Students gathered in the library.	زده کوونکي په کتابتون کې راټول شول.	Pashto (Standard)	South Asia	SACOR_09
Learning a new language requires practice.	د نوې ژبې زده کړه تمرین ته اړتیا لري.	Pashto (Standard)	South Asia	SACOR_03
Elderly people share wisdom and stories.	زړون خلک حکمت او کیسې شریکوي.	Pashto (Standard)	South Asia	SACOR_09
Farmers wake up early to tend to crops.	کرهڼه کونکي د محصولاتو پاملرنې لپاره وختي پاړ کېږي.	Pashto (Standard)	South Asia	SACOR_06
The bus arrived late.	بس ورو ورو راغله.	Pashto (Standard)	South Asia	SACOR_02
Tourism brings revenue to regions with historical sites.	سیاحت د تاریخي سایټونو سیمو ته عاید راولي.	Pashto (Standard)	South Asia	SACOR_09
The market was crowded with people.	بازار د خلکو سره ډک و.	Pashto (Standard)	South Asia	SACOR_02
The forest is home to many wild animals.	ځنګل د ډیرو وحشي حیواناتو کور دی.	Pashto (Standard)	South Asia	SACOR_07
After finishing his work, he sat down.	د خپل کار پای ته رسولو وروسته، ناست شو.	Pashto (Standard)	South Asia	SACOR_02
She walked slowly through the garden.	هغې په باغ کې ورو ورو تېره شوه.	Pashto (Standard)	South Asia	SACOR_03
Online shopping has become popular.	آنلاین پلورلې محبوبه شوې ده.	Pashto (Standard)	South Asia	SACOR_06
Birds were chirping in the trees.	مرغۍ په ونو کې چغېدلې.	Pashto (Standard)	South Asia	SACOR_06
Students gathered in the library.	زده کوونکي په کتابتون کې راټول شول.	Pashto (Standard)	South Asia	SACOR_10
Cooking together brings family members closer.	یوځای پخول د کورنۍ غړو ته نږدې راولي.	Pashto (Standard)	South Asia	SACOR_01
Smartphones have changed how people communicate.	سمارټ فونونو د خلکو د اړیکو لاره بدله کړې ده.	Pashto (Standard)	South Asia	SACOR_05
Learning a new language requires practice.	د نوې ژبې زده کړه تمرین ته اړتیا لري.	Pashto (Standard)	South Asia	SACOR_07
Clear communication prevents misunderstandings.	روښانه اړیکه د ناپوهیو مخه نیسي.	Pashto (Standard)	South Asia	SACOR_02
She received a scholarship to study medicine.	هغې د طب زده کړې لپاره بورسیه ترلاسه کړه.	Pashto (Standard)	South Asia	SACOR_01
Cricket is a popular sport.	کریکټ یوه مشهوره لوبه ده.	Pashto (Standard)	South Asia	SACOR_01
People travel long distances to visit religious sites.	خلک د مذهبي سایټونو لیدلو لپاره اوږد فاصلې سفر کوي.	Pashto (Standard)	South Asia	SACOR_08
I woke up early this morning.	زه نن سهار وختي پاړ شوم.	Pashto (Standard)	South Asia	SACOR_10
Agriculture remains the primary source of income.	کرهڼه د عاید اصلي سرچینه پاتې ده.	Pashto (Standard)	South Asia	SACOR_03
Tea is served to guests as a gesture of hospitality.	د مېلمانو د مېلمستیا د نښې په توګه چای وړاندې کیږي.	Pashto (Standard)	South Asia	SACOR_04
The bus arrived late.	بس ورو ورو راغله.	Pashto (Standard)	South Asia	SACOR_01
Tourism brings revenue to regions with historical sites.	سیاحت د تاریخي سایټونو سیمو ته عاید راولي.	Pashto (Standard)	South Asia	SACOR_05
Respecting elders is an important value.	د زړونو درناوی مهمه ارزښت دی.	Pashto (Standard)	South Asia	SACOR_07
Handicrafts showcase artistic traditions.	دستي کارونه هنري دودونه ښکاره کوي.	Pashto (Standard)	South Asia	SACOR_07
Teachers shape young minds.	استادان د ځوان ذهنونو شکل ورکوي.	Pashto (Standard)	South Asia	SACOR_01
Regular exercise helps maintain good health.	منظم تمرین د ښه روغتیا ساتلو کې مرسته کوي.	Pashto (Standard)	South Asia	SACOR_01
Parents sacrifice their own needs for children.	والدین د ماشومانو لپاره خپل اړتیاوې قربان کوي.	Pashto (Standard)	South Asia	SACOR_02
Children learn best when they are interested.	ماشومان غوره زده کوي کله چې دوی علاقه لري.	Pashto (Standard)	South Asia	SACOR_03
Digital payments have made transactions faster.	ډیجیټل تادیاتو معاملات ګړندي کړي دي.	Pashto (Standard)	South Asia	SACOR_09
The river flows peacefully through the valley.	سیند په دره کې په آرامۍ سره بهیږي.	Pashto (Standard)	South Asia	SACOR_04
Spices add flavor to traditional dishes.	مسالې دودیزو خوړلو ته خوند ورکوي.	Pashto (Standard)	South Asia	SACOR_09
Train journeys offer scenic views.	د اورګاډو سفرونه د مناظرو لید ورکوي.	Pashto (Standard)	South Asia	SACOR_03
Education opens doors to opportunities.	زده کړه د فرصتونو دروازې خلاصوي.	Pashto (Standard)	South Asia	SACOR_08
Doctors recommend drinking plenty of water.	داکتران د ډیرو اوبو څښل وړاندیز کوي.	Pashto (Standard)	South Asia	SACOR_02
Small businesses create employment opportunities.	کوچني سوداګرۍ د دندو فرصتونه رامنځته کوي.	Pashto (Standard)	South Asia	SACOR_01
Elderly people share wisdom and stories.	زړون خلک حکمت او کیسې شریکوي.	Pashto (Standard)	South Asia	SACOR_02
Storytelling preserves culture and knowledge.	کیسه ویل د کلتوري او پوهې ساتنه کوي.	Pashto (Standard)	South Asia	SACOR_03
Pollution in cities has become a serious problem.	په ښارونو کې ککړتیا یوه سخت ستونزه شوې ده.	Pashto (Standard)	South Asia	SACOR_04
The forest is home to many wild animals.	ځنګل د ډیرو وحشي حیواناتو کور دی.	Pashto (Standard)	South Asia	SACOR_03
Reading books improves vocabulary.	د کتابونو لوستل د لغت ښه والی کوي.	Pashto (Standard)	South Asia	SACOR_10
Doctors work long hours to treat patients.	داکتران د ناروغانو درملنې لپاره اوږد ساعتونه کار کوي.	Pashto (Standard)	South Asia	SACOR_07
The professor wrote equations on the blackboard.	پروفیسور په تختې کې معادلې ولیکلې.	Pashto (Standard)	South Asia	SACOR_02
The teacher explained the lesson patiently.	استاد صبر سره درس تشریح کړ.	Pashto (Standard)	South Asia	SACOR_06
Sports teach teamwork and discipline.	لوبې د ټیم کار او نظم زده کوي.	Pashto (Standard)	South Asia	SACOR_02
Farmers planted rice in the flooded fields.	کرهڼه کونکي د اوبو لاندې کروندو کې وريجې وکړې.	Pashto (Standard)	South Asia	SACOR_03
My grandmother told me stories.	زما نیا ما ماته کیسې وړې.	Pashto (Standard)	South Asia	SACOR_01
The internet connects people across continents.	انټرنیټ د براعظمونو په اوږدو کې خلک سره نښلوي.	Pashto (Standard)	South Asia	SACOR_05
She cooked delicious biryani for the family.	هغې د کورنۍ لپاره خوندور بریاني پخ کړه.	Pashto (Standard)	South Asia	SACOR_09
Farmers wake up early to tend to crops.	کرهڼه کونکي د محصولاتو پاملرنې لپاره وختي پاړ کېږي.	Pashto (Standard)	South Asia	SACOR_06
The market was crowded with people.	بازار د خلکو سره ډک و.	Pashto (Standard)	South Asia	SACOR_01
We decided to visit the old temple.	موږ د پخواني معبد لیدلو پریکړه وکړه.	Pashto (Standard)	South Asia	SACOR_08
Family members support each other during difficult times.	د کورنۍ غړي د ستونزمنو وختونو کې یو بل ساتنه کوي.	Pashto (Standard)	South Asia	SACOR_07
The wedding ceremony lasted three days.	د واده مراسم درې ورځې دوام وکړ.	Pashto (Standard)	South Asia	SACOR_07
People celebrate festivals with great joy.	خلک د خوښۍ سره جشنونه لمانځي.	Pashto (Standard)	South Asia	SACOR_06
Traditional music is important for our heritage.	دودیز موسیقي زموږ د میراث لپاره مهمه ده.	Pashto (Standard)	South Asia	SACOR_04
The school organized a science fair.	ښوونځي د ساینس نندارې تنظیم کړه.	Pashto (Standard)	South Asia	SACOR_05
Eating fresh fruits provides essential vitamins.	د تازه میوو خوړل اړین ویتامینونه برابروي.	Pashto (Standard)	South Asia	SACOR_05
Children were playing cricket in the street.	ماشومان په سړک کې کریکټ لوبېدل.	Pashto (Standard)	South Asia	SACOR_07
The professor wrote equations on the blackboard.	پروفیسور په تختې کې معادلې ولیکلې.	Pashto (Standard)	South Asia	SACOR_01
Regular exercise helps maintain good health.	منظم تمرین د ښه روغتیا ساتلو کې مرسته کوي.	Pashto (Standard)	South Asia	SACOR_05
Education opens doors to opportunities.	زده کړه د فرصتونو دروازې خلاصوي.	Pashto (Standard)	South Asia	SACOR_03
Farmers wake up early to tend to crops.	کرهڼه کونکي د محصولاتو پاملرنې لپاره وختي پاړ کېږي.	Pashto (Standard)	South Asia	SACOR_03
Handicrafts showcase artistic traditions.	دستي کارونه هنري دودونه ښکاره کوي.	Pashto (Standard)	South Asia	SACOR_08
Farmers planted rice in the flooded fields.	کرهڼه کونکي د اوبو لاندې کروندو کې وريجې وکړې.	Pashto (Standard)	South Asia	SACOR_07
The forest is home to many wild animals.	ځنګل د ډیرو وحشي حیواناتو کور دی.	Pashto (Standard)	South Asia	SACOR_04
Family members support each other during difficult times.	د کورنۍ غړي د ستونزمنو وختونو کې یو بل ساتنه کوي.	Pashto (Standard)	South Asia	SACOR_05
Birds were chirping in the trees.	مرغۍ په ونو کې چغېدلې.	Pashto (Standard)	South Asia	SACOR_07
My grandmother told me stories.	زما نیا ما ماته کیسې وړې.	Pashto (Standard)	South Asia	SACOR_01
Students gathered in the library.	زده کوونکي په کتابتون کې راټول شول.	Pashto (Standard)	South Asia	SACOR_02
Agriculture remains the primary source of income.	کرهڼه د عاید اصلي سرچینه پاتې ده.	Pashto (Standard)	South Asia	SACOR_10
Storytelling preserves culture and knowledge.	کیسه ویل د کلتوري او پوهې ساتنه کوي.	Pashto (Standard)	South Asia	SACOR_02
People celebrate festivals with great joy.	خلک د خوښۍ سره جشنونه لمانځي.	Pashto (Standard)	South Asia	SACOR_06
Reading books improves vocabulary.	د کتابونو لوستل د لغت ښه والی کوي.	Pashto (Standard)	South Asia	SACOR_04
Tea is served to guests as a gesture of hospitality.	د مېلمانو د مېلمستیا د نښې په توګه چای وړاندې کیږي.	Pashto (Standard)	South Asia	SACOR_01
Learning a new language requires practice.	د نوې ژبې زده کړه تمرین ته اړتیا لري.	Pashto (Standard)	South Asia	SACOR_06
Doctors recommend drinking plenty of water.	داکتران د ډیرو اوبو څښل وړاندیز کوي.	Pashto (Standard)	South Asia	SACOR_08
Digital payments have made transactions faster.	ډیجیټل تادیاتو معاملات ګړندي کړي دي.	Pashto (Standard)	South Asia	SACOR_04
Doctors work long hours to treat patients.	داکتران د ناروغانو درملنې لپاره اوږد ساعتونه کار کوي.	Pashto (Standard)	South Asia	SACOR_05
Sports teach teamwork and discipline.	لوبې د ټیم کار او نظم زده کوي.	Pashto (Standard)	South Asia	SACOR_08
I woke up early this morning.	زه نن سهار وختي پاړ شوم.	Pashto (Standard)	South Asia	SACOR_03
We decided to visit the old temple.	موږ د پخواني معبد لیدلو پریکړه وکړه.	Pashto (Standard)	South Asia	SACOR_05
The internet connects people across continents.	انټرنیټ د براعظمونو په اوږدو کې خلک سره نښلوي.	Pashto (Standard)	South Asia	SACOR_04
Train journeys offer scenic views.	د اورګاډو سفرونه د مناظرو لید ورکوي.	Pashto (Standard)	South Asia	SACOR_06
She cooked delicious biryani for the family.	هغې د کورنۍ لپاره خوندور بریاني پخ کړه.	Pashto (Standard)	South Asia	SACOR_09
The wedding ceremony lasted three days.	د واده مراسم درې ورځې دوام وکړ.	Pashto (Standard)	South Asia	SACOR_07
People travel long distances to visit religious sites.	خلک د مذهبي سایټونو لیدلو لپاره اوږد فاصلې سفر کوي.	Pashto (Standard)	South Asia	SACOR_02
Pollution in cities has become a serious problem.	په ښارونو کې ککړتیا یوه سخت ستونزه شوې ده.	Pashto (Standard)	South Asia	SACOR_08
Clear communication prevents misunderstandings.	روښانه اړیکه د ناپوهیو مخه نیسي.	Pashto (Standard)	South Asia	SACOR_07
The river flows peacefully through the valley.	سیند په دره کې په آرامۍ سره بهیږي.	Pashto (Standard)	South Asia	SACOR_09
Cricket is a popular sport.	کریکټ یوه مشهوره لوبه ده.	Pashto (Standard)	South Asia	SACOR_03
Tourism brings revenue to regions with historical sites.	سیاحت د تاریخي سایټونو سیمو ته عاید راولي.	Pashto (Standard)	South Asia	SACOR_03
The market was crowded with people.	بازار د خلکو سره ډک و.	Pashto (Standard)	South Asia	SACOR_06
Smartphones have changed how people communicate.	سمارټ فونونو د خلکو د اړیکو لاره بدله کړې ده.	Pashto (Standard)	South Asia	SACOR_02
Respecting elders is an important value.	د زړونو درناوی مهمه ارزښت دی.	Pashto (Standard)	South Asia	SACOR_03
The teacher explained the lesson patiently.	استاد صبر سره درس تشریح کړ.	Pashto (Standard)	South Asia	SACOR_08
Children were playing cricket in the street.	ماشومان په سړک کې کریکټ لوبېدل.	Pashto (Standard)	South Asia	SACOR_03
After finishing his work, he sat down.	د خپل کار پای ته رسولو وروسته، ناست شو.	Pashto (Standard)	South Asia	SACOR_07
Parents sacrifice their own needs for children.	والدین د ماشومانو لپاره خپل اړتیاوې قربان کوي.	Pashto (Standard)	South Asia	SACOR_08
Traditional music is important for our heritage.	دودیز موسیقي زموږ د میراث لپاره مهمه ده.	Pashto (Standard)	South Asia	SACOR_01
Spices add flavor to traditional dishes.	مسالې دودیزو خوړلو ته خوند ورکوي.	Pashto (Standard)	South Asia	SACOR_09
She received a scholarship to study medicine.	هغې د طب زده کړې لپاره بورسیه ترلاسه کړه.	Pashto (Standard)	South Asia	SACOR_07
The school organized a science fair.	ښوونځي د ساینس نندارې تنظیم کړه.	Pashto (Standard)	South Asia	SACOR_07
She walked slowly through the garden.	هغې په باغ کې ورو ورو تېره شوه.	Pashto (Standard)	South Asia	SACOR_07
Elderly people share wisdom and stories.	زړون خلک حکمت او کیسې شریکوي.	Pashto (Standard)	South Asia	SACOR_06
The bus arrived late.	بس ورو ورو راغله.	Pashto (Standard)	South Asia	SACOR_07
Eating fresh fruits provides essential vitamins.	د تازه میوو خوړل اړین ویتامینونه برابروي.	Pashto (Standard)	South Asia	SACOR_03
Teachers shape young minds.	استادان د ځوان ذهنونو شکل ورکوي.	Pashto (Standard)	South Asia	SACOR_03
Small businesses create employment opportunities.	کوچني سوداګرۍ د دندو فرصتونه رامنځته کوي.	Pashto (Standard)	South Asia	SACOR_05
Cooking together brings family members closer.	یوځای پخول د کورنۍ غړو ته نږدې راولي.	Pashto (Standard)	South Asia	SACOR_02
Online shopping has become popular.	آنلاین پلورلې محبوبه شوې ده.	Pashto (Standard)	South Asia	SACOR_10
Children learn best when they are interested.	ماشومان غوره زده کوي کله چې دوی علاقه لري.	Pashto (Standard)	South Asia	SACOR_08
Traditional music is important for our heritage.	دودیز موسیقي زموږ د میراث لپاره مهمه ده.	Pashto (Standard)	South Asia	SACOR_07
Digital payments have made transactions faster.	ډیجیټل تادیاتو معاملات ګړندي کړي دي.	Pashto (Standard)	South Asia	SACOR_09
The bus arrived late.	بس ورو ورو راغله.	Pashto (Standard)	South Asia	SACOR_08
Online shopping has become popular.	آنلاین پلورلې محبوبه شوې ده.	Pashto (Standard)	South Asia	SACOR_09
The wedding ceremony lasted three days.	د واده مراسم درې ورځې دوام وکړ.	Pashto (Standard)	South Asia	SACOR_05
We decided to visit the old temple.	موږ د پخواني معبد لیدلو پریکړه وکړه.	Pashto (Standard)	South Asia	SACOR_10
Doctors recommend drinking plenty of water.	داکتران د ډیرو اوبو څښل وړاندیز کوي.	Pashto (Standard)	South Asia	SACOR_05
Handicrafts showcase artistic traditions.	دستي کارونه هنري دودونه ښکاره کوي.	Pashto (Standard)	South Asia	SACOR_08
Reading books improves vocabulary.	د کتابونو لوستل د لغت ښه والی کوي.	Pashto (Standard)	South Asia	SACOR_08
She walked slowly through the garden.	هغې په باغ کې ورو ورو تېره شوه.	Pashto (Standard)	South Asia	SACOR_02
After finishing his work, he sat down.	د خپل کار پای ته رسولو وروسته، ناست شو.	Pashto (Standard)	South Asia	SACOR_03
Students gathered in the library.	زده کوونکي په کتابتون کې راټول شول.	Pashto (Standard)	South Asia	SACOR_10
Doctors work long hours to treat patients.	داکتران د ناروغانو درملنې لپاره اوږد ساعتونه کار کوي.	Pashto (Standard)	South Asia	SACOR_01
Small businesses create employment opportunities.	کوچني سوداګرۍ د دندو فرصتونه رامنځته کوي.	Pashto (Standard)	South Asia	SACOR_04
Farmers planted rice in the flooded fields.	کرهڼه کونکي د اوبو لاندې کروندو کې وريجې وکړې.	Pashto (Standard)	South Asia	SACOR_06
Eating fresh fruits provides essential vitamins.	د تازه میوو خوړل اړین ویتامینونه برابروي.	Pashto (Standard)	South Asia	SACOR_01
Children were playing cricket in the street.	ماشومان په سړک کې کریکټ لوبېدل.	Pashto (Standard)	South Asia	SACOR_01
Smartphones have changed how people communicate.	سمارټ فونونو د خلکو د اړیکو لاره بدله کړې ده.	Pashto (Standard)	South Asia	SACOR_07
My grandmother told me stories.	زما نیا ما ماته کیسې وړې.	Pashto (Standard)	South Asia	SACOR_02
Farmers wake up early to tend to crops.	کرهڼه کونکي د محصولاتو پاملرنې لپاره وختي پاړ کېږي.	Pashto (Standard)	South Asia	SACOR_09
Elderly people share wisdom and stories.	زړون خلک حکمت او کیسې شریکوي.	Pashto (Standard)	South Asia	SACOR_05
I woke up early this morning.	زه نن سهار وختي پاړ شوم.	Pashto (Standard)	South Asia	SACOR_09
Pollution in cities has become a serious problem.	په ښارونو کې ککړتیا یوه سخت ستونزه شوې ده.	Pashto (Standard)	South Asia	SACOR_10
Sports teach teamwork and discipline.	لوبې د ټیم کار او نظم زده کوي.	Pashto (Standard)	South Asia	SACOR_08
The internet connects people across continents.	انټرنیټ د براعظمونو په اوږدو کې خلک سره نښلوي.	Pashto (Standard)	South Asia	SACOR_05
Cooking together brings family members closer.	یوځای پخول د کورنۍ غړو ته نږدې راولي.	Pashto (Standard)	South Asia	SACOR_03
Education opens doors to opportunities.	زده کړه د فرصتونو دروازې خلاصوي.	Pashto (Standard)	South Asia	SACOR_03
Spices add flavor to traditional dishes.	مسالې دودیزو خوړلو ته خوند ورکوي.	Pashto (Standard)	South Asia	SACOR_04
Parents sacrifice their own needs for children.	والدین د ماشومانو لپاره خپل اړتیاوې قربان کوي.	Pashto (Standard)	South Asia	SACOR_06
The school organized a science fair.	ښوونځي د ساینس نندارې تنظیم کړه.	Pashto (Standard)	South Asia	SACOR_05
Clear communication prevents misunderstandings.	روښانه اړیکه د ناپوهیو مخه نیسي.	Pashto (Standard)	South Asia	SACOR_04
Teachers shape young minds.	استادان د ځوان ذهنونو شکل ورکوي.	Pashto (Standard)	South Asia	SACOR_05
Tea is served to guests as a gesture of hospitality.	د مېلمانو د مېلمستیا د نښې په توګه چای وړاندې کیږي.	Pashto (Standard)	South Asia	SACOR_01
She received a scholarship to study medicine.	هغې د طب زده کړې لپاره بورسیه ترلاسه کړه.	Pashto (Standard)	South Asia	SACOR_05
Storytelling preserves culture and knowledge.	کیسه ویل د کلتوري او پوهې ساتنه کوي.	Pashto (Standard)	South Asia	SACOR_07
People travel long distances to visit religious sites.	خلک د مذهبي سایټونو لیدلو لپاره اوږد فاصلې سفر کوي.	Pashto (Standard)	South Asia	SACOR_07
Family members support each other during difficult times.	د کورنۍ غړي د ستونزمنو وختونو کې یو بل ساتنه کوي.	Pashto (Standard)	South Asia	SACOR_09
The professor wrote equations on the blackboard.	پروفیسور په تختې کې معادلې ولیکلې.	Pashto (Standard)	South Asia	SACOR_03
Learning a new language requires practice.	د نوې ژبې زده کړه تمرین ته اړتیا لري.	Pashto (Standard)	South Asia	SACOR_02
Train journeys offer scenic views.	د اورګاډو سفرونه د مناظرو لید ورکوي.	Pashto (Standard)	South Asia	SACOR_03
Birds were chirping in the trees.	مرغۍ په ونو کې چغېدلې.	Pashto (Standard)	South Asia	SACOR_02
Regular exercise helps maintain good health.	منظم تمرین د ښه روغتیا ساتلو کې مرسته کوي.	Pashto (Standard)	South Asia	SACOR_06
The market was crowded with people.	بازار د خلکو سره ډک و.	Pashto (Standard)	South Asia	SACOR_07
The river flows peacefully through the valley.	سیند په دره کې په آرامۍ سره بهیږي.	Pashto (Standard)	South Asia	SACOR_05
The teacher explained the lesson patiently.	استاد صبر سره درس تشریح کړ.	Pashto (Standard)	South Asia	SACOR_10
Cricket is a popular sport.	کریکټ یوه مشهوره لوبه ده.	Pashto (Standard)	South Asia	SACOR_06
The forest is home to many wild animals.	ځنګل د ډیرو وحشي حیواناتو کور دی.	Pashto (Standard)	South Asia	SACOR_03
She cooked delicious biryani for the family.	هغې د کورنۍ لپاره خوندور بریاني پخ کړه.	Pashto (Standard)	South Asia	SACOR_06
Children learn best when they are interested.	ماشومان غوره زده کوي کله چې دوی علاقه لري.	Pashto (Standard)	South Asia	SACOR_05
Agriculture remains the primary source of income.	کرهڼه د عاید اصلي سرچینه پاتې ده.	Pashto (Standard)	South Asia	SACOR_10
Respecting elders is an important value.	د زړونو درناوی مهمه ارزښت دی.	Pashto (Standard)	South Asia	SACOR_03
People celebrate festivals with great joy.	خلک د خوښۍ سره جشنونه لمانځي.	Pashto (Standard)	South Asia	SACOR_01
Tourism brings revenue to regions with historical sites.	سیاحت د تاریخي سایټونو سیمو ته عاید راولي.	Pashto (Standard)	South Asia	SACOR_07
Storytelling preserves culture and knowledge.	کیسه ویل د کلتوري او پوهې ساتنه کوي.	Pashto (Standard)	South Asia	SACOR_05
My grandmother told me stories.	زما نیا ما ماته کیسې وړې.	Pashto (Standard)	South Asia	SACOR_05
Regular exercise helps maintain good health.	منظم تمرین د ښه روغتیا ساتلو کې مرسته کوي.	Pashto (Standard)	South Asia	SACOR_02
She received a scholarship to study medicine.	هغې د طب زده کړې لپاره بورسیه ترلاسه کړه.	Pashto (Standard)	South Asia	SACOR_02
The internet connects people across continents.	انټرنیټ د براعظمونو په اوږدو کې خلک سره نښلوي.	Pashto (Standard)	South Asia	SACOR_02
Farmers wake up early to tend to crops.	کرهڼه کونکي د محصولاتو پاملرنې لپاره وختي پاړ کېږي.	Pashto (Standard)	South Asia	SACOR_10
Traditional music is important for our heritage.	دودیز موسیقي زموږ د میراث لپاره مهمه ده.	Pashto (Standard)	South Asia	SACOR_08
Digital payments have made transactions faster.	ډیجیټل تادیاتو معاملات ګړندي کړي دي.	Pashto (Standard)	South Asia	SACOR_04
We decided to visit the old temple.	موږ د پخواني معبد لیدلو پریکړه وکړه.	Pashto (Standard)	South Asia	SACOR_09
Smartphones have changed how people communicate.	سمارټ فونونو د خلکو د اړیکو لاره بدله کړې ده.	Pashto (Standard)	South Asia	SACOR_09
Children were playing cricket in the street.	ماشومان په سړک کې کریکټ لوبېدل.	Pashto (Standard)	South Asia	SACOR_02
Birds were chirping in the trees.	مرغۍ په ونو کې چغېدلې.	Pashto (Standard)	South Asia	SACOR_09
Reading books improves vocabulary.	د کتابونو لوستل د لغت ښه والی کوي.	Pashto (Standard)	South Asia	SACOR_03
Students gathered in the library.	زده کوونکي په کتابتون کې راټول شول.	Pashto (Standard)	South Asia	SACOR_08
Parents sacrifice their own needs for children.	والدین د ماشومانو لپاره خپل اړتیاوې قربان کوي.	Pashto (Standard)	South Asia	SACOR_04
Farmers planted rice in the flooded fields.	کرهڼه کونکي د اوبو لاندې کروندو کې وريجې وکړې.	Pashto (Standard)	South Asia	SACOR_01
Clear communication prevents misunderstandings.	روښانه اړیکه د ناپوهیو مخه نیسي.	Pashto (Standard)	South Asia	SACOR_07
People travel long distances to visit religious sites.	خلک د مذهبي سایټونو لیدلو لپاره اوږد فاصلې سفر کوي.	Pashto (Standard)	South Asia	SACOR_04
The teacher explained the lesson patiently.	استاد صبر سره درس تشریح کړ.	Pashto (Standard)	South Asia	SACOR_05
Family members support each other during difficult times.	د کورنۍ غړي د ستونزمنو وختونو کې یو بل ساتنه کوي.	Pashto (Standard)	South Asia	SACOR_04
Online shopping has become popular.	آنلاین پلورلې محبوبه شوې ده.	Pashto (Standard)	South Asia	SACOR_06
The professor wrote equations on the blackboard.	پروفیسور په تختې کې معادلې ولیکلې.	Pashto (Standard)	South Asia	SACOR_10
People celebrate festivals with great joy.	خلک د خوښۍ سره جشنونه لمانځي.	Pashto (Standard)	South Asia	SACOR_05
Train journeys offer scenic views.	د اورګاډو سفرونه د مناظرو لید ورکوي.	Pashto (Standard)	South Asia	SACOR_09
Learning a new language requires practice.	د نوې ژبې زده کړه تمرین ته اړتیا لري.	Pashto (Standard)	South Asia	SACOR_09
Education opens doors to opportunities.	زده کړه د فرصتونو دروازې خلاصوي.	Pashto (Standard)	South Asia	SACOR_03
Sports teach teamwork and discipline.	لوبې د ټیم کار او نظم زده کوي.	Pashto (Standard)	South Asia	SACOR_02
She walked slowly through the garden.	هغې په باغ کې ورو ورو تېره شوه.	Pashto (Standard)	South Asia	SACOR_09
Cricket is a popular sport.	کریکټ یوه مشهوره لوبه ده.	Pashto (Standard)	South Asia	SACOR_09
Tourism brings revenue to regions with historical sites.	سیاحت د تاریخي سایټونو سیمو ته عاید راولي.	Pashto (Standard)	South Asia	SACOR_05
The school organized a science fair.	ښوونځي د ساینس نندارې تنظیم کړه.	Pashto (Standard)	South Asia	SACOR_10
Doctors recommend drinking plenty of water.	داکتران د ډیرو اوبو څښل وړاندیز کوي.	Pashto (Standard)	South Asia	SACOR_07
Tea is served to guests as a gesture of hospitality.	د مېلمانو د مېلمستیا د نښې په توګه چای وړاندې کیږي.	Pashto (Standard)	South Asia	SACOR_09
The wedding ceremony lasted three days.	د واده مراسم درې ورځې دوام وکړ.	Pashto (Standard)	South Asia	SACOR_01
Respecting elders is an important value.	د زړونو درناوی مهمه ارزښت دی.	Pashto (Standard)	South Asia	SACOR_07
Teachers shape young minds.	استادان د ځوان ذهنونو شکل ورکوي.	Pashto (Standard)	South Asia	SACOR_07
Doctors work long hours to treat patients.	داکتران د ناروغانو درملنې لپاره اوږد ساعتونه کار کوي.	Pashto (Standard)	South Asia	SACOR_05
The forest is home to many wild animals.	ځنګل د ډیرو وحشي حیواناتو کور دی.	Pashto (Standard)	South Asia	SACOR_01
Handicrafts showcase artistic traditions.	دستي کارونه هنري دودونه ښکاره کوي.	Pashto (Standard)	South Asia	SACOR_06
Agriculture remains the primary source of income.	کرهڼه د عاید اصلي سرچینه پاتې ده.	Pashto (Standard)	South Asia	SACOR_02
She cooked delicious biryani for the family.	هغې د کورنۍ لپاره خوندور بریاني پخ کړه.	Pashto (Standard)	South Asia	SACOR_02
After finishing his work, he sat down.	د خپل کار پای ته رسولو وروسته، ناست شو.	Pashto (Standard)	South Asia	SACOR_01
Elderly people share wisdom and stories.	زړون خلک حکمت او کیسې شریکوي.	Pashto (Standard)	South Asia	SACOR_03
Pollution in cities has become a serious problem.	په ښارونو کې ککړتیا یوه سخت ستونزه شوې ده.	Pashto (Standard)	South Asia	SACOR_02
I woke up early this morning.	زه نن سهار وختي پاړ شوم.	Pashto (Standard)	South Asia	SACOR_03
The river flows peacefully through the valley.	سیند په دره کې په آرامۍ سره بهیږي.	Pashto (Standard)	South Asia	SACOR_06
The market was crowded with people.	بازار د خلکو سره ډک و.	Pashto (Standard)	South Asia	SACOR_05
Small businesses create employment opportunities.	کوچني سوداګرۍ د دندو فرصتونه رامنځته کوي.	Pashto (Standard)	South Asia	SACOR_04
Cooking together brings family members closer.	یوځای پخول د کورنۍ غړو ته نږدې راولي.	Pashto (Standard)	South Asia	SACOR_05
The bus arrived late.	بس ورو ورو راغله.	Pashto (Standard)	South Asia	SACOR_02
Eating fresh fruits provides essential vitamins.	د تازه میوو خوړل اړین ویتامینونه برابروي.	Pashto (Standard)	South Asia	SACOR_03
Children learn best when they are interested.	ماشومان غوره زده کوي کله چې دوی علاقه لري.	Pashto (Standard)	South Asia	SACOR_04
Spices add flavor to traditional dishes.	مسالې دودیزو خوړلو ته خوند ورکوي.	Pashto (Standard)	South Asia	SACOR_01
The school organized a science fair.	ښوونځي د ساینس نندارې تنظیم کړه.	Pashto (Standard)	South Asia	SACOR_02
Pollution in cities has become a serious problem.	په ښارونو کې ککړتیا یوه سخت ستونزه شوې ده.	Pashto (Standard)	South Asia	SACOR_07
Doctors work long hours to treat patients.	داکتران د ناروغانو درملنې لپاره اوږد ساعتونه کار کوي.	Pashto (Standard)	South Asia	SACOR_01
The bus arrived late.	بس ورو ورو راغله.	Pashto (Standard)	South Asia	SACOR_05
Digital payments have made transactions faster.	ډیجیټل تادیاتو معاملات ګړندي کړي دي.	Pashto (Standard)	South Asia	SACOR_10
Cricket is a popular sport.	کریکټ یوه مشهوره لوبه ده.	Pashto (Standard)	South Asia	SACOR_09
Traditional music is important for our heritage.	دودیز موسیقي زموږ د میراث لپاره مهمه ده.	Pashto (Standard)	South Asia	SACOR_07
We decided to visit the old temple.	موږ د پخواني معبد لیدلو پریکړه وکړه.	Pashto (Standard)	South Asia	SACOR_01
The professor wrote equations on the blackboard.	پروفیسور په تختې کې معادلې ولیکلې.	Pashto (Standard)	South Asia	SACOR_04
Train journeys offer scenic views.	د اورګاډو سفرونه د مناظرو لید ورکوي.	Pashto (Standard)	South Asia	SACOR_08
Agriculture remains the primary source of income.	کرهڼه د عاید اصلي سرچینه پاتې ده.	Pashto (Standard)	South Asia	SACOR_03
Sports teach teamwork and discipline.	لوبې د ټیم کار او نظم زده کوي.	Pashto (Standard)	South Asia	SACOR_02
Eating fresh fruits provides essential vitamins.	د تازه میوو خوړل اړین ویتامینونه برابروي.	Pashto (Standard)	South Asia	SACOR_09
Farmers planted rice in the flooded fields.	کرهڼه کونکي د اوبو لاندې کروندو کې وريجې وکړې.	Pashto (Standard)	South Asia	SACOR_07
Clear communication prevents misunderstandings.	روښانه اړیکه د ناپوهیو مخه نیسي.	Pashto (Standard)	South Asia	SACOR_01
The river flows peacefully through the valley.	سیند په دره کې په آرامۍ سره بهیږي.	Pashto (Standard)	South Asia	SACOR_01
Smartphones have changed how people communicate.	سمارټ فونونو د خلکو د اړیکو لاره بدله کړې ده.	Pashto (Standard)	South Asia	SACOR_04
The internet connects people across continents.	انټرنیټ د براعظمونو په اوږدو کې خلک سره نښلوي.	Pashto (Standard)	South Asia	SACOR_03
Tea is served to guests as a gesture of hospitality.	د مېلمانو د مېلمستیا د نښې په توګه چای وړاندې کیږي.	Pashto (Standard)	South Asia	SACOR_01
Family members support each other during difficult times.	د کورنۍ غړي د ستونزمنو وختونو کې یو بل ساتنه کوي.	Pashto (Standard)	South Asia	SACOR_04
Cooking together brings family members closer.	یوځای پخول د کورنۍ غړو ته نږدې راولي.	Pashto (Standard)	South Asia	SACOR_02
Farmers wake up early to tend to crops.	کرهڼه کونکي د محصولاتو پاملرنې لپاره وختي پاړ کېږي.	Pashto (Standard)	South Asia	SACOR_10
Spices add flavor to traditional dishes.	مسالې دودیزو خوړلو ته خوند ورکوي.	Pashto (Standard)	South Asia	SACOR_08
The forest is home to many wild animals.	ځنګل د ډیرو وحشي حیواناتو کور دی.	Pashto (Standard)	South Asia	SACOR_09
Small businesses create employment opportunities.	کوچني سوداګرۍ د دندو فرصتونه رامنځته کوي.	Pashto (Standard)	South Asia	SACOR_10
People travel long distances to visit religious sites.	خلک د مذهبي سایټونو لیدلو لپاره اوږد فاصلې سفر کوي.	Pashto (Standard)	South Asia	SACOR_10
The teacher explained the lesson patiently.	استاد صبر سره درس تشریح کړ.	Pashto (Standard)	South Asia	SACOR_10
Reading books improves vocabulary.	د کتابونو لوستل د لغت ښه والی کوي.	Pashto (Standard)	South Asia	SACOR_01
Learning a new language requires practice.	د نوې ژبې زده کړه تمرین ته اړتیا لري.	Pashto (Standard)	South Asia	SACOR_02
Storytelling preserves culture and knowledge.	کیسه ویل د کلتوري او پوهې ساتنه کوي.	Pashto (Standard)	South Asia	SACOR_02
Elderly people share wisdom and stories.	زړون خلک حکمت او کیسې شریکوي.	Pashto (Standard)	South Asia	SACOR_05
After finishing his work, he sat down.	د خپل کار پای ته رسولو وروسته، ناست شو.	Pashto (Standard)	South Asia	SACOR_01
Children were playing cricket in the street.	ماشومان په سړک کې کریکټ لوبېدل.	Pashto (Standard)	South Asia	SACOR_01
My grandmother told me stories.	زما نیا ما ماته کیسې وړې.	Pashto (Standard)	South Asia	SACOR_04
People celebrate festivals with great joy.	خلک د خوښۍ سره جشنونه لمانځي.	Pashto (Standard)	South Asia	SACOR_05
The wedding ceremony lasted three days.	د واده مراسم درې ورځې دوام وکړ.	Pashto (Standard)	South Asia	SACOR_08
Handicrafts showcase artistic traditions.	دستي کارونه هنري دودونه ښکاره کوي.	Pashto (Standard)	South Asia	SACOR_02
Teachers shape young minds.	استادان د ځوان ذهنونو شکل ورکوي.	Pashto (Standard)	South Asia	SACOR_04
Parents sacrifice their own needs for children.	والدین د ماشومانو لپاره خپل اړتیاوې قربان کوي.	Pashto (Standard)	South Asia	SACOR_02
I woke up early this morning.	زه نن سهار وختي پاړ شوم.	Pashto (Standard)	South Asia	SACOR_08
She received a scholarship to study medicine.	هغې د طب زده کړې لپاره بورسیه ترلاسه کړه.	Pashto (Standard)	South Asia	SACOR_02
Online shopping has become popular.	آنلاین پلورلې محبوبه شوې ده.	Pashto (Standard)	South Asia	SACOR_10
Students gathered in the library.	زده کوونکي په کتابتون کې راټول شول.	Pashto (Standard)	South Asia	SACOR_08
The market was crowded with people.	بازار د خلکو سره ډک و.	Pashto (Standard)	South Asia	SACOR_09
She walked slowly through the garden.	هغې په باغ کې ورو ورو تېره شوه.	Pashto (Standard)	South Asia	SACOR_07
Respecting elders is an important value.	د زړونو درناوی مهمه ارزښت دی.	Pashto (Standard)	South Asia	SACOR_01
Education opens doors to opportunities.	زده کړه د فرصتونو دروازې خلاصوي.	Pashto (Standard)	South Asia	SACOR_02
Regular exercise helps maintain good health.	منظم تمرین د ښه روغتیا ساتلو کې مرسته کوي.	Pashto (Standard)	South Asia	SACOR_07
Birds were chirping in the trees.	مرغۍ په ونو کې چغېدلې.	Pashto (Standard)	South Asia	SACOR_03
Tourism brings revenue to regions with historical sites.	سیاحت د تاریخي سایټونو سیمو ته عاید راولي.	Pashto (Standard)	South Asia	SACOR_06
Children learn best when they are interested.	ماشومان غوره زده کوي کله چې دوی علاقه لري.	Pashto (Standard)	South Asia	SACOR_10
She cooked delicious biryani for the family.	هغې د کورنۍ لپاره خوندور بریاني پخ کړه.	Pashto (Standard)	South Asia	SACOR_01
Doctors recommend drinking plenty of water.	داکتران د ډیرو اوبو څښل وړاندیز کوي.	Pashto (Standard)	South Asia	SACOR_09
Doctors recommend drinking plenty of water.	داکتران د ډیرو اوبو څښل وړاندیز کوي.	Pashto (Standard)	South Asia	SACOR_05
The teacher explained the lesson patiently.	استاد صبر سره درس تشریح کړ.	Pashto (Standard)	South Asia	SACOR_02
After finishing his work, he sat down.	د خپل کار پای ته رسولو وروسته، ناست شو.	Pashto (Standard)	South Asia	SACOR_10
Reading books improves vocabulary.	د کتابونو لوستل د لغت ښه والی کوي.	Pashto (Standard)	South Asia	SACOR_05
We decided to visit the old temple.	موږ د پخواني معبد لیدلو پریکړه وکړه.	Pashto (Standard)	South Asia	SACOR_08
Parents sacrifice their own needs for children.	والدین د ماشومانو لپاره خپل اړتیاوې قربان کوي.	Pashto (Standard)	South Asia	SACOR_09
Eating fresh fruits provides essential vitamins.	د تازه میوو خوړل اړین ویتامینونه برابروي.	Pashto (Standard)	South Asia	SACOR_06
Cricket is a popular sport.	کریکټ یوه مشهوره لوبه ده.	Pashto (Standard)	South Asia	SACOR_06
Pollution in cities has become a serious problem.	په ښارونو کې ککړتیا یوه سخت ستونزه شوې ده.	Pashto (Standard)	South Asia	SACOR_01
Tea is served to guests as a gesture of hospitality.	د مېلمانو د مېلمستیا د نښې په توګه چای وړاندې کیږي.	Pashto (Standard)	South Asia	SACOR_02
Small businesses create employment opportunities.	کوچني سوداګرۍ د دندو فرصتونه رامنځته کوي.	Pashto (Standard)	South Asia	SACOR_02
Teachers shape young minds.	استادان د ځوان ذهنونو شکل ورکوي.	Pashto (Standard)	South Asia	SACOR_04
Agriculture remains the primary source of income.	کرهڼه د عاید اصلي سرچینه پاتې ده.	Pashto (Standard)	South Asia	SACOR_08
Farmers planted rice in the flooded fields.	کرهڼه کونکي د اوبو لاندې کروندو کې وريجې وکړې.	Pashto (Standard)	South Asia	SACOR_06
People travel long distances to visit religious sites.	خلک د مذهبي سایټونو لیدلو لپاره اوږد فاصلې سفر کوي.	Pashto (Standard)	South Asia	SACOR_04
The internet connects people across continents.	انټرنیټ د براعظمونو په اوږدو کې خلک سره نښلوي.	Pashto (Standard)	South Asia	SACOR_06
Online shopping has become popular.	آنلاین پلورلې محبوبه شوې ده.	Pashto (Standard)	South Asia	SACOR_09
Children learn best when they are interested.	ماشومان غوره زده کوي کله چې دوی علاقه لري.	Pashto (Standard)	South Asia	SACOR_03
She walked slowly through the garden.	هغې په باغ کې ورو ورو تېره شوه.	Pashto (Standard)	South Asia	SACOR_02
Sports teach teamwork and discipline.	لوبې د ټیم کار او نظم زده کوي.	Pashto (Standard)	South Asia	SACOR_01
I woke up early this morning.	زه نن سهار وختي پاړ شوم.	Pashto (Standard)	South Asia	SACOR_08
The professor wrote equations on the blackboard.	پروفیسور په تختې کې معادلې ولیکلې.	Pashto (Standard)	South Asia	SACOR_03
Regular exercise helps maintain good health.	منظم تمرین د ښه روغتیا ساتلو کې مرسته کوي.	Pashto (Standard)	South Asia	SACOR_09
Birds were chirping in the trees.	مرغۍ په ونو کې چغېدلې.	Pashto (Standard)	South Asia	SACOR_09
My grandmother told me stories.	زما نیا ما ماته کیسې وړې.	Pashto (Standard)	South Asia	SACOR_08
The forest is home to many wild animals.	ځنګل د ډیرو وحشي حیواناتو کور دی.	Pashto (Standard)	South Asia	SACOR_09
The school organized a science fair.	ښوونځي د ساینس نندارې تنظیم کړه.	Pashto (Standard)	South Asia	SACOR_01
Handicrafts showcase artistic traditions.	دستي کارونه هنري دودونه ښکاره کوي.	Pashto (Standard)	South Asia	SACOR_08
People celebrate festivals with great joy.	خلک د خوښۍ سره جشنونه لمانځي.	Pashto (Standard)	South Asia	SACOR_03
Learning a new language requires practice.	د نوې ژبې زده کړه تمرین ته اړتیا لري.	Pashto (Standard)	South Asia	SACOR_08
Train journeys offer scenic views.	د اورګاډو سفرونه د مناظرو لید ورکوي.	Pashto (Standard)	South Asia	SACOR_10
The bus arrived late.	بس ورو ورو راغله.	Pashto (Standard)	South Asia	SACOR_01
Storytelling preserves culture and knowledge.	کیسه ویل د کلتوري او پوهې ساتنه کوي.	Pashto (Standard)	South Asia	SACOR_04
Doctors work long hours to treat patients.	داکتران د ناروغانو درملنې لپاره اوږد ساعتونه کار کوي.	Pashto (Standard)	South Asia	SACOR_08
Students gathered in the library.	زده کوونکي په کتابتون کې راټول شول.	Pashto (Standard)	South Asia	SACOR_02
The wedding ceremony lasted three days.	د واده مراسم درې ورځې دوام وکړ.	Pashto (Standard)	South Asia	SACOR_07
The river flows peacefully through the valley.	سیند په دره کې په آرامۍ سره بهیږي.	Pashto (Standard)	South Asia	SACOR_02
Family members support each other during difficult times.	د کورنۍ غړي د ستونزمنو وختونو کې یو بل ساتنه کوي.	Pashto (Standard)	South Asia	SACOR_07
Clear communication prevents misunderstandings.	روښانه اړیکه د ناپوهیو مخه نیسي.	Pashto (Standard)	South Asia	SACOR_01
Digital payments have made transactions faster.	ډیجیټل تادیاتو معاملات ګړندي کړي دي.	Pashto (Standard)	South Asia	SACOR_09
The market was crowded with people.	بازار د خلکو سره ډک و.	Pashto (Standard)	South Asia	SACOR_09
Cooking together brings family members closer.	یوځای پخول د کورنۍ غړو ته نږدې راولي.	Pashto (Standard)	South Asia	SACOR_02
Education opens doors to opportunities.	زده کړه د فرصتونو دروازې خلاصوي.	Pashto (Standard)	South Asia	SACOR_10
Farmers wake up early to tend to crops.	کرهڼه کونکي د محصولاتو پاملرنې لپاره وختي پاړ کېږي.	Pashto (Standard)	South Asia	SACOR_08
She received a scholarship to study medicine.	هغې د طب زده کړې لپاره بورسیه ترلاسه کړه.	Pashto (Standard)	South Asia	SACOR_03
Traditional music is important for our heritage.	دودیز موسیقي زموږ د میراث لپاره مهمه ده.	Pashto (Standard)	South Asia	SACOR_03
Children were playing cricket in the street.	ماشومان په سړک کې کریکټ لوبېدل.	Pashto (Standard)	South Asia	SACOR_04
She cooked delicious biryani for the family.	هغې د کورنۍ لپاره خوندور بریاني پخ کړه.	Pashto (Standard)	South Asia	SACOR_10
Respecting elders is an important value.	د زړونو درناوی مهمه ارزښت دی.	Pashto (Standard)	South Asia	SACOR_10
Elderly people share wisdom and stories.	زړون خلک حکمت او کیسې شریکوي.	Pashto (Standard)	South Asia	SACOR_07
Spices add flavor to traditional dishes.	مسالې دودیزو خوړلو ته خوند ورکوي.	Pashto (Standard)	South Asia	SACOR_05
Smartphones have changed how people communicate.	سمارټ فونونو د خلکو د اړیکو لاره بدله کړې ده.	Pashto (Standard)	South Asia	SACOR_08
Tourism brings revenue to regions with historical sites.	سیاحت د تاریخي سایټونو سیمو ته عاید راولي.	Pashto (Standard)	South Asia	SACOR_08
Agriculture remains the primary source of income.	کرهڼه د عاید اصلي سرچینه پاتې ده.	Pashto (Standard)	South Asia	SACOR_02
Education opens doors to opportunities.	زده کړه د فرصتونو دروازې خلاصوي.	Pashto (Standard)	South Asia	SACOR_09
Regular exercise helps maintain good health.	منظم تمرین د ښه روغتیا ساتلو کې مرسته کوي.	Pashto (Standard)	South Asia	SACOR_04
Doctors work long hours to treat patients.	داکتران د ناروغانو درملنې لپاره اوږد ساعتونه کار کوي.	Pashto (Standard)	South Asia	SACOR_08
Smartphones have changed how people communicate.	سمارټ فونونو د خلکو د اړیکو لاره بدله کړې ده.	Pashto (Standard)	South Asia	SACOR_06
The forest is home to many wild animals.	ځنګل د ډیرو وحشي حیواناتو کور دی.	Pashto (Standard)	South Asia	SACOR_04
She walked slowly through the garden.	هغې په باغ کې ورو ورو تېره شوه.	Pashto (Standard)	South Asia	SACOR_01
She cooked delicious biryani for the family.	هغې د کورنۍ لپاره خوندور بریاني پخ کړه.	Pashto (Standard)	South Asia	SACOR_08
Online shopping has become popular.	آنلاین پلورلې محبوبه شوې ده.	Pashto (Standard)	South Asia	SACOR_07
Teachers shape young minds.	استادان د ځوان ذهنونو شکل ورکوي.	Pashto (Standard)	South Asia	SACOR_09
The river flows peacefully through the valley.	سیند په دره کې په آرامۍ سره بهیږي.	Pashto (Standard)	South Asia	SACOR_02
Cooking together brings family members closer.	یوځای پخول د کورنۍ غړو ته نږدې راولي.	Pashto (Standard)	South Asia	SACOR_01
Traditional music is important for our heritage.	دودیز موسیقي زموږ د میراث لپاره مهمه ده.	Pashto (Standard)	South Asia	SACOR_03
Elderly people share wisdom and stories.	زړون خلک حکمت او کیسې شریکوي.	Pashto (Standard)	South Asia	SACOR_05
The market was crowded with people.	بازار د خلکو سره ډک و.	Pashto (Standard)	South Asia	SACOR_09
Handicrafts showcase artistic traditions.	دستي کارونه هنري دودونه ښکاره کوي.	Pashto (Standard)	South Asia	SACOR_01
The professor wrote equations on the blackboard.	پروفیسور په تختې کې معادلې ولیکلې.	Pashto (Standard)	South Asia	SACOR_09
Children learn best when they are interested.	ماشومان غوره زده کوي کله چې دوی علاقه لري.	Pashto (Standard)	South Asia	SACOR_06
Cricket is a popular sport.	کریکټ یوه مشهوره لوبه ده.	Pashto (Standard)	South Asia	SACOR_06
My grandmother told me stories.	زما نیا ما ماته کیسې وړې.	Pashto (Standard)	South Asia	SACOR_08
Eating fresh fruits provides essential vitamins.	د تازه میوو خوړل اړین ویتامینونه برابروي.	Pashto (Standard)	South Asia	SACOR_09
Reading books improves vocabulary.	د کتابونو لوستل د لغت ښه والی کوي.	Pashto (Standard)	South Asia	SACOR_01
Spices add flavor to traditional dishes.	مسالې دودیزو خوړلو ته خوند ورکوي.	Pashto (Standard)	South Asia	SACOR_01
Family members support each other during difficult times.	د کورنۍ غړي د ستونزمنو وختونو کې یو بل ساتنه کوي.	Pashto (Standard)	South Asia	SACOR_03
People celebrate festivals with great joy.	خلک د خوښۍ سره جشنونه لمانځي.	Pashto (Standard)	South Asia	SACOR_05
After finishing his work, he sat down.	د خپل کار پای ته رسولو وروسته، ناست شو.	Pashto (Standard)	South Asia	SACOR_05
Children were playing cricket in the street.	ماشومان په سړک کې کریکټ لوبېدل.	Pashto (Standard)	South Asia	SACOR_04
Tea is served to guests as a gesture of hospitality.	د مېلمانو د مېلمستیا د نښې په توګه چای وړاندې کیږي.	Pashto (Standard)	South Asia	SACOR_03
Small businesses create employment opportunities.	کوچني سوداګرۍ د دندو فرصتونه رامنځته کوي.	Pashto (Standard)	South Asia	SACOR_04
Digital payments have made transactions faster.	ډیجیټل تادیاتو معاملات ګړندي کړي دي.	Pashto (Standard)	South Asia	SACOR_07
Birds were chirping in the trees.	مرغۍ په ونو کې چغېدلې.	Pashto (Standard)	South Asia	SACOR_03
Tourism brings revenue to regions with historical sites.	سیاحت د تاریخي سایټونو سیمو ته عاید راولي.	Pashto (Standard)	South Asia	SACOR_03
Respecting elders is an important value.	د زړونو درناوی مهمه ارزښت دی.	Pashto (Standard)	South Asia	SACOR_02
People travel long distances to visit religious sites.	خلک د مذهبي سایټونو لیدلو لپاره اوږد فاصلې سفر کوي.	Pashto (Standard)	South Asia	SACOR_07
The school organized a science fair.	ښوونځي د ساینس نندارې تنظیم کړه.	Pashto (Standard)	South Asia	SACOR_10
I woke up early this morning.	زه نن سهار وختي پاړ شوم.	Pashto (Standard)	South Asia	SACOR_01
Parents sacrifice their own needs for children.	والدین د ماشومانو لپاره خپل اړتیاوې قربان کوي.	Pashto (Standard)	South Asia	SACOR_07
Farmers wake up early to tend to crops.	کرهڼه کونکي د محصولاتو پاملرنې لپاره وختي پاړ کېږي.	Pashto (Standard)	South Asia	SACOR_10
Doctors recommend drinking plenty of water.	داکتران د ډیرو اوبو څښل وړاندیز کوي.	Pashto (Standard)	South Asia	SACOR_07
Sports teach teamwork and discipline.	لوبې د ټیم کار او نظم زده کوي.	Pashto (Standard)	South Asia	SACOR_09
The teacher explained the lesson patiently.	استاد صبر سره درس تشریح کړ.	Pashto (Standard)	South Asia	SACOR_06
The wedding ceremony lasted three days.	د واده مراسم درې ورځې دوام وکړ.	Pashto (Standard)	South Asia	SACOR_08
Train journeys offer scenic views.	د اورګاډو سفرونه د مناظرو لید ورکوي.	Pashto (Standard)	South Asia	SACOR_05
Clear communication prevents misunderstandings.	روښانه اړیکه د ناپوهیو مخه نیسي.	Pashto (Standard)	South Asia	SACOR_07
Students gathered in the library.	زده کوونکي په کتابتون کې راټول شول.	Pashto (Standard)	South Asia	SACOR_08
Pollution in cities has become a serious problem.	په ښارونو کې ککړتیا یوه سخت ستونزه شوې ده.	Pashto (Standard)	South Asia	SACOR_01
Farmers planted rice in the flooded fields.	کرهڼه کونکي د اوبو لاندې کروندو کې وريجې وکړې.	Pashto (Standard)	South Asia	SACOR_07
The bus arrived late.	بس ورو ورو راغله.	Pashto (Standard)	South Asia	SACOR_08
We decided to visit the old temple.	موږ د پخواني معبد لیدلو پریکړه وکړه.	Pashto (Standard)	South Asia	SACOR_06
She received a scholarship to study medicine.	هغې د طب زده کړې لپاره بورسیه ترلاسه کړه.	Pashto (Standard)	South Asia	SACOR_02
The internet connects people across continents.	انټرنیټ د براعظمونو په اوږدو کې خلک سره نښلوي.	Pashto (Standard)	South Asia	SACOR_07
Storytelling preserves culture and knowledge.	کیسه ویل د کلتوري او پوهې ساتنه کوي.	Pashto (Standard)	South Asia	SACOR_10
Learning a new language requires practice.	د نوې ژبې زده کړه تمرین ته اړتیا لري.	Pashto (Standard)	South Asia	SACOR_02
Farmers wake up early to tend to crops.	کرهڼه کونکي د محصولاتو پاملرنې لپاره وختي پاړ کېږي.	Pashto (Standard)	South Asia	SACOR_04
The market was crowded with people.	بازار د خلکو سره ډک و.	Pashto (Standard)	South Asia	SACOR_10
Pollution in cities has become a serious problem.	په ښارونو کې ککړتیا یوه سخت ستونزه شوې ده.	Pashto (Standard)	South Asia	SACOR_06
She received a scholarship to study medicine.	هغې د طب زده کړې لپاره بورسیه ترلاسه کړه.	Pashto (Standard)	South Asia	SACOR_03
Learning a new language requires practice.	د نوې ژبې زده کړه تمرین ته اړتیا لري.	Pashto (Standard)	South Asia	SACOR_02
Parents sacrifice their own needs for children.	والدین د ماشومانو لپاره خپل اړتیاوې قربان کوي.	Pashto (Standard)	South Asia	SACOR_06
After finishing his work, he sat down.	د خپل کار پای ته رسولو وروسته، ناست شو.	Pashto (Standard)	South Asia	SACOR_01
Elderly people share wisdom and stories.	زړون خلک حکمت او کیسې شریکوي.	Pashto (Standard)	South Asia	SACOR_02
The professor wrote equations on the blackboard.	پروفیسور په تختې کې معادلې ولیکلې.	Pashto (Standard)	South Asia	SACOR_07
Birds were chirping in the trees.	مرغۍ په ونو کې چغېدلې.	Pashto (Standard)	South Asia	SACOR_05
Eating fresh fruits provides essential vitamins.	د تازه میوو خوړل اړین ویتامینونه برابروي.	Pashto (Standard)	South Asia	SACOR_03
The bus arrived late.	بس ورو ورو راغله.	Pashto (Standard)	South Asia	SACOR_07
My grandmother told me stories.	زما نیا ما ماته کیسې وړې.	Pashto (Standard)	South Asia	SACOR_02
Tea is served to guests as a gesture of hospitality.	د مېلمانو د مېلمستیا د نښې په توګه چای وړاندې کیږي.	Pashto (Standard)	South Asia	SACOR_01
Students gathered in the library.	زده کوونکي په کتابتون کې راټول شول.	Pashto (Standard)	South Asia	SACOR_08
Cooking together brings family members closer.	یوځای پخول د کورنۍ غړو ته نږدې راولي.	Pashto (Standard)	South Asia	SACOR_01
Train journeys offer scenic views.	د اورګاډو سفرونه د مناظرو لید ورکوي.	Pashto (Standard)	South Asia	SACOR_04
People travel long distances to visit religious sites.	خلک د مذهبي سایټونو لیدلو لپاره اوږد فاصلې سفر کوي.	Pashto (Standard)	South Asia	SACOR_04
Respecting elders is an important value.	د زړونو درناوی مهمه ارزښت دی.	Pashto (Standard)	South Asia	SACOR_06
Small businesses create employment opportunities.	کوچني سوداګرۍ د دندو فرصتونه رامنځته کوي.	Pashto (Standard)	South Asia	SACOR_01
Farmers planted rice in the flooded fields.	کرهڼه کونکي د اوبو لاندې کروندو کې وريجې وکړې.	Pashto (Standard)	South Asia	SACOR_09
People celebrate festivals with great joy.	خلک د خوښۍ سره جشنونه لمانځي.	Pashto (Standard)	South Asia	SACOR_05
I woke up early this morning.	زه نن سهار وختي پاړ شوم.	Pashto (Standard)	South Asia	SACOR_03
Teachers shape young minds.	استادان د ځوان ذهنونو شکل ورکوي.	Pashto (Standard)	South Asia	SACOR_05
Digital payments have made transactions faster.	ډیجیټل تادیاتو معاملات ګړندي کړي دي.	Pashto (Standard)	South Asia	SACOR_04
We decided to visit the old temple.	موږ د پخواني معبد لیدلو پریکړه وکړه.	Pashto (Standard)	South Asia	SACOR_02
Family members support each other during difficult times.	د کورنۍ غړي د ستونزمنو وختونو کې یو بل ساتنه کوي.	Pashto (Standard)	South Asia	SACOR_10
The forest is home to many wild animals.	ځنګل د ډیرو وحشي حیواناتو کور دی.	Pashto (Standard)	South Asia	SACOR_09
Spices add flavor to traditional dishes.	مسالې دودیزو خوړلو ته خوند ورکوي.	Pashto (Standard)	South Asia	SACOR_04
Agriculture remains the primary source of income.	کرهڼه د عاید اصلي سرچینه پاتې ده.	Pashto (Standard)	South Asia	SACOR_10
Traditional music is important for our heritage.	دودیز موسیقي زموږ د میراث لپاره مهمه ده.	Pashto (Standard)	South Asia	SACOR_03
The internet connects people across continents.	انټرنیټ د براعظمونو په اوږدو کې خلک سره نښلوي.	Pashto (Standard)	South Asia	SACOR_05
Clear communication prevents misunderstandings.	روښانه اړیکه د ناپوهیو مخه نیسي.	Pashto (Standard)	South Asia	SACOR_09
Tourism brings revenue to regions with historical sites.	سیاحت د تاریخي سایټونو سیمو ته عاید راولي.	Pashto (Standard)	South Asia	SACOR_05
Doctors recommend drinking plenty of water.	داکتران د ډیرو اوبو څښل وړاندیز کوي.	Pashto (Standard)	South Asia	SACOR_09
Online shopping has become popular.	آنلاین پلورلې محبوبه شوې ده.	Pashto (Standard)	South Asia	SACOR_02
Sports teach teamwork and discipline.	لوبې د ټیم کار او نظم زده کوي.	Pashto (Standard)	South Asia	SACOR_04
Doctors work long hours to treat patients.	داکتران د ناروغانو درملنې لپاره اوږد ساعتونه کار کوي.	Pashto (Standard)	South Asia	SACOR_01
Reading books improves vocabulary.	د کتابونو لوستل د لغت ښه والی کوي.	Pashto (Standard)	South Asia	SACOR_01
The school organized a science fair.	ښوونځي د ساینس نندارې تنظیم کړه.	Pashto (Standard)	South Asia	SACOR_05
Smartphones have changed how people communicate.	سمارټ فونونو د خلکو د اړیکو لاره بدله کړې ده.	Pashto (Standard)	South Asia	SACOR_02
Children learn best when they are interested.	ماشومان غوره زده کوي کله چې دوی علاقه لري.	Pashto (Standard)	South Asia	SACOR_07
Storytelling preserves culture and knowledge.	کیسه ویل د کلتوري او پوهې ساتنه کوي.	Pashto (Standard)	South Asia	SACOR_10
Cricket is a popular sport.	کریکټ یوه مشهوره لوبه ده.	Pashto (Standard)	South Asia	SACOR_02
Education opens doors to opportunities.	زده کړه د فرصتونو دروازې خلاصوي.	Pashto (Standard)	South Asia	SACOR_01
Handicrafts showcase artistic traditions.	دستي کارونه هنري دودونه ښکاره کوي.	Pashto (Standard)	South Asia	SACOR_06
The teacher explained the lesson patiently.	استاد صبر سره درس تشریح کړ.	Pashto (Standard)	South Asia	SACOR_04
She walked slowly through the garden.	هغې په باغ کې ورو ورو تېره شوه.	Pashto (Standard)	South Asia	SACOR_01
Regular exercise helps maintain good health.	منظم تمرین د ښه روغتیا ساتلو کې مرسته کوي.	Pashto (Standard)	South Asia	SACOR_03
The river flows peacefully through the valley.	سیند په دره کې په آرامۍ سره بهیږي.	Pashto (Standard)	South Asia	SACOR_02
The wedding ceremony lasted three days.	د واده مراسم درې ورځې دوام وکړ.	Pashto (Standard)	South Asia	SACOR_06
She cooked delicious biryani for the family.	هغې د کورنۍ لپاره خوندور بریاني پخ کړه.	Pashto (Standard)	South Asia	SACOR_02
Children were playing cricket in the street.	ماشومان په سړک کې کریکټ لوبېدل.	Pashto (Standard)	South Asia	SACOR_07
The bus arrived late.	بس ورو ورو راغله.	Pashto (Standard)	South Asia	SACOR_08
Tourism brings revenue to regions with historical sites.	سیاحت د تاریخي سایټونو سیمو ته عاید راولي.	Pashto (Standard)	South Asia	SACOR_06
Eating fresh fruits provides essential vitamins.	د تازه میوو خوړل اړین ویتامینونه برابروي.	Pashto (Standard)	South Asia	SACOR_09
The teacher explained the lesson patiently.	استاد صبر سره درس تشریح کړ.	Pashto (Standard)	South Asia	SACOR_07
People celebrate festivals with great joy.	خلک د خوښۍ سره جشنونه لمانځي.	Pashto (Standard)	South Asia	SACOR_05
Online shopping has become popular.	آنلاین پلورلې محبوبه شوې ده.	Pashto (Standard)	South Asia	SACOR_07
The river flows peacefully through the valley.	سیند په دره کې په آرامۍ سره بهیږي.	Pashto (Standard)	South Asia	SACOR_04
Birds were chirping in the trees.	مرغۍ په ونو کې چغېدلې.	Pashto (Standard)	South Asia	SACOR_04
She cooked delicious biryani for the family.	هغې د کورنۍ لپاره خوندور بریاني پخ کړه.	Pashto (Standard)	South Asia	SACOR_10
We decided to visit the old temple.	موږ د پخواني معبد لیدلو پریکړه وکړه.	Pashto (Standard)	South Asia	SACOR_06
Children were playing cricket in the street.	ماشومان په سړک کې کریکټ لوبېدل.	Pashto (Standard)	South Asia	SACOR_04
Education opens doors to opportunities.	زده کړه د فرصتونو دروازې خلاصوي.	Pashto (Standard)	South Asia	SACOR_05
Teachers shape young minds.	استادان د ځوان ذهنونو شکل ورکوي.	Pashto (Standard)	South Asia	SACOR_09
The school organized a science fair.	ښوونځي د ساینس نندارې تنظیم کړه.	Pashto (Standard)	South Asia	SACOR_02
Students gathered in the library.	زده کوونکي په کتابتون کې راټول شول.	Pashto (Standard)	South Asia	SACOR_02
She walked slowly through the garden.	هغې په باغ کې ورو ورو تېره شوه.	Pashto (Standard)	South Asia	SACOR_01
Respecting elders is an important value.	د زړونو درناوی مهمه ارزښت دی.	Pashto (Standard)	South Asia	SACOR_06
Traditional music is important for our heritage.	دودیز موسیقي زموږ د میراث لپاره مهمه ده.	Pashto (Standard)	South Asia	SACOR_01
People travel long distances to visit religious sites.	خلک د مذهبي سایټونو لیدلو لپاره اوږد فاصلې سفر کوي.	Pashto (Standard)	South Asia	SACOR_02
Doctors work long hours to treat patients.	داکتران د ناروغانو درملنې لپاره اوږد ساعتونه کار کوي.	Pashto (Standard)	South Asia	SACOR_05
I woke up early this morning.	زه نن سهار وختي پاړ شوم.	Pashto (Standard)	South Asia	SACOR_08
My grandmother told me stories.	زما نیا ما ماته کیسې وړې.	Pashto (Standard)	South Asia	SACOR_07
Reading books improves vocabulary.	د کتابونو لوستل د لغت ښه والی کوي.	Pashto (Standard)	South Asia	SACOR_05
Cooking together brings family members closer.	یوځای پخول د کورنۍ غړو ته نږدې راولي.	Pashto (Standard)	South Asia	SACOR_03
Small businesses create employment opportunities.	کوچني سوداګرۍ د دندو فرصتونه رامنځته کوي.	Pashto (Standard)	South Asia	SACOR_08
The internet connects people across continents.	انټرنیټ د براعظمونو په اوږدو کې خلک سره نښلوي.	Pashto (Standard)	South Asia	SACOR_09
Learning a new language requires practice.	د نوې ژبې زده کړه تمرین ته اړتیا لري.	Pashto (Standard)	South Asia	SACOR_10
Family members support each other during difficult times.	د کورنۍ غړي د ستونزمنو وختونو کې یو بل ساتنه کوي.	Pashto (Standard)	South Asia	SACOR_07
Pollution in cities has become a serious problem.	په ښارونو کې ککړتیا یوه سخت ستونزه شوې ده.	Pashto (Standard)	South Asia	SACOR_02
Cricket is a popular sport.	کریکټ یوه مشهوره لوبه ده.	Pashto (Standard)	South Asia	SACOR_06
Parents sacrifice their own needs for children.	والدین د ماشومانو لپاره خپل اړتیاوې قربان کوي.	Pashto (Standard)	South Asia	SACOR_08
Farmers wake up early to tend to crops.	کرهڼه کونکي د محصولاتو پاملرنې لپاره وختي پاړ کېږي.	Pashto (Standard)	South Asia	SACOR_04
The wedding ceremony lasted three days.	د واده مراسم درې ورځې دوام وکړ.	Pashto (Standard)	South Asia	SACOR_09
Handicrafts showcase artistic traditions.	دستي کارونه هنري دودونه ښکاره کوي.	Pashto (Standard)	South Asia	SACOR_06
Train journeys offer scenic views.	د اورګاډو سفرونه د مناظرو لید ورکوي.	Pashto (Standard)	South Asia	SACOR_06
Digital payments have made transactions faster.	ډیجیټل تادیاتو معاملات ګړندي کړي دي.	Pashto (Standard)	South Asia	SACOR_02
Spices add flavor to traditional dishes.	مسالې دودیزو خوړلو ته خوند ورکوي.	Pashto (Standard)	South Asia	SACOR_03
Smartphones have changed how people communicate.	سمارټ فونونو د خلکو د اړیکو لاره بدله کړې ده.	Pashto (Standard)	South Asia	SACOR_09
Agriculture remains the primary source of income.	کرهڼه د عاید اصلي سرچینه پاتې ده.	Pashto (Standard)	South Asia	SACOR_02
Clear communication prevents misunderstandings.	روښانه اړیکه د ناپوهیو مخه نیسي.	Pashto (Standard)	South Asia	SACOR_08
The forest is home to many wild animals.	ځنګل د ډیرو وحشي حیواناتو کور دی.	Pashto (Standard)	South Asia	SACOR_08
The market was crowded with people.	بازار د خلکو سره ډک و.	Pashto (Standard)	South Asia	SACOR_06
Elderly people share wisdom and stories.	زړون خلک حکمت او کیسې شریکوي.	Pashto (Standard)	South Asia	SACOR_02
Farmers planted rice in the flooded fields.	کرهڼه کونکي د اوبو لاندې کروندو کې وريجې وکړې.	Pashto (Standard)	South Asia	SACOR_03
Tea is served to guests as a gesture of hospitality.	د مېلمانو د مېلمستیا د نښې په توګه چای وړاندې کیږي.	Pashto (Standard)	South Asia	SACOR_04
Sports teach teamwork and discipline.	لوبې د ټیم کار او نظم زده کوي.	Pashto (Standard)	South Asia	SACOR_10
The professor wrote equations on the blackboard.	پروفیسور په تختې کې معادلې ولیکلې.	Pashto (Standard)	South Asia	SACOR_06
Regular exercise helps maintain good health.	منظم تمرین د ښه روغتیا ساتلو کې مرسته کوي.	Pashto (Standard)	South Asia	SACOR_10
After finishing his work, he sat down.	د خپل کار پای ته رسولو وروسته، ناست شو.	Pashto (Standard)	South Asia	SACOR_08
Children learn best when they are interested.	ماشومان غوره زده کوي کله چې دوی علاقه لري.	Pashto (Standard)	South Asia	SACOR_09
Doctors recommend drinking plenty of water.	داکتران د ډیرو اوبو څښل وړاندیز کوي.	Pashto (Standard)	South Asia	SACOR_02
She received a scholarship to study medicine.	هغې د طب زده کړې لپاره بورسیه ترلاسه کړه.	Pashto (Standard)	South Asia	SACOR_06
Storytelling preserves culture and knowledge.	کیسه ویل د کلتوري او پوهې ساتنه کوي.	Pashto (Standard)	South Asia	SACOR_06
Storytelling preserves culture and knowledge.	کیسه ویل د کلتوري او پوهې ساتنه کوي.	Pashto (Standard)	South Asia	SACOR_05
Children were playing cricket in the street.	ماشومان په سړک کې کریکټ لوبېدل.	Pashto (Standard)	South Asia	SACOR_03
The river flows peacefully through the valley.	سیند په دره کې په آرامۍ سره بهیږي.	Pashto (Standard)	South Asia	SACOR_07
Learning a new language requires practice.	د نوې ژبې زده کړه تمرین ته اړتیا لري.	Pashto (Standard)	South Asia	SACOR_01
Cooking together brings family members closer.	یوځای پخول د کورنۍ غړو ته نږدې راولي.	Pashto (Standard)	South Asia	SACOR_10
People celebrate festivals with great joy.	خلک د خوښۍ سره جشنونه لمانځي.	Pashto (Standard)	South Asia	SACOR_08
She received a scholarship to study medicine.	هغې د طب زده کړې لپاره بورسیه ترلاسه کړه.	Pashto (Standard)	South Asia	SACOR_03
Small businesses create employment opportunities.	کوچني سوداګرۍ د دندو فرصتونه رامنځته کوي.	Pashto (Standard)	South Asia	SACOR_04
Traditional music is important for our heritage.	دودیز موسیقي زموږ د میراث لپاره مهمه ده.	Pashto (Standard)	South Asia	SACOR_07
Digital payments have made transactions faster.	ډیجیټل تادیاتو معاملات ګړندي کړي دي.	Pashto (Standard)	South Asia	SACOR_01
Sports teach teamwork and discipline.	لوبې د ټیم کار او نظم زده کوي.	Pashto (Standard)	South Asia	SACOR_03
Doctors recommend drinking plenty of water.	داکتران د ډیرو اوبو څښل وړاندیز کوي.	Pashto (Standard)	South Asia	SACOR_05
Family members support each other during difficult times.	د کورنۍ غړي د ستونزمنو وختونو کې یو بل ساتنه کوي.	Pashto (Standard)	South Asia	SACOR_05
Pollution in cities has become a serious problem.	په ښارونو کې ککړتیا یوه سخت ستونزه شوې ده.	Pashto (Standard)	South Asia	SACOR_07
Regular exercise helps maintain good health.	منظم تمرین د ښه روغتیا ساتلو کې مرسته کوي.	Pashto (Standard)	South Asia	SACOR_06
Parents sacrifice their own needs for children.	والدین د ماشومانو لپاره خپل اړتیاوې قربان کوي.	Pashto (Standard)	South Asia	SACOR_05
The school organized a science fair.	ښوونځي د ساینس نندارې تنظیم کړه.	Pashto (Standard)	South Asia	SACOR_07
Elderly people share wisdom and stories.	زړون خلک حکمت او کیسې شریکوي.	Pashto (Standard)	South Asia	SACOR_08
After finishing his work, he sat down.	د خپل کار پای ته رسولو وروسته، ناست شو.	Pashto (Standard)	South Asia	SACOR_08
The forest is home to many wild animals.	ځنګل د ډیرو وحشي حیواناتو کور دی.	Pashto (Standard)	South Asia	SACOR_03
Students gathered in the library.	زده کوونکي په کتابتون کې راټول شول.	Pashto (Standard)	South Asia	SACOR_01
The market was crowded with people.	بازار د خلکو سره ډک و.	Pashto (Standard)	South Asia	SACOR_06
Clear communication prevents misunderstandings.	روښانه اړیکه د ناپوهیو مخه نیسي.	Pashto (Standard)	South Asia	SACOR_02
We decided to visit the old temple.	موږ د پخواني معبد لیدلو پریکړه وکړه.	Pashto (Standard)	South Asia	SACOR_08
I woke up early this morning.	زه نن سهار وختي پاړ شوم.	Pashto (Standard)	South Asia	SACOR_02
Smartphones have changed how people communicate.	سمارټ فونونو د خلکو د اړیکو لاره بدله کړې ده.	Pashto (Standard)	South Asia	SACOR_01
Tourism brings revenue to regions with historical sites.	سیاحت د تاریخي سایټونو سیمو ته عاید راولي.	Pashto (Standard)	South Asia	SACOR_08
Teachers shape young minds.	استادان د ځوان ذهنونو شکل ورکوي.	Pashto (Standard)	South Asia	SACOR_04
People travel long distances to visit religious sites.	خلک د مذهبي سایټونو لیدلو لپاره اوږد فاصلې سفر کوي.	Pashto (Standard)	South Asia	SACOR_01
Online shopping has become popular.	آنلاین پلورلې محبوبه شوې ده.	Pashto (Standard)	South Asia	SACOR_09
Birds were chirping in the trees.	مرغۍ په ونو کې چغېدلې.	Pashto (Standard)	South Asia	SACOR_08
Handicrafts showcase artistic traditions.	دستي کارونه هنري دودونه ښکاره کوي.	Pashto (Standard)	South Asia	SACOR_02
Children learn best when they are interested.	ماشومان غوره زده کوي کله چې دوی علاقه لري.	Pashto (Standard)	South Asia	SACOR_06
Education opens doors to opportunities.	زده کړه د فرصتونو دروازې خلاصوي.	Pashto (Standard)	South Asia	SACOR_07
She walked slowly through the garden.	هغې په باغ کې ورو ورو تېره شوه.	Pashto (Standard)	South Asia	SACOR_05
The internet connects people across continents.	انټرنیټ د براعظمونو په اوږدو کې خلک سره نښلوي.	Pashto (Standard)	South Asia	SACOR_08
Cricket is a popular sport.	کریکټ یوه مشهوره لوبه ده.	Pashto (Standard)	South Asia	SACOR_09
Respecting elders is an important value.	د زړونو درناوی مهمه ارزښت دی.	Pashto (Standard)	South Asia	SACOR_04
Farmers planted rice in the flooded fields.	کرهڼه کونکي د اوبو لاندې کروندو کې وريجې وکړې.	Pashto (Standard)	South Asia	SACOR_08
The bus arrived late.	بس ورو ورو راغله.	Pashto (Standard)	South Asia	SACOR_01
Farmers wake up early to tend to crops.	کرهڼه کونکي د محصولاتو پاملرنې لپاره وختي پاړ کېږي.	Pashto (Standard)	South Asia	SACOR_04
Train journeys offer scenic views.	د اورګاډو سفرونه د مناظرو لید ورکوي.	Pashto (Standard)	South Asia	SACOR_02
The professor wrote equations on the blackboard.	پروفیسور په تختې کې معادلې ولیکلې.	Pashto (Standard)	South Asia	SACOR_08
Spices add flavor to traditional dishes.	مسالې دودیزو خوړلو ته خوند ورکوي.	Pashto (Standard)	South Asia	SACOR_06
Eating fresh fruits provides essential vitamins.	د تازه میوو خوړل اړین ویتامینونه برابروي.	Pashto (Standard)	South Asia	SACOR_05
My grandmother told me stories.	زما نیا ما ماته کیسې وړې.	Pashto (Standard)	South Asia	SACOR_04
Doctors work long hours to treat patients.	داکتران د ناروغانو درملنې لپاره اوږد ساعتونه کار کوي.	Pashto (Standard)	South Asia	SACOR_09
She cooked delicious biryani for the family.	هغې د کورنۍ لپاره خوندور بریاني پخ کړه.	Pashto (Standard)	South Asia	SACOR_01
Agriculture remains the primary source of income.	کرهڼه د عاید اصلي سرچینه پاتې ده.	Pashto (Standard)	South Asia	SACOR_03
The wedding ceremony lasted three days.	د واده مراسم درې ورځې دوام وکړ.	Pashto (Standard)	South Asia	SACOR_08
Reading books improves vocabulary.	د کتابونو لوستل د لغت ښه والی کوي.	Pashto (Standard)	South Asia	SACOR_05
Tea is served to guests as a gesture of hospitality.	د مېلمانو د مېلمستیا د نښې په توګه چای وړاندې کیږي.	Pashto (Standard)	South Asia	SACOR_02
The teacher explained the lesson patiently.	استاد صبر سره درس تشریح کړ.	Pashto (Standard)	South Asia	SACOR_05
Agriculture remains the primary source of income.	کرهڼه د عاید اصلي سرچینه پاتې ده.	Pashto (Standard)	South Asia	SACOR_09
Reading books improves vocabulary.	د کتابونو لوستل د لغت ښه والی کوي.	Pashto (Standard)	South Asia	SACOR_06
The teacher explained the lesson patiently.	استاد صبر سره درس تشریح کړ.	Pashto (Standard)	South Asia	SACOR_08
Students gathered in the library.	زده کوونکي په کتابتون کې راټول شول.	Pashto (Standard)	South Asia	SACOR_03
I woke up early this morning.	زه نن سهار وختي پاړ شوم.	Pashto (Standard)	South Asia	SACOR_07
She cooked delicious biryani for the family.	هغې د کورنۍ لپاره خوندور بریاني پخ کړه.	Pashto (Standard)	South Asia	SACOR_01
Family members support each other during difficult times.	د کورنۍ غړي د ستونزمنو وختونو کې یو بل ساتنه کوي.	Pashto (Standard)	South Asia	SACOR_03
Children were playing cricket in the street.	ماشومان په سړک کې کریکټ لوبېدل.	Pashto (Standard)	South Asia	SACOR_10
Elderly people share wisdom and stories.	زړون خلک حکمت او کیسې شریکوي.	Pashto (Standard)	South Asia	SACOR_03
Doctors work long hours to treat patients.	داکتران د ناروغانو درملنې لپاره اوږد ساعتونه کار کوي.	Pashto (Standard)	South Asia	SACOR_06
The river flows peacefully through the valley.	سیند په دره کې په آرامۍ سره بهیږي.	Pashto (Standard)	South Asia	SACOR_05
Handicrafts showcase artistic traditions.	دستي کارونه هنري دودونه ښکاره کوي.	Pashto (Standard)	South Asia	SACOR_07
Small businesses create employment opportunities.	کوچني سوداګرۍ د دندو فرصتونه رامنځته کوي.	Pashto (Standard)	South Asia	SACOR_09
After finishing his work, he sat down.	د خپل کار پای ته رسولو وروسته، ناست شو.	Pashto (Standard)	South Asia	SACOR_07
The bus arrived late.	بس ورو ورو راغله.	Pashto (Standard)	South Asia	SACOR_03
The school organized a science fair.	ښوونځي د ساینس نندارې تنظیم کړه.	Pashto (Standard)	South Asia	SACOR_08
My grandmother told me stories.	زما نیا ما ماته کیسې وړې.	Pashto (Standard)	South Asia	SACOR_03
Storytelling preserves culture and knowledge.	کیسه ویل د کلتوري او پوهې ساتنه کوي.	Pashto (Standard)	South Asia	SACOR_09
Tourism brings revenue to regions with historical sites.	سیاحت د تاریخي سایټونو سیمو ته عاید راولي.	Pashto (Standard)	South Asia	SACOR_09
Train journeys offer scenic views.	د اورګاډو سفرونه د مناظرو لید ورکوي.	Pashto (Standard)	South Asia	SACOR_05
Regular exercise helps maintain good health.	منظم تمرین د ښه روغتیا ساتلو کې مرسته کوي.	Pashto (Standard)	South Asia	SACOR_01
Eating fresh fruits provides essential vitamins.	د تازه میوو خوړل اړین ویتامینونه برابروي.	Pashto (Standard)	South Asia	SACOR_08
Tea is served to guests as a gesture of hospitality.	د مېلمانو د مېلمستیا د نښې په توګه چای وړاندې کیږي.	Pashto (Standard)	South Asia	SACOR_07
She received a scholarship to study medicine.	هغې د طب زده کړې لپاره بورسیه ترلاسه کړه.	Pashto (Standard)	South Asia	SACOR_07
The forest is home to many wild animals.	ځنګل د ډیرو وحشي حیواناتو کور دی.	Pashto (Standard)	South Asia	SACOR_05
Farmers planted rice in the flooded fields.	کرهڼه کونکي د اوبو لاندې کروندو کې وريجې وکړې.	Pashto (Standard)	South Asia	SACOR_03
Traditional music is important for our heritage.	دودیز موسیقي زموږ د میراث لپاره مهمه ده.	Pashto (Standard)	South Asia	SACOR_01
The internet connects people across continents.	انټرنیټ د براعظمونو په اوږدو کې خلک سره نښلوي.	Pashto (Standard)	South Asia	SACOR_08
Birds were chirping in the trees.	مرغۍ په ونو کې چغېدلې.	Pashto (Standard)	South Asia	SACOR_07
Sports teach teamwork and discipline.	لوبې د ټیم کار او نظم زده کوي.	Pashto (Standard)	South Asia	SACOR_04
Digital payments have made transactions faster.	ډیجیټل تادیاتو معاملات ګړندي کړي دي.	Pashto (Standard)	South Asia	SACOR_03
Parents sacrifice their own needs for children.	والدین د ماشومانو لپاره خپل اړتیاوې قربان کوي.	Pashto (Standard)	South Asia	SACOR_08
Education opens doors to opportunities.	زده کړه د فرصتونو دروازې خلاصوي.	Pashto (Standard)	South Asia	SACOR_02
Respecting elders is an important value.	د زړونو درناوی مهمه ارزښت دی.	Pashto (Standard)	South Asia	SACOR_04
The market was crowded with people.	بازار د خلکو سره ډک و.	Pashto (Standard)	South Asia	SACOR_06
Cricket is a popular sport.	کریکټ یوه مشهوره لوبه ده.	Pashto (Standard)	South Asia	SACOR_04
Cooking together brings family members closer.	یوځای پخول د کورنۍ غړو ته نږدې راولي.	Pashto (Standard)	South Asia	SACOR_09
Learning a new language requires practice.	د نوې ژبې زده کړه تمرین ته اړتیا لري.	Pashto (Standard)	South Asia	SACOR_07
Online shopping has become popular.	آنلاین پلورلې محبوبه شوې ده.	Pashto (Standard)	South Asia	SACOR_08
People celebrate festivals with great joy.	خلک د خوښۍ سره جشنونه لمانځي.	Pashto (Standard)	South Asia	SACOR_07
Teachers shape young minds.	استادان د ځوان ذهنونو شکل ورکوي.	Pashto (Standard)	South Asia	SACOR_03
The wedding ceremony lasted three days.	د واده مراسم درې ورځې دوام وکړ.	Pashto (Standard)	South Asia	SACOR_06
Doctors recommend drinking plenty of water.	داکتران د ډیرو اوبو څښل وړاندیز کوي.	Pashto (Standard)	South Asia	SACOR_10
Children learn best when they are interested.	ماشومان غوره زده کوي کله چې دوی علاقه لري.	Pashto (Standard)	South Asia	SACOR_03
The professor wrote equations on the blackboard.	پروفیسور په تختې کې معادلې ولیکلې.	Pashto (Standard)	South Asia	SACOR_04
Pollution in cities has become a serious problem.	په ښارونو کې ککړتیا یوه سخت ستونزه شوې ده.	Pashto (Standard)	South Asia	SACOR_09
We decided to visit the old temple.	موږ د پخواني معبد لیدلو پریکړه وکړه.	Pashto (Standard)	South Asia	SACOR_07
Smartphones have changed how people communicate.	سمارټ فونونو د خلکو د اړیکو لاره بدله کړې ده.	Pashto (Standard)	South Asia	SACOR_09
Spices add flavor to traditional dishes.	مسالې دودیزو خوړلو ته خوند ورکوي.	Pashto (Standard)	South Asia	SACOR_08
People travel long distances to visit religious sites.	خلک د مذهبي سایټونو لیدلو لپاره اوږد فاصلې سفر کوي.	Pashto (Standard)	South Asia	SACOR_10
She walked slowly through the garden.	هغې په باغ کې ورو ورو تېره شوه.	Pashto (Standard)	South Asia	SACOR_01
Farmers wake up early to tend to crops.	کرهڼه کونکي د محصولاتو پاملرنې لپاره وختي پاړ کېږي.	Pashto (Standard)	South Asia	SACOR_07
Clear communication prevents misunderstandings.	روښانه اړیکه د ناپوهیو مخه نیسي.	Pashto (Standard)	South Asia	SACOR_01
The river flows peacefully through the valley.	سیند په دره کې په آرامۍ سره بهیږي.	Pashto (Standard)	South Asia	SACOR_05
I woke up early this morning.	زه نن سهار وختي پاړ شوم.	Pashto (Standard)	South Asia	SACOR_09
Pollution in cities has become a serious problem.	په ښارونو کې ککړتیا یوه سخت ستونزه شوې ده.	Pashto (Standard)	South Asia	SACOR_09
Eating fresh fruits provides essential vitamins.	د تازه میوو خوړل اړین ویتامینونه برابروي.	Pashto (Standard)	South Asia	SACOR_07
Doctors recommend drinking plenty of water.	داکتران د ډیرو اوبو څښل وړاندیز کوي.	Pashto (Standard)	South Asia	SACOR_10
Tourism brings revenue to regions with historical sites.	سیاحت د تاریخي سایټونو سیمو ته عاید راولي.	Pashto (Standard)	South Asia	SACOR_04
Farmers planted rice in the flooded fields.	کرهڼه کونکي د اوبو لاندې کروندو کې وريجې وکړې.	Pashto (Standard)	South Asia	SACOR_03
Handicrafts showcase artistic traditions.	دستي کارونه هنري دودونه ښکاره کوي.	Pashto (Standard)	South Asia	SACOR_01
Storytelling preserves culture and knowledge.	کیسه ویل د کلتوري او پوهې ساتنه کوي.	Pashto (Standard)	South Asia	SACOR_06
Train journeys offer scenic views.	د اورګاډو سفرونه د مناظرو لید ورکوي.	Pashto (Standard)	South Asia	SACOR_06
Small businesses create employment opportunities.	کوچني سوداګرۍ د دندو فرصتونه رامنځته کوي.	Pashto (Standard)	South Asia	SACOR_04
Teachers shape young minds.	استادان د ځوان ذهنونو شکل ورکوي.	Pashto (Standard)	South Asia	SACOR_05
She cooked delicious biryani for the family.	هغې د کورنۍ لپاره خوندور بریاني پخ کړه.	Pashto (Standard)	South Asia	SACOR_01
The school organized a science fair.	ښوونځي د ساینس نندارې تنظیم کړه.	Pashto (Standard)	South Asia	SACOR_06
Family members support each other during difficult times.	د کورنۍ غړي د ستونزمنو وختونو کې یو بل ساتنه کوي.	Pashto (Standard)	South Asia	SACOR_01
My grandmother told me stories.	زما نیا ما ماته کیسې وړې.	Pashto (Standard)	South Asia	SACOR_09
The teacher explained the lesson patiently.	استاد صبر سره درس تشریح کړ.	Pashto (Standard)	South Asia	SACOR_10
Birds were chirping in the trees.	مرغۍ په ونو کې چغېدلې.	Pashto (Standard)	South Asia	SACOR_03
She received a scholarship to study medicine.	هغې د طب زده کړې لپاره بورسیه ترلاسه کړه.	Pashto (Standard)	South Asia	SACOR_08
Learning a new language requires practice.	د نوې ژبې زده کړه تمرین ته اړتیا لري.	Pashto (Standard)	South Asia	SACOR_04
Reading books improves vocabulary.	د کتابونو لوستل د لغت ښه والی کوي.	Pashto (Standard)	South Asia	SACOR_10
Online shopping has become popular.	آنلاین پلورلې محبوبه شوې ده.	Pashto (Standard)	South Asia	SACOR_07
Elderly people share wisdom and stories.	زړون خلک حکمت او کیسې شریکوي.	Pashto (Standard)	South Asia	SACOR_02
The bus arrived late.	بس ورو ورو راغله.	Pashto (Standard)	South Asia	SACOR_06
Sports teach teamwork and discipline.	لوبې د ټیم کار او نظم زده کوي.	Pashto (Standard)	South Asia	SACOR_10
Regular exercise helps maintain good health.	منظم تمرین د ښه روغتیا ساتلو کې مرسته کوي.	Pashto (Standard)	South Asia	SACOR_08
Clear communication prevents misunderstandings.	روښانه اړیکه د ناپوهیو مخه نیسي.	Pashto (Standard)	South Asia	SACOR_07
Parents sacrifice their own needs for children.	والدین د ماشومانو لپاره خپل اړتیاوې قربان کوي.	Pashto (Standard)	South Asia	SACOR_05
We decided to visit the old temple.	موږ د پخواني معبد لیدلو پریکړه وکړه.	Pashto (Standard)	South Asia	SACOR_01
Digital payments have made transactions faster.	ډیجیټل تادیاتو معاملات ګړندي کړي دي.	Pashto (Standard)	South Asia	SACOR_06
Smartphones have changed how people communicate.	سمارټ فونونو د خلکو د اړیکو لاره بدله کړې ده.	Pashto (Standard)	South Asia	SACOR_04
Cricket is a popular sport.	کریکټ یوه مشهوره لوبه ده.	Pashto (Standard)	South Asia	SACOR_06
Students gathered in the library.	زده کوونکي په کتابتون کې راټول شول.	Pashto (Standard)	South Asia	SACOR_07
After finishing his work, he sat down.	د خپل کار پای ته رسولو وروسته، ناست شو.	Pashto (Standard)	South Asia	SACOR_08
Cooking together brings family members closer.	یوځای پخول د کورنۍ غړو ته نږدې راولي.	Pashto (Standard)	South Asia	SACOR_01
She walked slowly through the garden.	هغې په باغ کې ورو ورو تېره شوه.	Pashto (Standard)	South Asia	SACOR_08
Agriculture remains the primary source of income.	کرهڼه د عاید اصلي سرچینه پاتې ده.	Pashto (Standard)	South Asia	SACOR_09
The internet connects people across continents.	انټرنیټ د براعظمونو په اوږدو کې خلک سره نښلوي.	Pashto (Standard)	South Asia	SACOR_10
The forest is home to many wild animals.	ځنګل د ډیرو وحشي حیواناتو کور دی.	Pashto (Standard)	South Asia	SACOR_08
Farmers wake up early to tend to crops.	کرهڼه کونکي د محصولاتو پاملرنې لپاره وختي پاړ کېږي.	Pashto (Standard)	South Asia	SACOR_08
People celebrate festivals with great joy.	خلک د خوښۍ سره جشنونه لمانځي.	Pashto (Standard)	South Asia	SACOR_06
Doctors work long hours to treat patients.	داکتران د ناروغانو درملنې لپاره اوږد ساعتونه کار کوي.	Pashto (Standard)	South Asia	SACOR_06
The market was crowded with people.	بازار د خلکو سره ډک و.	Pashto (Standard)	South Asia	SACOR_05
Education opens doors to opportunities.	زده کړه د فرصتونو دروازې خلاصوي.	Pashto (Standard)	South Asia	SACOR_03
People travel long distances to visit religious sites.	خلک د مذهبي سایټونو لیدلو لپاره اوږد فاصلې سفر کوي.	Pashto (Standard)	South Asia	SACOR_07
Children were playing cricket in the street.	ماشومان په سړک کې کریکټ لوبېدل.	Pashto (Standard)	South Asia	SACOR_02
Traditional music is important for our heritage.	دودیز موسیقي زموږ د میراث لپاره مهمه ده.	Pashto (Standard)	South Asia	SACOR_10
Children learn best when they are interested.	ماشومان غوره زده کوي کله چې دوی علاقه لري.	Pashto (Standard)	South Asia	SACOR_01
Respecting elders is an important value.	د زړونو درناوی مهمه ارزښت دی.	Pashto (Standard)	South Asia	SACOR_04
Tea is served to guests as a gesture of hospitality.	د مېلمانو د مېلمستیا د نښې په توګه چای وړاندې کیږي.	Pashto (Standard)	South Asia	SACOR_09
The professor wrote equations on the blackboard.	پروفیسور په تختې کې معادلې ولیکلې.	Pashto (Standard)	South Asia	SACOR_05
Spices add flavor to traditional dishes.	مسالې دودیزو خوړلو ته خوند ورکوي.	Pashto (Standard)	South Asia	SACOR_03
The wedding ceremony lasted three days.	د واده مراسم درې ورځې دوام وکړ.	Pashto (Standard)	South Asia	SACOR_03
The market was crowded with people.	بازار د خلکو سره ډک و.	Pashto (Standard)	South Asia	SACOR_08
Pollution in cities has become a serious problem.	په ښارونو کې ککړتیا یوه سخت ستونزه شوې ده.	Pashto (Standard)	South Asia	SACOR_04
Small businesses create employment opportunities.	کوچني سوداګرۍ د دندو فرصتونه رامنځته کوي.	Pashto (Standard)	South Asia	SACOR_07
My grandmother told me stories.	زما نیا ما ماته کیسې وړې.	Pashto (Standard)	South Asia	SACOR_03
She walked slowly through the garden.	هغې په باغ کې ورو ورو تېره شوه.	Pashto (Standard)	South Asia	SACOR_08
Train journeys offer scenic views.	د اورګاډو سفرونه د مناظرو لید ورکوي.	Pashto (Standard)	South Asia	SACOR_04
Regular exercise helps maintain good health.	منظم تمرین د ښه روغتیا ساتلو کې مرسته کوي.	Pashto (Standard)	South Asia	SACOR_03
Family members support each other during difficult times.	د کورنۍ غړي د ستونزمنو وختونو کې یو بل ساتنه کوي.	Pashto (Standard)	South Asia	SACOR_01
The river flows peacefully through the valley.	سیند په دره کې په آرامۍ سره بهیږي.	Pashto (Standard)	South Asia	SACOR_03
She cooked delicious biryani for the family.	هغې د کورنۍ لپاره خوندور بریاني پخ کړه.	Pashto (Standard)	South Asia	SACOR_03
Handicrafts showcase artistic traditions.	دستي کارونه هنري دودونه ښکاره کوي.	Pashto (Standard)	South Asia	SACOR_03
Farmers wake up early to tend to crops.	کرهڼه کونکي د محصولاتو پاملرنې لپاره وختي پاړ کېږي.	Pashto (Standard)	South Asia	SACOR_08
Traditional music is important for our heritage.	دودیز موسیقي زموږ د میراث لپاره مهمه ده.	Pashto (Standard)	South Asia	SACOR_02
The school organized a science fair.	ښوونځي د ساینس نندارې تنظیم کړه.	Pashto (Standard)	South Asia	SACOR_02
The teacher explained the lesson patiently.	استاد صبر سره درس تشریح کړ.	Pashto (Standard)	South Asia	SACOR_02
The bus arrived late.	بس ورو ورو راغله.	Pashto (Standard)	South Asia	SACOR_08
Children learn best when they are interested.	ماشومان غوره زده کوي کله چې دوی علاقه لري.	Pashto (Standard)	South Asia	SACOR_06
I woke up early this morning.	زه نن سهار وختي پاړ شوم.	Pashto (Standard)	South Asia	SACOR_08
The internet connects people across continents.	انټرنیټ د براعظمونو په اوږدو کې خلک سره نښلوي.	Pashto (Standard)	South Asia	SACOR_07
Elderly people share wisdom and stories.	زړون خلک حکمت او کیسې شریکوي.	Pashto (Standard)	South Asia	SACOR_10
Learning a new language requires practice.	د نوې ژبې زده کړه تمرین ته اړتیا لري.	Pashto (Standard)	South Asia	SACOR_02
Education opens doors to opportunities.	زده کړه د فرصتونو دروازې خلاصوي.	Pashto (Standard)	South Asia	SACOR_08
Smartphones have changed how people communicate.	سمارټ فونونو د خلکو د اړیکو لاره بدله کړې ده.	Pashto (Standard)	South Asia	SACOR_02
Spices add flavor to traditional dishes.	مسالې دودیزو خوړلو ته خوند ورکوي.	Pashto (Standard)	South Asia	SACOR_07
After finishing his work, he sat down.	د خپل کار پای ته رسولو وروسته، ناست شو.	Pashto (Standard)	South Asia	SACOR_03
Children were playing cricket in the street.	ماشومان په سړک کې کریکټ لوبېدل.	Pashto (Standard)	South Asia	SACOR_01
Respecting elders is an important value.	د زړونو درناوی مهمه ارزښت دی.	Pashto (Standard)	South Asia	SACOR_05
Digital payments have made transactions faster.	ډیجیټل تادیاتو معاملات ګړندي کړي دي.	Pashto (Standard)	South Asia	SACOR_03
Doctors work long hours to treat patients.	داکتران د ناروغانو درملنې لپاره اوږد ساعتونه کار کوي.	Pashto (Standard)	South Asia	SACOR_10
Birds were chirping in the trees.	مرغۍ په ونو کې چغېدلې.	Pashto (Standard)	South Asia	SACOR_09
Cricket is a popular sport.	کریکټ یوه مشهوره لوبه ده.	Pashto (Standard)	South Asia	SACOR_06
Parents sacrifice their own needs for children.	والدین د ماشومانو لپاره خپل اړتیاوې قربان کوي.	Pashto (Standard)	South Asia	SACOR_02
Eating fresh fruits provides essential vitamins.	د تازه میوو خوړل اړین ویتامینونه برابروي.	Pashto (Standard)	South Asia	SACOR_05
She received a scholarship to study medicine.	هغې د طب زده کړې لپاره بورسیه ترلاسه کړه.	Pashto (Standard)	South Asia	SACOR_05
Clear communication prevents misunderstandings.	روښانه اړیکه د ناپوهیو مخه نیسي.	Pashto (Standard)	South Asia	SACOR_09
Tourism brings revenue to regions with historical sites.	سیاحت د تاریخي سایټونو سیمو ته عاید راولي.	Pashto (Standard)	South Asia	SACOR_07
Agriculture remains the primary source of income.	کرهڼه د عاید اصلي سرچینه پاتې ده.	Pashto (Standard)	South Asia	SACOR_10
Sports teach teamwork and discipline.	لوبې د ټیم کار او نظم زده کوي.	Pashto (Standard)	South Asia	SACOR_09
People celebrate festivals with great joy.	خلک د خوښۍ سره جشنونه لمانځي.	Pashto (Standard)	South Asia	SACOR_04
Cooking together brings family members closer.	یوځای پخول د کورنۍ غړو ته نږدې راولي.	Pashto (Standard)	South Asia	SACOR_01
People travel long distances to visit religious sites.	خلک د مذهبي سایټونو لیدلو لپاره اوږد فاصلې سفر کوي.	Pashto (Standard)	South Asia	SACOR_06
Online shopping has become popular.	آنلاین پلورلې محبوبه شوې ده.	Pashto (Standard)	South Asia	SACOR_03
Storytelling preserves culture and knowledge.	کیسه ویل د کلتوري او پوهې ساتنه کوي.	Pashto (Standard)	South Asia	SACOR_02
Doctors recommend drinking plenty of water.	داکتران د ډیرو اوبو څښل وړاندیز کوي.	Pashto (Standard)	South Asia	SACOR_07
The professor wrote equations on the blackboard.	پروفیسور په تختې کې معادلې ولیکلې.	Pashto (Standard)	South Asia	SACOR_10
Farmers planted rice in the flooded fields.	کرهڼه کونکي د اوبو لاندې کروندو کې وريجې وکړې.	Pashto (Standard)	South Asia	SACOR_01
Teachers shape young minds.	استادان د ځوان ذهنونو شکل ورکوي.	Pashto (Standard)	South Asia	SACOR_04
Tea is served to guests as a gesture of hospitality.	د مېلمانو د مېلمستیا د نښې په توګه چای وړاندې کیږي.	Pashto (Standard)	South Asia	SACOR_10
We decided to visit the old temple.	موږ د پخواني معبد لیدلو پریکړه وکړه.	Pashto (Standard)	South Asia	SACOR_03
Reading books improves vocabulary.	د کتابونو لوستل د لغت ښه والی کوي.	Pashto (Standard)	South Asia	SACOR_03
Students gathered in the library.	زده کوونکي په کتابتون کې راټول شول.	Pashto (Standard)	South Asia	SACOR_01
The wedding ceremony lasted three days.	د واده مراسم درې ورځې دوام وکړ.	Pashto (Standard)	South Asia	SACOR_03
The forest is home to many wild animals.	ځنګل د ډیرو وحشي حیواناتو کور دی.	Pashto (Standard)	South Asia	SACOR_07
The school organized a science fair.	ښوونځي د ساینس نندارې تنظیم کړه.	Pashto (Standard)	South Asia	SACOR_10
People travel long distances to visit religious sites.	خلک د مذهبي سایټونو لیدلو لپاره اوږد فاصلې سفر کوي.	Pashto (Standard)	South Asia	SACOR_09
I woke up early this morning.	زه نن سهار وختي پاړ شوم.	Pashto (Standard)	South Asia	SACOR_01
The wedding ceremony lasted three days.	د واده مراسم درې ورځې دوام وکړ.	Pashto (Standard)	South Asia	SACOR_02
Pollution in cities has become a serious problem.	په ښارونو کې ککړتیا یوه سخت ستونزه شوې ده.	Pashto (Standard)	South Asia	SACOR_05
Clear communication prevents misunderstandings.	روښانه اړیکه د ناپوهیو مخه نیسي.	Pashto (Standard)	South Asia	SACOR_03
The internet connects people across continents.	انټرنیټ د براعظمونو په اوږدو کې خلک سره نښلوي.	Pashto (Standard)	South Asia	SACOR_07
Handicrafts showcase artistic traditions.	دستي کارونه هنري دودونه ښکاره کوي.	Pashto (Standard)	South Asia	SACOR_05
The market was crowded with people.	بازار د خلکو سره ډک و.	Pashto (Standard)	South Asia	SACOR_08
The bus arrived late.	بس ورو ورو راغله.	Pashto (Standard)	South Asia	SACOR_02
Teachers shape young minds.	استادان د ځوان ذهنونو شکل ورکوي.	Pashto (Standard)	South Asia	SACOR_01
Reading books improves vocabulary.	د کتابونو لوستل د لغت ښه والی کوي.	Pashto (Standard)	South Asia	SACOR_07
Train journeys offer scenic views.	د اورګاډو سفرونه د مناظرو لید ورکوي.	Pashto (Standard)	South Asia	SACOR_09
Traditional music is important for our heritage.	دودیز موسیقي زموږ د میراث لپاره مهمه ده.	Pashto (Standard)	South Asia	SACOR_01
Doctors recommend drinking plenty of water.	داکتران د ډیرو اوبو څښل وړاندیز کوي.	Pashto (Standard)	South Asia	SACOR_02
Digital payments have made transactions faster.	ډیجیټل تادیاتو معاملات ګړندي کړي دي.	Pashto (Standard)	South Asia	SACOR_08
The river flows peacefully through the valley.	سیند په دره کې په آرامۍ سره بهیږي.	Pashto (Standard)	South Asia	SACOR_08
Small businesses create employment opportunities.	کوچني سوداګرۍ د دندو فرصتونه رامنځته کوي.	Pashto (Standard)	South Asia	SACOR_01
Smartphones have changed how people communicate.	سمارټ فونونو د خلکو د اړیکو لاره بدله کړې ده.	Pashto (Standard)	South Asia	SACOR_04
Farmers planted rice in the flooded fields.	کرهڼه کونکي د اوبو لاندې کروندو کې وريجې وکړې.	Pashto (Standard)	South Asia	SACOR_02
People celebrate festivals with great joy.	خلک د خوښۍ سره جشنونه لمانځي.	Pashto (Standard)	South Asia	SACOR_07
Spices add flavor to traditional dishes.	مسالې دودیزو خوړلو ته خوند ورکوي.	Pashto (Standard)	South Asia	SACOR_04
She received a scholarship to study medicine.	هغې د طب زده کړې لپاره بورسیه ترلاسه کړه.	Pashto (Standard)	South Asia	SACOR_08
Sports teach teamwork and discipline.	لوبې د ټیم کار او نظم زده کوي.	Pashto (Standard)	South Asia	SACOR_01
Cricket is a popular sport.	کریکټ یوه مشهوره لوبه ده.	Pashto (Standard)	South Asia	SACOR_06
Doctors work long hours to treat patients.	داکتران د ناروغانو درملنې لپاره اوږد ساعتونه کار کوي.	Pashto (Standard)	South Asia	SACOR_01
She cooked delicious biryani for the family.	هغې د کورنۍ لپاره خوندور بریاني پخ کړه.	Pashto (Standard)	South Asia	SACOR_01
Tourism brings revenue to regions with historical sites.	سیاحت د تاریخي سایټونو سیمو ته عاید راولي.	Pashto (Standard)	South Asia	SACOR_05
The teacher explained the lesson patiently.	استاد صبر سره درس تشریح کړ.	Pashto (Standard)	South Asia	SACOR_10
The professor wrote equations on the blackboard.	پروفیسور په تختې کې معادلې ولیکلې.	Pashto (Standard)	South Asia	SACOR_04
Elderly people share wisdom and stories.	زړون خلک حکمت او کیسې شریکوي.	Pashto (Standard)	South Asia	SACOR_04
We decided to visit the old temple.	موږ د پخواني معبد لیدلو پریکړه وکړه.	Pashto (Standard)	South Asia	SACOR_03
She walked slowly through the garden.	هغې په باغ کې ورو ورو تېره شوه.	Pashto (Standard)	South Asia	SACOR_07
Education opens doors to opportunities.	زده کړه د فرصتونو دروازې خلاصوي.	Pashto (Standard)	South Asia	SACOR_08
Children learn best when they are interested.	ماشومان غوره زده کوي کله چې دوی علاقه لري.	Pashto (Standard)	South Asia	SACOR_03
The forest is home to many wild animals.	ځنګل د ډیرو وحشي حیواناتو کور دی.	Pashto (Standard)	South Asia	SACOR_05
Eating fresh fruits provides essential vitamins.	د تازه میوو خوړل اړین ویتامینونه برابروي.	Pashto (Standard)	South Asia	SACOR_05
Storytelling preserves culture and knowledge.	کیسه ویل د کلتوري او پوهې ساتنه کوي.	Pashto (Standard)	South Asia	SACOR_07
Children were playing cricket in the street.	ماشومان په سړک کې کریکټ لوبېدل.	Pashto (Standard)	South Asia	SACOR_10
Students gathered in the library.	زده کوونکي په کتابتون کې راټول شول.	Pashto (Standard)	South Asia	SACOR_04
Cooking together brings family members closer.	یوځای پخول د کورنۍ غړو ته نږدې راولي.	Pashto (Standard)	South Asia	SACOR_02
Family members support each other during difficult times.	د کورنۍ غړي د ستونزمنو وختونو کې یو بل ساتنه کوي.	Pashto (Standard)	South Asia	SACOR_08
Online shopping has become popular.	آنلاین پلورلې محبوبه شوې ده.	Pashto (Standard)	South Asia	SACOR_03
Farmers wake up early to tend to crops.	کرهڼه کونکي د محصولاتو پاملرنې لپاره وختي پاړ کېږي.	Pashto (Standard)	South Asia	SACOR_10
My grandmother told me stories.	زما نیا ما ماته کیسې وړې.	Pashto (Standard)	South Asia	SACOR_05
Agriculture remains the primary source of income.	کرهڼه د عاید اصلي سرچینه پاتې ده.	Pashto (Standard)	South Asia	SACOR_08
Regular exercise helps maintain good health.	منظم تمرین د ښه روغتیا ساتلو کې مرسته کوي.	Pashto (Standard)	South Asia	SACOR_07
Tea is served to guests as a gesture of hospitality.	د مېلمانو د مېلمستیا د نښې په توګه چای وړاندې کیږي.	Pashto (Standard)	South Asia	SACOR_04
After finishing his work, he sat down.	د خپل کار پای ته رسولو وروسته، ناست شو.	Pashto (Standard)	South Asia	SACOR_09
Parents sacrifice their own needs for children.	والدین د ماشومانو لپاره خپل اړتیاوې قربان کوي.	Pashto (Standard)	South Asia	SACOR_01
Respecting elders is an important value.	د زړونو درناوی مهمه ارزښت دی.	Pashto (Standard)	South Asia	SACOR_09
Birds were chirping in the trees.	مرغۍ په ونو کې چغېدلې.	Pashto (Standard)	South Asia	SACOR_04
Learning a new language requires practice.	د نوې ژبې زده کړه تمرین ته اړتیا لري.	Pashto (Standard)	South Asia	SACOR_10
Digital payments have made transactions faster.	ډیجیټل تادیاتو معاملات ګړندي کړي دي.	Pashto (Standard)	South Asia	SACOR_01
She received a scholarship to study medicine.	هغې د طب زده کړې لپاره بورسیه ترلاسه کړه.	Pashto (Standard)	South Asia	SACOR_07
Doctors recommend drinking plenty of water.	داکتران د ډیرو اوبو څښل وړاندیز کوي.	Pashto (Standard)	South Asia	SACOR_06
Farmers planted rice in the flooded fields.	کرهڼه کونکي د اوبو لاندې کروندو کې وريجې وکړې.	Pashto (Standard)	South Asia	SACOR_05
Children learn best when they are interested.	ماشومان غوره زده کوي کله چې دوی علاقه لري.	Pashto (Standard)	South Asia	SACOR_01
Traditional music is important for our heritage.	دودیز موسیقي زموږ د میراث لپاره مهمه ده.	Pashto (Standard)	South Asia	SACOR_03
Cricket is a popular sport.	کریکټ یوه مشهوره لوبه ده.	Pashto (Standard)	South Asia	SACOR_06
Birds were chirping in the trees.	مرغۍ په ونو کې چغېدلې.	Pashto (Standard)	South Asia	SACOR_10
Handicrafts showcase artistic traditions.	دستي کارونه هنري دودونه ښکاره کوي.	Pashto (Standard)	South Asia	SACOR_10
Teachers shape young minds.	استادان د ځوان ذهنونو شکل ورکوي.	Pashto (Standard)	South Asia	SACOR_09
Regular exercise helps maintain good health.	منظم تمرین د ښه روغتیا ساتلو کې مرسته کوي.	Pashto (Standard)	South Asia	SACOR_06
Sports teach teamwork and discipline.	لوبې د ټیم کار او نظم زده کوي.	Pashto (Standard)	South Asia	SACOR_02
Tea is served to guests as a gesture of hospitality.	د مېلمانو د مېلمستیا د نښې په توګه چای وړاندې کیږي.	Pashto (Standard)	South Asia	SACOR_10
The wedding ceremony lasted three days.	د واده مراسم درې ورځې دوام وکړ.	Pashto (Standard)	South Asia	SACOR_04
The forest is home to many wild animals.	ځنګل د ډیرو وحشي حیواناتو کور دی.	Pashto (Standard)	South Asia	SACOR_10
The market was crowded with people.	بازار د خلکو سره ډک و.	Pashto (Standard)	South Asia	SACOR_04
Doctors work long hours to treat patients.	داکتران د ناروغانو درملنې لپاره اوږد ساعتونه کار کوي.	Pashto (Standard)	South Asia	SACOR_03
The school organized a science fair.	ښوونځي د ساینس نندارې تنظیم کړه.	Pashto (Standard)	South Asia	SACOR_08
Respecting elders is an important value.	د زړونو درناوی مهمه ارزښت دی.	Pashto (Standard)	South Asia	SACOR_03
Students gathered in the library.	زده کوونکي په کتابتون کې راټول شول.	Pashto (Standard)	South Asia	SACOR_08
Smartphones have changed how people communicate.	سمارټ فونونو د خلکو د اړیکو لاره بدله کړې ده.	Pashto (Standard)	South Asia	SACOR_03
Train journeys offer scenic views.	د اورګاډو سفرونه د مناظرو لید ورکوي.	Pashto (Standard)	South Asia	SACOR_09
Learning a new language requires practice.	د نوې ژبې زده کړه تمرین ته اړتیا لري.	Pashto (Standard)	South Asia	SACOR_02
Farmers wake up early to tend to crops.	کرهڼه کونکي د محصولاتو پاملرنې لپاره وختي پاړ کېږي.	Pashto (Standard)	South Asia	SACOR_03
Clear communication prevents misunderstandings.	روښانه اړیکه د ناپوهیو مخه نیسي.	Pashto (Standard)	South Asia	SACOR_10
Elderly people share wisdom and stories.	زړون خلک حکمت او کیسې شریکوي.	Pashto (Standard)	South Asia	SACOR_02
Reading books improves vocabulary.	د کتابونو لوستل د لغت ښه والی کوي.	Pashto (Standard)	South Asia	SACOR_07
Tourism brings revenue to regions with historical sites.	سیاحت د تاریخي سایټونو سیمو ته عاید راولي.	Pashto (Standard)	South Asia	SACOR_04
My grandmother told me stories.	زما نیا ما ماته کیسې وړې.	Pashto (Standard)	South Asia	SACOR_06
Cooking together brings family members closer.	یوځای پخول د کورنۍ غړو ته نږدې راولي.	Pashto (Standard)	South Asia	SACOR_01
Agriculture remains the primary source of income.	کرهڼه د عاید اصلي سرچینه پاتې ده.	Pashto (Standard)	South Asia	SACOR_05
I woke up early this morning.	زه نن سهار وختي پاړ شوم.	Pashto (Standard)	South Asia	SACOR_10
Small businesses create employment opportunities.	کوچني سوداګرۍ د دندو فرصتونه رامنځته کوي.	Pashto (Standard)	South Asia	SACOR_07
The bus arrived late.	بس ورو ورو راغله.	Pashto (Standard)	South Asia	SACOR_01
Children were playing cricket in the street.	ماشومان په سړک کې کریکټ لوبېدل.	Pashto (Standard)	South Asia	SACOR_03
Online shopping has become popular.	آنلاین پلورلې محبوبه شوې ده.	Pashto (Standard)	South Asia	SACOR_07
Family members support each other during difficult times.	د کورنۍ غړي د ستونزمنو وختونو کې یو بل ساتنه کوي.	Pashto (Standard)	South Asia	SACOR_07
After finishing his work, he sat down.	د خپل کار پای ته رسولو وروسته، ناست شو.	Pashto (Standard)	South Asia	SACOR_08
Eating fresh fruits provides essential vitamins.	د تازه میوو خوړل اړین ویتامینونه برابروي.	Pashto (Standard)	South Asia	SACOR_07
Storytelling preserves culture and knowledge.	کیسه ویل د کلتوري او پوهې ساتنه کوي.	Pashto (Standard)	South Asia	SACOR_06
People celebrate festivals with great joy.	خلک د خوښۍ سره جشنونه لمانځي.	Pashto (Standard)	South Asia	SACOR_03
The internet connects people across continents.	انټرنیټ د براعظمونو په اوږدو کې خلک سره نښلوي.	Pashto (Standard)	South Asia	SACOR_08
The professor wrote equations on the blackboard.	پروفیسور په تختې کې معادلې ولیکلې.	Pashto (Standard)	South Asia	SACOR_03
Pollution in cities has become a serious problem.	په ښارونو کې ککړتیا یوه سخت ستونزه شوې ده.	Pashto (Standard)	South Asia	SACOR_09
She walked slowly through the garden.	هغې په باغ کې ورو ورو تېره شوه.	Pashto (Standard)	South Asia	SACOR_05
We decided to visit the old temple.	موږ د پخواني معبد لیدلو پریکړه وکړه.	Pashto (Standard)	South Asia	SACOR_06
The river flows peacefully through the valley.	سیند په دره کې په آرامۍ سره بهیږي.	Pashto (Standard)	South Asia	SACOR_04
The teacher explained the lesson patiently.	استاد صبر سره درس تشریح کړ.	Pashto (Standard)	South Asia	SACOR_10
Spices add flavor to traditional dishes.	مسالې دودیزو خوړلو ته خوند ورکوي.	Pashto (Standard)	South Asia	SACOR_08
People travel long distances to visit religious sites.	خلک د مذهبي سایټونو لیدلو لپاره اوږد فاصلې سفر کوي.	Pashto (Standard)	South Asia	SACOR_05
She cooked delicious biryani for the family.	هغې د کورنۍ لپاره خوندور بریاني پخ کړه.	Pashto (Standard)	South Asia	SACOR_10
Education opens doors to opportunities.	زده کړه د فرصتونو دروازې خلاصوي.	Pashto (Standard)	South Asia	SACOR_10
Parents sacrifice their own needs for children.	والدین د ماشومانو لپاره خپل اړتیاوې قربان کوي.	Pashto (Standard)	South Asia	SACOR_06
Cricket is a popular sport.	کریکټ یوه مشهوره لوبه ده.	Pashto (Standard)	South Asia	SACOR_01
Children learn best when they are interested.	ماشومان غوره زده کوي کله چې دوی علاقه لري.	Pashto (Standard)	South Asia	SACOR_08
She received a scholarship to study medicine.	هغې د طب زده کړې لپاره بورسیه ترلاسه کړه.	Pashto (Standard)	South Asia	SACOR_01
Reading books improves vocabulary.	د کتابونو لوستل د لغت ښه والی کوي.	Pashto (Standard)	South Asia	SACOR_09
Agriculture remains the primary source of income.	کرهڼه د عاید اصلي سرچینه پاتې ده.	Pashto (Standard)	South Asia	SACOR_09
The teacher explained the lesson patiently.	استاد صبر سره درس تشریح کړ.	Pashto (Standard)	South Asia	SACOR_07
Farmers wake up early to tend to crops.	کرهڼه کونکي د محصولاتو پاملرنې لپاره وختي پاړ کېږي.	Pashto (Standard)	South Asia	SACOR_05
Smartphones have changed how people communicate.	سمارټ فونونو د خلکو د اړیکو لاره بدله کړې ده.	Pashto (Standard)	South Asia	SACOR_01
Children were playing cricket in the street.	ماشومان په سړک کې کریکټ لوبېدل.	Pashto (Standard)	South Asia	SACOR_07
Learning a new language requires practice.	د نوې ژبې زده کړه تمرین ته اړتیا لري.	Pashto (Standard)	South Asia	SACOR_08
Pollution in cities has become a serious problem.	په ښارونو کې ککړتیا یوه سخت ستونزه شوې ده.	Pashto (Standard)	South Asia	SACOR_06
Eating fresh fruits provides essential vitamins.	د تازه میوو خوړل اړین ویتامینونه برابروي.	Pashto (Standard)	South Asia	SACOR_07
The wedding ceremony lasted three days.	د واده مراسم درې ورځې دوام وکړ.	Pashto (Standard)	South Asia	SACOR_01
The school organized a science fair.	ښوونځي د ساینس نندارې تنظیم کړه.	Pashto (Standard)	South Asia	SACOR_03
Students gathered in the library.	زده کوونکي په کتابتون کې راټول شول.	Pashto (Standard)	South Asia	SACOR_01
People celebrate festivals with great joy.	خلک د خوښۍ سره جشنونه لمانځي.	Pashto (Standard)	South Asia	SACOR_09
Small businesses create employment opportunities.	کوچني سوداګرۍ د دندو فرصتونه رامنځته کوي.	Pashto (Standard)	South Asia	SACOR_01
She walked slowly through the garden.	هغې په باغ کې ورو ورو تېره شوه.	Pashto (Standard)	South Asia	SACOR_02
Digital payments have made transactions faster.	ډیجیټل تادیاتو معاملات ګړندي کړي دي.	Pashto (Standard)	South Asia	SACOR_10
Doctors work long hours to treat patients.	داکتران د ناروغانو درملنې لپاره اوږد ساعتونه کار کوي.	Pashto (Standard)	South Asia	SACOR_03
Sports teach teamwork and discipline.	لوبې د ټیم کار او نظم زده کوي.	Pashto (Standard)	South Asia	SACOR_10
Spices add flavor to traditional dishes.	مسالې دودیزو خوړلو ته خوند ورکوي.	Pashto (Standard)	South Asia	SACOR_01
Family members support each other during difficult times.	د کورنۍ غړي د ستونزمنو وختونو کې یو بل ساتنه کوي.	Pashto (Standard)	South Asia	SACOR_03
She cooked delicious biryani for the family.	هغې د کورنۍ لپاره خوندور بریاني پخ کړه.	Pashto (Standard)	South Asia	SACOR_03
The internet connects people across continents.	انټرنیټ د براعظمونو په اوږدو کې خلک سره نښلوي.	Pashto (Standard)	South Asia	SACOR_02
Elderly people share wisdom and stories.	زړون خلک حکمت او کیسې شریکوي.	Pashto (Standard)	South Asia	SACOR_06
The market was crowded with people.	بازار د خلکو سره ډک و.	Pashto (Standard)	South Asia	SACOR_05
Online shopping has become popular.	آنلاین پلورلې محبوبه شوې ده.	Pashto (Standard)	South Asia	SACOR_04
People travel long distances to visit religious sites.	خلک د مذهبي سایټونو لیدلو لپاره اوږد فاصلې سفر کوي.	Pashto (Standard)	South Asia	SACOR_10
My grandmother told me stories.	زما نیا ما ماته کیسې وړې.	Pashto (Standard)	South Asia	SACOR_01
I woke up early this morning.	زه نن سهار وختي پاړ شوم.	Pashto (Standard)	South Asia	SACOR_05
Train journeys offer scenic views.	د اورګاډو سفرونه د مناظرو لید ورکوي.	Pashto (Standard)	South Asia	SACOR_05
Tea is served to guests as a gesture of hospitality.	د مېلمانو د مېلمستیا د نښې په توګه چای وړاندې کیږي.	Pashto (Standard)	South Asia	SACOR_09
We decided to visit the old temple.	موږ د پخواني معبد لیدلو پریکړه وکړه.	Pashto (Standard)	South Asia	SACOR_10
After finishing his work, he sat down.	د خپل کار پای ته رسولو وروسته، ناست شو.	Pashto (Standard)	South Asia	SACOR_01
Birds were chirping in the trees.	مرغۍ په ونو کې چغېدلې.	Pashto (Standard)	South Asia	SACOR_10
The bus arrived late.	بس ورو ورو راغله.	Pashto (Standard)	South Asia	SACOR_04
Storytelling preserves culture and knowledge.	کیسه ویل د کلتوري او پوهې ساتنه کوي.	Pashto (Standard)	South Asia	SACOR_03
The professor wrote equations on the blackboard.	پروفیسور په تختې کې معادلې ولیکلې.	Pashto (Standard)	South Asia	SACOR_03
The river flows peacefully through the valley.	سیند په دره کې په آرامۍ سره بهیږي.	Pashto (Standard)	South Asia	SACOR_06
Parents sacrifice their own needs for children.	والدین د ماشومانو لپاره خپل اړتیاوې قربان کوي.	Pashto (Standard)	South Asia	SACOR_04
Farmers planted rice in the flooded fields.	کرهڼه کونکي د اوبو لاندې کروندو کې وريجې وکړې.	Pashto (Standard)	South Asia	SACOR_04
Traditional music is important for our heritage.	دودیز موسیقي زموږ د میراث لپاره مهمه ده.	Pashto (Standard)	South Asia	SACOR_04
Handicrafts showcase artistic traditions.	دستي کارونه هنري دودونه ښکاره کوي.	Pashto (Standard)	South Asia	SACOR_03
Tourism brings revenue to regions with historical sites.	سیاحت د تاریخي سایټونو سیمو ته عاید راولي.	Pashto (Standard)	South Asia	SACOR_01
Clear communication prevents misunderstandings.	روښانه اړیکه د ناپوهیو مخه نیسي.	Pashto (Standard)	South Asia	SACOR_03
Respecting elders is an important value.	د زړونو درناوی مهمه ارزښت دی.	Pashto (Standard)	South Asia	SACOR_04
Doctors recommend drinking plenty of water.	داکتران د ډیرو اوبو څښل وړاندیز کوي.	Pashto (Standard)	South Asia	SACOR_06
Education opens doors to opportunities.	زده کړه د فرصتونو دروازې خلاصوي.	Pashto (Standard)	South Asia	SACOR_02
Cooking together brings family members closer.	یوځای پخول د کورنۍ غړو ته نږدې راولي.	Pashto (Standard)	South Asia	SACOR_01
Teachers shape young minds.	استادان د ځوان ذهنونو شکل ورکوي.	Pashto (Standard)	South Asia	SACOR_03
The forest is home to many wild animals.	ځنګل د ډیرو وحشي حیواناتو کور دی.	Pashto (Standard)	South Asia	SACOR_06
Regular exercise helps maintain good health.	منظم تمرین د ښه روغتیا ساتلو کې مرسته کوي.	Pashto (Standard)	South Asia	SACOR_06
Cooking together brings family members closer.	یوځای پخول د کورنۍ غړو ته نږدې راولي.	Pashto (Standard)	South Asia	SACOR_06
Education opens doors to opportunities.	زده کړه د فرصتونو دروازې خلاصوي.	Pashto (Standard)	South Asia	SACOR_01
After finishing his work, he sat down.	د خپل کار پای ته رسولو وروسته، ناست شو.	Pashto (Standard)	South Asia	SACOR_02
Tourism brings revenue to regions with historical sites.	سیاحت د تاریخي سایټونو سیمو ته عاید راولي.	Pashto (Standard)	South Asia	SACOR_10
Train journeys offer scenic views.	د اورګاډو سفرونه د مناظرو لید ورکوي.	Pashto (Standard)	South Asia	SACOR_04
The forest is home to many wild animals.	ځنګل د ډیرو وحشي حیواناتو کور دی.	Pashto (Standard)	South Asia	SACOR_06
Children learn best when they are interested.	ماشومان غوره زده کوي کله چې دوی علاقه لري.	Pashto (Standard)	South Asia	SACOR_05
Students gathered in the library.	زده کوونکي په کتابتون کې راټول شول.	Pashto (Standard)	South Asia	SACOR_06
Elderly people share wisdom and stories.	زړون خلک حکمت او کیسې شریکوي.	Pashto (Standard)	South Asia	SACOR_01
Learning a new language requires practice.	د نوې ژبې زده کړه تمرین ته اړتیا لري.	Pashto (Standard)	South Asia	SACOR_04
She walked slowly through the garden.	هغې په باغ کې ورو ورو تېره شوه.	Pashto (Standard)	South Asia	SACOR_07
Regular exercise helps maintain good health.	منظم تمرین د ښه روغتیا ساتلو کې مرسته کوي.	Pashto (Standard)	South Asia	SACOR_10
The bus arrived late.	بس ورو ورو راغله.	Pashto (Standard)	South Asia	SACOR_09
The market was crowded with people.	بازار د خلکو سره ډک و.	Pashto (Standard)	South Asia	SACOR_09
Children were playing cricket in the street.	ماشومان په سړک کې کریکټ لوبېدل.	Pashto (Standard)	South Asia	SACOR_09
Online shopping has become popular.	آنلاین پلورلې محبوبه شوې ده.	Pashto (Standard)	South Asia	SACOR_05
Doctors work long hours to treat patients.	داکتران د ناروغانو درملنې لپاره اوږد ساعتونه کار کوي.	Pashto (Standard)	South Asia	SACOR_04
We decided to visit the old temple.	موږ د پخواني معبد لیدلو پریکړه وکړه.	Pashto (Standard)	South Asia	SACOR_10
Reading books improves vocabulary.	د کتابونو لوستل د لغت ښه والی کوي.	Pashto (Standard)	South Asia	SACOR_04
Farmers wake up early to tend to crops.	کرهڼه کونکي د محصولاتو پاملرنې لپاره وختي پاړ کېږي.	Pashto (Standard)	South Asia	SACOR_04
Pollution in cities has become a serious problem.	په ښارونو کې ککړتیا یوه سخت ستونزه شوې ده.	Pashto (Standard)	South Asia	SACOR_04
I woke up early this morning.	زه نن سهار وختي پاړ شوم.	Pashto (Standard)	South Asia	SACOR_03
My grandmother told me stories.	زما نیا ما ماته کیسې وړې.	Pashto (Standard)	South Asia	SACOR_05
The school organized a science fair.	ښوونځي د ساینس نندارې تنظیم کړه.	Pashto (Standard)	South Asia	SACOR_04
The internet connects people across continents.	انټرنیټ د براعظمونو په اوږدو کې خلک سره نښلوي.	Pashto (Standard)	South Asia	SACOR_07
Cricket is a popular sport.	کریکټ یوه مشهوره لوبه ده.	Pashto (Standard)	South Asia	SACOR_03
Traditional music is important for our heritage.	دودیز موسیقي زموږ د میراث لپاره مهمه ده.	Pashto (Standard)	South Asia	SACOR_10
Clear communication prevents misunderstandings.	روښانه اړیکه د ناپوهیو مخه نیسي.	Pashto (Standard)	South Asia	SACOR_07
The wedding ceremony lasted three days.	د واده مراسم درې ورځې دوام وکړ.	Pashto (Standard)	South Asia	SACOR_03
Farmers planted rice in the flooded fields.	کرهڼه کونکي د اوبو لاندې کروندو کې وريجې وکړې.	Pashto (Standard)	South Asia	SACOR_01
Doctors recommend drinking plenty of water.	داکتران د ډیرو اوبو څښل وړاندیز کوي.	Pashto (Standard)	South Asia	SACOR_09
Smartphones have changed how people communicate.	سمارټ فونونو د خلکو د اړیکو لاره بدله کړې ده.	Pashto (Standard)	South Asia	SACOR_01
Sports teach teamwork and discipline.	لوبې د ټیم کار او نظم زده کوي.	Pashto (Standard)	South Asia	SACOR_06
She received a scholarship to study medicine.	هغې د طب زده کړې لپاره بورسیه ترلاسه کړه.	Pashto (Standard)	South Asia	SACOR_10
Agriculture remains the primary source of income.	کرهڼه د عاید اصلي سرچینه پاتې ده.	Pashto (Standard)	South Asia	SACOR_09
She cooked delicious biryani for the family.	هغې د کورنۍ لپاره خوندور بریاني پخ کړه.	Pashto (Standard)	South Asia	SACOR_04
Digital payments have made transactions faster.	ډیجیټل تادیاتو معاملات ګړندي کړي دي.	Pashto (Standard)	South Asia	SACOR_02
Family members support each other during difficult times.	د کورنۍ غړي د ستونزمنو وختونو کې یو بل ساتنه کوي.	Pashto (Standard)	South Asia	SACOR_03
People celebrate festivals with great joy.	خلک د خوښۍ سره جشنونه لمانځي.	Pashto (Standard)	South Asia	SACOR_05
Parents sacrifice their own needs for children.	والدین د ماشومانو لپاره خپل اړتیاوې قربان کوي.	Pashto (Standard)	South Asia	SACOR_05
Spices add flavor to traditional dishes.	مسالې دودیزو خوړلو ته خوند ورکوي.	Pashto (Standard)	South Asia	SACOR_02
Eating fresh fruits provides essential vitamins.	د تازه میوو خوړل اړین ویتامینونه برابروي.	Pashto (Standard)	South Asia	SACOR_03
People travel long distances to visit religious sites.	خلک د مذهبي سایټونو لیدلو لپاره اوږد فاصلې سفر کوي.	Pashto (Standard)	South Asia	SACOR_10
Birds were chirping in the trees.	مرغۍ په ونو کې چغېدلې.	Pashto (Standard)	South Asia	SACOR_01
The river flows peacefully through the valley.	سیند په دره کې په آرامۍ سره بهیږي.	Pashto (Standard)	South Asia	SACOR_08
The teacher explained the lesson patiently.	استاد صبر سره درس تشریح کړ.	Pashto (Standard)	South Asia	SACOR_06
Tea is served to guests as a gesture of hospitality.	د مېلمانو د مېلمستیا د نښې په توګه چای وړاندې کیږي.	Pashto (Standard)	South Asia	SACOR_10
The professor wrote equations on the blackboard.	پروفیسور په تختې کې معادلې ولیکلې.	Pashto (Standard)	South Asia	SACOR_07
Teachers shape young minds.	استادان د ځوان ذهنونو شکل ورکوي.	Pashto (Standard)	South Asia	SACOR_06
Small businesses create employment opportunities.	کوچني سوداګرۍ د دندو فرصتونه رامنځته کوي.	Pashto (Standard)	South Asia	SACOR_10
Handicrafts showcase artistic traditions.	دستي کارونه هنري دودونه ښکاره کوي.	Pashto (Standard)	South Asia	SACOR_10
Storytelling preserves culture and knowledge.	کیسه ویل د کلتوري او پوهې ساتنه کوي.	Pashto (Standard)	South Asia	SACOR_10
Respecting elders is an important value.	د زړونو درناوی مهمه ارزښت دی.	Pashto (Standard)	South Asia	SACOR_03
Doctors work long hours to treat patients.	داکتران د ناروغانو درملنې لپاره اوږد ساعتونه کار کوي.	Pashto (Standard)	South Asia	SACOR_01
Online shopping has become popular.	آنلاین پلورلې محبوبه شوې ده.	Pashto (Standard)	South Asia	SACOR_02
She cooked delicious biryani for the family.	هغې د کورنۍ لپاره خوندور بریاني پخ کړه.	Pashto (Standard)	South Asia	SACOR_03
Cricket is a popular sport.	کریکټ یوه مشهوره لوبه ده.	Pashto (Standard)	South Asia	SACOR_04
Smartphones have changed how people communicate.	سمارټ فونونو د خلکو د اړیکو لاره بدله کړې ده.	Pashto (Standard)	South Asia	SACOR_08
Regular exercise helps maintain good health.	منظم تمرین د ښه روغتیا ساتلو کې مرسته کوي.	Pashto (Standard)	South Asia	SACOR_07
The river flows peacefully through the valley.	سیند په دره کې په آرامۍ سره بهیږي.	Pashto (Standard)	South Asia	SACOR_04
People travel long distances to visit religious sites.	خلک د مذهبي سایټونو لیدلو لپاره اوږد فاصلې سفر کوي.	Pashto (Standard)	South Asia	SACOR_02
Agriculture remains the primary source of income.	کرهڼه د عاید اصلي سرچینه پاتې ده.	Pashto (Standard)	South Asia	SACOR_08
The teacher explained the lesson patiently.	استاد صبر سره درس تشریح کړ.	Pashto (Standard)	South Asia	SACOR_08
The wedding ceremony lasted three days.	د واده مراسم درې ورځې دوام وکړ.	Pashto (Standard)	South Asia	SACOR_05
After finishing his work, he sat down.	د خپل کار پای ته رسولو وروسته، ناست شو.	Pashto (Standard)	South Asia	SACOR_10
My grandmother told me stories.	زما نیا ما ماته کیسې وړې.	Pashto (Standard)	South Asia	SACOR_06
Education opens doors to opportunities.	زده کړه د فرصتونو دروازې خلاصوي.	Pashto (Standard)	South Asia	SACOR_05
Handicrafts showcase artistic traditions.	دستي کارونه هنري دودونه ښکاره کوي.	Pashto (Standard)	South Asia	SACOR_03
Farmers planted rice in the flooded fields.	کرهڼه کونکي د اوبو لاندې کروندو کې وريجې وکړې.	Pashto (Standard)	South Asia	SACOR_02
The bus arrived late.	بس ورو ورو راغله.	Pashto (Standard)	South Asia	SACOR_01
Family members support each other during difficult times.	د کورنۍ غړي د ستونزمنو وختونو کې یو بل ساتنه کوي.	Pashto (Standard)	South Asia	SACOR_07
Traditional music is important for our heritage.	دودیز موسیقي زموږ د میراث لپاره مهمه ده.	Pashto (Standard)	South Asia	SACOR_03
Doctors recommend drinking plenty of water.	داکتران د ډیرو اوبو څښل وړاندیز کوي.	Pashto (Standard)	South Asia	SACOR_10
The professor wrote equations on the blackboard.	پروفیسور په تختې کې معادلې ولیکلې.	Pashto (Standard)	South Asia	SACOR_05
Sports teach teamwork and discipline.	لوبې د ټیم کار او نظم زده کوي.	Pashto (Standard)	South Asia	SACOR_02
Tea is served to guests as a gesture of hospitality.	د مېلمانو د مېلمستیا د نښې په توګه چای وړاندې کیږي.	Pashto (Standard)	South Asia	SACOR_10
She received a scholarship to study medicine.	هغې د طب زده کړې لپاره بورسیه ترلاسه کړه.	Pashto (Standard)	South Asia	SACOR_04
The forest is home to many wild animals.	ځنګل د ډیرو وحشي حیواناتو کور دی.	Pashto (Standard)	South Asia	SACOR_08
She walked slowly through the garden.	هغې په باغ کې ورو ورو تېره شوه.	Pashto (Standard)	South Asia	SACOR_06
Cooking together brings family members closer.	یوځای پخول د کورنۍ غړو ته نږدې راولي.	Pashto (Standard)	South Asia	SACOR_10
Farmers wake up early to tend to crops.	کرهڼه کونکي د محصولاتو پاملرنې لپاره وختي پاړ کېږي.	Pashto (Standard)	South Asia	SACOR_02
Learning a new language requires practice.	د نوې ژبې زده کړه تمرین ته اړتیا لري.	Pashto (Standard)	South Asia	SACOR_10
Storytelling preserves culture and knowledge.	کیسه ویل د کلتوري او پوهې ساتنه کوي.	Pashto (Standard)	South Asia	SACOR_03
Train journeys offer scenic views.	د اورګاډو سفرونه د مناظرو لید ورکوي.	Pashto (Standard)	South Asia	SACOR_03
Tourism brings revenue to regions with historical sites.	سیاحت د تاریخي سایټونو سیمو ته عاید راولي.	Pashto (Standard)	South Asia	SACOR_07
The market was crowded with people.	بازار د خلکو سره ډک و.	Pashto (Standard)	South Asia	SACOR_08
Pollution in cities has become a serious problem.	په ښارونو کې ککړتیا یوه سخت ستونزه شوې ده.	Pashto (Standard)	South Asia	SACOR_02
The internet connects people across continents.	انټرنیټ د براعظمونو په اوږدو کې خلک سره نښلوي.	Pashto (Standard)	South Asia	SACOR_04
Small businesses create employment opportunities.	کوچني سوداګرۍ د دندو فرصتونه رامنځته کوي.	Pashto (Standard)	South Asia	SACOR_02
The school organized a science fair.	ښوونځي د ساینس نندارې تنظیم کړه.	Pashto (Standard)	South Asia	SACOR_08
Students gathered in the library.	زده کوونکي په کتابتون کې راټول شول.	Pashto (Standard)	South Asia	SACOR_06
Digital payments have made transactions faster.	ډیجیټل تادیاتو معاملات ګړندي کړي دي.	Pashto (Standard)	South Asia	SACOR_04
Reading books improves vocabulary.	د کتابونو لوستل د لغت ښه والی کوي.	Pashto (Standard)	South Asia	SACOR_07
Elderly people share wisdom and stories.	زړون خلک حکمت او کیسې شریکوي.	Pashto (Standard)	South Asia	SACOR_03
Children learn best when they are interested.	ماشومان غوره زده کوي کله چې دوی علاقه لري.	Pashto (Standard)	South Asia	SACOR_07
Eating fresh fruits provides essential vitamins.	د تازه میوو خوړل اړین ویتامینونه برابروي.	Pashto (Standard)	South Asia	SACOR_05
Teachers shape young minds.	استادان د ځوان ذهنونو شکل ورکوي.	Pashto (Standard)	South Asia	SACOR_08
Clear communication prevents misunderstandings.	روښانه اړیکه د ناپوهیو مخه نیسي.	Pashto (Standard)	South Asia	SACOR_06
People celebrate festivals with great joy.	خلک د خوښۍ سره جشنونه لمانځي.	Pashto (Standard)	South Asia	SACOR_03
Children were playing cricket in the street.	ماشومان په سړک کې کریکټ لوبېدل.	Pashto (Standard)	South Asia	SACOR_09
We decided to visit the old temple.	موږ د پخواني معبد لیدلو پریکړه وکړه.	Pashto (Standard)	South Asia	SACOR_07
Parents sacrifice their own needs for children.	والدین د ماشومانو لپاره خپل اړتیاوې قربان کوي.	Pashto (Standard)	South Asia	SACOR_05
Birds were chirping in the trees.	مرغۍ په ونو کې چغېدلې.	Pashto (Standard)	South Asia	SACOR_07
Respecting elders is an important value.	د زړونو درناوی مهمه ارزښت دی.	Pashto (Standard)	South Asia	SACOR_02
I woke up early this morning.	زه نن سهار وختي پاړ شوم.	Pashto (Standard)	South Asia	SACOR_03
Spices add flavor to traditional dishes.	مسالې دودیزو خوړلو ته خوند ورکوي.	Pashto (Standard)	South Asia	SACOR_01
I woke up early this morning.	زه نن سهار وختي پاړ شوم.	Pashto (Standard)	South Asia	SACOR_10
Farmers wake up early to tend to crops.	کرهڼه کونکي د محصولاتو پاملرنې لپاره وختي پاړ کېږي.	Pashto (Standard)	South Asia	SACOR_07
Cricket is a popular sport.	کریکټ یوه مشهوره لوبه ده.	Pashto (Standard)	South Asia	SACOR_02
Digital payments have made transactions faster.	ډیجیټل تادیاتو معاملات ګړندي کړي دي.	Pashto (Standard)	South Asia	SACOR_08
Storytelling preserves culture and knowledge.	کیسه ویل د کلتوري او پوهې ساتنه کوي.	Pashto (Standard)	South Asia	SACOR_04
Handicrafts showcase artistic traditions.	دستي کارونه هنري دودونه ښکاره کوي.	Pashto (Standard)	South Asia	SACOR_01
Traditional music is important for our heritage.	دودیز موسیقي زموږ د میراث لپاره مهمه ده.	Pashto (Standard)	South Asia	SACOR_01
Regular exercise helps maintain good health.	منظم تمرین د ښه روغتیا ساتلو کې مرسته کوي.	Pashto (Standard)	South Asia	SACOR_10
Reading books improves vocabulary.	د کتابونو لوستل د لغت ښه والی کوي.	Pashto (Standard)	South Asia	SACOR_10
The forest is home to many wild animals.	ځنګل د ډیرو وحشي حیواناتو کور دی.	Pashto (Standard)	South Asia	SACOR_03
People travel long distances to visit religious sites.	خلک د مذهبي سایټونو لیدلو لپاره اوږد فاصلې سفر کوي.	Pashto (Standard)	South Asia	SACOR_09
Farmers planted rice in the flooded fields.	کرهڼه کونکي د اوبو لاندې کروندو کې وريجې وکړې.	Pashto (Standard)	South Asia	SACOR_05
Education opens doors to opportunities.	زده کړه د فرصتونو دروازې خلاصوي.	Pashto (Standard)	South Asia	SACOR_06
She received a scholarship to study medicine.	هغې د طب زده کړې لپاره بورسیه ترلاسه کړه.	Pashto (Standard)	South Asia	SACOR_03
The bus arrived late.	بس ورو ورو راغله.	Pashto (Standard)	South Asia	SACOR_05
Spices add flavor to traditional dishes.	مسالې دودیزو خوړلو ته خوند ورکوي.	Pashto (Standard)	South Asia	SACOR_01
She cooked delicious biryani for the family.	هغې د کورنۍ لپاره خوندور بریاني پخ کړه.	Pashto (Standard)	South Asia	SACOR_04
She walked slowly through the garden.	هغې په باغ کې ورو ورو تېره شوه.	Pashto (Standard)	South Asia	SACOR_03
Respecting elders is an important value.	د زړونو درناوی مهمه ارزښت دی.	Pashto (Standard)	South Asia	SACOR_02
Pollution in cities has become a serious problem.	په ښارونو کې ککړتیا یوه سخت ستونزه شوې ده.	Pashto (Standard)	South Asia	SACOR_02
Train journeys offer scenic views.	د اورګاډو سفرونه د مناظرو لید ورکوي.	Pashto (Standard)	South Asia	SACOR_06
Doctors recommend drinking plenty of water.	داکتران د ډیرو اوبو څښل وړاندیز کوي.	Pashto (Standard)	South Asia	SACOR_04
Eating fresh fruits provides essential vitamins.	د تازه میوو خوړل اړین ویتامینونه برابروي.	Pashto (Standard)	South Asia	SACOR_06
Teachers shape young minds.	استادان د ځوان ذهنونو شکل ورکوي.	Pashto (Standard)	South Asia	SACOR_06
Birds were chirping in the trees.	مرغۍ په ونو کې چغېدلې.	Pashto (Standard)	South Asia	SACOR_01
Elderly people share wisdom and stories.	زړون خلک حکمت او کیسې شریکوي.	Pashto (Standard)	South Asia	SACOR_06
The river flows peacefully through the valley.	سیند په دره کې په آرامۍ سره بهیږي.	Pashto (Standard)	South Asia	SACOR_02
Family members support each other during difficult times.	د کورنۍ غړي د ستونزمنو وختونو کې یو بل ساتنه کوي.	Pashto (Standard)	South Asia	SACOR_05
Tourism brings revenue to regions with historical sites.	سیاحت د تاریخي سایټونو سیمو ته عاید راولي.	Pashto (Standard)	South Asia	SACOR_04
We decided to visit the old temple.	موږ د پخواني معبد لیدلو پریکړه وکړه.	Pashto (Standard)	South Asia	SACOR_03
Students gathered in the library.	زده کوونکي په کتابتون کې راټول شول.	Pashto (Standard)	South Asia	SACOR_02
The market was crowded with people.	بازار د خلکو سره ډک و.	Pashto (Standard)	South Asia	SACOR_10
Parents sacrifice their own needs for children.	والدین د ماشومانو لپاره خپل اړتیاوې قربان کوي.	Pashto (Standard)	South Asia	SACOR_02
Agriculture remains the primary source of income.	کرهڼه د عاید اصلي سرچینه پاتې ده.	Pashto (Standard)	South Asia	SACOR_05
Clear communication prevents misunderstandings.	روښانه اړیکه د ناپوهیو مخه نیسي.	Pashto (Standard)	South Asia	SACOR_04
Learning a new language requires practice.	د نوې ژبې زده کړه تمرین ته اړتیا لري.	Pashto (Standard)	South Asia	SACOR_01
The school organized a science fair.	ښوونځي د ساینس نندارې تنظیم کړه.	Pashto (Standard)	South Asia	SACOR_09
The internet connects people across continents.	انټرنیټ د براعظمونو په اوږدو کې خلک سره نښلوي.	Pashto (Standard)	South Asia	SACOR_08
My grandmother told me stories.	زما نیا ما ماته کیسې وړې.	Pashto (Standard)	South Asia	SACOR_08
Tea is served to guests as a gesture of hospitality.	د مېلمانو د مېلمستیا د نښې په توګه چای وړاندې کیږي.	Pashto (Standard)	South Asia	SACOR_10
Online shopping has become popular.	آنلاین پلورلې محبوبه شوې ده.	Pashto (Standard)	South Asia	SACOR_08
After finishing his work, he sat down.	د خپل کار پای ته رسولو وروسته، ناست شو.	Pashto (Standard)	South Asia	SACOR_03
Smartphones have changed how people communicate.	سمارټ فونونو د خلکو د اړیکو لاره بدله کړې ده.	Pashto (Standard)	South Asia	SACOR_05
The professor wrote equations on the blackboard.	پروفیسور په تختې کې معادلې ولیکلې.	Pashto (Standard)	South Asia	SACOR_08
Sports teach teamwork and discipline.	لوبې د ټیم کار او نظم زده کوي.	Pashto (Standard)	South Asia	SACOR_10
Children were playing cricket in the street.	ماشومان په سړک کې کریکټ لوبېدل.	Pashto (Standard)	South Asia	SACOR_03
The wedding ceremony lasted three days.	د واده مراسم درې ورځې دوام وکړ.	Pashto (Standard)	South Asia	SACOR_06
The teacher explained the lesson patiently.	استاد صبر سره درس تشریح کړ.	Pashto (Standard)	South Asia	SACOR_05
Doctors work long hours to treat patients.	داکتران د ناروغانو درملنې لپاره اوږد ساعتونه کار کوي.	Pashto (Standard)	South Asia	SACOR_03
Children learn best when they are interested.	ماشومان غوره زده کوي کله چې دوی علاقه لري.	Pashto (Standard)	South Asia	SACOR_03
Small businesses create employment opportunities.	کوچني سوداګرۍ د دندو فرصتونه رامنځته کوي.	Pashto (Standard)	South Asia	SACOR_02
Cooking together brings family members closer.	یوځای پخول د کورنۍ غړو ته نږدې راولي.	Pashto (Standard)	South Asia	SACOR_09
People celebrate festivals with great joy.	خلک د خوښۍ سره جشنونه لمانځي.	Pashto (Standard)	South Asia	SACOR_09
Regular exercise helps maintain good health.	منظم تمرین د ښه روغتیا ساتلو کې مرسته کوي.	Pashto (Standard)	South Asia	SACOR_04
The teacher explained the lesson patiently.	استاد صبر سره درس تشریح کړ.	Pashto (Standard)	South Asia	SACOR_05
People celebrate festivals with great joy.	خلک د خوښۍ سره جشنونه لمانځي.	Pashto (Standard)	South Asia	SACOR_06
My grandmother told me stories.	زما نیا ما ماته کیسې وړې.	Pashto (Standard)	South Asia	SACOR_09
The school organized a science fair.	ښوونځي د ساینس نندارې تنظیم کړه.	Pashto (Standard)	South Asia	SACOR_02
Online shopping has become popular.	آنلاین پلورلې محبوبه شوې ده.	Pashto (Standard)	South Asia	SACOR_10
Pollution in cities has become a serious problem.	په ښارونو کې ککړتیا یوه سخت ستونزه شوې ده.	Pashto (Standard)	South Asia	SACOR_03
Farmers planted rice in the flooded fields.	کرهڼه کونکي د اوبو لاندې کروندو کې وريجې وکړې.	Pashto (Standard)	South Asia	SACOR_01
Children were playing cricket in the street.	ماشومان په سړک کې کریکټ لوبېدل.	Pashto (Standard)	South Asia	SACOR_05
Storytelling preserves culture and knowledge.	کیسه ویل د کلتوري او پوهې ساتنه کوي.	Pashto (Standard)	South Asia	SACOR_09
Learning a new language requires practice.	د نوې ژبې زده کړه تمرین ته اړتیا لري.	Pashto (Standard)	South Asia	SACOR_08
The bus arrived late.	بس ورو ورو راغله.	Pashto (Standard)	South Asia	SACOR_08
Respecting elders is an important value.	د زړونو درناوی مهمه ارزښت دی.	Pashto (Standard)	South Asia	SACOR_01
She cooked delicious biryani for the family.	هغې د کورنۍ لپاره خوندور بریاني پخ کړه.	Pashto (Standard)	South Asia	SACOR_07
Small businesses create employment opportunities.	کوچني سوداګرۍ د دندو فرصتونه رامنځته کوي.	Pashto (Standard)	South Asia	SACOR_08
Eating fresh fruits provides essential vitamins.	د تازه میوو خوړل اړین ویتامینونه برابروي.	Pashto (Standard)	South Asia	SACOR_07
Tea is served to guests as a gesture of hospitality.	د مېلمانو د مېلمستیا د نښې په توګه چای وړاندې کیږي.	Pashto (Standard)	South Asia	SACOR_10
Parents sacrifice their own needs for children.	والدین د ماشومانو لپاره خپل اړتیاوې قربان کوي.	Pashto (Standard)	South Asia	SACOR_04
Tourism brings revenue to regions with historical sites.	سیاحت د تاریخي سایټونو سیمو ته عاید راولي.	Pashto (Standard)	South Asia	SACOR_04
She walked slowly through the garden.	هغې په باغ کې ورو ورو تېره شوه.	Pashto (Standard)	South Asia	SACOR_04
Cooking together brings family members closer.	یوځای پخول د کورنۍ غړو ته نږدې راولي.	Pashto (Standard)	South Asia	SACOR_03
Traditional music is important for our heritage.	دودیز موسیقي زموږ د میراث لپاره مهمه ده.	Pashto (Standard)	South Asia	SACOR_10
Farmers wake up early to tend to crops.	کرهڼه کونکي د محصولاتو پاملرنې لپاره وختي پاړ کېږي.	Pashto (Standard)	South Asia	SACOR_10
We decided to visit the old temple.	موږ د پخواني معبد لیدلو پریکړه وکړه.	Pashto (Standard)	South Asia	SACOR_09
I woke up early this morning.	زه نن سهار وختي پاړ شوم.	Pashto (Standard)	South Asia	SACOR_07
People travel long distances to visit religious sites.	خلک د مذهبي سایټونو لیدلو لپاره اوږد فاصلې سفر کوي.	Pashto (Standard)	South Asia	SACOR_06
Teachers shape young minds.	استادان د ځوان ذهنونو شکل ورکوي.	Pashto (Standard)	South Asia	SACOR_02
Doctors recommend drinking plenty of water.	داکتران د ډیرو اوبو څښل وړاندیز کوي.	Pashto (Standard)	South Asia	SACOR_06
Handicrafts showcase artistic traditions.	دستي کارونه هنري دودونه ښکاره کوي.	Pashto (Standard)	South Asia	SACOR_10
Clear communication prevents misunderstandings.	روښانه اړیکه د ناپوهیو مخه نیسي.	Pashto (Standard)	South Asia	SACOR_01
Birds were chirping in the trees.	مرغۍ په ونو کې چغېدلې.	Pashto (Standard)	South Asia	SACOR_03
Smartphones have changed how people communicate.	سمارټ فونونو د خلکو د اړیکو لاره بدله کړې ده.	Pashto (Standard)	South Asia	SACOR_06
The professor wrote equations on the blackboard.	پروفیسور په تختې کې معادلې ولیکلې.	Pashto (Standard)	South Asia	SACOR_08
Sports teach teamwork and discipline.	لوبې د ټیم کار او نظم زده کوي.	Pashto (Standard)	South Asia	SACOR_09
Train journeys offer scenic views.	د اورګاډو سفرونه د مناظرو لید ورکوي.	Pashto (Standard)	South Asia	SACOR_05
Family members support each other during difficult times.	د کورنۍ غړي د ستونزمنو وختونو کې یو بل ساتنه کوي.	Pashto (Standard)	South Asia	SACOR_07
Reading books improves vocabulary.	د کتابونو لوستل د لغت ښه والی کوي.	Pashto (Standard)	South Asia	SACOR_05
The forest is home to many wild animals.	ځنګل د ډیرو وحشي حیواناتو کور دی.	Pashto (Standard)	South Asia	SACOR_01
Agriculture remains the primary source of income.	کرهڼه د عاید اصلي سرچینه پاتې ده.	Pashto (Standard)	South Asia	SACOR_09
The market was crowded with people.	بازار د خلکو سره ډک و.	Pashto (Standard)	South Asia	SACOR_06
Children learn best when they are interested.	ماشومان غوره زده کوي کله چې دوی علاقه لري.	Pashto (Standard)	South Asia	SACOR_09
The river flows peacefully through the valley.	سیند په دره کې په آرامۍ سره بهیږي.	Pashto (Standard)	South Asia	SACOR_06
The wedding ceremony lasted three days.	د واده مراسم درې ورځې دوام وکړ.	Pashto (Standard)	South Asia	SACOR_09
Students gathered in the library.	زده کوونکي په کتابتون کې راټول شول.	Pashto (Standard)	South Asia	SACOR_09
She received a scholarship to study medicine.	هغې د طب زده کړې لپاره بورسیه ترلاسه کړه.	Pashto (Standard)	South Asia	SACOR_04
Cricket is a popular sport.	کریکټ یوه مشهوره لوبه ده.	Pashto (Standard)	South Asia	SACOR_09
The internet connects people across continents.	انټرنیټ د براعظمونو په اوږدو کې خلک سره نښلوي.	Pashto (Standard)	South Asia	SACOR_03
Spices add flavor to traditional dishes.	مسالې دودیزو خوړلو ته خوند ورکوي.	Pashto (Standard)	South Asia	SACOR_06
Doctors work long hours to treat patients.	داکتران د ناروغانو درملنې لپاره اوږد ساعتونه کار کوي.	Pashto (Standard)	South Asia	SACOR_07
Digital payments have made transactions faster.	ډیجیټل تادیاتو معاملات ګړندي کړي دي.	Pashto (Standard)	South Asia	SACOR_08
After finishing his work, he sat down.	د خپل کار پای ته رسولو وروسته، ناست شو.	Pashto (Standard)	South Asia	SACOR_03
Elderly people share wisdom and stories.	زړون خلک حکمت او کیسې شریکوي.	Pashto (Standard)	South Asia	SACOR_07
Education opens doors to opportunities.	زده کړه د فرصتونو دروازې خلاصوي.	Pashto (Standard)	South Asia	SACOR_03
Birds were chirping in the trees.	مرغۍ په ونو کې چغېدلې.	Pashto (Standard)	South Asia	SACOR_01
Agriculture remains the primary source of income.	کرهڼه د عاید اصلي سرچینه پاتې ده.	Pashto (Standard)	South Asia	SACOR_09
The river flows peacefully through the valley.	سیند په دره کې په آرامۍ سره بهیږي.	Pashto (Standard)	South Asia	SACOR_05
Parents sacrifice their own needs for children.	والدین د ماشومانو لپاره خپل اړتیاوې قربان کوي.	Pashto (Standard)	South Asia	SACOR_07
She cooked delicious biryani for the family.	هغې د کورنۍ لپاره خوندور بریاني پخ کړه.	Pashto (Standard)	South Asia	SACOR_08
Students gathered in the library.	زده کوونکي په کتابتون کې راټول شول.	Pashto (Standard)	South Asia	SACOR_03
Children learn best when they are interested.	ماشومان غوره زده کوي کله چې دوی علاقه لري.	Pashto (Standard)	South Asia	SACOR_10
Teachers shape young minds.	استادان د ځوان ذهنونو شکل ورکوي.	Pashto (Standard)	South Asia	SACOR_03
My grandmother told me stories.	زما نیا ما ماته کیسې وړې.	Pashto (Standard)	South Asia	SACOR_06
Farmers planted rice in the flooded fields.	کرهڼه کونکي د اوبو لاندې کروندو کې وريجې وکړې.	Pashto (Standard)	South Asia	SACOR_05
People travel long distances to visit religious sites.	خلک د مذهبي سایټونو لیدلو لپاره اوږد فاصلې سفر کوي.	Pashto (Standard)	South Asia	SACOR_04
I woke up early this morning.	زه نن سهار وختي پاړ شوم.	Pashto (Standard)	South Asia	SACOR_06
She received a scholarship to study medicine.	هغې د طب زده کړې لپاره بورسیه ترلاسه کړه.	Pashto (Standard)	South Asia	SACOR_06
The school organized a science fair.	ښوونځي د ساینس نندارې تنظیم کړه.	Pashto (Standard)	South Asia	SACOR_02
People celebrate festivals with great joy.	خلک د خوښۍ سره جشنونه لمانځي.	Pashto (Standard)	South Asia	SACOR_10
Storytelling preserves culture and knowledge.	کیسه ویل د کلتوري او پوهې ساتنه کوي.	Pashto (Standard)	South Asia	SACOR_07
Cooking together brings family members closer.	یوځای پخول د کورنۍ غړو ته نږدې راولي.	Pashto (Standard)	South Asia	SACOR_03
Education opens doors to opportunities.	زده کړه د فرصتونو دروازې خلاصوي.	Pashto (Standard)	South Asia	SACOR_09
After finishing his work, he sat down.	د خپل کار پای ته رسولو وروسته، ناست شو.	Pashto (Standard)	South Asia	SACOR_03
We decided to visit the old temple.	موږ د پخواني معبد لیدلو پریکړه وکړه.	Pashto (Standard)	South Asia	SACOR_03
Train journeys offer scenic views.	د اورګاډو سفرونه د مناظرو لید ورکوي.	Pashto (Standard)	South Asia	SACOR_03
Family members support each other during difficult times.	د کورنۍ غړي د ستونزمنو وختونو کې یو بل ساتنه کوي.	Pashto (Standard)	South Asia	SACOR_06
Tourism brings revenue to regions with historical sites.	سیاحت د تاریخي سایټونو سیمو ته عاید راولي.	Pashto (Standard)	South Asia	SACOR_01
Online shopping has become popular.	آنلاین پلورلې محبوبه شوې ده.	Pashto (Standard)	South Asia	SACOR_02
Handicrafts showcase artistic traditions.	دستي کارونه هنري دودونه ښکاره کوي.	Pashto (Standard)	South Asia	SACOR_09
Elderly people share wisdom and stories.	زړون خلک حکمت او کیسې شریکوي.	Pashto (Standard)	South Asia	SACOR_03
Doctors work long hours to treat patients.	داکتران د ناروغانو درملنې لپاره اوږد ساعتونه کار کوي.	Pashto (Standard)	South Asia	SACOR_06
Pollution in cities has become a serious problem.	په ښارونو کې ککړتیا یوه سخت ستونزه شوې ده.	Pashto (Standard)	South Asia	SACOR_07
Cricket is a popular sport.	کریکټ یوه مشهوره لوبه ده.	Pashto (Standard)	South Asia	SACOR_03
The forest is home to many wild animals.	ځنګل د ډیرو وحشي حیواناتو کور دی.	Pashto (Standard)	South Asia	SACOR_05
Spices add flavor to traditional dishes.	مسالې دودیزو خوړلو ته خوند ورکوي.	Pashto (Standard)	South Asia	SACOR_08
Smartphones have changed how people communicate.	سمارټ فونونو د خلکو د اړیکو لاره بدله کړې ده.	Pashto (Standard)	South Asia	SACOR_03
Doctors recommend drinking plenty of water.	داکتران د ډیرو اوبو څښل وړاندیز کوي.	Pashto (Standard)	South Asia	SACOR_09
Regular exercise helps maintain good health.	منظم تمرین د ښه روغتیا ساتلو کې مرسته کوي.	Pashto (Standard)	South Asia	SACOR_07
Eating fresh fruits provides essential vitamins.	د تازه میوو خوړل اړین ویتامینونه برابروي.	Pashto (Standard)	South Asia	SACOR_04
The internet connects people across continents.	انټرنیټ د براعظمونو په اوږدو کې خلک سره نښلوي.	Pashto (Standard)	South Asia	SACOR_10
Digital payments have made transactions faster.	ډیجیټل تادیاتو معاملات ګړندي کړي دي.	Pashto (Standard)	South Asia	SACOR_05
Sports teach teamwork and discipline.	لوبې د ټیم کار او نظم زده کوي.	Pashto (Standard)	South Asia	SACOR_03
Reading books improves vocabulary.	د کتابونو لوستل د لغت ښه والی کوي.	Pashto (Standard)	South Asia	SACOR_01
Respecting elders is an important value.	د زړونو درناوی مهمه ارزښت دی.	Pashto (Standard)	South Asia	SACOR_02
She walked slowly through the garden.	هغې په باغ کې ورو ورو تېره شوه.	Pashto (Standard)	South Asia	SACOR_03
The professor wrote equations on the blackboard.	پروفیسور په تختې کې معادلې ولیکلې.	Pashto (Standard)	South Asia	SACOR_03
Learning a new language requires practice.	د نوې ژبې زده کړه تمرین ته اړتیا لري.	Pashto (Standard)	South Asia	SACOR_04
Small businesses create employment opportunities.	کوچني سوداګرۍ د دندو فرصتونه رامنځته کوي.	Pashto (Standard)	South Asia	SACOR_05
Children were playing cricket in the street.	ماشومان په سړک کې کریکټ لوبېدل.	Pashto (Standard)	South Asia	SACOR_02
The wedding ceremony lasted three days.	د واده مراسم درې ورځې دوام وکړ.	Pashto (Standard)	South Asia	SACOR_05
Traditional music is important for our heritage.	دودیز موسیقي زموږ د میراث لپاره مهمه ده.	Pashto (Standard)	South Asia	SACOR_10
The bus arrived late.	بس ورو ورو راغله.	Pashto (Standard)	South Asia	SACOR_10
The teacher explained the lesson patiently.	استاد صبر سره درس تشریح کړ.	Pashto (Standard)	South Asia	SACOR_03
Farmers wake up early to tend to crops.	کرهڼه کونکي د محصولاتو پاملرنې لپاره وختي پاړ کېږي.	Pashto (Standard)	South Asia	SACOR_10
Tea is served to guests as a gesture of hospitality.	د مېلمانو د مېلمستیا د نښې په توګه چای وړاندې کیږي.	Pashto (Standard)	South Asia	SACOR_01
Clear communication prevents misunderstandings.	روښانه اړیکه د ناپوهیو مخه نیسي.	Pashto (Standard)	South Asia	SACOR_01
The market was crowded with people.	بازار د خلکو سره ډک و.	Pashto (Standard)	South Asia	SACOR_10
After finishing his work, he sat down.	د خپل کار پای ته رسولو وروسته، ناست شو.	Pashto (Standard)	South Asia	SACOR_07
The forest is home to many wild animals.	ځنګل د ډیرو وحشي حیواناتو کور دی.	Pashto (Standard)	South Asia	SACOR_07
People travel long distances to visit religious sites.	خلک د مذهبي سایټونو لیدلو لپاره اوږد فاصلې سفر کوي.	Pashto (Standard)	South Asia	SACOR_03
Reading books improves vocabulary.	د کتابونو لوستل د لغت ښه والی کوي.	Pashto (Standard)	South Asia	SACOR_08
The bus arrived late.	بس ورو ورو راغله.	Pashto (Standard)	South Asia	SACOR_01
Respecting elders is an important value.	د زړونو درناوی مهمه ارزښت دی.	Pashto (Standard)	South Asia	SACOR_03
She received a scholarship to study medicine.	هغې د طب زده کړې لپاره بورسیه ترلاسه کړه.	Pashto (Standard)	South Asia	SACOR_07
People celebrate festivals with great joy.	خلک د خوښۍ سره جشنونه لمانځي.	Pashto (Standard)	South Asia	SACOR_07
Eating fresh fruits provides essential vitamins.	د تازه میوو خوړل اړین ویتامینونه برابروي.	Pashto (Standard)	South Asia	SACOR_01
Doctors recommend drinking plenty of water.	داکتران د ډیرو اوبو څښل وړاندیز کوي.	Pashto (Standard)	South Asia	SACOR_05
The internet connects people across continents.	انټرنیټ د براعظمونو په اوږدو کې خلک سره نښلوي.	Pashto (Standard)	South Asia	SACOR_06
The professor wrote equations on the blackboard.	پروفیسور په تختې کې معادلې ولیکلې.	Pashto (Standard)	South Asia	SACOR_01
Farmers planted rice in the flooded fields.	کرهڼه کونکي د اوبو لاندې کروندو کې وريجې وکړې.	Pashto (Standard)	South Asia	SACOR_10
Tea is served to guests as a gesture of hospitality.	د مېلمانو د مېلمستیا د نښې په توګه چای وړاندې کیږي.	Pashto (Standard)	South Asia	SACOR_06
Smartphones have changed how people communicate.	سمارټ فونونو د خلکو د اړیکو لاره بدله کړې ده.	Pashto (Standard)	South Asia	SACOR_07
Digital payments have made transactions faster.	ډیجیټل تادیاتو معاملات ګړندي کړي دي.	Pashto (Standard)	South Asia	SACOR_04
Storytelling preserves culture and knowledge.	کیسه ویل د کلتوري او پوهې ساتنه کوي.	Pashto (Standard)	South Asia	SACOR_03
Children were playing cricket in the street.	ماشومان په سړک کې کریکټ لوبېدل.	Pashto (Standard)	South Asia	SACOR_02
Parents sacrifice their own needs for children.	والدین د ماشومانو لپاره خپل اړتیاوې قربان کوي.	Pashto (Standard)	South Asia	SACOR_08
Traditional music is important for our heritage.	دودیز موسیقي زموږ د میراث لپاره مهمه ده.	Pashto (Standard)	South Asia	SACOR_05
The wedding ceremony lasted three days.	د واده مراسم درې ورځې دوام وکړ.	Pashto (Standard)	South Asia	SACOR_01
Handicrafts showcase artistic traditions.	دستي کارونه هنري دودونه ښکاره کوي.	Pashto (Standard)	South Asia	SACOR_01
She walked slowly through the garden.	هغې په باغ کې ورو ورو تېره شوه.	Pashto (Standard)	South Asia	SACOR_04
Children learn best when they are interested.	ماشومان غوره زده کوي کله چې دوی علاقه لري.	Pashto (Standard)	South Asia	SACOR_10
Cricket is a popular sport.	کریکټ یوه مشهوره لوبه ده.	Pashto (Standard)	South Asia	SACOR_02
The river flows peacefully through the valley.	سیند په دره کې په آرامۍ سره بهیږي.	Pashto (Standard)	South Asia	SACOR_01
I woke up early this morning.	زه نن سهار وختي پاړ شوم.	Pashto (Standard)	South Asia	SACOR_02
The teacher explained the lesson patiently.	استاد صبر سره درس تشریح کړ.	Pashto (Standard)	South Asia	SACOR_10
Elderly people share wisdom and stories.	زړون خلک حکمت او کیسې شریکوي.	Pashto (Standard)	South Asia	SACOR_04
Cooking together brings family members closer.	یوځای پخول د کورنۍ غړو ته نږدې راولي.	Pashto (Standard)	South Asia	SACOR_04
Family members support each other during difficult times.	د کورنۍ غړي د ستونزمنو وختونو کې یو بل ساتنه کوي.	Pashto (Standard)	South Asia	SACOR_06
Small businesses create employment opportunities.	کوچني سوداګرۍ د دندو فرصتونه رامنځته کوي.	Pashto (Standard)	South Asia	SACOR_04
Regular exercise helps maintain good health.	منظم تمرین د ښه روغتیا ساتلو کې مرسته کوي.	Pashto (Standard)	South Asia	SACOR_09
Education opens doors to opportunities.	زده کړه د فرصتونو دروازې خلاصوي.	Pashto (Standard)	South Asia	SACOR_10
Online shopping has become popular.	آنلاین پلورلې محبوبه شوې ده.	Pashto (Standard)	South Asia	SACOR_03
Learning a new language requires practice.	د نوې ژبې زده کړه تمرین ته اړتیا لري.	Pashto (Standard)	South Asia	SACOR_03
Birds were chirping in the trees.	مرغۍ په ونو کې چغېدلې.	Pashto (Standard)	South Asia	SACOR_03
Farmers wake up early to tend to crops.	کرهڼه کونکي د محصولاتو پاملرنې لپاره وختي پاړ کېږي.	Pashto (Standard)	South Asia	SACOR_05
Train journeys offer scenic views.	د اورګاډو سفرونه د مناظرو لید ورکوي.	Pashto (Standard)	South Asia	SACOR_08
Clear communication prevents misunderstandings.	روښانه اړیکه د ناپوهیو مخه نیسي.	Pashto (Standard)	South Asia	SACOR_02
Tourism brings revenue to regions with historical sites.	سیاحت د تاریخي سایټونو سیمو ته عاید راولي.	Pashto (Standard)	South Asia	SACOR_02
Sports teach teamwork and discipline.	لوبې د ټیم کار او نظم زده کوي.	Pashto (Standard)	South Asia	SACOR_10
Teachers shape young minds.	استادان د ځوان ذهنونو شکل ورکوي.	Pashto (Standard)	South Asia	SACOR_04
Spices add flavor to traditional dishes.	مسالې دودیزو خوړلو ته خوند ورکوي.	Pashto (Standard)	South Asia	SACOR_07
She cooked delicious biryani for the family.	هغې د کورنۍ لپاره خوندور بریاني پخ کړه.	Pashto (Standard)	South Asia	SACOR_01
The market was crowded with people.	بازار د خلکو سره ډک و.	Pashto (Standard)	South Asia	SACOR_01
We decided to visit the old temple.	موږ د پخواني معبد لیدلو پریکړه وکړه.	Pashto (Standard)	South Asia	SACOR_07
Agriculture remains the primary source of income.	کرهڼه د عاید اصلي سرچینه پاتې ده.	Pashto (Standard)	South Asia	SACOR_01
Doctors work long hours to treat patients.	داکتران د ناروغانو درملنې لپاره اوږد ساعتونه کار کوي.	Pashto (Standard)	South Asia	SACOR_09
The school organized a science fair.	ښوونځي د ساینس نندارې تنظیم کړه.	Pashto (Standard)	South Asia	SACOR_03
Students gathered in the library.	زده کوونکي په کتابتون کې راټول شول.	Pashto (Standard)	South Asia	SACOR_08
Pollution in cities has become a serious problem.	په ښارونو کې ککړتیا یوه سخت ستونزه شوې ده.	Pashto (Standard)	South Asia	SACOR_08
My grandmother told me stories.	زما نیا ما ماته کیسې وړې.	Pashto (Standard)	South Asia	SACOR_01
Storytelling preserves culture and knowledge.	کیسه ویل د کلتوري او پوهې ساتنه کوي.	Pashto (Standard)	South Asia	SACOR_06
Education opens doors to opportunities.	زده کړه د فرصتونو دروازې خلاصوي.	Pashto (Standard)	South Asia	SACOR_07
She received a scholarship to study medicine.	هغې د طب زده کړې لپاره بورسیه ترلاسه کړه.	Pashto (Standard)	South Asia	SACOR_05
Regular exercise helps maintain good health.	منظم تمرین د ښه روغتیا ساتلو کې مرسته کوي.	Pashto (Standard)	South Asia	SACOR_07
Digital payments have made transactions faster.	ډیجیټل تادیاتو معاملات ګړندي کړي دي.	Pashto (Standard)	South Asia	SACOR_02
Reading books improves vocabulary.	د کتابونو لوستل د لغت ښه والی کوي.	Pashto (Standard)	South Asia	SACOR_07
Elderly people share wisdom and stories.	زړون خلک حکمت او کیسې شریکوي.	Pashto (Standard)	South Asia	SACOR_01
Parents sacrifice their own needs for children.	والدین د ماشومانو لپاره خپل اړتیاوې قربان کوي.	Pashto (Standard)	South Asia	SACOR_08
Agriculture remains the primary source of income.	کرهڼه د عاید اصلي سرچینه پاتې ده.	Pashto (Standard)	South Asia	SACOR_07
Farmers wake up early to tend to crops.	کرهڼه کونکي د محصولاتو پاملرنې لپاره وختي پاړ کېږي.	Pashto (Standard)	South Asia	SACOR_03
Doctors recommend drinking plenty of water.	داکتران د ډیرو اوبو څښل وړاندیز کوي.	Pashto (Standard)	South Asia	SACOR_07
My grandmother told me stories.	زما نیا ما ماته کیسې وړې.	Pashto (Standard)	South Asia	SACOR_05
Farmers planted rice in the flooded fields.	کرهڼه کونکي د اوبو لاندې کروندو کې وريجې وکړې.	Pashto (Standard)	South Asia	SACOR_04
Pollution in cities has become a serious problem.	په ښارونو کې ککړتیا یوه سخت ستونزه شوې ده.	Pashto (Standard)	South Asia	SACOR_09
Tourism brings revenue to regions with historical sites.	سیاحت د تاریخي سایټونو سیمو ته عاید راولي.	Pashto (Standard)	South Asia	SACOR_06
Doctors work long hours to treat patients.	داکتران د ناروغانو درملنې لپاره اوږد ساعتونه کار کوي.	Pashto (Standard)	South Asia	SACOR_01
I woke up early this morning.	زه نن سهار وختي پاړ شوم.	Pashto (Standard)	South Asia	SACOR_01
Eating fresh fruits provides essential vitamins.	د تازه میوو خوړل اړین ویتامینونه برابروي.	Pashto (Standard)	South Asia	SACOR_10
Students gathered in the library.	زده کوونکي په کتابتون کې راټول شول.	Pashto (Standard)	South Asia	SACOR_06
Learning a new language requires practice.	د نوې ژبې زده کړه تمرین ته اړتیا لري.	Pashto (Standard)	South Asia	SACOR_04
The school organized a science fair.	ښوونځي د ساینس نندارې تنظیم کړه.	Pashto (Standard)	South Asia	SACOR_08
Cooking together brings family members closer.	یوځای پخول د کورنۍ غړو ته نږدې راولي.	Pashto (Standard)	South Asia	SACOR_03
The river flows peacefully through the valley.	سیند په دره کې په آرامۍ سره بهیږي.	Pashto (Standard)	South Asia	SACOR_04
She cooked delicious biryani for the family.	هغې د کورنۍ لپاره خوندور بریاني پخ کړه.	Pashto (Standard)	South Asia	SACOR_05
The market was crowded with people.	بازار د خلکو سره ډک و.	Pashto (Standard)	South Asia	SACOR_07
Online shopping has become popular.	آنلاین پلورلې محبوبه شوې ده.	Pashto (Standard)	South Asia	SACOR_02
Handicrafts showcase artistic traditions.	دستي کارونه هنري دودونه ښکاره کوي.	Pashto (Standard)	South Asia	SACOR_08
Traditional music is important for our heritage.	دودیز موسیقي زموږ د میراث لپاره مهمه ده.	Pashto (Standard)	South Asia	SACOR_07
Birds were chirping in the trees.	مرغۍ په ونو کې چغېدلې.	Pashto (Standard)	South Asia	SACOR_03
The internet connects people across continents.	انټرنیټ د براعظمونو په اوږدو کې خلک سره نښلوي.	Pashto (Standard)	South Asia	SACOR_04
Spices add flavor to traditional dishes.	مسالې دودیزو خوړلو ته خوند ورکوي.	Pashto (Standard)	South Asia	SACOR_02
Children learn best when they are interested.	ماشومان غوره زده کوي کله چې دوی علاقه لري.	Pashto (Standard)	South Asia	SACOR_04
Small businesses create employment opportunities.	کوچني سوداګرۍ د دندو فرصتونه رامنځته کوي.	Pashto (Standard)	South Asia	SACOR_04
The forest is home to many wild animals.	ځنګل د ډیرو وحشي حیواناتو کور دی.	Pashto (Standard)	South Asia	SACOR_07
Respecting elders is an important value.	د زړونو درناوی مهمه ارزښت دی.	Pashto (Standard)	South Asia	SACOR_02
Smartphones have changed how people communicate.	سمارټ فونونو د خلکو د اړیکو لاره بدله کړې ده.	Pashto (Standard)	South Asia	SACOR_01
Sports teach teamwork and discipline.	لوبې د ټیم کار او نظم زده کوي.	Pashto (Standard)	South Asia	SACOR_10
People travel long distances to visit religious sites.	خلک د مذهبي سایټونو لیدلو لپاره اوږد فاصلې سفر کوي.	Pashto (Standard)	South Asia	SACOR_05
She walked slowly through the garden.	هغې په باغ کې ورو ورو تېره شوه.	Pashto (Standard)	South Asia	SACOR_05
The professor wrote equations on the blackboard.	پروفیسور په تختې کې معادلې ولیکلې.	Pashto (Standard)	South Asia	SACOR_02
The bus arrived late.	بس ورو ورو راغله.	Pashto (Standard)	South Asia	SACOR_07
The teacher explained the lesson patiently.	استاد صبر سره درس تشریح کړ.	Pashto (Standard)	South Asia	SACOR_05
The wedding ceremony lasted three days.	د واده مراسم درې ورځې دوام وکړ.	Pashto (Standard)	South Asia	SACOR_03
People celebrate festivals with great joy.	خلک د خوښۍ سره جشنونه لمانځي.	Pashto (Standard)	South Asia	SACOR_04
Train journeys offer scenic views.	د اورګاډو سفرونه د مناظرو لید ورکوي.	Pashto (Standard)	South Asia	SACOR_02
Clear communication prevents misunderstandings.	روښانه اړیکه د ناپوهیو مخه نیسي.	Pashto (Standard)	South Asia	SACOR_07
We decided to visit the old temple.	موږ د پخواني معبد لیدلو پریکړه وکړه.	Pashto (Standard)	South Asia	SACOR_06
Tea is served to guests as a gesture of hospitality.	د مېلمانو د مېلمستیا د نښې په توګه چای وړاندې کیږي.	Pashto (Standard)	South Asia	SACOR_05
Teachers shape young minds.	استادان د ځوان ذهنونو شکل ورکوي.	Pashto (Standard)	South Asia	SACOR_05
Cricket is a popular sport.	کریکټ یوه مشهوره لوبه ده.	Pashto (Standard)	South Asia	SACOR_02
Family members support each other during difficult times.	د کورنۍ غړي د ستونزمنو وختونو کې یو بل ساتنه کوي.	Pashto (Standard)	South Asia	SACOR_04
After finishing his work, he sat down.	د خپل کار پای ته رسولو وروسته، ناست شو.	Pashto (Standard)	South Asia	SACOR_08
Children were playing cricket in the street.	ماشومان په سړک کې کریکټ لوبېدل.	Pashto (Standard)	South Asia	SACOR_03
Education opens doors to opportunities.	زده کړه د فرصتونو دروازې خلاصوي.	Pashto (Standard)	South Asia	SACOR_08
Small businesses create employment opportunities.	کوچني سوداګرۍ د دندو فرصتونه رامنځته کوي.	Pashto (Standard)	South Asia	SACOR_08
Clear communication prevents misunderstandings.	روښانه اړیکه د ناپوهیو مخه نیسي.	Pashto (Standard)	South Asia	SACOR_07
The school organized a science fair.	ښوونځي د ساینس نندارې تنظیم کړه.	Pashto (Standard)	South Asia	SACOR_09
Doctors work long hours to treat patients.	داکتران د ناروغانو درملنې لپاره اوږد ساعتونه کار کوي.	Pashto (Standard)	South Asia	SACOR_06
Reading books improves vocabulary.	د کتابونو لوستل د لغت ښه والی کوي.	Pashto (Standard)	South Asia	SACOR_08
Teachers shape young minds.	استادان د ځوان ذهنونو شکل ورکوي.	Pashto (Standard)	South Asia	SACOR_07
Tea is served to guests as a gesture of hospitality.	د مېلمانو د مېلمستیا د نښې په توګه چای وړاندې کیږي.	Pashto (Standard)	South Asia	SACOR_01
Students gathered in the library.	زده کوونکي په کتابتون کې راټول شول.	Pashto (Standard)	South Asia	SACOR_07
Parents sacrifice their own needs for children.	والدین د ماشومانو لپاره خپل اړتیاوې قربان کوي.	Pashto (Standard)	South Asia	SACOR_04
We decided to visit the old temple.	موږ د پخواني معبد لیدلو پریکړه وکړه.	Pashto (Standard)	South Asia	SACOR_05
Smartphones have changed how people communicate.	سمارټ فونونو د خلکو د اړیکو لاره بدله کړې ده.	Pashto (Standard)	South Asia	SACOR_10
Train journeys offer scenic views.	د اورګاډو سفرونه د مناظرو لید ورکوي.	Pashto (Standard)	South Asia	SACOR_05
Handicrafts showcase artistic traditions.	دستي کارونه هنري دودونه ښکاره کوي.	Pashto (Standard)	South Asia	SACOR_03
She walked slowly through the garden.	هغې په باغ کې ورو ورو تېره شوه.	Pashto (Standard)	South Asia	SACOR_10
Elderly people share wisdom and stories.	زړون خلک حکمت او کیسې شریکوي.	Pashto (Standard)	South Asia	SACOR_01
She received a scholarship to study medicine.	هغې د طب زده کړې لپاره بورسیه ترلاسه کړه.	Pashto (Standard)	South Asia	SACOR_05
After finishing his work, he sat down.	د خپل کار پای ته رسولو وروسته، ناست شو.	Pashto (Standard)	South Asia	SACOR_07
Children were playing cricket in the street.	ماشومان په سړک کې کریکټ لوبېدل.	Pashto (Standard)	South Asia	SACOR_02
Digital payments have made transactions faster.	ډیجیټل تادیاتو معاملات ګړندي کړي دي.	Pashto (Standard)	South Asia	SACOR_08
Children learn best when they are interested.	ماشومان غوره زده کوي کله چې دوی علاقه لري.	Pashto (Standard)	South Asia	SACOR_06
Online shopping has become popular.	آنلاین پلورلې محبوبه شوې ده.	Pashto (Standard)	South Asia	SACOR_06
Regular exercise helps maintain good health.	منظم تمرین د ښه روغتیا ساتلو کې مرسته کوي.	Pashto (Standard)	South Asia	SACOR_02
The professor wrote equations on the blackboard.	پروفیسور په تختې کې معادلې ولیکلې.	Pashto (Standard)	South Asia	SACOR_09
Birds were chirping in the trees.	مرغۍ په ونو کې چغېدلې.	Pashto (Standard)	South Asia	SACOR_09
Spices add flavor to traditional dishes.	مسالې دودیزو خوړلو ته خوند ورکوي.	Pashto (Standard)	South Asia	SACOR_08
Cricket is a popular sport.	کریکټ یوه مشهوره لوبه ده.	Pashto (Standard)	South Asia	SACOR_01
Doctors recommend drinking plenty of water.	داکتران د ډیرو اوبو څښل وړاندیز کوي.	Pashto (Standard)	South Asia	SACOR_02
The teacher explained the lesson patiently.	استاد صبر سره درس تشریح کړ.	Pashto (Standard)	South Asia	SACOR_08
The internet connects people across continents.	انټرنیټ د براعظمونو په اوږدو کې خلک سره نښلوي.	Pashto (Standard)	South Asia	SACOR_10
The wedding ceremony lasted three days.	د واده مراسم درې ورځې دوام وکړ.	Pashto (Standard)	South Asia	SACOR_10
Farmers wake up early to tend to crops.	کرهڼه کونکي د محصولاتو پاملرنې لپاره وختي پاړ کېږي.	Pashto (Standard)	South Asia	SACOR_10
My grandmother told me stories.	زما نیا ما ماته کیسې وړې.	Pashto (Standard)	South Asia	SACOR_04
Storytelling preserves culture and knowledge.	کیسه ویل د کلتوري او پوهې ساتنه کوي.	Pashto (Standard)	South Asia	SACOR_03
Pollution in cities has become a serious problem.	په ښارونو کې ککړتیا یوه سخت ستونزه شوې ده.	Pashto (Standard)	South Asia	SACOR_05
Traditional music is important for our heritage.	دودیز موسیقي زموږ د میراث لپاره مهمه ده.	Pashto (Standard)	South Asia	SACOR_03
Learning a new language requires practice.	د نوې ژبې زده کړه تمرین ته اړتیا لري.	Pashto (Standard)	South Asia	SACOR_01
Tourism brings revenue to regions with historical sites.	سیاحت د تاریخي سایټونو سیمو ته عاید راولي.	Pashto (Standard)	South Asia	SACOR_03
The market was crowded with people.	بازار د خلکو سره ډک و.	Pashto (Standard)	South Asia	SACOR_05
People travel long distances to visit religious sites.	خلک د مذهبي سایټونو لیدلو لپاره اوږد فاصلې سفر کوي.	Pashto (Standard)	South Asia	SACOR_09
People celebrate festivals with great joy.	خلک د خوښۍ سره جشنونه لمانځي.	Pashto (Standard)	South Asia	SACOR_04
The river flows peacefully through the valley.	سیند په دره کې په آرامۍ سره بهیږي.	Pashto (Standard)	South Asia	SACOR_08
Family members support each other during difficult times.	د کورنۍ غړي د ستونزمنو وختونو کې یو بل ساتنه کوي.	Pashto (Standard)	South Asia	SACOR_05
She cooked delicious biryani for the family.	هغې د کورنۍ لپاره خوندور بریاني پخ کړه.	Pashto (Standard)	South Asia	SACOR_05
Sports teach teamwork and discipline.	لوبې د ټیم کار او نظم زده کوي.	Pashto (Standard)	South Asia	SACOR_05
Farmers planted rice in the flooded fields.	کرهڼه کونکي د اوبو لاندې کروندو کې وريجې وکړې.	Pashto (Standard)	South Asia	SACOR_02
Cooking together brings family members closer.	یوځای پخول د کورنۍ غړو ته نږدې راولي.	Pashto (Standard)	South Asia	SACOR_08
Agriculture remains the primary source of income.	کرهڼه د عاید اصلي سرچینه پاتې ده.	Pashto (Standard)	South Asia	SACOR_03
I woke up early this morning.	زه نن سهار وختي پاړ شوم.	Pashto (Standard)	South Asia	SACOR_04
The forest is home to many wild animals.	ځنګل د ډیرو وحشي حیواناتو کور دی.	Pashto (Standard)	South Asia	SACOR_05
The bus arrived late.	بس ورو ورو راغله.	Pashto (Standard)	South Asia	SACOR_06
Eating fresh fruits provides essential vitamins.	د تازه میوو خوړل اړین ویتامینونه برابروي.	Pashto (Standard)	South Asia	SACOR_07
Respecting elders is an important value.	د زړونو درناوی مهمه ارزښت دی.	Pashto (Standard)	South Asia	SACOR_06
Learning a new language requires practice.	د نوې ژبې زده کړه تمرین ته اړتیا لري.	Pashto (Standard)	South Asia	SACOR_04
We decided to visit the old temple.	موږ د پخواني معبد لیدلو پریکړه وکړه.	Pashto (Standard)	South Asia	SACOR_09
The bus arrived late.	بس ورو ورو راغله.	Pashto (Standard)	South Asia	SACOR_07
Pollution in cities has become a serious problem.	په ښارونو کې ککړتیا یوه سخت ستونزه شوې ده.	Pashto (Standard)	South Asia	SACOR_10
The teacher explained the lesson patiently.	استاد صبر سره درس تشریح کړ.	Pashto (Standard)	South Asia	SACOR_05
Farmers wake up early to tend to crops.	کرهڼه کونکي د محصولاتو پاملرنې لپاره وختي پاړ کېږي.	Pashto (Standard)	South Asia	SACOR_08
Birds were chirping in the trees.	مرغۍ په ونو کې چغېدلې.	Pashto (Standard)	South Asia	SACOR_10
Family members support each other during difficult times.	د کورنۍ غړي د ستونزمنو وختونو کې یو بل ساتنه کوي.	Pashto (Standard)	South Asia	SACOR_01
Tourism brings revenue to regions with historical sites.	سیاحت د تاریخي سایټونو سیمو ته عاید راولي.	Pashto (Standard)	South Asia	SACOR_03
People celebrate festivals with great joy.	خلک د خوښۍ سره جشنونه لمانځي.	Pashto (Standard)	South Asia	SACOR_06
The professor wrote equations on the blackboard.	پروفیسور په تختې کې معادلې ولیکلې.	Pashto (Standard)	South Asia	SACOR_05
Children learn best when they are interested.	ماشومان غوره زده کوي کله چې دوی علاقه لري.	Pashto (Standard)	South Asia	SACOR_09
Agriculture remains the primary source of income.	کرهڼه د عاید اصلي سرچینه پاتې ده.	Pashto (Standard)	South Asia	SACOR_06
The internet connects people across continents.	انټرنیټ د براعظمونو په اوږدو کې خلک سره نښلوي.	Pashto (Standard)	South Asia	SACOR_04
Farmers planted rice in the flooded fields.	کرهڼه کونکي د اوبو لاندې کروندو کې وريجې وکړې.	Pashto (Standard)	South Asia	SACOR_07
The wedding ceremony lasted three days.	د واده مراسم درې ورځې دوام وکړ.	Pashto (Standard)	South Asia	SACOR_03
Eating fresh fruits provides essential vitamins.	د تازه میوو خوړل اړین ویتامینونه برابروي.	Pashto (Standard)	South Asia	SACOR_07
Regular exercise helps maintain good health.	منظم تمرین د ښه روغتیا ساتلو کې مرسته کوي.	Pashto (Standard)	South Asia	SACOR_09
Reading books improves vocabulary.	د کتابونو لوستل د لغت ښه والی کوي.	Pashto (Standard)	South Asia	SACOR_10
Clear communication prevents misunderstandings.	روښانه اړیکه د ناپوهیو مخه نیسي.	Pashto (Standard)	South Asia	SACOR_01
The forest is home to many wild animals.	ځنګل د ډیرو وحشي حیواناتو کور دی.	Pashto (Standard)	South Asia	SACOR_05
Storytelling preserves culture and knowledge.	کیسه ویل د کلتوري او پوهې ساتنه کوي.	Pashto (Standard)	South Asia	SACOR_08
Tea is served to guests as a gesture of hospitality.	د مېلمانو د مېلمستیا د نښې په توګه چای وړاندې کیږي.	Pashto (Standard)	South Asia	SACOR_03
Elderly people share wisdom and stories.	زړون خلک حکمت او کیسې شریکوي.	Pashto (Standard)	South Asia	SACOR_04
I woke up early this morning.	زه نن سهار وختي پاړ شوم.	Pashto (Standard)	South Asia	SACOR_09
The river flows peacefully through the valley.	سیند په دره کې په آرامۍ سره بهیږي.	Pashto (Standard)	South Asia	SACOR_07
People travel long distances to visit religious sites.	خلک د مذهبي سایټونو لیدلو لپاره اوږد فاصلې سفر کوي.	Pashto (Standard)	South Asia	SACOR_05
The school organized a science fair.	ښوونځي د ساینس نندارې تنظیم کړه.	Pashto (Standard)	South Asia	SACOR_02
She walked slowly through the garden.	هغې په باغ کې ورو ورو تېره شوه.	Pashto (Standard)	South Asia	SACOR_01
Spices add flavor to traditional dishes.	مسالې دودیزو خوړلو ته خوند ورکوي.	Pashto (Standard)	South Asia	SACOR_01
Cooking together brings family members closer.	یوځای پخول د کورنۍ غړو ته نږدې راولي.	Pashto (Standard)	South Asia	SACOR_10
Smartphones have changed how people communicate.	سمارټ فونونو د خلکو د اړیکو لاره بدله کړې ده.	Pashto (Standard)	South Asia	SACOR_06
Doctors recommend drinking plenty of water.	داکتران د ډیرو اوبو څښل وړاندیز کوي.	Pashto (Standard)	South Asia	SACOR_04
Respecting elders is an important value.	د زړونو درناوی مهمه ارزښت دی.	Pashto (Standard)	South Asia	SACOR_09
Train journeys offer scenic views.	د اورګاډو سفرونه د مناظرو لید ورکوي.	Pashto (Standard)	South Asia	SACOR_06
Education opens doors to opportunities.	زده کړه د فرصتونو دروازې خلاصوي.	Pashto (Standard)	South Asia	SACOR_06
Digital payments have made transactions faster.	ډیجیټل تادیاتو معاملات ګړندي کړي دي.	Pashto (Standard)	South Asia	SACOR_08
Small businesses create employment opportunities.	کوچني سوداګرۍ د دندو فرصتونه رامنځته کوي.	Pashto (Standard)	South Asia	SACOR_05
She received a scholarship to study medicine.	هغې د طب زده کړې لپاره بورسیه ترلاسه کړه.	Pashto (Standard)	South Asia	SACOR_03
Doctors work long hours to treat patients.	داکتران د ناروغانو درملنې لپاره اوږد ساعتونه کار کوي.	Pashto (Standard)	South Asia	SACOR_02
Students gathered in the library.	زده کوونکي په کتابتون کې راټول شول.	Pashto (Standard)	South Asia	SACOR_07
Parents sacrifice their own needs for children.	والدین د ماشومانو لپاره خپل اړتیاوې قربان کوي.	Pashto (Standard)	South Asia	SACOR_05
Traditional music is important for our heritage.	دودیز موسیقي زموږ د میراث لپاره مهمه ده.	Pashto (Standard)	South Asia	SACOR_04
After finishing his work, he sat down.	د خپل کار پای ته رسولو وروسته، ناست شو.	Pashto (Standard)	South Asia	SACOR_06
Handicrafts showcase artistic traditions.	دستي کارونه هنري دودونه ښکاره کوي.	Pashto (Standard)	South Asia	SACOR_10
Children were playing cricket in the street.	ماشومان په سړک کې کریکټ لوبېدل.	Pashto (Standard)	South Asia	SACOR_10
Online shopping has become popular.	آنلاین پلورلې محبوبه شوې ده.	Pashto (Standard)	South Asia	SACOR_01
Sports teach teamwork and discipline.	لوبې د ټیم کار او نظم زده کوي.	Pashto (Standard)	South Asia	SACOR_01
The market was crowded with people.	بازار د خلکو سره ډک و.	Pashto (Standard)	South Asia	SACOR_10
She cooked delicious biryani for the family.	هغې د کورنۍ لپاره خوندور بریاني پخ کړه.	Pashto (Standard)	South Asia	SACOR_04
Cricket is a popular sport.	کریکټ یوه مشهوره لوبه ده.	Pashto (Standard)	South Asia	SACOR_08
Teachers shape young minds.	استادان د ځوان ذهنونو شکل ورکوي.	Pashto (Standard)	South Asia	SACOR_09
My grandmother told me stories.	زما نیا ما ماته کیسې وړې.	Pashto (Standard)	South Asia	SACOR_02
Farmers wake up early to tend to crops.	کرهڼه کونکي د محصولاتو پاملرنې لپاره وختي پاړ کېږي.	Pashto (Standard)	South Asia	SACOR_05
We decided to visit the old temple.	موږ د پخواني معبد لیدلو پریکړه وکړه.	Pashto (Standard)	South Asia	SACOR_07
After finishing his work, he sat down.	د خپل کار پای ته رسولو وروسته، ناست شو.	Pashto (Standard)	South Asia	SACOR_01
Learning a new language requires practice.	د نوې ژبې زده کړه تمرین ته اړتیا لري.	Pashto (Standard)	South Asia	SACOR_05
She walked slowly through the garden.	هغې په باغ کې ورو ورو تېره شوه.	Pashto (Standard)	South Asia	SACOR_08
Students gathered in the library.	زده کوونکي په کتابتون کې راټول شول.	Pashto (Standard)	South Asia	SACOR_07
She cooked delicious biryani for the family.	هغې د کورنۍ لپاره خوندور بریاني پخ کړه.	Pashto (Standard)	South Asia	SACOR_02
Sports teach teamwork and discipline.	لوبې د ټیم کار او نظم زده کوي.	Pashto (Standard)	South Asia	SACOR_05
Tea is served to guests as a gesture of hospitality.	د مېلمانو د مېلمستیا د نښې په توګه چای وړاندې کیږي.	Pashto (Standard)	South Asia	SACOR_04
Small businesses create employment opportunities.	کوچني سوداګرۍ د دندو فرصتونه رامنځته کوي.	Pashto (Standard)	South Asia	SACOR_08
The teacher explained the lesson patiently.	استاد صبر سره درس تشریح کړ.	Pashto (Standard)	South Asia	SACOR_09
Doctors recommend drinking plenty of water.	داکتران د ډیرو اوبو څښل وړاندیز کوي.	Pashto (Standard)	South Asia	SACOR_09
People celebrate festivals with great joy.	خلک د خوښۍ سره جشنونه لمانځي.	Pashto (Standard)	South Asia	SACOR_05
Eating fresh fruits provides essential vitamins.	د تازه میوو خوړل اړین ویتامینونه برابروي.	Pashto (Standard)	South Asia	SACOR_05
Family members support each other during difficult times.	د کورنۍ غړي د ستونزمنو وختونو کې یو بل ساتنه کوي.	Pashto (Standard)	South Asia	SACOR_04
People travel long distances to visit religious sites.	خلک د مذهبي سایټونو لیدلو لپاره اوږد فاصلې سفر کوي.	Pashto (Standard)	South Asia	SACOR_08
Regular exercise helps maintain good health.	منظم تمرین د ښه روغتیا ساتلو کې مرسته کوي.	Pashto (Standard)	South Asia	SACOR_01
The forest is home to many wild animals.	ځنګل د ډیرو وحشي حیواناتو کور دی.	Pashto (Standard)	South Asia	SACOR_07
Farmers planted rice in the flooded fields.	کرهڼه کونکي د اوبو لاندې کروندو کې وريجې وکړې.	Pashto (Standard)	South Asia	SACOR_07
Education opens doors to opportunities.	زده کړه د فرصتونو دروازې خلاصوي.	Pashto (Standard)	South Asia	SACOR_02
The market was crowded with people.	بازار د خلکو سره ډک و.	Pashto (Standard)	South Asia	SACOR_09
The internet connects people across continents.	انټرنیټ د براعظمونو په اوږدو کې خلک سره نښلوي.	Pashto (Standard)	South Asia	SACOR_08
I woke up early this morning.	زه نن سهار وختي پاړ شوم.	Pashto (Standard)	South Asia	SACOR_06
The school organized a science fair.	ښوونځي د ساینس نندارې تنظیم کړه.	Pashto (Standard)	South Asia	SACOR_07
She received a scholarship to study medicine.	هغې د طب زده کړې لپاره بورسیه ترلاسه کړه.	Pashto (Standard)	South Asia	SACOR_05
The bus arrived late.	بس ورو ورو راغله.	Pashto (Standard)	South Asia	SACOR_07
Storytelling preserves culture and knowledge.	کیسه ویل د کلتوري او پوهې ساتنه کوي.	Pashto (Standard)	South Asia	SACOR_08
Clear communication prevents misunderstandings.	روښانه اړیکه د ناپوهیو مخه نیسي.	Pashto (Standard)	South Asia	SACOR_03
Cooking together brings family members closer.	یوځای پخول د کورنۍ غړو ته نږدې راولي.	Pashto (Standard)	South Asia	SACOR_07
Children were playing cricket in the street.	ماشومان په سړک کې کریکټ لوبېدل.	Pashto (Standard)	South Asia	SACOR_04
Elderly people share wisdom and stories.	زړون خلک حکمت او کیسې شریکوي.	Pashto (Standard)	South Asia	SACOR_07
Online shopping has become popular.	آنلاین پلورلې محبوبه شوې ده.	Pashto (Standard)	South Asia	SACOR_09
Reading books improves vocabulary.	د کتابونو لوستل د لغت ښه والی کوي.	Pashto (Standard)	South Asia	SACOR_02
Children learn best when they are interested.	ماشومان غوره زده کوي کله چې دوی علاقه لري.	Pashto (Standard)	South Asia	SACOR_06
The professor wrote equations on the blackboard.	پروفیسور په تختې کې معادلې ولیکلې.	Pashto (Standard)	South Asia	SACOR_05
Train journeys offer scenic views.	د اورګاډو سفرونه د مناظرو لید ورکوي.	Pashto (Standard)	South Asia	SACOR_02
The river flows peacefully through the valley.	سیند په دره کې په آرامۍ سره بهیږي.	Pashto (Standard)	South Asia	SACOR_09
Spices add flavor to traditional dishes.	مسالې دودیزو خوړلو ته خوند ورکوي.	Pashto (Standard)	South Asia	SACOR_06
Pollution in cities has become a serious problem.	په ښارونو کې ککړتیا یوه سخت ستونزه شوې ده.	Pashto (Standard)	South Asia	SACOR_09
Tourism brings revenue to regions with historical sites.	سیاحت د تاریخي سایټونو سیمو ته عاید راولي.	Pashto (Standard)	South Asia	SACOR_10
Teachers shape young minds.	استادان د ځوان ذهنونو شکل ورکوي.	Pashto (Standard)	South Asia	SACOR_10
Doctors work long hours to treat patients.	داکتران د ناروغانو درملنې لپاره اوږد ساعتونه کار کوي.	Pashto (Standard)	South Asia	SACOR_01
My grandmother told me stories.	زما نیا ما ماته کیسې وړې.	Pashto (Standard)	South Asia	SACOR_01
Parents sacrifice their own needs for children.	والدین د ماشومانو لپاره خپل اړتیاوې قربان کوي.	Pashto (Standard)	South Asia	SACOR_03
Birds were chirping in the trees.	مرغۍ په ونو کې چغېدلې.	Pashto (Standard)	South Asia	SACOR_08
Handicrafts showcase artistic traditions.	دستي کارونه هنري دودونه ښکاره کوي.	Pashto (Standard)	South Asia	SACOR_08
Traditional music is important for our heritage.	دودیز موسیقي زموږ د میراث لپاره مهمه ده.	Pashto (Standard)	South Asia	SACOR_03
Smartphones have changed how people communicate.	سمارټ فونونو د خلکو د اړیکو لاره بدله کړې ده.	Pashto (Standard)	South Asia	SACOR_10
Respecting elders is an important value.	د زړونو درناوی مهمه ارزښت دی.	Pashto (Standard)	South Asia	SACOR_02
Cricket is a popular sport.	کریکټ یوه مشهوره لوبه ده.	Pashto (Standard)	South Asia	SACOR_01
Agriculture remains the primary source of income.	کرهڼه د عاید اصلي سرچینه پاتې ده.	Pashto (Standard)	South Asia	SACOR_09
Digital payments have made transactions faster.	ډیجیټل تادیاتو معاملات ګړندي کړي دي.	Pashto (Standard)	South Asia	SACOR_05
The wedding ceremony lasted three days.	د واده مراسم درې ورځې دوام وکړ.	Pashto (Standard)	South Asia	SACOR_06
The river flows peacefully through the valley.	سیند په دره کې په آرامۍ سره بهیږي.	Pashto (Standard)	South Asia	SACOR_01
People celebrate festivals with great joy.	خلک د خوښۍ سره جشنونه لمانځي.	Pashto (Standard)	South Asia	SACOR_08
Cricket is a popular sport.	کریکټ یوه مشهوره لوبه ده.	Pashto (Standard)	South Asia	SACOR_09
Birds were chirping in the trees.	مرغۍ په ونو کې چغېدلې.	Pashto (Standard)	South Asia	SACOR_07
Education opens doors to opportunities.	زده کړه د فرصتونو دروازې خلاصوي.	Pashto (Standard)	South Asia	SACOR_01
The wedding ceremony lasted three days.	د واده مراسم درې ورځې دوام وکړ.	Pashto (Standard)	South Asia	SACOR_05
People travel long distances to visit religious sites.	خلک د مذهبي سایټونو لیدلو لپاره اوږد فاصلې سفر کوي.	Pashto (Standard)	South Asia	SACOR_04
Farmers wake up early to tend to crops.	کرهڼه کونکي د محصولاتو پاملرنې لپاره وختي پاړ کېږي.	Pashto (Standard)	South Asia	SACOR_06
Online shopping has become popular.	آنلاین پلورلې محبوبه شوې ده.	Pashto (Standard)	South Asia	SACOR_07
Farmers planted rice in the flooded fields.	کرهڼه کونکي د اوبو لاندې کروندو کې وريجې وکړې.	Pashto (Standard)	South Asia	SACOR_07
Respecting elders is an important value.	د زړونو درناوی مهمه ارزښت دی.	Pashto (Standard)	South Asia	SACOR_01
Family members support each other during difficult times.	د کورنۍ غړي د ستونزمنو وختونو کې یو بل ساتنه کوي.	Pashto (Standard)	South Asia	SACOR_06
Teachers shape young minds.	استادان د ځوان ذهنونو شکل ورکوي.	Pashto (Standard)	South Asia	SACOR_01
Tea is served to guests as a gesture of hospitality.	د مېلمانو د مېلمستیا د نښې په توګه چای وړاندې کیږي.	Pashto (Standard)	South Asia	SACOR_04
My grandmother told me stories.	زما نیا ما ماته کیسې وړې.	Pashto (Standard)	South Asia	SACOR_04
Children learn best when they are interested.	ماشومان غوره زده کوي کله چې دوی علاقه لري.	Pashto (Standard)	South Asia	SACOR_08
The bus arrived late.	بس ورو ورو راغله.	Pashto (Standard)	South Asia	SACOR_05
Reading books improves vocabulary.	د کتابونو لوستل د لغت ښه والی کوي.	Pashto (Standard)	South Asia	SACOR_07
The professor wrote equations on the blackboard.	پروفیسور په تختې کې معادلې ولیکلې.	Pashto (Standard)	South Asia	SACOR_10
Spices add flavor to traditional dishes.	مسالې دودیزو خوړلو ته خوند ورکوي.	Pashto (Standard)	South Asia	SACOR_09
Elderly people share wisdom and stories.	زړون خلک حکمت او کیسې شریکوي.	Pashto (Standard)	South Asia	SACOR_04
Digital payments have made transactions faster.	ډیجیټل تادیاتو معاملات ګړندي کړي دي.	Pashto (Standard)	South Asia	SACOR_04
Students gathered in the library.	زده کوونکي په کتابتون کې راټول شول.	Pashto (Standard)	South Asia	SACOR_01
Storytelling preserves culture and knowledge.	کیسه ویل د کلتوري او پوهې ساتنه کوي.	Pashto (Standard)	South Asia	SACOR_07
Pollution in cities has become a serious problem.	په ښارونو کې ککړتیا یوه سخت ستونزه شوې ده.	Pashto (Standard)	South Asia	SACOR_08
Small businesses create employment opportunities.	کوچني سوداګرۍ د دندو فرصتونه رامنځته کوي.	Pashto (Standard)	South Asia	SACOR_08
Parents sacrifice their own needs for children.	والدین د ماشومانو لپاره خپل اړتیاوې قربان کوي.	Pashto (Standard)	South Asia	SACOR_04
