en_sentence	target_sentence	variety	region	translator
Cooking together brings family members closer.	مل کر کھانا پکانا خاندان کے ممبروں کو قریب لاتا ہے۔	Urdu (Standard)	South Asia	SACOR_03
My grandmother told me stories.	میری دادی نے مجھے کہانیاں سنائیں۔	Urdu (Standard)	South Asia	SACOR_07
Students gathered in the library.	طلباء لائبریری میں جمع ہوئے۔	Urdu (Standard)	South Asia	SACOR_04
Spices add flavor to traditional dishes.	مصالحے روایتی کھانوں میں ذائقہ بڑھاتے ہیں۔	Urdu (Standard)	South Asia	SACOR_01
The wedding ceremony lasted three days.	شادی کی تقریب تین دن تک چلی۔	Urdu (Standard)	South Asia	SACOR_02
Doctors work long hours to treat patients.	ڈاکٹر مریضوں کا علاج کرنے کے لیے لمبے گھنٹے کام کرتے ہیں۔	Urdu (Standard)	South Asia	SACOR_06
Cricket is a popular sport.	کرکٹ ایک مقبول کھیل ہے۔	Urdu (Standard)	South Asia	SACOR_01
Pollution in cities has become a serious problem.	شہروں میں آلودگی ایک سنجیدہ مسئلہ بن گئی ہے۔	Urdu (Standard)	South Asia	SACOR_09
Children learn best when they are interested.	بچے بہترین سیکھتے ہیں جب وہ دلچسپی رکھتے ہیں۔	Urdu (Standard)	South Asia	SACOR_10
Reading books improves vocabulary.	کتابیں پڑھنا ذخیرہ الفاظ بہتر بناتا ہے۔	Urdu (Standard)	South Asia	SACOR_03
Online shopping has become popular.	آن لائن خریداری مقبول ہو گئی ہے۔	Urdu (Standard)	South Asia	SACOR_03
Tea is served to guests as a gesture of hospitality.	مہمانوں کو مہمان نوازی کی نشانی کے طور پر چائے پیش کی جاتی ہے۔	Urdu (Standard)	South Asia	SACOR_10
The school organized a science fair.	اسکول نے سائنس میلہ منظم کیا۔	Urdu (Standard)	South Asia	SACOR_09
Education opens doors to opportunities.	تعلیم مواقع کے دروازے کھولتی ہے۔	Urdu (Standard)	South Asia	SACOR_04
Learning a new language requires practice.	نئی زبان سیکھنے کے لیے مشق کی ضرورت ہے۔	Urdu (Standard)	South Asia	SACOR_01
Digital payments have made transactions faster.	ڈیجیٹل ادائیگیوں نے معاملات تیز کر دیے ہیں۔	Urdu (Standard)	South Asia	SACOR_10
Handicrafts showcase artistic traditions.	دستی کاریاں فنکارانہ روایات دکھاتی ہیں۔	Urdu (Standard)	South Asia	SACOR_03
Traditional music is important for our heritage.	روایتی موسیقی ہماری وراثت کے لیے اہم ہے۔	Urdu (Standard)	South Asia	SACOR_03
Regular exercise helps maintain good health.	منظم ورزش اچھی صحت برقرار رکھنے میں مدد کرتی ہے۔	Urdu (Standard)	South Asia	SACOR_02
The teacher explained the lesson patiently.	استاد نے صبر سے سبق سمجھایا۔	Urdu (Standard)	South Asia	SACOR_04
The forest is home to many wild animals.	جنگل بہت سے جنگلی جانوروں کا گھر ہے۔	Urdu (Standard)	South Asia	SACOR_04
She walked slowly through the garden.	وہ باغ میں آہستہ آہستہ چلی۔	Urdu (Standard)	South Asia	SACOR_08
Eating fresh fruits provides essential vitamins.	تازہ پھل کھانا ضروری وٹامن فراہم کرتا ہے۔	Urdu (Standard)	South Asia	SACOR_01
People travel long distances to visit religious sites.	لوگ مذہبی مقامات دیکھنے کے لیے لمبی دوریاں طے کرتے ہیں۔	Urdu (Standard)	South Asia	SACOR_05
Children were playing cricket in the street.	بچے سڑک پر کرکٹ کھیل رہے تھے۔	Urdu (Standard)	South Asia	SACOR_06
Teachers shape young minds.	استاد نوجوان ذہنوں کو شکل دیتے ہیں۔	Urdu (Standard)	South Asia	SACOR_01
Small businesses create employment opportunities.	چھوٹے کاروبار روزگار کے مواقع پیدا کرتے ہیں۔	Urdu (Standard)	South Asia	SACOR_04
I woke up early this morning.	میں آج صبح جلدی اٹھا۔	Urdu (Standard)	South Asia	SACOR_09
The professor wrote equations on the blackboard.	پروفیسر نے تختے پر مساوات لکھیں۔	Urdu (Standard)	South Asia	SACOR_07
The bus arrived late.	بس دیر سے پہنچی۔	Urdu (Standard)	South Asia	SACOR_01
After finishing his work, he sat down.	اپنا کام مکمل کرنے کے بعد، وہ بیٹھ گیا۔	Urdu (Standard)	South Asia	SACOR_08
Family members support each other during difficult times.	خاندان کے ممبر مشکل وقتوں میں ایک دوسرے کی مدد کرتے ہیں۔	Urdu (Standard)	South Asia	SACOR_03
Parents sacrifice their own needs for children.	والدین بچوں کے لیے اپنی ضرورتیں قربان کرتے ہیں۔	Urdu (Standard)	South Asia	SACOR_10
Smartphones have changed how people communicate.	اسمارٹ فونوں نے لوگوں کے رابطے کے طریقے کو تبدیل کر دیا ہے۔	Urdu (Standard)	South Asia	SACOR_05
We decided to visit the old temple.	ہم نے پرانے مندر کا دورہ کرنے کا فیصلہ کیا۔	Urdu (Standard)	South Asia	SACOR_04
Train journeys offer scenic views.	ریل کے سفر مناظر کے نظارے پیش کرتے ہیں۔	Urdu (Standard)	South Asia	SACOR_01
The market was crowded with people.	بازار لوگوں سے بھرا ہوا تھا۔	Urdu (Standard)	South Asia	SACOR_07
Sports teach teamwork and discipline.	کھیل ٹیم ورک اور نظم و ضبط سکھاتے ہیں۔	Urdu (Standard)	South Asia	SACOR_03
She received a scholarship to study medicine.	اسے طب کی تعلیم کے لیے اسکالرشپ ملی۔	Urdu (Standard)	South Asia	SACOR_09
Elderly people share wisdom and stories.	بزرگ لوگ حکمت اور کہانیاں بانٹتے ہیں۔	Urdu (Standard)	South Asia	SACOR_08
Storytelling preserves culture and knowledge.	کہانی سنانا ثقافت اور علم کو محفوظ رکھتا ہے۔	Urdu (Standard)	South Asia	SACOR_04
Farmers planted rice in the flooded fields.	کسانوں نے پانی والے کھیتوں میں چاول بوئے۔	Urdu (Standard)	South Asia	SACOR_05
She cooked delicious biryani for the family.	اس نے خاندان کے لیے مزیدار بریانی پکائی۔	Urdu (Standard)	South Asia	SACOR_06
Clear communication prevents misunderstandings.	صاف رابطہ غلط فہمیوں کو روکتا ہے۔	Urdu (Standard)	South Asia	SACOR_02
Tourism brings revenue to regions with historical sites.	سیاحت تاریخی مقامات والے علاقوں میں آمدنی لاتی ہے۔	Urdu (Standard)	South Asia	SACOR_03
Respecting elders is an important value.	بزرگوں کا احترام ایک اہم قدر ہے۔	Urdu (Standard)	South Asia	SACOR_10
Doctors recommend drinking plenty of water.	ڈاکٹر زیادہ پانی پینے کی صلاح دیتے ہیں۔	Urdu (Standard)	South Asia	SACOR_06
The internet connects people across continents.	انٹرنیٹ براعظموں میں لوگوں کو جوڑتا ہے۔	Urdu (Standard)	South Asia	SACOR_02
Agriculture remains the primary source of income.	زراعت آمدنی کا بنیادی ذریعہ رہتی ہے۔	Urdu (Standard)	South Asia	SACOR_10
People celebrate festivals with great joy.	لوگ بہت خوشی سے تہوار مناتے ہیں۔	Urdu (Standard)	South Asia	SACOR_08
Birds were chirping in the trees.	پرندے درختوں میں چہچہا رہے تھے۔	Urdu (Standard)	South Asia	SACOR_03
The river flows peacefully through the valley.	دریا وادی میں پرامن طریقے سے بہتا ہے۔	Urdu (Standard)	South Asia	SACOR_09
Farmers wake up early to tend to crops.	کسان فصلوں کی دیکھ بھال کے لیے جلدی اٹھتے ہیں۔	Urdu (Standard)	South Asia	SACOR_06
Respecting elders is an important value.	بزرگوں کا احترام ایک اہم قدر ہے۔	Urdu (Standard)	South Asia	SACOR_06
Handicrafts showcase artistic traditions.	دستی کاریاں فنکارانہ روایات دکھاتی ہیں۔	Urdu (Standard)	South Asia	SACOR_09
Reading books improves vocabulary.	کتابیں پڑھنا ذخیرہ الفاظ بہتر بناتا ہے۔	Urdu (Standard)	South Asia	SACOR_07
Pollution in cities has become a serious problem.	شہروں میں آلودگی ایک سنجیدہ مسئلہ بن گئی ہے۔	Urdu (Standard)	South Asia	SACOR_08
Learning a new language requires practice.	نئی زبان سیکھنے کے لیے مشق کی ضرورت ہے۔	Urdu (Standard)	South Asia	SACOR_10
The river flows peacefully through the valley.	دریا وادی میں پرامن طریقے سے بہتا ہے۔	Urdu (Standard)	South Asia	SACOR_04
The forest is home to many wild animals.	جنگل بہت سے جنگلی جانوروں کا گھر ہے۔	Urdu (Standard)	South Asia	SACOR_02
Online shopping has become popular.	آن لائن خریداری مقبول ہو گئی ہے۔	Urdu (Standard)	South Asia	SACOR_07
Elderly people share wisdom and stories.	بزرگ لوگ حکمت اور کہانیاں بانٹتے ہیں۔	Urdu (Standard)	South Asia	SACOR_01
I woke up early this morning.	میں آج صبح جلدی اٹھا۔	Urdu (Standard)	South Asia	SACOR_03
Education opens doors to opportunities.	تعلیم مواقع کے دروازے کھولتی ہے۔	Urdu (Standard)	South Asia	SACOR_08
Agriculture remains the primary source of income.	زراعت آمدنی کا بنیادی ذریعہ رہتی ہے۔	Urdu (Standard)	South Asia	SACOR_09
Parents sacrifice their own needs for children.	والدین بچوں کے لیے اپنی ضرورتیں قربان کرتے ہیں۔	Urdu (Standard)	South Asia	SACOR_07
Children were playing cricket in the street.	بچے سڑک پر کرکٹ کھیل رہے تھے۔	Urdu (Standard)	South Asia	SACOR_04
Farmers planted rice in the flooded fields.	کسانوں نے پانی والے کھیتوں میں چاول بوئے۔	Urdu (Standard)	South Asia	SACOR_05
The school organized a science fair.	اسکول نے سائنس میلہ منظم کیا۔	Urdu (Standard)	South Asia	SACOR_09
After finishing his work, he sat down.	اپنا کام مکمل کرنے کے بعد، وہ بیٹھ گیا۔	Urdu (Standard)	South Asia	SACOR_08
She walked slowly through the garden.	وہ باغ میں آہستہ آہستہ چلی۔	Urdu (Standard)	South Asia	SACOR_07
We decided to visit the old temple.	ہم نے پرانے مندر کا دورہ کرنے کا فیصلہ کیا۔	Urdu (Standard)	South Asia	SACOR_06
Traditional music is important for our heritage.	روایتی موسیقی ہماری وراثت کے لیے اہم ہے۔	Urdu (Standard)	South Asia	SACOR_07
Children learn best when they are interested.	بچے بہترین سیکھتے ہیں جب وہ دلچسپی رکھتے ہیں۔	Urdu (Standard)	South Asia	SACOR_02
She cooked delicious biryani for the family.	اس نے خاندان کے لیے مزیدار بریانی پکائی۔	Urdu (Standard)	South Asia	SACOR_03
Train journeys offer scenic views.	ریل کے سفر مناظر کے نظارے پیش کرتے ہیں۔	Urdu (Standard)	South Asia	SACOR_09
Cricket is a popular sport.	کرکٹ ایک مقبول کھیل ہے۔	Urdu (Standard)	South Asia	SACOR_01
The professor wrote equations on the blackboard.	پروفیسر نے تختے پر مساوات لکھیں۔	Urdu (Standard)	South Asia	SACOR_07
Students gathered in the library.	طلباء لائبریری میں جمع ہوئے۔	Urdu (Standard)	South Asia	SACOR_10
Doctors work long hours to treat patients.	ڈاکٹر مریضوں کا علاج کرنے کے لیے لمبے گھنٹے کام کرتے ہیں۔	Urdu (Standard)	South Asia	SACOR_06
Smartphones have changed how people communicate.	اسمارٹ فونوں نے لوگوں کے رابطے کے طریقے کو تبدیل کر دیا ہے۔	Urdu (Standard)	South Asia	SACOR_06
The internet connects people across continents.	انٹرنیٹ براعظموں میں لوگوں کو جوڑتا ہے۔	Urdu (Standard)	South Asia	SACOR_03
Tourism brings revenue to regions with historical sites.	سیاحت تاریخی مقامات والے علاقوں میں آمدنی لاتی ہے۔	Urdu (Standard)	South Asia	SACOR_02
Small businesses create employment opportunities.	چھوٹے کاروبار روزگار کے مواقع پیدا کرتے ہیں۔	Urdu (Standard)	South Asia	SACOR_02
She received a scholarship to study medicine.	اسے طب کی تعلیم کے لیے اسکالرشپ ملی۔	Urdu (Standard)	South Asia	SACOR_01
Cooking together brings family members closer.	مل کر کھانا پکانا خاندان کے ممبروں کو قریب لاتا ہے۔	Urdu (Standard)	South Asia	SACOR_10
The wedding ceremony lasted three days.	شادی کی تقریب تین دن تک چلی۔	Urdu (Standard)	South Asia	SACOR_06
People celebrate festivals with great joy.	لوگ بہت خوشی سے تہوار مناتے ہیں۔	Urdu (Standard)	South Asia	SACOR_04
Storytelling preserves culture and knowledge.	کہانی سنانا ثقافت اور علم کو محفوظ رکھتا ہے۔	Urdu (Standard)	South Asia	SACOR_02
The teacher explained the lesson patiently.	استاد نے صبر سے سبق سمجھایا۔	Urdu (Standard)	South Asia	SACOR_07
Regular exercise helps maintain good health.	منظم ورزش اچھی صحت برقرار رکھنے میں مدد کرتی ہے۔	Urdu (Standard)	South Asia	SACOR_02
My grandmother told me stories.	میری دادی نے مجھے کہانیاں سنائیں۔	Urdu (Standard)	South Asia	SACOR_06
Teachers shape young minds.	استاد نوجوان ذہنوں کو شکل دیتے ہیں۔	Urdu (Standard)	South Asia	SACOR_07
Birds were chirping in the trees.	پرندے درختوں میں چہچہا رہے تھے۔	Urdu (Standard)	South Asia	SACOR_07
Clear communication prevents misunderstandings.	صاف رابطہ غلط فہمیوں کو روکتا ہے۔	Urdu (Standard)	South Asia	SACOR_08
Farmers wake up early to tend to crops.	کسان فصلوں کی دیکھ بھال کے لیے جلدی اٹھتے ہیں۔	Urdu (Standard)	South Asia	SACOR_09
Digital payments have made transactions faster.	ڈیجیٹل ادائیگیوں نے معاملات تیز کر دیے ہیں۔	Urdu (Standard)	South Asia	SACOR_06
Eating fresh fruits provides essential vitamins.	تازہ پھل کھانا ضروری وٹامن فراہم کرتا ہے۔	Urdu (Standard)	South Asia	SACOR_10
Family members support each other during difficult times.	خاندان کے ممبر مشکل وقتوں میں ایک دوسرے کی مدد کرتے ہیں۔	Urdu (Standard)	South Asia	SACOR_08
The market was crowded with people.	بازار لوگوں سے بھرا ہوا تھا۔	Urdu (Standard)	South Asia	SACOR_02
Spices add flavor to traditional dishes.	مصالحے روایتی کھانوں میں ذائقہ بڑھاتے ہیں۔	Urdu (Standard)	South Asia	SACOR_04
The bus arrived late.	بس دیر سے پہنچی۔	Urdu (Standard)	South Asia	SACOR_05
Tea is served to guests as a gesture of hospitality.	مہمانوں کو مہمان نوازی کی نشانی کے طور پر چائے پیش کی جاتی ہے۔	Urdu (Standard)	South Asia	SACOR_02
Doctors recommend drinking plenty of water.	ڈاکٹر زیادہ پانی پینے کی صلاح دیتے ہیں۔	Urdu (Standard)	South Asia	SACOR_02
People travel long distances to visit religious sites.	لوگ مذہبی مقامات دیکھنے کے لیے لمبی دوریاں طے کرتے ہیں۔	Urdu (Standard)	South Asia	SACOR_03
Sports teach teamwork and discipline.	کھیل ٹیم ورک اور نظم و ضبط سکھاتے ہیں۔	Urdu (Standard)	South Asia	SACOR_10
The river flows peacefully through the valley.	دریا وادی میں پرامن طریقے سے بہتا ہے۔	Urdu (Standard)	South Asia	SACOR_03
Spices add flavor to traditional dishes.	مصالحے روایتی کھانوں میں ذائقہ بڑھاتے ہیں۔	Urdu (Standard)	South Asia	SACOR_09
I woke up early this morning.	میں آج صبح جلدی اٹھا۔	Urdu (Standard)	South Asia	SACOR_09
Digital payments have made transactions faster.	ڈیجیٹل ادائیگیوں نے معاملات تیز کر دیے ہیں۔	Urdu (Standard)	South Asia	SACOR_02
After finishing his work, he sat down.	اپنا کام مکمل کرنے کے بعد، وہ بیٹھ گیا۔	Urdu (Standard)	South Asia	SACOR_01
The internet connects people across continents.	انٹرنیٹ براعظموں میں لوگوں کو جوڑتا ہے۔	Urdu (Standard)	South Asia	SACOR_05
Tea is served to guests as a gesture of hospitality.	مہمانوں کو مہمان نوازی کی نشانی کے طور پر چائے پیش کی جاتی ہے۔	Urdu (Standard)	South Asia	SACOR_03
Online shopping has become popular.	آن لائن خریداری مقبول ہو گئی ہے۔	Urdu (Standard)	South Asia	SACOR_04
Cricket is a popular sport.	کرکٹ ایک مقبول کھیل ہے۔	Urdu (Standard)	South Asia	SACOR_09
The forest is home to many wild animals.	جنگل بہت سے جنگلی جانوروں کا گھر ہے۔	Urdu (Standard)	South Asia	SACOR_06
Train journeys offer scenic views.	ریل کے سفر مناظر کے نظارے پیش کرتے ہیں۔	Urdu (Standard)	South Asia	SACOR_03
The wedding ceremony lasted three days.	شادی کی تقریب تین دن تک چلی۔	Urdu (Standard)	South Asia	SACOR_05
Birds were chirping in the trees.	پرندے درختوں میں چہچہا رہے تھے۔	Urdu (Standard)	South Asia	SACOR_08
Education opens doors to opportunities.	تعلیم مواقع کے دروازے کھولتی ہے۔	Urdu (Standard)	South Asia	SACOR_10
Small businesses create employment opportunities.	چھوٹے کاروبار روزگار کے مواقع پیدا کرتے ہیں۔	Urdu (Standard)	South Asia	SACOR_07
Sports teach teamwork and discipline.	کھیل ٹیم ورک اور نظم و ضبط سکھاتے ہیں۔	Urdu (Standard)	South Asia	SACOR_06
Regular exercise helps maintain good health.	منظم ورزش اچھی صحت برقرار رکھنے میں مدد کرتی ہے۔	Urdu (Standard)	South Asia	SACOR_06
We decided to visit the old temple.	ہم نے پرانے مندر کا دورہ کرنے کا فیصلہ کیا۔	Urdu (Standard)	South Asia	SACOR_05
She walked slowly through the garden.	وہ باغ میں آہستہ آہستہ چلی۔	Urdu (Standard)	South Asia	SACOR_06
She received a scholarship to study medicine.	اسے طب کی تعلیم کے لیے اسکالرشپ ملی۔	Urdu (Standard)	South Asia	SACOR_01
The professor wrote equations on the blackboard.	پروفیسر نے تختے پر مساوات لکھیں۔	Urdu (Standard)	South Asia	SACOR_09
Elderly people share wisdom and stories.	بزرگ لوگ حکمت اور کہانیاں بانٹتے ہیں۔	Urdu (Standard)	South Asia	SACOR_06
Family members support each other during difficult times.	خاندان کے ممبر مشکل وقتوں میں ایک دوسرے کی مدد کرتے ہیں۔	Urdu (Standard)	South Asia	SACOR_06
She cooked delicious biryani for the family.	اس نے خاندان کے لیے مزیدار بریانی پکائی۔	Urdu (Standard)	South Asia	SACOR_05
Doctors work long hours to treat patients.	ڈاکٹر مریضوں کا علاج کرنے کے لیے لمبے گھنٹے کام کرتے ہیں۔	Urdu (Standard)	South Asia	SACOR_09
Farmers planted rice in the flooded fields.	کسانوں نے پانی والے کھیتوں میں چاول بوئے۔	Urdu (Standard)	South Asia	SACOR_09
Storytelling preserves culture and knowledge.	کہانی سنانا ثقافت اور علم کو محفوظ رکھتا ہے۔	Urdu (Standard)	South Asia	SACOR_06
Tourism brings revenue to regions with historical sites.	سیاحت تاریخی مقامات والے علاقوں میں آمدنی لاتی ہے۔	Urdu (Standard)	South Asia	SACOR_10
Respecting elders is an important value.	بزرگوں کا احترام ایک اہم قدر ہے۔	Urdu (Standard)	South Asia	SACOR_09
Agriculture remains the primary source of income.	زراعت آمدنی کا بنیادی ذریعہ رہتی ہے۔	Urdu (Standard)	South Asia	SACOR_01
Reading books improves vocabulary.	کتابیں پڑھنا ذخیرہ الفاظ بہتر بناتا ہے۔	Urdu (Standard)	South Asia	SACOR_07
Pollution in cities has become a serious problem.	شہروں میں آلودگی ایک سنجیدہ مسئلہ بن گئی ہے۔	Urdu (Standard)	South Asia	SACOR_10
The school organized a science fair.	اسکول نے سائنس میلہ منظم کیا۔	Urdu (Standard)	South Asia	SACOR_01
Traditional music is important for our heritage.	روایتی موسیقی ہماری وراثت کے لیے اہم ہے۔	Urdu (Standard)	South Asia	SACOR_05
Doctors recommend drinking plenty of water.	ڈاکٹر زیادہ پانی پینے کی صلاح دیتے ہیں۔	Urdu (Standard)	South Asia	SACOR_04
The teacher explained the lesson patiently.	استاد نے صبر سے سبق سمجھایا۔	Urdu (Standard)	South Asia	SACOR_10
The bus arrived late.	بس دیر سے پہنچی۔	Urdu (Standard)	South Asia	SACOR_09
Clear communication prevents misunderstandings.	صاف رابطہ غلط فہمیوں کو روکتا ہے۔	Urdu (Standard)	South Asia	SACOR_08
Children learn best when they are interested.	بچے بہترین سیکھتے ہیں جب وہ دلچسپی رکھتے ہیں۔	Urdu (Standard)	South Asia	SACOR_09
Cooking together brings family members closer.	مل کر کھانا پکانا خاندان کے ممبروں کو قریب لاتا ہے۔	Urdu (Standard)	South Asia	SACOR_09
Eating fresh fruits provides essential vitamins.	تازہ پھل کھانا ضروری وٹامن فراہم کرتا ہے۔	Urdu (Standard)	South Asia	SACOR_09
Handicrafts showcase artistic traditions.	دستی کاریاں فنکارانہ روایات دکھاتی ہیں۔	Urdu (Standard)	South Asia	SACOR_10
People celebrate festivals with great joy.	لوگ بہت خوشی سے تہوار مناتے ہیں۔	Urdu (Standard)	South Asia	SACOR_10
Children were playing cricket in the street.	بچے سڑک پر کرکٹ کھیل رہے تھے۔	Urdu (Standard)	South Asia	SACOR_10
Smartphones have changed how people communicate.	اسمارٹ فونوں نے لوگوں کے رابطے کے طریقے کو تبدیل کر دیا ہے۔	Urdu (Standard)	South Asia	SACOR_05
Farmers wake up early to tend to crops.	کسان فصلوں کی دیکھ بھال کے لیے جلدی اٹھتے ہیں۔	Urdu (Standard)	South Asia	SACOR_10
The market was crowded with people.	بازار لوگوں سے بھرا ہوا تھا۔	Urdu (Standard)	South Asia	SACOR_09
Parents sacrifice their own needs for children.	والدین بچوں کے لیے اپنی ضرورتیں قربان کرتے ہیں۔	Urdu (Standard)	South Asia	SACOR_05
My grandmother told me stories.	میری دادی نے مجھے کہانیاں سنائیں۔	Urdu (Standard)	South Asia	SACOR_05
Learning a new language requires practice.	نئی زبان سیکھنے کے لیے مشق کی ضرورت ہے۔	Urdu (Standard)	South Asia	SACOR_01
Students gathered in the library.	طلباء لائبریری میں جمع ہوئے۔	Urdu (Standard)	South Asia	SACOR_07
People travel long distances to visit religious sites.	لوگ مذہبی مقامات دیکھنے کے لیے لمبی دوریاں طے کرتے ہیں۔	Urdu (Standard)	South Asia	SACOR_01
Teachers shape young minds.	استاد نوجوان ذہنوں کو شکل دیتے ہیں۔	Urdu (Standard)	South Asia	SACOR_03
The wedding ceremony lasted three days.	شادی کی تقریب تین دن تک چلی۔	Urdu (Standard)	South Asia	SACOR_07
Online shopping has become popular.	آن لائن خریداری مقبول ہو گئی ہے۔	Urdu (Standard)	South Asia	SACOR_10
The river flows peacefully through the valley.	دریا وادی میں پرامن طریقے سے بہتا ہے۔	Urdu (Standard)	South Asia	SACOR_01
Family members support each other during difficult times.	خاندان کے ممبر مشکل وقتوں میں ایک دوسرے کی مدد کرتے ہیں۔	Urdu (Standard)	South Asia	SACOR_10
Parents sacrifice their own needs for children.	والدین بچوں کے لیے اپنی ضرورتیں قربان کرتے ہیں۔	Urdu (Standard)	South Asia	SACOR_06
Pollution in cities has become a serious problem.	شہروں میں آلودگی ایک سنجیدہ مسئلہ بن گئی ہے۔	Urdu (Standard)	South Asia	SACOR_10
She cooked delicious biryani for the family.	اس نے خاندان کے لیے مزیدار بریانی پکائی۔	Urdu (Standard)	South Asia	SACOR_05
Children were playing cricket in the street.	بچے سڑک پر کرکٹ کھیل رہے تھے۔	Urdu (Standard)	South Asia	SACOR_01
Reading books improves vocabulary.	کتابیں پڑھنا ذخیرہ الفاظ بہتر بناتا ہے۔	Urdu (Standard)	South Asia	SACOR_06
Tourism brings revenue to regions with historical sites.	سیاحت تاریخی مقامات والے علاقوں میں آمدنی لاتی ہے۔	Urdu (Standard)	South Asia	SACOR_03
Respecting elders is an important value.	بزرگوں کا احترام ایک اہم قدر ہے۔	Urdu (Standard)	South Asia	SACOR_02
Education opens doors to opportunities.	تعلیم مواقع کے دروازے کھولتی ہے۔	Urdu (Standard)	South Asia	SACOR_10
Smartphones have changed how people communicate.	اسمارٹ فونوں نے لوگوں کے رابطے کے طریقے کو تبدیل کر دیا ہے۔	Urdu (Standard)	South Asia	SACOR_09
Birds were chirping in the trees.	پرندے درختوں میں چہچہا رہے تھے۔	Urdu (Standard)	South Asia	SACOR_10
Children learn best when they are interested.	بچے بہترین سیکھتے ہیں جب وہ دلچسپی رکھتے ہیں۔	Urdu (Standard)	South Asia	SACOR_10
Doctors work long hours to treat patients.	ڈاکٹر مریضوں کا علاج کرنے کے لیے لمبے گھنٹے کام کرتے ہیں۔	Urdu (Standard)	South Asia	SACOR_01
Farmers planted rice in the flooded fields.	کسانوں نے پانی والے کھیتوں میں چاول بوئے۔	Urdu (Standard)	South Asia	SACOR_03
Cooking together brings family members closer.	مل کر کھانا پکانا خاندان کے ممبروں کو قریب لاتا ہے۔	Urdu (Standard)	South Asia	SACOR_01
Teachers shape young minds.	استاد نوجوان ذہنوں کو شکل دیتے ہیں۔	Urdu (Standard)	South Asia	SACOR_08
I woke up early this morning.	میں آج صبح جلدی اٹھا۔	Urdu (Standard)	South Asia	SACOR_08
People celebrate festivals with great joy.	لوگ بہت خوشی سے تہوار مناتے ہیں۔	Urdu (Standard)	South Asia	SACOR_08
Train journeys offer scenic views.	ریل کے سفر مناظر کے نظارے پیش کرتے ہیں۔	Urdu (Standard)	South Asia	SACOR_04
The school organized a science fair.	اسکول نے سائنس میلہ منظم کیا۔	Urdu (Standard)	South Asia	SACOR_01
She received a scholarship to study medicine.	اسے طب کی تعلیم کے لیے اسکالرشپ ملی۔	Urdu (Standard)	South Asia	SACOR_09
Storytelling preserves culture and knowledge.	کہانی سنانا ثقافت اور علم کو محفوظ رکھتا ہے۔	Urdu (Standard)	South Asia	SACOR_09
My grandmother told me stories.	میری دادی نے مجھے کہانیاں سنائیں۔	Urdu (Standard)	South Asia	SACOR_02
Students gathered in the library.	طلباء لائبریری میں جمع ہوئے۔	Urdu (Standard)	South Asia	SACOR_06
Doctors recommend drinking plenty of water.	ڈاکٹر زیادہ پانی پینے کی صلاح دیتے ہیں۔	Urdu (Standard)	South Asia	SACOR_04
Small businesses create employment opportunities.	چھوٹے کاروبار روزگار کے مواقع پیدا کرتے ہیں۔	Urdu (Standard)	South Asia	SACOR_01
Regular exercise helps maintain good health.	منظم ورزش اچھی صحت برقرار رکھنے میں مدد کرتی ہے۔	Urdu (Standard)	South Asia	SACOR_03
Farmers wake up early to tend to crops.	کسان فصلوں کی دیکھ بھال کے لیے جلدی اٹھتے ہیں۔	Urdu (Standard)	South Asia	SACOR_10
Elderly people share wisdom and stories.	بزرگ لوگ حکمت اور کہانیاں بانٹتے ہیں۔	Urdu (Standard)	South Asia	SACOR_04
The professor wrote equations on the blackboard.	پروفیسر نے تختے پر مساوات لکھیں۔	Urdu (Standard)	South Asia	SACOR_04
People travel long distances to visit religious sites.	لوگ مذہبی مقامات دیکھنے کے لیے لمبی دوریاں طے کرتے ہیں۔	Urdu (Standard)	South Asia	SACOR_04
Handicrafts showcase artistic traditions.	دستی کاریاں فنکارانہ روایات دکھاتی ہیں۔	Urdu (Standard)	South Asia	SACOR_07
Traditional music is important for our heritage.	روایتی موسیقی ہماری وراثت کے لیے اہم ہے۔	Urdu (Standard)	South Asia	SACOR_08
Learning a new language requires practice.	نئی زبان سیکھنے کے لیے مشق کی ضرورت ہے۔	Urdu (Standard)	South Asia	SACOR_08
Agriculture remains the primary source of income.	زراعت آمدنی کا بنیادی ذریعہ رہتی ہے۔	Urdu (Standard)	South Asia	SACOR_01
Spices add flavor to traditional dishes.	مصالحے روایتی کھانوں میں ذائقہ بڑھاتے ہیں۔	Urdu (Standard)	South Asia	SACOR_06
The forest is home to many wild animals.	جنگل بہت سے جنگلی جانوروں کا گھر ہے۔	Urdu (Standard)	South Asia	SACOR_03
Tea is served to guests as a gesture of hospitality.	مہمانوں کو مہمان نوازی کی نشانی کے طور پر چائے پیش کی جاتی ہے۔	Urdu (Standard)	South Asia	SACOR_10
Eating fresh fruits provides essential vitamins.	تازہ پھل کھانا ضروری وٹامن فراہم کرتا ہے۔	Urdu (Standard)	South Asia	SACOR_08
The teacher explained the lesson patiently.	استاد نے صبر سے سبق سمجھایا۔	Urdu (Standard)	South Asia	SACOR_10
The market was crowded with people.	بازار لوگوں سے بھرا ہوا تھا۔	Urdu (Standard)	South Asia	SACOR_03
Digital payments have made transactions faster.	ڈیجیٹل ادائیگیوں نے معاملات تیز کر دیے ہیں۔	Urdu (Standard)	South Asia	SACOR_06
She walked slowly through the garden.	وہ باغ میں آہستہ آہستہ چلی۔	Urdu (Standard)	South Asia	SACOR_04
The bus arrived late.	بس دیر سے پہنچی۔	Urdu (Standard)	South Asia	SACOR_09
Clear communication prevents misunderstandings.	صاف رابطہ غلط فہمیوں کو روکتا ہے۔	Urdu (Standard)	South Asia	SACOR_05
We decided to visit the old temple.	ہم نے پرانے مندر کا دورہ کرنے کا فیصلہ کیا۔	Urdu (Standard)	South Asia	SACOR_02
After finishing his work, he sat down.	اپنا کام مکمل کرنے کے بعد، وہ بیٹھ گیا۔	Urdu (Standard)	South Asia	SACOR_03
Sports teach teamwork and discipline.	کھیل ٹیم ورک اور نظم و ضبط سکھاتے ہیں۔	Urdu (Standard)	South Asia	SACOR_08
Cricket is a popular sport.	کرکٹ ایک مقبول کھیل ہے۔	Urdu (Standard)	South Asia	SACOR_10
The internet connects people across continents.	انٹرنیٹ براعظموں میں لوگوں کو جوڑتا ہے۔	Urdu (Standard)	South Asia	SACOR_02
Birds were chirping in the trees.	پرندے درختوں میں چہچہا رہے تھے۔	Urdu (Standard)	South Asia	SACOR_04
People celebrate festivals with great joy.	لوگ بہت خوشی سے تہوار مناتے ہیں۔	Urdu (Standard)	South Asia	SACOR_03
Smartphones have changed how people communicate.	اسمارٹ فونوں نے لوگوں کے رابطے کے طریقے کو تبدیل کر دیا ہے۔	Urdu (Standard)	South Asia	SACOR_06
The teacher explained the lesson patiently.	استاد نے صبر سے سبق سمجھایا۔	Urdu (Standard)	South Asia	SACOR_04
Spices add flavor to traditional dishes.	مصالحے روایتی کھانوں میں ذائقہ بڑھاتے ہیں۔	Urdu (Standard)	South Asia	SACOR_04
Reading books improves vocabulary.	کتابیں پڑھنا ذخیرہ الفاظ بہتر بناتا ہے۔	Urdu (Standard)	South Asia	SACOR_03
Learning a new language requires practice.	نئی زبان سیکھنے کے لیے مشق کی ضرورت ہے۔	Urdu (Standard)	South Asia	SACOR_06
Pollution in cities has become a serious problem.	شہروں میں آلودگی ایک سنجیدہ مسئلہ بن گئی ہے۔	Urdu (Standard)	South Asia	SACOR_09
People travel long distances to visit religious sites.	لوگ مذہبی مقامات دیکھنے کے لیے لمبی دوریاں طے کرتے ہیں۔	Urdu (Standard)	South Asia	SACOR_09
The internet connects people across continents.	انٹرنیٹ براعظموں میں لوگوں کو جوڑتا ہے۔	Urdu (Standard)	South Asia	SACOR_09
Parents sacrifice their own needs for children.	والدین بچوں کے لیے اپنی ضرورتیں قربان کرتے ہیں۔	Urdu (Standard)	South Asia	SACOR_05
She walked slowly through the garden.	وہ باغ میں آہستہ آہستہ چلی۔	Urdu (Standard)	South Asia	SACOR_01
Farmers planted rice in the flooded fields.	کسانوں نے پانی والے کھیتوں میں چاول بوئے۔	Urdu (Standard)	South Asia	SACOR_05
The wedding ceremony lasted three days.	شادی کی تقریب تین دن تک چلی۔	Urdu (Standard)	South Asia	SACOR_02
We decided to visit the old temple.	ہم نے پرانے مندر کا دورہ کرنے کا فیصلہ کیا۔	Urdu (Standard)	South Asia	SACOR_07
Handicrafts showcase artistic traditions.	دستی کاریاں فنکارانہ روایات دکھاتی ہیں۔	Urdu (Standard)	South Asia	SACOR_03
Storytelling preserves culture and knowledge.	کہانی سنانا ثقافت اور علم کو محفوظ رکھتا ہے۔	Urdu (Standard)	South Asia	SACOR_08
Online shopping has become popular.	آن لائن خریداری مقبول ہو گئی ہے۔	Urdu (Standard)	South Asia	SACOR_05
Doctors work long hours to treat patients.	ڈاکٹر مریضوں کا علاج کرنے کے لیے لمبے گھنٹے کام کرتے ہیں۔	Urdu (Standard)	South Asia	SACOR_03
Children were playing cricket in the street.	بچے سڑک پر کرکٹ کھیل رہے تھے۔	Urdu (Standard)	South Asia	SACOR_03
Farmers wake up early to tend to crops.	کسان فصلوں کی دیکھ بھال کے لیے جلدی اٹھتے ہیں۔	Urdu (Standard)	South Asia	SACOR_02
The river flows peacefully through the valley.	دریا وادی میں پرامن طریقے سے بہتا ہے۔	Urdu (Standard)	South Asia	SACOR_03
The forest is home to many wild animals.	جنگل بہت سے جنگلی جانوروں کا گھر ہے۔	Urdu (Standard)	South Asia	SACOR_02
She cooked delicious biryani for the family.	اس نے خاندان کے لیے مزیدار بریانی پکائی۔	Urdu (Standard)	South Asia	SACOR_02
Regular exercise helps maintain good health.	منظم ورزش اچھی صحت برقرار رکھنے میں مدد کرتی ہے۔	Urdu (Standard)	South Asia	SACOR_06
The professor wrote equations on the blackboard.	پروفیسر نے تختے پر مساوات لکھیں۔	Urdu (Standard)	South Asia	SACOR_05
Small businesses create employment opportunities.	چھوٹے کاروبار روزگار کے مواقع پیدا کرتے ہیں۔	Urdu (Standard)	South Asia	SACOR_05
Elderly people share wisdom and stories.	بزرگ لوگ حکمت اور کہانیاں بانٹتے ہیں۔	Urdu (Standard)	South Asia	SACOR_05
Respecting elders is an important value.	بزرگوں کا احترام ایک اہم قدر ہے۔	Urdu (Standard)	South Asia	SACOR_09
Tea is served to guests as a gesture of hospitality.	مہمانوں کو مہمان نوازی کی نشانی کے طور پر چائے پیش کی جاتی ہے۔	Urdu (Standard)	South Asia	SACOR_06
The market was crowded with people.	بازار لوگوں سے بھرا ہوا تھا۔	Urdu (Standard)	South Asia	SACOR_01
Eating fresh fruits provides essential vitamins.	تازہ پھل کھانا ضروری وٹامن فراہم کرتا ہے۔	Urdu (Standard)	South Asia	SACOR_03
Education opens doors to opportunities.	تعلیم مواقع کے دروازے کھولتی ہے۔	Urdu (Standard)	South Asia	SACOR_05
Sports teach teamwork and discipline.	کھیل ٹیم ورک اور نظم و ضبط سکھاتے ہیں۔	Urdu (Standard)	South Asia	SACOR_07
Cricket is a popular sport.	کرکٹ ایک مقبول کھیل ہے۔	Urdu (Standard)	South Asia	SACOR_02
Train journeys offer scenic views.	ریل کے سفر مناظر کے نظارے پیش کرتے ہیں۔	Urdu (Standard)	South Asia	SACOR_01
Agriculture remains the primary source of income.	زراعت آمدنی کا بنیادی ذریعہ رہتی ہے۔	Urdu (Standard)	South Asia	SACOR_02
Teachers shape young minds.	استاد نوجوان ذہنوں کو شکل دیتے ہیں۔	Urdu (Standard)	South Asia	SACOR_07
Clear communication prevents misunderstandings.	صاف رابطہ غلط فہمیوں کو روکتا ہے۔	Urdu (Standard)	South Asia	SACOR_09
She received a scholarship to study medicine.	اسے طب کی تعلیم کے لیے اسکالرشپ ملی۔	Urdu (Standard)	South Asia	SACOR_02
Children learn best when they are interested.	بچے بہترین سیکھتے ہیں جب وہ دلچسپی رکھتے ہیں۔	Urdu (Standard)	South Asia	SACOR_01
My grandmother told me stories.	میری دادی نے مجھے کہانیاں سنائیں۔	Urdu (Standard)	South Asia	SACOR_08
I woke up early this morning.	میں آج صبح جلدی اٹھا۔	Urdu (Standard)	South Asia	SACOR_02
After finishing his work, he sat down.	اپنا کام مکمل کرنے کے بعد، وہ بیٹھ گیا۔	Urdu (Standard)	South Asia	SACOR_04
The bus arrived late.	بس دیر سے پہنچی۔	Urdu (Standard)	South Asia	SACOR_08
The school organized a science fair.	اسکول نے سائنس میلہ منظم کیا۔	Urdu (Standard)	South Asia	SACOR_08
Traditional music is important for our heritage.	روایتی موسیقی ہماری وراثت کے لیے اہم ہے۔	Urdu (Standard)	South Asia	SACOR_10
Doctors recommend drinking plenty of water.	ڈاکٹر زیادہ پانی پینے کی صلاح دیتے ہیں۔	Urdu (Standard)	South Asia	SACOR_08
Digital payments have made transactions faster.	ڈیجیٹل ادائیگیوں نے معاملات تیز کر دیے ہیں۔	Urdu (Standard)	South Asia	SACOR_04
Cooking together brings family members closer.	مل کر کھانا پکانا خاندان کے ممبروں کو قریب لاتا ہے۔	Urdu (Standard)	South Asia	SACOR_01
Family members support each other during difficult times.	خاندان کے ممبر مشکل وقتوں میں ایک دوسرے کی مدد کرتے ہیں۔	Urdu (Standard)	South Asia	SACOR_10
Tourism brings revenue to regions with historical sites.	سیاحت تاریخی مقامات والے علاقوں میں آمدنی لاتی ہے۔	Urdu (Standard)	South Asia	SACOR_06
Students gathered in the library.	طلباء لائبریری میں جمع ہوئے۔	Urdu (Standard)	South Asia	SACOR_02
Traditional music is important for our heritage.	روایتی موسیقی ہماری وراثت کے لیے اہم ہے۔	Urdu (Standard)	South Asia	SACOR_05
Students gathered in the library.	طلباء لائبریری میں جمع ہوئے۔	Urdu (Standard)	South Asia	SACOR_07
The bus arrived late.	بس دیر سے پہنچی۔	Urdu (Standard)	South Asia	SACOR_01
People travel long distances to visit religious sites.	لوگ مذہبی مقامات دیکھنے کے لیے لمبی دوریاں طے کرتے ہیں۔	Urdu (Standard)	South Asia	SACOR_08
Clear communication prevents misunderstandings.	صاف رابطہ غلط فہمیوں کو روکتا ہے۔	Urdu (Standard)	South Asia	SACOR_04
The market was crowded with people.	بازار لوگوں سے بھرا ہوا تھا۔	Urdu (Standard)	South Asia	SACOR_08
Farmers planted rice in the flooded fields.	کسانوں نے پانی والے کھیتوں میں چاول بوئے۔	Urdu (Standard)	South Asia	SACOR_03
Respecting elders is an important value.	بزرگوں کا احترام ایک اہم قدر ہے۔	Urdu (Standard)	South Asia	SACOR_01
Birds were chirping in the trees.	پرندے درختوں میں چہچہا رہے تھے۔	Urdu (Standard)	South Asia	SACOR_05
Sports teach teamwork and discipline.	کھیل ٹیم ورک اور نظم و ضبط سکھاتے ہیں۔	Urdu (Standard)	South Asia	SACOR_01
Online shopping has become popular.	آن لائن خریداری مقبول ہو گئی ہے۔	Urdu (Standard)	South Asia	SACOR_04
We decided to visit the old temple.	ہم نے پرانے مندر کا دورہ کرنے کا فیصلہ کیا۔	Urdu (Standard)	South Asia	SACOR_03
Smartphones have changed how people communicate.	اسمارٹ فونوں نے لوگوں کے رابطے کے طریقے کو تبدیل کر دیا ہے۔	Urdu (Standard)	South Asia	SACOR_05
The professor wrote equations on the blackboard.	پروفیسر نے تختے پر مساوات لکھیں۔	Urdu (Standard)	South Asia	SACOR_01
Tourism brings revenue to regions with historical sites.	سیاحت تاریخی مقامات والے علاقوں میں آمدنی لاتی ہے۔	Urdu (Standard)	South Asia	SACOR_05
The forest is home to many wild animals.	جنگل بہت سے جنگلی جانوروں کا گھر ہے۔	Urdu (Standard)	South Asia	SACOR_05
Children learn best when they are interested.	بچے بہترین سیکھتے ہیں جب وہ دلچسپی رکھتے ہیں۔	Urdu (Standard)	South Asia	SACOR_01
She received a scholarship to study medicine.	اسے طب کی تعلیم کے لیے اسکالرشپ ملی۔	Urdu (Standard)	South Asia	SACOR_02
Regular exercise helps maintain good health.	منظم ورزش اچھی صحت برقرار رکھنے میں مدد کرتی ہے۔	Urdu (Standard)	South Asia	SACOR_03
Handicrafts showcase artistic traditions.	دستی کاریاں فنکارانہ روایات دکھاتی ہیں۔	Urdu (Standard)	South Asia	SACOR_02
Pollution in cities has become a serious problem.	شہروں میں آلودگی ایک سنجیدہ مسئلہ بن گئی ہے۔	Urdu (Standard)	South Asia	SACOR_08
She walked slowly through the garden.	وہ باغ میں آہستہ آہستہ چلی۔	Urdu (Standard)	South Asia	SACOR_09
Farmers wake up early to tend to crops.	کسان فصلوں کی دیکھ بھال کے لیے جلدی اٹھتے ہیں۔	Urdu (Standard)	South Asia	SACOR_06
The river flows peacefully through the valley.	دریا وادی میں پرامن طریقے سے بہتا ہے۔	Urdu (Standard)	South Asia	SACOR_07
The school organized a science fair.	اسکول نے سائنس میلہ منظم کیا۔	Urdu (Standard)	South Asia	SACOR_04
Storytelling preserves culture and knowledge.	کہانی سنانا ثقافت اور علم کو محفوظ رکھتا ہے۔	Urdu (Standard)	South Asia	SACOR_05
Doctors recommend drinking plenty of water.	ڈاکٹر زیادہ پانی پینے کی صلاح دیتے ہیں۔	Urdu (Standard)	South Asia	SACOR_04
The teacher explained the lesson patiently.	استاد نے صبر سے سبق سمجھایا۔	Urdu (Standard)	South Asia	SACOR_07
Digital payments have made transactions faster.	ڈیجیٹل ادائیگیوں نے معاملات تیز کر دیے ہیں۔	Urdu (Standard)	South Asia	SACOR_02
People celebrate festivals with great joy.	لوگ بہت خوشی سے تہوار مناتے ہیں۔	Urdu (Standard)	South Asia	SACOR_05
Reading books improves vocabulary.	کتابیں پڑھنا ذخیرہ الفاظ بہتر بناتا ہے۔	Urdu (Standard)	South Asia	SACOR_06
Cricket is a popular sport.	کرکٹ ایک مقبول کھیل ہے۔	Urdu (Standard)	South Asia	SACOR_06
Elderly people share wisdom and stories.	بزرگ لوگ حکمت اور کہانیاں بانٹتے ہیں۔	Urdu (Standard)	South Asia	SACOR_01
Small businesses create employment opportunities.	چھوٹے کاروبار روزگار کے مواقع پیدا کرتے ہیں۔	Urdu (Standard)	South Asia	SACOR_02
Spices add flavor to traditional dishes.	مصالحے روایتی کھانوں میں ذائقہ بڑھاتے ہیں۔	Urdu (Standard)	South Asia	SACOR_03
Eating fresh fruits provides essential vitamins.	تازہ پھل کھانا ضروری وٹامن فراہم کرتا ہے۔	Urdu (Standard)	South Asia	SACOR_10
After finishing his work, he sat down.	اپنا کام مکمل کرنے کے بعد، وہ بیٹھ گیا۔	Urdu (Standard)	South Asia	SACOR_01
Train journeys offer scenic views.	ریل کے سفر مناظر کے نظارے پیش کرتے ہیں۔	Urdu (Standard)	South Asia	SACOR_05
My grandmother told me stories.	میری دادی نے مجھے کہانیاں سنائیں۔	Urdu (Standard)	South Asia	SACOR_04
Doctors work long hours to treat patients.	ڈاکٹر مریضوں کا علاج کرنے کے لیے لمبے گھنٹے کام کرتے ہیں۔	Urdu (Standard)	South Asia	SACOR_02
Cooking together brings family members closer.	مل کر کھانا پکانا خاندان کے ممبروں کو قریب لاتا ہے۔	Urdu (Standard)	South Asia	SACOR_03
Learning a new language requires practice.	نئی زبان سیکھنے کے لیے مشق کی ضرورت ہے۔	Urdu (Standard)	South Asia	SACOR_09
The wedding ceremony lasted three days.	شادی کی تقریب تین دن تک چلی۔	Urdu (Standard)	South Asia	SACOR_07
Education opens doors to opportunities.	تعلیم مواقع کے دروازے کھولتی ہے۔	Urdu (Standard)	South Asia	SACOR_09
I woke up early this morning.	میں آج صبح جلدی اٹھا۔	Urdu (Standard)	South Asia	SACOR_07
Agriculture remains the primary source of income.	زراعت آمدنی کا بنیادی ذریعہ رہتی ہے۔	Urdu (Standard)	South Asia	SACOR_07
Family members support each other during difficult times.	خاندان کے ممبر مشکل وقتوں میں ایک دوسرے کی مدد کرتے ہیں۔	Urdu (Standard)	South Asia	SACOR_08
Teachers shape young minds.	استاد نوجوان ذہنوں کو شکل دیتے ہیں۔	Urdu (Standard)	South Asia	SACOR_08
The internet connects people across continents.	انٹرنیٹ براعظموں میں لوگوں کو جوڑتا ہے۔	Urdu (Standard)	South Asia	SACOR_06
Tea is served to guests as a gesture of hospitality.	مہمانوں کو مہمان نوازی کی نشانی کے طور پر چائے پیش کی جاتی ہے۔	Urdu (Standard)	South Asia	SACOR_07
She cooked delicious biryani for the family.	اس نے خاندان کے لیے مزیدار بریانی پکائی۔	Urdu (Standard)	South Asia	SACOR_05
Children were playing cricket in the street.	بچے سڑک پر کرکٹ کھیل رہے تھے۔	Urdu (Standard)	South Asia	SACOR_07
Parents sacrifice their own needs for children.	والدین بچوں کے لیے اپنی ضرورتیں قربان کرتے ہیں۔	Urdu (Standard)	South Asia	SACOR_10
Family members support each other during difficult times.	خاندان کے ممبر مشکل وقتوں میں ایک دوسرے کی مدد کرتے ہیں۔	Urdu (Standard)	South Asia	SACOR_09
Cricket is a popular sport.	کرکٹ ایک مقبول کھیل ہے۔	Urdu (Standard)	South Asia	SACOR_04
Elderly people share wisdom and stories.	بزرگ لوگ حکمت اور کہانیاں بانٹتے ہیں۔	Urdu (Standard)	South Asia	SACOR_07
Children learn best when they are interested.	بچے بہترین سیکھتے ہیں جب وہ دلچسپی رکھتے ہیں۔	Urdu (Standard)	South Asia	SACOR_04
Spices add flavor to traditional dishes.	مصالحے روایتی کھانوں میں ذائقہ بڑھاتے ہیں۔	Urdu (Standard)	South Asia	SACOR_04
After finishing his work, he sat down.	اپنا کام مکمل کرنے کے بعد، وہ بیٹھ گیا۔	Urdu (Standard)	South Asia	SACOR_03
My grandmother told me stories.	میری دادی نے مجھے کہانیاں سنائیں۔	Urdu (Standard)	South Asia	SACOR_01
The wedding ceremony lasted three days.	شادی کی تقریب تین دن تک چلی۔	Urdu (Standard)	South Asia	SACOR_10
Children were playing cricket in the street.	بچے سڑک پر کرکٹ کھیل رہے تھے۔	Urdu (Standard)	South Asia	SACOR_05
Handicrafts showcase artistic traditions.	دستی کاریاں فنکارانہ روایات دکھاتی ہیں۔	Urdu (Standard)	South Asia	SACOR_09
I woke up early this morning.	میں آج صبح جلدی اٹھا۔	Urdu (Standard)	South Asia	SACOR_02
People celebrate festivals with great joy.	لوگ بہت خوشی سے تہوار مناتے ہیں۔	Urdu (Standard)	South Asia	SACOR_07
The professor wrote equations on the blackboard.	پروفیسر نے تختے پر مساوات لکھیں۔	Urdu (Standard)	South Asia	SACOR_09
Pollution in cities has become a serious problem.	شہروں میں آلودگی ایک سنجیدہ مسئلہ بن گئی ہے۔	Urdu (Standard)	South Asia	SACOR_06
Eating fresh fruits provides essential vitamins.	تازہ پھل کھانا ضروری وٹامن فراہم کرتا ہے۔	Urdu (Standard)	South Asia	SACOR_04
She received a scholarship to study medicine.	اسے طب کی تعلیم کے لیے اسکالرشپ ملی۔	Urdu (Standard)	South Asia	SACOR_02
Learning a new language requires practice.	نئی زبان سیکھنے کے لیے مشق کی ضرورت ہے۔	Urdu (Standard)	South Asia	SACOR_10
The river flows peacefully through the valley.	دریا وادی میں پرامن طریقے سے بہتا ہے۔	Urdu (Standard)	South Asia	SACOR_10
Birds were chirping in the trees.	پرندے درختوں میں چہچہا رہے تھے۔	Urdu (Standard)	South Asia	SACOR_10
The forest is home to many wild animals.	جنگل بہت سے جنگلی جانوروں کا گھر ہے۔	Urdu (Standard)	South Asia	SACOR_01
Regular exercise helps maintain good health.	منظم ورزش اچھی صحت برقرار رکھنے میں مدد کرتی ہے۔	Urdu (Standard)	South Asia	SACOR_09
Education opens doors to opportunities.	تعلیم مواقع کے دروازے کھولتی ہے۔	Urdu (Standard)	South Asia	SACOR_08
She cooked delicious biryani for the family.	اس نے خاندان کے لیے مزیدار بریانی پکائی۔	Urdu (Standard)	South Asia	SACOR_01
Tea is served to guests as a gesture of hospitality.	مہمانوں کو مہمان نوازی کی نشانی کے طور پر چائے پیش کی جاتی ہے۔	Urdu (Standard)	South Asia	SACOR_02
Storytelling preserves culture and knowledge.	کہانی سنانا ثقافت اور علم کو محفوظ رکھتا ہے۔	Urdu (Standard)	South Asia	SACOR_05
The school organized a science fair.	اسکول نے سائنس میلہ منظم کیا۔	Urdu (Standard)	South Asia	SACOR_07
Agriculture remains the primary source of income.	زراعت آمدنی کا بنیادی ذریعہ رہتی ہے۔	Urdu (Standard)	South Asia	SACOR_02
The market was crowded with people.	بازار لوگوں سے بھرا ہوا تھا۔	Urdu (Standard)	South Asia	SACOR_09
Digital payments have made transactions faster.	ڈیجیٹل ادائیگیوں نے معاملات تیز کر دیے ہیں۔	Urdu (Standard)	South Asia	SACOR_08
Farmers wake up early to tend to crops.	کسان فصلوں کی دیکھ بھال کے لیے جلدی اٹھتے ہیں۔	Urdu (Standard)	South Asia	SACOR_01
Tourism brings revenue to regions with historical sites.	سیاحت تاریخی مقامات والے علاقوں میں آمدنی لاتی ہے۔	Urdu (Standard)	South Asia	SACOR_03
Small businesses create employment opportunities.	چھوٹے کاروبار روزگار کے مواقع پیدا کرتے ہیں۔	Urdu (Standard)	South Asia	SACOR_08
Doctors work long hours to treat patients.	ڈاکٹر مریضوں کا علاج کرنے کے لیے لمبے گھنٹے کام کرتے ہیں۔	Urdu (Standard)	South Asia	SACOR_04
Traditional music is important for our heritage.	روایتی موسیقی ہماری وراثت کے لیے اہم ہے۔	Urdu (Standard)	South Asia	SACOR_10
She walked slowly through the garden.	وہ باغ میں آہستہ آہستہ چلی۔	Urdu (Standard)	South Asia	SACOR_03
Online shopping has become popular.	آن لائن خریداری مقبول ہو گئی ہے۔	Urdu (Standard)	South Asia	SACOR_05
Smartphones have changed how people communicate.	اسمارٹ فونوں نے لوگوں کے رابطے کے طریقے کو تبدیل کر دیا ہے۔	Urdu (Standard)	South Asia	SACOR_07
Students gathered in the library.	طلباء لائبریری میں جمع ہوئے۔	Urdu (Standard)	South Asia	SACOR_08
Farmers planted rice in the flooded fields.	کسانوں نے پانی والے کھیتوں میں چاول بوئے۔	Urdu (Standard)	South Asia	SACOR_09
People travel long distances to visit religious sites.	لوگ مذہبی مقامات دیکھنے کے لیے لمبی دوریاں طے کرتے ہیں۔	Urdu (Standard)	South Asia	SACOR_04
The bus arrived late.	بس دیر سے پہنچی۔	Urdu (Standard)	South Asia	SACOR_02
The teacher explained the lesson patiently.	استاد نے صبر سے سبق سمجھایا۔	Urdu (Standard)	South Asia	SACOR_05
Reading books improves vocabulary.	کتابیں پڑھنا ذخیرہ الفاظ بہتر بناتا ہے۔	Urdu (Standard)	South Asia	SACOR_07
Sports teach teamwork and discipline.	کھیل ٹیم ورک اور نظم و ضبط سکھاتے ہیں۔	Urdu (Standard)	South Asia	SACOR_05
Cooking together brings family members closer.	مل کر کھانا پکانا خاندان کے ممبروں کو قریب لاتا ہے۔	Urdu (Standard)	South Asia	SACOR_03
We decided to visit the old temple.	ہم نے پرانے مندر کا دورہ کرنے کا فیصلہ کیا۔	Urdu (Standard)	South Asia	SACOR_06
Teachers shape young minds.	استاد نوجوان ذہنوں کو شکل دیتے ہیں۔	Urdu (Standard)	South Asia	SACOR_01
Clear communication prevents misunderstandings.	صاف رابطہ غلط فہمیوں کو روکتا ہے۔	Urdu (Standard)	South Asia	SACOR_09
The internet connects people across continents.	انٹرنیٹ براعظموں میں لوگوں کو جوڑتا ہے۔	Urdu (Standard)	South Asia	SACOR_09
Parents sacrifice their own needs for children.	والدین بچوں کے لیے اپنی ضرورتیں قربان کرتے ہیں۔	Urdu (Standard)	South Asia	SACOR_03
Respecting elders is an important value.	بزرگوں کا احترام ایک اہم قدر ہے۔	Urdu (Standard)	South Asia	SACOR_04
Doctors recommend drinking plenty of water.	ڈاکٹر زیادہ پانی پینے کی صلاح دیتے ہیں۔	Urdu (Standard)	South Asia	SACOR_03
Train journeys offer scenic views.	ریل کے سفر مناظر کے نظارے پیش کرتے ہیں۔	Urdu (Standard)	South Asia	SACOR_05
Pollution in cities has become a serious problem.	شہروں میں آلودگی ایک سنجیدہ مسئلہ بن گئی ہے۔	Urdu (Standard)	South Asia	SACOR_04
Eating fresh fruits provides essential vitamins.	تازہ پھل کھانا ضروری وٹامن فراہم کرتا ہے۔	Urdu (Standard)	South Asia	SACOR_10
Reading books improves vocabulary.	کتابیں پڑھنا ذخیرہ الفاظ بہتر بناتا ہے۔	Urdu (Standard)	South Asia	SACOR_07
Learning a new language requires practice.	نئی زبان سیکھنے کے لیے مشق کی ضرورت ہے۔	Urdu (Standard)	South Asia	SACOR_10
Handicrafts showcase artistic traditions.	دستی کاریاں فنکارانہ روایات دکھاتی ہیں۔	Urdu (Standard)	South Asia	SACOR_07
Agriculture remains the primary source of income.	زراعت آمدنی کا بنیادی ذریعہ رہتی ہے۔	Urdu (Standard)	South Asia	SACOR_05
She walked slowly through the garden.	وہ باغ میں آہستہ آہستہ چلی۔	Urdu (Standard)	South Asia	SACOR_08
Family members support each other during difficult times.	خاندان کے ممبر مشکل وقتوں میں ایک دوسرے کی مدد کرتے ہیں۔	Urdu (Standard)	South Asia	SACOR_08
The wedding ceremony lasted three days.	شادی کی تقریب تین دن تک چلی۔	Urdu (Standard)	South Asia	SACOR_04
Regular exercise helps maintain good health.	منظم ورزش اچھی صحت برقرار رکھنے میں مدد کرتی ہے۔	Urdu (Standard)	South Asia	SACOR_03
The internet connects people across continents.	انٹرنیٹ براعظموں میں لوگوں کو جوڑتا ہے۔	Urdu (Standard)	South Asia	SACOR_04
Farmers wake up early to tend to crops.	کسان فصلوں کی دیکھ بھال کے لیے جلدی اٹھتے ہیں۔	Urdu (Standard)	South Asia	SACOR_08
The bus arrived late.	بس دیر سے پہنچی۔	Urdu (Standard)	South Asia	SACOR_03
I woke up early this morning.	میں آج صبح جلدی اٹھا۔	Urdu (Standard)	South Asia	SACOR_05
Children were playing cricket in the street.	بچے سڑک پر کرکٹ کھیل رہے تھے۔	Urdu (Standard)	South Asia	SACOR_10
After finishing his work, he sat down.	اپنا کام مکمل کرنے کے بعد، وہ بیٹھ گیا۔	Urdu (Standard)	South Asia	SACOR_03
Smartphones have changed how people communicate.	اسمارٹ فونوں نے لوگوں کے رابطے کے طریقے کو تبدیل کر دیا ہے۔	Urdu (Standard)	South Asia	SACOR_10
Farmers planted rice in the flooded fields.	کسانوں نے پانی والے کھیتوں میں چاول بوئے۔	Urdu (Standard)	South Asia	SACOR_03
Elderly people share wisdom and stories.	بزرگ لوگ حکمت اور کہانیاں بانٹتے ہیں۔	Urdu (Standard)	South Asia	SACOR_02
Digital payments have made transactions faster.	ڈیجیٹل ادائیگیوں نے معاملات تیز کر دیے ہیں۔	Urdu (Standard)	South Asia	SACOR_04
Online shopping has become popular.	آن لائن خریداری مقبول ہو گئی ہے۔	Urdu (Standard)	South Asia	SACOR_04
She received a scholarship to study medicine.	اسے طب کی تعلیم کے لیے اسکالرشپ ملی۔	Urdu (Standard)	South Asia	SACOR_03
Tourism brings revenue to regions with historical sites.	سیاحت تاریخی مقامات والے علاقوں میں آمدنی لاتی ہے۔	Urdu (Standard)	South Asia	SACOR_05
Doctors work long hours to treat patients.	ڈاکٹر مریضوں کا علاج کرنے کے لیے لمبے گھنٹے کام کرتے ہیں۔	Urdu (Standard)	South Asia	SACOR_01
Traditional music is important for our heritage.	روایتی موسیقی ہماری وراثت کے لیے اہم ہے۔	Urdu (Standard)	South Asia	SACOR_07
The forest is home to many wild animals.	جنگل بہت سے جنگلی جانوروں کا گھر ہے۔	Urdu (Standard)	South Asia	SACOR_02
Tea is served to guests as a gesture of hospitality.	مہمانوں کو مہمان نوازی کی نشانی کے طور پر چائے پیش کی جاتی ہے۔	Urdu (Standard)	South Asia	SACOR_09
People travel long distances to visit religious sites.	لوگ مذہبی مقامات دیکھنے کے لیے لمبی دوریاں طے کرتے ہیں۔	Urdu (Standard)	South Asia	SACOR_07
Clear communication prevents misunderstandings.	صاف رابطہ غلط فہمیوں کو روکتا ہے۔	Urdu (Standard)	South Asia	SACOR_10
She cooked delicious biryani for the family.	اس نے خاندان کے لیے مزیدار بریانی پکائی۔	Urdu (Standard)	South Asia	SACOR_05
Sports teach teamwork and discipline.	کھیل ٹیم ورک اور نظم و ضبط سکھاتے ہیں۔	Urdu (Standard)	South Asia	SACOR_07
People celebrate festivals with great joy.	لوگ بہت خوشی سے تہوار مناتے ہیں۔	Urdu (Standard)	South Asia	SACOR_01
The river flows peacefully through the valley.	دریا وادی میں پرامن طریقے سے بہتا ہے۔	Urdu (Standard)	South Asia	SACOR_06
Teachers shape young minds.	استاد نوجوان ذہنوں کو شکل دیتے ہیں۔	Urdu (Standard)	South Asia	SACOR_07
Respecting elders is an important value.	بزرگوں کا احترام ایک اہم قدر ہے۔	Urdu (Standard)	South Asia	SACOR_10
My grandmother told me stories.	میری دادی نے مجھے کہانیاں سنائیں۔	Urdu (Standard)	South Asia	SACOR_03
Spices add flavor to traditional dishes.	مصالحے روایتی کھانوں میں ذائقہ بڑھاتے ہیں۔	Urdu (Standard)	South Asia	SACOR_08
The professor wrote equations on the blackboard.	پروفیسر نے تختے پر مساوات لکھیں۔	Urdu (Standard)	South Asia	SACOR_05
Small businesses create employment opportunities.	چھوٹے کاروبار روزگار کے مواقع پیدا کرتے ہیں۔	Urdu (Standard)	South Asia	SACOR_06
The school organized a science fair.	اسکول نے سائنس میلہ منظم کیا۔	Urdu (Standard)	South Asia	SACOR_01
Cricket is a popular sport.	کرکٹ ایک مقبول کھیل ہے۔	Urdu (Standard)	South Asia	SACOR_06
Doctors recommend drinking plenty of water.	ڈاکٹر زیادہ پانی پینے کی صلاح دیتے ہیں۔	Urdu (Standard)	South Asia	SACOR_07
Cooking together brings family members closer.	مل کر کھانا پکانا خاندان کے ممبروں کو قریب لاتا ہے۔	Urdu (Standard)	South Asia	SACOR_10
Parents sacrifice their own needs for children.	والدین بچوں کے لیے اپنی ضرورتیں قربان کرتے ہیں۔	Urdu (Standard)	South Asia	SACOR_06
Storytelling preserves culture and knowledge.	کہانی سنانا ثقافت اور علم کو محفوظ رکھتا ہے۔	Urdu (Standard)	South Asia	SACOR_09
Children learn best when they are interested.	بچے بہترین سیکھتے ہیں جب وہ دلچسپی رکھتے ہیں۔	Urdu (Standard)	South Asia	SACOR_03
The teacher explained the lesson patiently.	استاد نے صبر سے سبق سمجھایا۔	Urdu (Standard)	South Asia	SACOR_07
The market was crowded with people.	بازار لوگوں سے بھرا ہوا تھا۔	Urdu (Standard)	South Asia	SACOR_02
Students gathered in the library.	طلباء لائبریری میں جمع ہوئے۔	Urdu (Standard)	South Asia	SACOR_07
Birds were chirping in the trees.	پرندے درختوں میں چہچہا رہے تھے۔	Urdu (Standard)	South Asia	SACOR_10
We decided to visit the old temple.	ہم نے پرانے مندر کا دورہ کرنے کا فیصلہ کیا۔	Urdu (Standard)	South Asia	SACOR_02
Train journeys offer scenic views.	ریل کے سفر مناظر کے نظارے پیش کرتے ہیں۔	Urdu (Standard)	South Asia	SACOR_04
Education opens doors to opportunities.	تعلیم مواقع کے دروازے کھولتی ہے۔	Urdu (Standard)	South Asia	SACOR_05
Agriculture remains the primary source of income.	زراعت آمدنی کا بنیادی ذریعہ رہتی ہے۔	Urdu (Standard)	South Asia	SACOR_04
Cooking together brings family members closer.	مل کر کھانا پکانا خاندان کے ممبروں کو قریب لاتا ہے۔	Urdu (Standard)	South Asia	SACOR_09
Tourism brings revenue to regions with historical sites.	سیاحت تاریخی مقامات والے علاقوں میں آمدنی لاتی ہے۔	Urdu (Standard)	South Asia	SACOR_02
Education opens doors to opportunities.	تعلیم مواقع کے دروازے کھولتی ہے۔	Urdu (Standard)	South Asia	SACOR_03
Students gathered in the library.	طلباء لائبریری میں جمع ہوئے۔	Urdu (Standard)	South Asia	SACOR_06
After finishing his work, he sat down.	اپنا کام مکمل کرنے کے بعد، وہ بیٹھ گیا۔	Urdu (Standard)	South Asia	SACOR_09
The forest is home to many wild animals.	جنگل بہت سے جنگلی جانوروں کا گھر ہے۔	Urdu (Standard)	South Asia	SACOR_01
Smartphones have changed how people communicate.	اسمارٹ فونوں نے لوگوں کے رابطے کے طریقے کو تبدیل کر دیا ہے۔	Urdu (Standard)	South Asia	SACOR_03
Doctors recommend drinking plenty of water.	ڈاکٹر زیادہ پانی پینے کی صلاح دیتے ہیں۔	Urdu (Standard)	South Asia	SACOR_06
Storytelling preserves culture and knowledge.	کہانی سنانا ثقافت اور علم کو محفوظ رکھتا ہے۔	Urdu (Standard)	South Asia	SACOR_07
Cricket is a popular sport.	کرکٹ ایک مقبول کھیل ہے۔	Urdu (Standard)	South Asia	SACOR_03
The market was crowded with people.	بازار لوگوں سے بھرا ہوا تھا۔	Urdu (Standard)	South Asia	SACOR_02
We decided to visit the old temple.	ہم نے پرانے مندر کا دورہ کرنے کا فیصلہ کیا۔	Urdu (Standard)	South Asia	SACOR_10
Eating fresh fruits provides essential vitamins.	تازہ پھل کھانا ضروری وٹامن فراہم کرتا ہے۔	Urdu (Standard)	South Asia	SACOR_08
She cooked delicious biryani for the family.	اس نے خاندان کے لیے مزیدار بریانی پکائی۔	Urdu (Standard)	South Asia	SACOR_05
Regular exercise helps maintain good health.	منظم ورزش اچھی صحت برقرار رکھنے میں مدد کرتی ہے۔	Urdu (Standard)	South Asia	SACOR_08
Parents sacrifice their own needs for children.	والدین بچوں کے لیے اپنی ضرورتیں قربان کرتے ہیں۔	Urdu (Standard)	South Asia	SACOR_07
Doctors work long hours to treat patients.	ڈاکٹر مریضوں کا علاج کرنے کے لیے لمبے گھنٹے کام کرتے ہیں۔	Urdu (Standard)	South Asia	SACOR_01
The school organized a science fair.	اسکول نے سائنس میلہ منظم کیا۔	Urdu (Standard)	South Asia	SACOR_05
She received a scholarship to study medicine.	اسے طب کی تعلیم کے لیے اسکالرشپ ملی۔	Urdu (Standard)	South Asia	SACOR_05
Respecting elders is an important value.	بزرگوں کا احترام ایک اہم قدر ہے۔	Urdu (Standard)	South Asia	SACOR_01
The bus arrived late.	بس دیر سے پہنچی۔	Urdu (Standard)	South Asia	SACOR_05
Reading books improves vocabulary.	کتابیں پڑھنا ذخیرہ الفاظ بہتر بناتا ہے۔	Urdu (Standard)	South Asia	SACOR_03
Spices add flavor to traditional dishes.	مصالحے روایتی کھانوں میں ذائقہ بڑھاتے ہیں۔	Urdu (Standard)	South Asia	SACOR_05
The wedding ceremony lasted three days.	شادی کی تقریب تین دن تک چلی۔	Urdu (Standard)	South Asia	SACOR_02
People travel long distances to visit religious sites.	لوگ مذہبی مقامات دیکھنے کے لیے لمبی دوریاں طے کرتے ہیں۔	Urdu (Standard)	South Asia	SACOR_05
Birds were chirping in the trees.	پرندے درختوں میں چہچہا رہے تھے۔	Urdu (Standard)	South Asia	SACOR_03
Tea is served to guests as a gesture of hospitality.	مہمانوں کو مہمان نوازی کی نشانی کے طور پر چائے پیش کی جاتی ہے۔	Urdu (Standard)	South Asia	SACOR_07
Traditional music is important for our heritage.	روایتی موسیقی ہماری وراثت کے لیے اہم ہے۔	Urdu (Standard)	South Asia	SACOR_06
Handicrafts showcase artistic traditions.	دستی کاریاں فنکارانہ روایات دکھاتی ہیں۔	Urdu (Standard)	South Asia	SACOR_07
Pollution in cities has become a serious problem.	شہروں میں آلودگی ایک سنجیدہ مسئلہ بن گئی ہے۔	Urdu (Standard)	South Asia	SACOR_03
Sports teach teamwork and discipline.	کھیل ٹیم ورک اور نظم و ضبط سکھاتے ہیں۔	Urdu (Standard)	South Asia	SACOR_07
I woke up early this morning.	میں آج صبح جلدی اٹھا۔	Urdu (Standard)	South Asia	SACOR_02
Online shopping has become popular.	آن لائن خریداری مقبول ہو گئی ہے۔	Urdu (Standard)	South Asia	SACOR_07
Children were playing cricket in the street.	بچے سڑک پر کرکٹ کھیل رہے تھے۔	Urdu (Standard)	South Asia	SACOR_01
Learning a new language requires practice.	نئی زبان سیکھنے کے لیے مشق کی ضرورت ہے۔	Urdu (Standard)	South Asia	SACOR_05
The internet connects people across continents.	انٹرنیٹ براعظموں میں لوگوں کو جوڑتا ہے۔	Urdu (Standard)	South Asia	SACOR_07
Digital payments have made transactions faster.	ڈیجیٹل ادائیگیوں نے معاملات تیز کر دیے ہیں۔	Urdu (Standard)	South Asia	SACOR_05
The teacher explained the lesson patiently.	استاد نے صبر سے سبق سمجھایا۔	Urdu (Standard)	South Asia	SACOR_04
Elderly people share wisdom and stories.	بزرگ لوگ حکمت اور کہانیاں بانٹتے ہیں۔	Urdu (Standard)	South Asia	SACOR_01
Small businesses create employment opportunities.	چھوٹے کاروبار روزگار کے مواقع پیدا کرتے ہیں۔	Urdu (Standard)	South Asia	SACOR_01
People celebrate festivals with great joy.	لوگ بہت خوشی سے تہوار مناتے ہیں۔	Urdu (Standard)	South Asia	SACOR_08
Train journeys offer scenic views.	ریل کے سفر مناظر کے نظارے پیش کرتے ہیں۔	Urdu (Standard)	South Asia	SACOR_03
The river flows peacefully through the valley.	دریا وادی میں پرامن طریقے سے بہتا ہے۔	Urdu (Standard)	South Asia	SACOR_05
Farmers planted rice in the flooded fields.	کسانوں نے پانی والے کھیتوں میں چاول بوئے۔	Urdu (Standard)	South Asia	SACOR_08
Family members support each other during difficult times.	خاندان کے ممبر مشکل وقتوں میں ایک دوسرے کی مدد کرتے ہیں۔	Urdu (Standard)	South Asia	SACOR_07
She walked slowly through the garden.	وہ باغ میں آہستہ آہستہ چلی۔	Urdu (Standard)	South Asia	SACOR_07
Teachers shape young minds.	استاد نوجوان ذہنوں کو شکل دیتے ہیں۔	Urdu (Standard)	South Asia	SACOR_01
My grandmother told me stories.	میری دادی نے مجھے کہانیاں سنائیں۔	Urdu (Standard)	South Asia	SACOR_06
The professor wrote equations on the blackboard.	پروفیسر نے تختے پر مساوات لکھیں۔	Urdu (Standard)	South Asia	SACOR_04
Farmers wake up early to tend to crops.	کسان فصلوں کی دیکھ بھال کے لیے جلدی اٹھتے ہیں۔	Urdu (Standard)	South Asia	SACOR_02
Children learn best when they are interested.	بچے بہترین سیکھتے ہیں جب وہ دلچسپی رکھتے ہیں۔	Urdu (Standard)	South Asia	SACOR_04
Clear communication prevents misunderstandings.	صاف رابطہ غلط فہمیوں کو روکتا ہے۔	Urdu (Standard)	South Asia	SACOR_10
Small businesses create employment opportunities.	چھوٹے کاروبار روزگار کے مواقع پیدا کرتے ہیں۔	Urdu (Standard)	South Asia	SACOR_08
Doctors recommend drinking plenty of water.	ڈاکٹر زیادہ پانی پینے کی صلاح دیتے ہیں۔	Urdu (Standard)	South Asia	SACOR_09
Students gathered in the library.	طلباء لائبریری میں جمع ہوئے۔	Urdu (Standard)	South Asia	SACOR_04
Storytelling preserves culture and knowledge.	کہانی سنانا ثقافت اور علم کو محفوظ رکھتا ہے۔	Urdu (Standard)	South Asia	SACOR_08
Train journeys offer scenic views.	ریل کے سفر مناظر کے نظارے پیش کرتے ہیں۔	Urdu (Standard)	South Asia	SACOR_05
The teacher explained the lesson patiently.	استاد نے صبر سے سبق سمجھایا۔	Urdu (Standard)	South Asia	SACOR_08
Digital payments have made transactions faster.	ڈیجیٹل ادائیگیوں نے معاملات تیز کر دیے ہیں۔	Urdu (Standard)	South Asia	SACOR_07
The river flows peacefully through the valley.	دریا وادی میں پرامن طریقے سے بہتا ہے۔	Urdu (Standard)	South Asia	SACOR_07
Cooking together brings family members closer.	مل کر کھانا پکانا خاندان کے ممبروں کو قریب لاتا ہے۔	Urdu (Standard)	South Asia	SACOR_10
Teachers shape young minds.	استاد نوجوان ذہنوں کو شکل دیتے ہیں۔	Urdu (Standard)	South Asia	SACOR_04
Regular exercise helps maintain good health.	منظم ورزش اچھی صحت برقرار رکھنے میں مدد کرتی ہے۔	Urdu (Standard)	South Asia	SACOR_08
I woke up early this morning.	میں آج صبح جلدی اٹھا۔	Urdu (Standard)	South Asia	SACOR_08
People travel long distances to visit religious sites.	لوگ مذہبی مقامات دیکھنے کے لیے لمبی دوریاں طے کرتے ہیں۔	Urdu (Standard)	South Asia	SACOR_08
The wedding ceremony lasted three days.	شادی کی تقریب تین دن تک چلی۔	Urdu (Standard)	South Asia	SACOR_03
Cricket is a popular sport.	کرکٹ ایک مقبول کھیل ہے۔	Urdu (Standard)	South Asia	SACOR_05
Spices add flavor to traditional dishes.	مصالحے روایتی کھانوں میں ذائقہ بڑھاتے ہیں۔	Urdu (Standard)	South Asia	SACOR_03
Farmers planted rice in the flooded fields.	کسانوں نے پانی والے کھیتوں میں چاول بوئے۔	Urdu (Standard)	South Asia	SACOR_05
Children learn best when they are interested.	بچے بہترین سیکھتے ہیں جب وہ دلچسپی رکھتے ہیں۔	Urdu (Standard)	South Asia	SACOR_03
We decided to visit the old temple.	ہم نے پرانے مندر کا دورہ کرنے کا فیصلہ کیا۔	Urdu (Standard)	South Asia	SACOR_08
She received a scholarship to study medicine.	اسے طب کی تعلیم کے لیے اسکالرشپ ملی۔	Urdu (Standard)	South Asia	SACOR_09
Online shopping has become popular.	آن لائن خریداری مقبول ہو گئی ہے۔	Urdu (Standard)	South Asia	SACOR_05
Agriculture remains the primary source of income.	زراعت آمدنی کا بنیادی ذریعہ رہتی ہے۔	Urdu (Standard)	South Asia	SACOR_02
After finishing his work, he sat down.	اپنا کام مکمل کرنے کے بعد، وہ بیٹھ گیا۔	Urdu (Standard)	South Asia	SACOR_03
Parents sacrifice their own needs for children.	والدین بچوں کے لیے اپنی ضرورتیں قربان کرتے ہیں۔	Urdu (Standard)	South Asia	SACOR_09
Learning a new language requires practice.	نئی زبان سیکھنے کے لیے مشق کی ضرورت ہے۔	Urdu (Standard)	South Asia	SACOR_08
People celebrate festivals with great joy.	لوگ بہت خوشی سے تہوار مناتے ہیں۔	Urdu (Standard)	South Asia	SACOR_07
Smartphones have changed how people communicate.	اسمارٹ فونوں نے لوگوں کے رابطے کے طریقے کو تبدیل کر دیا ہے۔	Urdu (Standard)	South Asia	SACOR_02
Elderly people share wisdom and stories.	بزرگ لوگ حکمت اور کہانیاں بانٹتے ہیں۔	Urdu (Standard)	South Asia	SACOR_03
Handicrafts showcase artistic traditions.	دستی کاریاں فنکارانہ روایات دکھاتی ہیں۔	Urdu (Standard)	South Asia	SACOR_09
The school organized a science fair.	اسکول نے سائنس میلہ منظم کیا۔	Urdu (Standard)	South Asia	SACOR_03
The professor wrote equations on the blackboard.	پروفیسر نے تختے پر مساوات لکھیں۔	Urdu (Standard)	South Asia	SACOR_07
Clear communication prevents misunderstandings.	صاف رابطہ غلط فہمیوں کو روکتا ہے۔	Urdu (Standard)	South Asia	SACOR_02
Education opens doors to opportunities.	تعلیم مواقع کے دروازے کھولتی ہے۔	Urdu (Standard)	South Asia	SACOR_03
Birds were chirping in the trees.	پرندے درختوں میں چہچہا رہے تھے۔	Urdu (Standard)	South Asia	SACOR_05
Reading books improves vocabulary.	کتابیں پڑھنا ذخیرہ الفاظ بہتر بناتا ہے۔	Urdu (Standard)	South Asia	SACOR_10
Sports teach teamwork and discipline.	کھیل ٹیم ورک اور نظم و ضبط سکھاتے ہیں۔	Urdu (Standard)	South Asia	SACOR_10
Farmers wake up early to tend to crops.	کسان فصلوں کی دیکھ بھال کے لیے جلدی اٹھتے ہیں۔	Urdu (Standard)	South Asia	SACOR_09
Tea is served to guests as a gesture of hospitality.	مہمانوں کو مہمان نوازی کی نشانی کے طور پر چائے پیش کی جاتی ہے۔	Urdu (Standard)	South Asia	SACOR_08
Traditional music is important for our heritage.	روایتی موسیقی ہماری وراثت کے لیے اہم ہے۔	Urdu (Standard)	South Asia	SACOR_08
The forest is home to many wild animals.	جنگل بہت سے جنگلی جانوروں کا گھر ہے۔	Urdu (Standard)	South Asia	SACOR_10
Tourism brings revenue to regions with historical sites.	سیاحت تاریخی مقامات والے علاقوں میں آمدنی لاتی ہے۔	Urdu (Standard)	South Asia	SACOR_10
The internet connects people across continents.	انٹرنیٹ براعظموں میں لوگوں کو جوڑتا ہے۔	Urdu (Standard)	South Asia	SACOR_10
Pollution in cities has become a serious problem.	شہروں میں آلودگی ایک سنجیدہ مسئلہ بن گئی ہے۔	Urdu (Standard)	South Asia	SACOR_05
The market was crowded with people.	بازار لوگوں سے بھرا ہوا تھا۔	Urdu (Standard)	South Asia	SACOR_09
Eating fresh fruits provides essential vitamins.	تازہ پھل کھانا ضروری وٹامن فراہم کرتا ہے۔	Urdu (Standard)	South Asia	SACOR_02
She cooked delicious biryani for the family.	اس نے خاندان کے لیے مزیدار بریانی پکائی۔	Urdu (Standard)	South Asia	SACOR_10
She walked slowly through the garden.	وہ باغ میں آہستہ آہستہ چلی۔	Urdu (Standard)	South Asia	SACOR_05
Family members support each other during difficult times.	خاندان کے ممبر مشکل وقتوں میں ایک دوسرے کی مدد کرتے ہیں۔	Urdu (Standard)	South Asia	SACOR_01
Respecting elders is an important value.	بزرگوں کا احترام ایک اہم قدر ہے۔	Urdu (Standard)	South Asia	SACOR_07
Doctors work long hours to treat patients.	ڈاکٹر مریضوں کا علاج کرنے کے لیے لمبے گھنٹے کام کرتے ہیں۔	Urdu (Standard)	South Asia	SACOR_09
Children were playing cricket in the street.	بچے سڑک پر کرکٹ کھیل رہے تھے۔	Urdu (Standard)	South Asia	SACOR_02
My grandmother told me stories.	میری دادی نے مجھے کہانیاں سنائیں۔	Urdu (Standard)	South Asia	SACOR_03
The bus arrived late.	بس دیر سے پہنچی۔	Urdu (Standard)	South Asia	SACOR_08
Farmers wake up early to tend to crops.	کسان فصلوں کی دیکھ بھال کے لیے جلدی اٹھتے ہیں۔	Urdu (Standard)	South Asia	SACOR_06
Regular exercise helps maintain good health.	منظم ورزش اچھی صحت برقرار رکھنے میں مدد کرتی ہے۔	Urdu (Standard)	South Asia	SACOR_07
The river flows peacefully through the valley.	دریا وادی میں پرامن طریقے سے بہتا ہے۔	Urdu (Standard)	South Asia	SACOR_02
Reading books improves vocabulary.	کتابیں پڑھنا ذخیرہ الفاظ بہتر بناتا ہے۔	Urdu (Standard)	South Asia	SACOR_01
Small businesses create employment opportunities.	چھوٹے کاروبار روزگار کے مواقع پیدا کرتے ہیں۔	Urdu (Standard)	South Asia	SACOR_05
Handicrafts showcase artistic traditions.	دستی کاریاں فنکارانہ روایات دکھاتی ہیں۔	Urdu (Standard)	South Asia	SACOR_01
Children were playing cricket in the street.	بچے سڑک پر کرکٹ کھیل رہے تھے۔	Urdu (Standard)	South Asia	SACOR_09
Parents sacrifice their own needs for children.	والدین بچوں کے لیے اپنی ضرورتیں قربان کرتے ہیں۔	Urdu (Standard)	South Asia	SACOR_07
Traditional music is important for our heritage.	روایتی موسیقی ہماری وراثت کے لیے اہم ہے۔	Urdu (Standard)	South Asia	SACOR_08
She walked slowly through the garden.	وہ باغ میں آہستہ آہستہ چلی۔	Urdu (Standard)	South Asia	SACOR_04
Elderly people share wisdom and stories.	بزرگ لوگ حکمت اور کہانیاں بانٹتے ہیں۔	Urdu (Standard)	South Asia	SACOR_03
People celebrate festivals with great joy.	لوگ بہت خوشی سے تہوار مناتے ہیں۔	Urdu (Standard)	South Asia	SACOR_06
My grandmother told me stories.	میری دادی نے مجھے کہانیاں سنائیں۔	Urdu (Standard)	South Asia	SACOR_09
Storytelling preserves culture and knowledge.	کہانی سنانا ثقافت اور علم کو محفوظ رکھتا ہے۔	Urdu (Standard)	South Asia	SACOR_07
Cooking together brings family members closer.	مل کر کھانا پکانا خاندان کے ممبروں کو قریب لاتا ہے۔	Urdu (Standard)	South Asia	SACOR_09
Pollution in cities has become a serious problem.	شہروں میں آلودگی ایک سنجیدہ مسئلہ بن گئی ہے۔	Urdu (Standard)	South Asia	SACOR_05
We decided to visit the old temple.	ہم نے پرانے مندر کا دورہ کرنے کا فیصلہ کیا۔	Urdu (Standard)	South Asia	SACOR_09
The teacher explained the lesson patiently.	استاد نے صبر سے سبق سمجھایا۔	Urdu (Standard)	South Asia	SACOR_02
Students gathered in the library.	طلباء لائبریری میں جمع ہوئے۔	Urdu (Standard)	South Asia	SACOR_01
Agriculture remains the primary source of income.	زراعت آمدنی کا بنیادی ذریعہ رہتی ہے۔	Urdu (Standard)	South Asia	SACOR_07
The forest is home to many wild animals.	جنگل بہت سے جنگلی جانوروں کا گھر ہے۔	Urdu (Standard)	South Asia	SACOR_03
Doctors recommend drinking plenty of water.	ڈاکٹر زیادہ پانی پینے کی صلاح دیتے ہیں۔	Urdu (Standard)	South Asia	SACOR_05
The bus arrived late.	بس دیر سے پہنچی۔	Urdu (Standard)	South Asia	SACOR_08
Birds were chirping in the trees.	پرندے درختوں میں چہچہا رہے تھے۔	Urdu (Standard)	South Asia	SACOR_02
Tea is served to guests as a gesture of hospitality.	مہمانوں کو مہمان نوازی کی نشانی کے طور پر چائے پیش کی جاتی ہے۔	Urdu (Standard)	South Asia	SACOR_07
People travel long distances to visit religious sites.	لوگ مذہبی مقامات دیکھنے کے لیے لمبی دوریاں طے کرتے ہیں۔	Urdu (Standard)	South Asia	SACOR_06
Family members support each other during difficult times.	خاندان کے ممبر مشکل وقتوں میں ایک دوسرے کی مدد کرتے ہیں۔	Urdu (Standard)	South Asia	SACOR_07
Respecting elders is an important value.	بزرگوں کا احترام ایک اہم قدر ہے۔	Urdu (Standard)	South Asia	SACOR_10
Children learn best when they are interested.	بچے بہترین سیکھتے ہیں جب وہ دلچسپی رکھتے ہیں۔	Urdu (Standard)	South Asia	SACOR_04
Digital payments have made transactions faster.	ڈیجیٹل ادائیگیوں نے معاملات تیز کر دیے ہیں۔	Urdu (Standard)	South Asia	SACOR_09
Smartphones have changed how people communicate.	اسمارٹ فونوں نے لوگوں کے رابطے کے طریقے کو تبدیل کر دیا ہے۔	Urdu (Standard)	South Asia	SACOR_07
Train journeys offer scenic views.	ریل کے سفر مناظر کے نظارے پیش کرتے ہیں۔	Urdu (Standard)	South Asia	SACOR_06
Doctors work long hours to treat patients.	ڈاکٹر مریضوں کا علاج کرنے کے لیے لمبے گھنٹے کام کرتے ہیں۔	Urdu (Standard)	South Asia	SACOR_02
Tourism brings revenue to regions with historical sites.	سیاحت تاریخی مقامات والے علاقوں میں آمدنی لاتی ہے۔	Urdu (Standard)	South Asia	SACOR_03
Clear communication prevents misunderstandings.	صاف رابطہ غلط فہمیوں کو روکتا ہے۔	Urdu (Standard)	South Asia	SACOR_01
Eating fresh fruits provides essential vitamins.	تازہ پھل کھانا ضروری وٹامن فراہم کرتا ہے۔	Urdu (Standard)	South Asia	SACOR_06
Education opens doors to opportunities.	تعلیم مواقع کے دروازے کھولتی ہے۔	Urdu (Standard)	South Asia	SACOR_05
She cooked delicious biryani for the family.	اس نے خاندان کے لیے مزیدار بریانی پکائی۔	Urdu (Standard)	South Asia	SACOR_02
The school organized a science fair.	اسکول نے سائنس میلہ منظم کیا۔	Urdu (Standard)	South Asia	SACOR_06
I woke up early this morning.	میں آج صبح جلدی اٹھا۔	Urdu (Standard)	South Asia	SACOR_03
The professor wrote equations on the blackboard.	پروفیسر نے تختے پر مساوات لکھیں۔	Urdu (Standard)	South Asia	SACOR_09
Sports teach teamwork and discipline.	کھیل ٹیم ورک اور نظم و ضبط سکھاتے ہیں۔	Urdu (Standard)	South Asia	SACOR_01
Cricket is a popular sport.	کرکٹ ایک مقبول کھیل ہے۔	Urdu (Standard)	South Asia	SACOR_08
The wedding ceremony lasted three days.	شادی کی تقریب تین دن تک چلی۔	Urdu (Standard)	South Asia	SACOR_09
Online shopping has become popular.	آن لائن خریداری مقبول ہو گئی ہے۔	Urdu (Standard)	South Asia	SACOR_07
Spices add flavor to traditional dishes.	مصالحے روایتی کھانوں میں ذائقہ بڑھاتے ہیں۔	Urdu (Standard)	South Asia	SACOR_05
She received a scholarship to study medicine.	اسے طب کی تعلیم کے لیے اسکالرشپ ملی۔	Urdu (Standard)	South Asia	SACOR_08
Teachers shape young minds.	استاد نوجوان ذہنوں کو شکل دیتے ہیں۔	Urdu (Standard)	South Asia	SACOR_08
After finishing his work, he sat down.	اپنا کام مکمل کرنے کے بعد، وہ بیٹھ گیا۔	Urdu (Standard)	South Asia	SACOR_01
The market was crowded with people.	بازار لوگوں سے بھرا ہوا تھا۔	Urdu (Standard)	South Asia	SACOR_02
The internet connects people across continents.	انٹرنیٹ براعظموں میں لوگوں کو جوڑتا ہے۔	Urdu (Standard)	South Asia	SACOR_07
Learning a new language requires practice.	نئی زبان سیکھنے کے لیے مشق کی ضرورت ہے۔	Urdu (Standard)	South Asia	SACOR_10
Farmers planted rice in the flooded fields.	کسانوں نے پانی والے کھیتوں میں چاول بوئے۔	Urdu (Standard)	South Asia	SACOR_07
She cooked delicious biryani for the family.	اس نے خاندان کے لیے مزیدار بریانی پکائی۔	Urdu (Standard)	South Asia	SACOR_03
She received a scholarship to study medicine.	اسے طب کی تعلیم کے لیے اسکالرشپ ملی۔	Urdu (Standard)	South Asia	SACOR_01
Train journeys offer scenic views.	ریل کے سفر مناظر کے نظارے پیش کرتے ہیں۔	Urdu (Standard)	South Asia	SACOR_03
Clear communication prevents misunderstandings.	صاف رابطہ غلط فہمیوں کو روکتا ہے۔	Urdu (Standard)	South Asia	SACOR_04
Regular exercise helps maintain good health.	منظم ورزش اچھی صحت برقرار رکھنے میں مدد کرتی ہے۔	Urdu (Standard)	South Asia	SACOR_04
I woke up early this morning.	میں آج صبح جلدی اٹھا۔	Urdu (Standard)	South Asia	SACOR_07
The internet connects people across continents.	انٹرنیٹ براعظموں میں لوگوں کو جوڑتا ہے۔	Urdu (Standard)	South Asia	SACOR_03
Online shopping has become popular.	آن لائن خریداری مقبول ہو گئی ہے۔	Urdu (Standard)	South Asia	SACOR_08
The river flows peacefully through the valley.	دریا وادی میں پرامن طریقے سے بہتا ہے۔	Urdu (Standard)	South Asia	SACOR_01
Elderly people share wisdom and stories.	بزرگ لوگ حکمت اور کہانیاں بانٹتے ہیں۔	Urdu (Standard)	South Asia	SACOR_07
The school organized a science fair.	اسکول نے سائنس میلہ منظم کیا۔	Urdu (Standard)	South Asia	SACOR_06
Spices add flavor to traditional dishes.	مصالحے روایتی کھانوں میں ذائقہ بڑھاتے ہیں۔	Urdu (Standard)	South Asia	SACOR_04
After finishing his work, he sat down.	اپنا کام مکمل کرنے کے بعد، وہ بیٹھ گیا۔	Urdu (Standard)	South Asia	SACOR_09
Digital payments have made transactions faster.	ڈیجیٹل ادائیگیوں نے معاملات تیز کر دیے ہیں۔	Urdu (Standard)	South Asia	SACOR_02
The market was crowded with people.	بازار لوگوں سے بھرا ہوا تھا۔	Urdu (Standard)	South Asia	SACOR_04
Children were playing cricket in the street.	بچے سڑک پر کرکٹ کھیل رہے تھے۔	Urdu (Standard)	South Asia	SACOR_08
Students gathered in the library.	طلباء لائبریری میں جمع ہوئے۔	Urdu (Standard)	South Asia	SACOR_09
The teacher explained the lesson patiently.	استاد نے صبر سے سبق سمجھایا۔	Urdu (Standard)	South Asia	SACOR_10
Doctors recommend drinking plenty of water.	ڈاکٹر زیادہ پانی پینے کی صلاح دیتے ہیں۔	Urdu (Standard)	South Asia	SACOR_06
Cricket is a popular sport.	کرکٹ ایک مقبول کھیل ہے۔	Urdu (Standard)	South Asia	SACOR_07
Respecting elders is an important value.	بزرگوں کا احترام ایک اہم قدر ہے۔	Urdu (Standard)	South Asia	SACOR_03
My grandmother told me stories.	میری دادی نے مجھے کہانیاں سنائیں۔	Urdu (Standard)	South Asia	SACOR_04
Teachers shape young minds.	استاد نوجوان ذہنوں کو شکل دیتے ہیں۔	Urdu (Standard)	South Asia	SACOR_06
Learning a new language requires practice.	نئی زبان سیکھنے کے لیے مشق کی ضرورت ہے۔	Urdu (Standard)	South Asia	SACOR_05
She walked slowly through the garden.	وہ باغ میں آہستہ آہستہ چلی۔	Urdu (Standard)	South Asia	SACOR_04
Family members support each other during difficult times.	خاندان کے ممبر مشکل وقتوں میں ایک دوسرے کی مدد کرتے ہیں۔	Urdu (Standard)	South Asia	SACOR_06
Parents sacrifice their own needs for children.	والدین بچوں کے لیے اپنی ضرورتیں قربان کرتے ہیں۔	Urdu (Standard)	South Asia	SACOR_02
Farmers wake up early to tend to crops.	کسان فصلوں کی دیکھ بھال کے لیے جلدی اٹھتے ہیں۔	Urdu (Standard)	South Asia	SACOR_03
Cooking together brings family members closer.	مل کر کھانا پکانا خاندان کے ممبروں کو قریب لاتا ہے۔	Urdu (Standard)	South Asia	SACOR_10
Farmers planted rice in the flooded fields.	کسانوں نے پانی والے کھیتوں میں چاول بوئے۔	Urdu (Standard)	South Asia	SACOR_01
Storytelling preserves culture and knowledge.	کہانی سنانا ثقافت اور علم کو محفوظ رکھتا ہے۔	Urdu (Standard)	South Asia	SACOR_05
Agriculture remains the primary source of income.	زراعت آمدنی کا بنیادی ذریعہ رہتی ہے۔	Urdu (Standard)	South Asia	SACOR_06
People celebrate festivals with great joy.	لوگ بہت خوشی سے تہوار مناتے ہیں۔	Urdu (Standard)	South Asia	SACOR_09
Reading books improves vocabulary.	کتابیں پڑھنا ذخیرہ الفاظ بہتر بناتا ہے۔	Urdu (Standard)	South Asia	SACOR_10
Children learn best when they are interested.	بچے بہترین سیکھتے ہیں جب وہ دلچسپی رکھتے ہیں۔	Urdu (Standard)	South Asia	SACOR_07
Doctors work long hours to treat patients.	ڈاکٹر مریضوں کا علاج کرنے کے لیے لمبے گھنٹے کام کرتے ہیں۔	Urdu (Standard)	South Asia	SACOR_04
The bus arrived late.	بس دیر سے پہنچی۔	Urdu (Standard)	South Asia	SACOR_09
Education opens doors to opportunities.	تعلیم مواقع کے دروازے کھولتی ہے۔	Urdu (Standard)	South Asia	SACOR_06
The professor wrote equations on the blackboard.	پروفیسر نے تختے پر مساوات لکھیں۔	Urdu (Standard)	South Asia	SACOR_10
Tourism brings revenue to regions with historical sites.	سیاحت تاریخی مقامات والے علاقوں میں آمدنی لاتی ہے۔	Urdu (Standard)	South Asia	SACOR_06
We decided to visit the old temple.	ہم نے پرانے مندر کا دورہ کرنے کا فیصلہ کیا۔	Urdu (Standard)	South Asia	SACOR_03
People travel long distances to visit religious sites.	لوگ مذہبی مقامات دیکھنے کے لیے لمبی دوریاں طے کرتے ہیں۔	Urdu (Standard)	South Asia	SACOR_05
Birds were chirping in the trees.	پرندے درختوں میں چہچہا رہے تھے۔	Urdu (Standard)	South Asia	SACOR_01
The wedding ceremony lasted three days.	شادی کی تقریب تین دن تک چلی۔	Urdu (Standard)	South Asia	SACOR_06
Traditional music is important for our heritage.	روایتی موسیقی ہماری وراثت کے لیے اہم ہے۔	Urdu (Standard)	South Asia	SACOR_01
Small businesses create employment opportunities.	چھوٹے کاروبار روزگار کے مواقع پیدا کرتے ہیں۔	Urdu (Standard)	South Asia	SACOR_01
Smartphones have changed how people communicate.	اسمارٹ فونوں نے لوگوں کے رابطے کے طریقے کو تبدیل کر دیا ہے۔	Urdu (Standard)	South Asia	SACOR_05
Tea is served to guests as a gesture of hospitality.	مہمانوں کو مہمان نوازی کی نشانی کے طور پر چائے پیش کی جاتی ہے۔	Urdu (Standard)	South Asia	SACOR_06
The forest is home to many wild animals.	جنگل بہت سے جنگلی جانوروں کا گھر ہے۔	Urdu (Standard)	South Asia	SACOR_02
Eating fresh fruits provides essential vitamins.	تازہ پھل کھانا ضروری وٹامن فراہم کرتا ہے۔	Urdu (Standard)	South Asia	SACOR_01
Pollution in cities has become a serious problem.	شہروں میں آلودگی ایک سنجیدہ مسئلہ بن گئی ہے۔	Urdu (Standard)	South Asia	SACOR_07
Sports teach teamwork and discipline.	کھیل ٹیم ورک اور نظم و ضبط سکھاتے ہیں۔	Urdu (Standard)	South Asia	SACOR_07
Handicrafts showcase artistic traditions.	دستی کاریاں فنکارانہ روایات دکھاتی ہیں۔	Urdu (Standard)	South Asia	SACOR_07
Pollution in cities has become a serious problem.	شہروں میں آلودگی ایک سنجیدہ مسئلہ بن گئی ہے۔	Urdu (Standard)	South Asia	SACOR_01
Traditional music is important for our heritage.	روایتی موسیقی ہماری وراثت کے لیے اہم ہے۔	Urdu (Standard)	South Asia	SACOR_06
People celebrate festivals with great joy.	لوگ بہت خوشی سے تہوار مناتے ہیں۔	Urdu (Standard)	South Asia	SACOR_09
Cricket is a popular sport.	کرکٹ ایک مقبول کھیل ہے۔	Urdu (Standard)	South Asia	SACOR_09
Family members support each other during difficult times.	خاندان کے ممبر مشکل وقتوں میں ایک دوسرے کی مدد کرتے ہیں۔	Urdu (Standard)	South Asia	SACOR_01
Farmers planted rice in the flooded fields.	کسانوں نے پانی والے کھیتوں میں چاول بوئے۔	Urdu (Standard)	South Asia	SACOR_10
The internet connects people across continents.	انٹرنیٹ براعظموں میں لوگوں کو جوڑتا ہے۔	Urdu (Standard)	South Asia	SACOR_06
Small businesses create employment opportunities.	چھوٹے کاروبار روزگار کے مواقع پیدا کرتے ہیں۔	Urdu (Standard)	South Asia	SACOR_10
Spices add flavor to traditional dishes.	مصالحے روایتی کھانوں میں ذائقہ بڑھاتے ہیں۔	Urdu (Standard)	South Asia	SACOR_03
Children learn best when they are interested.	بچے بہترین سیکھتے ہیں جب وہ دلچسپی رکھتے ہیں۔	Urdu (Standard)	South Asia	SACOR_05
She walked slowly through the garden.	وہ باغ میں آہستہ آہستہ چلی۔	Urdu (Standard)	South Asia	SACOR_04
The teacher explained the lesson patiently.	استاد نے صبر سے سبق سمجھایا۔	Urdu (Standard)	South Asia	SACOR_10
Parents sacrifice their own needs for children.	والدین بچوں کے لیے اپنی ضرورتیں قربان کرتے ہیں۔	Urdu (Standard)	South Asia	SACOR_09
The bus arrived late.	بس دیر سے پہنچی۔	Urdu (Standard)	South Asia	SACOR_02
After finishing his work, he sat down.	اپنا کام مکمل کرنے کے بعد، وہ بیٹھ گیا۔	Urdu (Standard)	South Asia	SACOR_06
Online shopping has become popular.	آن لائن خریداری مقبول ہو گئی ہے۔	Urdu (Standard)	South Asia	SACOR_09
The river flows peacefully through the valley.	دریا وادی میں پرامن طریقے سے بہتا ہے۔	Urdu (Standard)	South Asia	SACOR_09
Students gathered in the library.	طلباء لائبریری میں جمع ہوئے۔	Urdu (Standard)	South Asia	SACOR_04
I woke up early this morning.	میں آج صبح جلدی اٹھا۔	Urdu (Standard)	South Asia	SACOR_03
We decided to visit the old temple.	ہم نے پرانے مندر کا دورہ کرنے کا فیصلہ کیا۔	Urdu (Standard)	South Asia	SACOR_03
She cooked delicious biryani for the family.	اس نے خاندان کے لیے مزیدار بریانی پکائی۔	Urdu (Standard)	South Asia	SACOR_06
She received a scholarship to study medicine.	اسے طب کی تعلیم کے لیے اسکالرشپ ملی۔	Urdu (Standard)	South Asia	SACOR_08
Respecting elders is an important value.	بزرگوں کا احترام ایک اہم قدر ہے۔	Urdu (Standard)	South Asia	SACOR_01
Agriculture remains the primary source of income.	زراعت آمدنی کا بنیادی ذریعہ رہتی ہے۔	Urdu (Standard)	South Asia	SACOR_03
Regular exercise helps maintain good health.	منظم ورزش اچھی صحت برقرار رکھنے میں مدد کرتی ہے۔	Urdu (Standard)	South Asia	SACOR_02
The wedding ceremony lasted three days.	شادی کی تقریب تین دن تک چلی۔	Urdu (Standard)	South Asia	SACOR_02
Reading books improves vocabulary.	کتابیں پڑھنا ذخیرہ الفاظ بہتر بناتا ہے۔	Urdu (Standard)	South Asia	SACOR_07
Education opens doors to opportunities.	تعلیم مواقع کے دروازے کھولتی ہے۔	Urdu (Standard)	South Asia	SACOR_09
The forest is home to many wild animals.	جنگل بہت سے جنگلی جانوروں کا گھر ہے۔	Urdu (Standard)	South Asia	SACOR_07
The school organized a science fair.	اسکول نے سائنس میلہ منظم کیا۔	Urdu (Standard)	South Asia	SACOR_07
Handicrafts showcase artistic traditions.	دستی کاریاں فنکارانہ روایات دکھاتی ہیں۔	Urdu (Standard)	South Asia	SACOR_01
Children were playing cricket in the street.	بچے سڑک پر کرکٹ کھیل رہے تھے۔	Urdu (Standard)	South Asia	SACOR_03
Teachers shape young minds.	استاد نوجوان ذہنوں کو شکل دیتے ہیں۔	Urdu (Standard)	South Asia	SACOR_09
Train journeys offer scenic views.	ریل کے سفر مناظر کے نظارے پیش کرتے ہیں۔	Urdu (Standard)	South Asia	SACOR_10
Clear communication prevents misunderstandings.	صاف رابطہ غلط فہمیوں کو روکتا ہے۔	Urdu (Standard)	South Asia	SACOR_03
The professor wrote equations on the blackboard.	پروفیسر نے تختے پر مساوات لکھیں۔	Urdu (Standard)	South Asia	SACOR_09
People travel long distances to visit religious sites.	لوگ مذہبی مقامات دیکھنے کے لیے لمبی دوریاں طے کرتے ہیں۔	Urdu (Standard)	South Asia	SACOR_02
Doctors recommend drinking plenty of water.	ڈاکٹر زیادہ پانی پینے کی صلاح دیتے ہیں۔	Urdu (Standard)	South Asia	SACOR_05
Eating fresh fruits provides essential vitamins.	تازہ پھل کھانا ضروری وٹامن فراہم کرتا ہے۔	Urdu (Standard)	South Asia	SACOR_10
Tea is served to guests as a gesture of hospitality.	مہمانوں کو مہمان نوازی کی نشانی کے طور پر چائے پیش کی جاتی ہے۔	Urdu (Standard)	South Asia	SACOR_09
Doctors work long hours to treat patients.	ڈاکٹر مریضوں کا علاج کرنے کے لیے لمبے گھنٹے کام کرتے ہیں۔	Urdu (Standard)	South Asia	SACOR_10
The market was crowded with people.	بازار لوگوں سے بھرا ہوا تھا۔	Urdu (Standard)	South Asia	SACOR_07
My grandmother told me stories.	میری دادی نے مجھے کہانیاں سنائیں۔	Urdu (Standard)	South Asia	SACOR_06
Storytelling preserves culture and knowledge.	کہانی سنانا ثقافت اور علم کو محفوظ رکھتا ہے۔	Urdu (Standard)	South Asia	SACOR_07
Farmers wake up early to tend to crops.	کسان فصلوں کی دیکھ بھال کے لیے جلدی اٹھتے ہیں۔	Urdu (Standard)	South Asia	SACOR_10
Tourism brings revenue to regions with historical sites.	سیاحت تاریخی مقامات والے علاقوں میں آمدنی لاتی ہے۔	Urdu (Standard)	South Asia	SACOR_02
Learning a new language requires practice.	نئی زبان سیکھنے کے لیے مشق کی ضرورت ہے۔	Urdu (Standard)	South Asia	SACOR_08
Elderly people share wisdom and stories.	بزرگ لوگ حکمت اور کہانیاں بانٹتے ہیں۔	Urdu (Standard)	South Asia	SACOR_09
Sports teach teamwork and discipline.	کھیل ٹیم ورک اور نظم و ضبط سکھاتے ہیں۔	Urdu (Standard)	South Asia	SACOR_02
Birds were chirping in the trees.	پرندے درختوں میں چہچہا رہے تھے۔	Urdu (Standard)	South Asia	SACOR_06
Smartphones have changed how people communicate.	اسمارٹ فونوں نے لوگوں کے رابطے کے طریقے کو تبدیل کر دیا ہے۔	Urdu (Standard)	South Asia	SACOR_05
Digital payments have made transactions faster.	ڈیجیٹل ادائیگیوں نے معاملات تیز کر دیے ہیں۔	Urdu (Standard)	South Asia	SACOR_09
Cooking together brings family members closer.	مل کر کھانا پکانا خاندان کے ممبروں کو قریب لاتا ہے۔	Urdu (Standard)	South Asia	SACOR_04
Students gathered in the library.	طلباء لائبریری میں جمع ہوئے۔	Urdu (Standard)	South Asia	SACOR_07
Traditional music is important for our heritage.	روایتی موسیقی ہماری وراثت کے لیے اہم ہے۔	Urdu (Standard)	South Asia	SACOR_02
Tea is served to guests as a gesture of hospitality.	مہمانوں کو مہمان نوازی کی نشانی کے طور پر چائے پیش کی جاتی ہے۔	Urdu (Standard)	South Asia	SACOR_02
Birds were chirping in the trees.	پرندے درختوں میں چہچہا رہے تھے۔	Urdu (Standard)	South Asia	SACOR_06
Reading books improves vocabulary.	کتابیں پڑھنا ذخیرہ الفاظ بہتر بناتا ہے۔	Urdu (Standard)	South Asia	SACOR_04
The forest is home to many wild animals.	جنگل بہت سے جنگلی جانوروں کا گھر ہے۔	Urdu (Standard)	South Asia	SACOR_09
Spices add flavor to traditional dishes.	مصالحے روایتی کھانوں میں ذائقہ بڑھاتے ہیں۔	Urdu (Standard)	South Asia	SACOR_04
The teacher explained the lesson patiently.	استاد نے صبر سے سبق سمجھایا۔	Urdu (Standard)	South Asia	SACOR_04
She cooked delicious biryani for the family.	اس نے خاندان کے لیے مزیدار بریانی پکائی۔	Urdu (Standard)	South Asia	SACOR_07
She walked slowly through the garden.	وہ باغ میں آہستہ آہستہ چلی۔	Urdu (Standard)	South Asia	SACOR_07
Learning a new language requires practice.	نئی زبان سیکھنے کے لیے مشق کی ضرورت ہے۔	Urdu (Standard)	South Asia	SACOR_05
Teachers shape young minds.	استاد نوجوان ذہنوں کو شکل دیتے ہیں۔	Urdu (Standard)	South Asia	SACOR_05
Smartphones have changed how people communicate.	اسمارٹ فونوں نے لوگوں کے رابطے کے طریقے کو تبدیل کر دیا ہے۔	Urdu (Standard)	South Asia	SACOR_10
Education opens doors to opportunities.	تعلیم مواقع کے دروازے کھولتی ہے۔	Urdu (Standard)	South Asia	SACOR_04
Clear communication prevents misunderstandings.	صاف رابطہ غلط فہمیوں کو روکتا ہے۔	Urdu (Standard)	South Asia	SACOR_05
People celebrate festivals with great joy.	لوگ بہت خوشی سے تہوار مناتے ہیں۔	Urdu (Standard)	South Asia	SACOR_08
Cooking together brings family members closer.	مل کر کھانا پکانا خاندان کے ممبروں کو قریب لاتا ہے۔	Urdu (Standard)	South Asia	SACOR_05
Tourism brings revenue to regions with historical sites.	سیاحت تاریخی مقامات والے علاقوں میں آمدنی لاتی ہے۔	Urdu (Standard)	South Asia	SACOR_04
Sports teach teamwork and discipline.	کھیل ٹیم ورک اور نظم و ضبط سکھاتے ہیں۔	Urdu (Standard)	South Asia	SACOR_01
People travel long distances to visit religious sites.	لوگ مذہبی مقامات دیکھنے کے لیے لمبی دوریاں طے کرتے ہیں۔	Urdu (Standard)	South Asia	SACOR_04
The professor wrote equations on the blackboard.	پروفیسر نے تختے پر مساوات لکھیں۔	Urdu (Standard)	South Asia	SACOR_05
I woke up early this morning.	میں آج صبح جلدی اٹھا۔	Urdu (Standard)	South Asia	SACOR_03
Children learn best when they are interested.	بچے بہترین سیکھتے ہیں جب وہ دلچسپی رکھتے ہیں۔	Urdu (Standard)	South Asia	SACOR_07
The internet connects people across continents.	انٹرنیٹ براعظموں میں لوگوں کو جوڑتا ہے۔	Urdu (Standard)	South Asia	SACOR_08
The market was crowded with people.	بازار لوگوں سے بھرا ہوا تھا۔	Urdu (Standard)	South Asia	SACOR_09
Elderly people share wisdom and stories.	بزرگ لوگ حکمت اور کہانیاں بانٹتے ہیں۔	Urdu (Standard)	South Asia	SACOR_05
The school organized a science fair.	اسکول نے سائنس میلہ منظم کیا۔	Urdu (Standard)	South Asia	SACOR_06
Respecting elders is an important value.	بزرگوں کا احترام ایک اہم قدر ہے۔	Urdu (Standard)	South Asia	SACOR_07
Digital payments have made transactions faster.	ڈیجیٹل ادائیگیوں نے معاملات تیز کر دیے ہیں۔	Urdu (Standard)	South Asia	SACOR_07
Agriculture remains the primary source of income.	زراعت آمدنی کا بنیادی ذریعہ رہتی ہے۔	Urdu (Standard)	South Asia	SACOR_02
The wedding ceremony lasted three days.	شادی کی تقریب تین دن تک چلی۔	Urdu (Standard)	South Asia	SACOR_02
Storytelling preserves culture and knowledge.	کہانی سنانا ثقافت اور علم کو محفوظ رکھتا ہے۔	Urdu (Standard)	South Asia	SACOR_06
Small businesses create employment opportunities.	چھوٹے کاروبار روزگار کے مواقع پیدا کرتے ہیں۔	Urdu (Standard)	South Asia	SACOR_06
Family members support each other during difficult times.	خاندان کے ممبر مشکل وقتوں میں ایک دوسرے کی مدد کرتے ہیں۔	Urdu (Standard)	South Asia	SACOR_07
Handicrafts showcase artistic traditions.	دستی کاریاں فنکارانہ روایات دکھاتی ہیں۔	Urdu (Standard)	South Asia	SACOR_09
Doctors recommend drinking plenty of water.	ڈاکٹر زیادہ پانی پینے کی صلاح دیتے ہیں۔	Urdu (Standard)	South Asia	SACOR_02
Children were playing cricket in the street.	بچے سڑک پر کرکٹ کھیل رہے تھے۔	Urdu (Standard)	South Asia	SACOR_07
Online shopping has become popular.	آن لائن خریداری مقبول ہو گئی ہے۔	Urdu (Standard)	South Asia	SACOR_01
Regular exercise helps maintain good health.	منظم ورزش اچھی صحت برقرار رکھنے میں مدد کرتی ہے۔	Urdu (Standard)	South Asia	SACOR_10
Parents sacrifice their own needs for children.	والدین بچوں کے لیے اپنی ضرورتیں قربان کرتے ہیں۔	Urdu (Standard)	South Asia	SACOR_07
Doctors work long hours to treat patients.	ڈاکٹر مریضوں کا علاج کرنے کے لیے لمبے گھنٹے کام کرتے ہیں۔	Urdu (Standard)	South Asia	SACOR_05
Eating fresh fruits provides essential vitamins.	تازہ پھل کھانا ضروری وٹامن فراہم کرتا ہے۔	Urdu (Standard)	South Asia	SACOR_01
Farmers wake up early to tend to crops.	کسان فصلوں کی دیکھ بھال کے لیے جلدی اٹھتے ہیں۔	Urdu (Standard)	South Asia	SACOR_06
Train journeys offer scenic views.	ریل کے سفر مناظر کے نظارے پیش کرتے ہیں۔	Urdu (Standard)	South Asia	SACOR_08
The river flows peacefully through the valley.	دریا وادی میں پرامن طریقے سے بہتا ہے۔	Urdu (Standard)	South Asia	SACOR_09
My grandmother told me stories.	میری دادی نے مجھے کہانیاں سنائیں۔	Urdu (Standard)	South Asia	SACOR_08
The bus arrived late.	بس دیر سے پہنچی۔	Urdu (Standard)	South Asia	SACOR_07
We decided to visit the old temple.	ہم نے پرانے مندر کا دورہ کرنے کا فیصلہ کیا۔	Urdu (Standard)	South Asia	SACOR_07
She received a scholarship to study medicine.	اسے طب کی تعلیم کے لیے اسکالرشپ ملی۔	Urdu (Standard)	South Asia	SACOR_01
Pollution in cities has become a serious problem.	شہروں میں آلودگی ایک سنجیدہ مسئلہ بن گئی ہے۔	Urdu (Standard)	South Asia	SACOR_02
After finishing his work, he sat down.	اپنا کام مکمل کرنے کے بعد، وہ بیٹھ گیا۔	Urdu (Standard)	South Asia	SACOR_08
Cricket is a popular sport.	کرکٹ ایک مقبول کھیل ہے۔	Urdu (Standard)	South Asia	SACOR_09
Farmers planted rice in the flooded fields.	کسانوں نے پانی والے کھیتوں میں چاول بوئے۔	Urdu (Standard)	South Asia	SACOR_03
Agriculture remains the primary source of income.	زراعت آمدنی کا بنیادی ذریعہ رہتی ہے۔	Urdu (Standard)	South Asia	SACOR_10
Tourism brings revenue to regions with historical sites.	سیاحت تاریخی مقامات والے علاقوں میں آمدنی لاتی ہے۔	Urdu (Standard)	South Asia	SACOR_07
Handicrafts showcase artistic traditions.	دستی کاریاں فنکارانہ روایات دکھاتی ہیں۔	Urdu (Standard)	South Asia	SACOR_02
Storytelling preserves culture and knowledge.	کہانی سنانا ثقافت اور علم کو محفوظ رکھتا ہے۔	Urdu (Standard)	South Asia	SACOR_05
The river flows peacefully through the valley.	دریا وادی میں پرامن طریقے سے بہتا ہے۔	Urdu (Standard)	South Asia	SACOR_08
The school organized a science fair.	اسکول نے سائنس میلہ منظم کیا۔	Urdu (Standard)	South Asia	SACOR_04
Elderly people share wisdom and stories.	بزرگ لوگ حکمت اور کہانیاں بانٹتے ہیں۔	Urdu (Standard)	South Asia	SACOR_01
Sports teach teamwork and discipline.	کھیل ٹیم ورک اور نظم و ضبط سکھاتے ہیں۔	Urdu (Standard)	South Asia	SACOR_08
Clear communication prevents misunderstandings.	صاف رابطہ غلط فہمیوں کو روکتا ہے۔	Urdu (Standard)	South Asia	SACOR_05
She received a scholarship to study medicine.	اسے طب کی تعلیم کے لیے اسکالرشپ ملی۔	Urdu (Standard)	South Asia	SACOR_09
Eating fresh fruits provides essential vitamins.	تازہ پھل کھانا ضروری وٹامن فراہم کرتا ہے۔	Urdu (Standard)	South Asia	SACOR_01
Spices add flavor to traditional dishes.	مصالحے روایتی کھانوں میں ذائقہ بڑھاتے ہیں۔	Urdu (Standard)	South Asia	SACOR_03
We decided to visit the old temple.	ہم نے پرانے مندر کا دورہ کرنے کا فیصلہ کیا۔	Urdu (Standard)	South Asia	SACOR_08
Regular exercise helps maintain good health.	منظم ورزش اچھی صحت برقرار رکھنے میں مدد کرتی ہے۔	Urdu (Standard)	South Asia	SACOR_10
Parents sacrifice their own needs for children.	والدین بچوں کے لیے اپنی ضرورتیں قربان کرتے ہیں۔	Urdu (Standard)	South Asia	SACOR_08
Birds were chirping in the trees.	پرندے درختوں میں چہچہا رہے تھے۔	Urdu (Standard)	South Asia	SACOR_03
Education opens doors to opportunities.	تعلیم مواقع کے دروازے کھولتی ہے۔	Urdu (Standard)	South Asia	SACOR_08
Online shopping has become popular.	آن لائن خریداری مقبول ہو گئی ہے۔	Urdu (Standard)	South Asia	SACOR_04
Farmers wake up early to tend to crops.	کسان فصلوں کی دیکھ بھال کے لیے جلدی اٹھتے ہیں۔	Urdu (Standard)	South Asia	SACOR_01
Tea is served to guests as a gesture of hospitality.	مہمانوں کو مہمان نوازی کی نشانی کے طور پر چائے پیش کی جاتی ہے۔	Urdu (Standard)	South Asia	SACOR_02
The wedding ceremony lasted three days.	شادی کی تقریب تین دن تک چلی۔	Urdu (Standard)	South Asia	SACOR_10
My grandmother told me stories.	میری دادی نے مجھے کہانیاں سنائیں۔	Urdu (Standard)	South Asia	SACOR_10
Doctors work long hours to treat patients.	ڈاکٹر مریضوں کا علاج کرنے کے لیے لمبے گھنٹے کام کرتے ہیں۔	Urdu (Standard)	South Asia	SACOR_07
The market was crowded with people.	بازار لوگوں سے بھرا ہوا تھا۔	Urdu (Standard)	South Asia	SACOR_10
Reading books improves vocabulary.	کتابیں پڑھنا ذخیرہ الفاظ بہتر بناتا ہے۔	Urdu (Standard)	South Asia	SACOR_10
Cricket is a popular sport.	کرکٹ ایک مقبول کھیل ہے۔	Urdu (Standard)	South Asia	SACOR_05
Respecting elders is an important value.	بزرگوں کا احترام ایک اہم قدر ہے۔	Urdu (Standard)	South Asia	SACOR_07
The teacher explained the lesson patiently.	استاد نے صبر سے سبق سمجھایا۔	Urdu (Standard)	South Asia	SACOR_06
She walked slowly through the garden.	وہ باغ میں آہستہ آہستہ چلی۔	Urdu (Standard)	South Asia	SACOR_03
Children were playing cricket in the street.	بچے سڑک پر کرکٹ کھیل رہے تھے۔	Urdu (Standard)	South Asia	SACOR_02
Pollution in cities has become a serious problem.	شہروں میں آلودگی ایک سنجیدہ مسئلہ بن گئی ہے۔	Urdu (Standard)	South Asia	SACOR_08
The internet connects people across continents.	انٹرنیٹ براعظموں میں لوگوں کو جوڑتا ہے۔	Urdu (Standard)	South Asia	SACOR_05
Students gathered in the library.	طلباء لائبریری میں جمع ہوئے۔	Urdu (Standard)	South Asia	SACOR_06
The professor wrote equations on the blackboard.	پروفیسر نے تختے پر مساوات لکھیں۔	Urdu (Standard)	South Asia	SACOR_07
I woke up early this morning.	میں آج صبح جلدی اٹھا۔	Urdu (Standard)	South Asia	SACOR_06
The bus arrived late.	بس دیر سے پہنچی۔	Urdu (Standard)	South Asia	SACOR_09
Children learn best when they are interested.	بچے بہترین سیکھتے ہیں جب وہ دلچسپی رکھتے ہیں۔	Urdu (Standard)	South Asia	SACOR_10
Doctors recommend drinking plenty of water.	ڈاکٹر زیادہ پانی پینے کی صلاح دیتے ہیں۔	Urdu (Standard)	South Asia	SACOR_09
People celebrate festivals with great joy.	لوگ بہت خوشی سے تہوار مناتے ہیں۔	Urdu (Standard)	South Asia	SACOR_09
After finishing his work, he sat down.	اپنا کام مکمل کرنے کے بعد، وہ بیٹھ گیا۔	Urdu (Standard)	South Asia	SACOR_05
Farmers planted rice in the flooded fields.	کسانوں نے پانی والے کھیتوں میں چاول بوئے۔	Urdu (Standard)	South Asia	SACOR_04
Learning a new language requires practice.	نئی زبان سیکھنے کے لیے مشق کی ضرورت ہے۔	Urdu (Standard)	South Asia	SACOR_09
Smartphones have changed how people communicate.	اسمارٹ فونوں نے لوگوں کے رابطے کے طریقے کو تبدیل کر دیا ہے۔	Urdu (Standard)	South Asia	SACOR_07
Small businesses create employment opportunities.	چھوٹے کاروبار روزگار کے مواقع پیدا کرتے ہیں۔	Urdu (Standard)	South Asia	SACOR_09
Digital payments have made transactions faster.	ڈیجیٹل ادائیگیوں نے معاملات تیز کر دیے ہیں۔	Urdu (Standard)	South Asia	SACOR_05
Train journeys offer scenic views.	ریل کے سفر مناظر کے نظارے پیش کرتے ہیں۔	Urdu (Standard)	South Asia	SACOR_05
Traditional music is important for our heritage.	روایتی موسیقی ہماری وراثت کے لیے اہم ہے۔	Urdu (Standard)	South Asia	SACOR_04
Family members support each other during difficult times.	خاندان کے ممبر مشکل وقتوں میں ایک دوسرے کی مدد کرتے ہیں۔	Urdu (Standard)	South Asia	SACOR_09
Teachers shape young minds.	استاد نوجوان ذہنوں کو شکل دیتے ہیں۔	Urdu (Standard)	South Asia	SACOR_01
Cooking together brings family members closer.	مل کر کھانا پکانا خاندان کے ممبروں کو قریب لاتا ہے۔	Urdu (Standard)	South Asia	SACOR_07
People travel long distances to visit religious sites.	لوگ مذہبی مقامات دیکھنے کے لیے لمبی دوریاں طے کرتے ہیں۔	Urdu (Standard)	South Asia	SACOR_09
She cooked delicious biryani for the family.	اس نے خاندان کے لیے مزیدار بریانی پکائی۔	Urdu (Standard)	South Asia	SACOR_05
The forest is home to many wild animals.	جنگل بہت سے جنگلی جانوروں کا گھر ہے۔	Urdu (Standard)	South Asia	SACOR_02
The wedding ceremony lasted three days.	شادی کی تقریب تین دن تک چلی۔	Urdu (Standard)	South Asia	SACOR_05
Doctors recommend drinking plenty of water.	ڈاکٹر زیادہ پانی پینے کی صلاح دیتے ہیں۔	Urdu (Standard)	South Asia	SACOR_06
People travel long distances to visit religious sites.	لوگ مذہبی مقامات دیکھنے کے لیے لمبی دوریاں طے کرتے ہیں۔	Urdu (Standard)	South Asia	SACOR_08
She cooked delicious biryani for the family.	اس نے خاندان کے لیے مزیدار بریانی پکائی۔	Urdu (Standard)	South Asia	SACOR_10
We decided to visit the old temple.	ہم نے پرانے مندر کا دورہ کرنے کا فیصلہ کیا۔	Urdu (Standard)	South Asia	SACOR_06
The professor wrote equations on the blackboard.	پروفیسر نے تختے پر مساوات لکھیں۔	Urdu (Standard)	South Asia	SACOR_06
Cricket is a popular sport.	کرکٹ ایک مقبول کھیل ہے۔	Urdu (Standard)	South Asia	SACOR_08
Online shopping has become popular.	آن لائن خریداری مقبول ہو گئی ہے۔	Urdu (Standard)	South Asia	SACOR_04
Farmers planted rice in the flooded fields.	کسانوں نے پانی والے کھیتوں میں چاول بوئے۔	Urdu (Standard)	South Asia	SACOR_09
She walked slowly through the garden.	وہ باغ میں آہستہ آہستہ چلی۔	Urdu (Standard)	South Asia	SACOR_02
Parents sacrifice their own needs for children.	والدین بچوں کے لیے اپنی ضرورتیں قربان کرتے ہیں۔	Urdu (Standard)	South Asia	SACOR_06
After finishing his work, he sat down.	اپنا کام مکمل کرنے کے بعد، وہ بیٹھ گیا۔	Urdu (Standard)	South Asia	SACOR_07
Children were playing cricket in the street.	بچے سڑک پر کرکٹ کھیل رہے تھے۔	Urdu (Standard)	South Asia	SACOR_08
Traditional music is important for our heritage.	روایتی موسیقی ہماری وراثت کے لیے اہم ہے۔	Urdu (Standard)	South Asia	SACOR_10
The market was crowded with people.	بازار لوگوں سے بھرا ہوا تھا۔	Urdu (Standard)	South Asia	SACOR_10
Smartphones have changed how people communicate.	اسمارٹ فونوں نے لوگوں کے رابطے کے طریقے کو تبدیل کر دیا ہے۔	Urdu (Standard)	South Asia	SACOR_08
Handicrafts showcase artistic traditions.	دستی کاریاں فنکارانہ روایات دکھاتی ہیں۔	Urdu (Standard)	South Asia	SACOR_03
The school organized a science fair.	اسکول نے سائنس میلہ منظم کیا۔	Urdu (Standard)	South Asia	SACOR_09
The forest is home to many wild animals.	جنگل بہت سے جنگلی جانوروں کا گھر ہے۔	Urdu (Standard)	South Asia	SACOR_02
Farmers wake up early to tend to crops.	کسان فصلوں کی دیکھ بھال کے لیے جلدی اٹھتے ہیں۔	Urdu (Standard)	South Asia	SACOR_06
The internet connects people across continents.	انٹرنیٹ براعظموں میں لوگوں کو جوڑتا ہے۔	Urdu (Standard)	South Asia	SACOR_07
Students gathered in the library.	طلباء لائبریری میں جمع ہوئے۔	Urdu (Standard)	South Asia	SACOR_02
Storytelling preserves culture and knowledge.	کہانی سنانا ثقافت اور علم کو محفوظ رکھتا ہے۔	Urdu (Standard)	South Asia	SACOR_04
The river flows peacefully through the valley.	دریا وادی میں پرامن طریقے سے بہتا ہے۔	Urdu (Standard)	South Asia	SACOR_01
Doctors work long hours to treat patients.	ڈاکٹر مریضوں کا علاج کرنے کے لیے لمبے گھنٹے کام کرتے ہیں۔	Urdu (Standard)	South Asia	SACOR_03
The teacher explained the lesson patiently.	استاد نے صبر سے سبق سمجھایا۔	Urdu (Standard)	South Asia	SACOR_04
Agriculture remains the primary source of income.	زراعت آمدنی کا بنیادی ذریعہ رہتی ہے۔	Urdu (Standard)	South Asia	SACOR_03
Digital payments have made transactions faster.	ڈیجیٹل ادائیگیوں نے معاملات تیز کر دیے ہیں۔	Urdu (Standard)	South Asia	SACOR_08
Spices add flavor to traditional dishes.	مصالحے روایتی کھانوں میں ذائقہ بڑھاتے ہیں۔	Urdu (Standard)	South Asia	SACOR_07
Clear communication prevents misunderstandings.	صاف رابطہ غلط فہمیوں کو روکتا ہے۔	Urdu (Standard)	South Asia	SACOR_04
Birds were chirping in the trees.	پرندے درختوں میں چہچہا رہے تھے۔	Urdu (Standard)	South Asia	SACOR_10
Tea is served to guests as a gesture of hospitality.	مہمانوں کو مہمان نوازی کی نشانی کے طور پر چائے پیش کی جاتی ہے۔	Urdu (Standard)	South Asia	SACOR_02
Education opens doors to opportunities.	تعلیم مواقع کے دروازے کھولتی ہے۔	Urdu (Standard)	South Asia	SACOR_07
I woke up early this morning.	میں آج صبح جلدی اٹھا۔	Urdu (Standard)	South Asia	SACOR_10
Regular exercise helps maintain good health.	منظم ورزش اچھی صحت برقرار رکھنے میں مدد کرتی ہے۔	Urdu (Standard)	South Asia	SACOR_05
Pollution in cities has become a serious problem.	شہروں میں آلودگی ایک سنجیدہ مسئلہ بن گئی ہے۔	Urdu (Standard)	South Asia	SACOR_10
Teachers shape young minds.	استاد نوجوان ذہنوں کو شکل دیتے ہیں۔	Urdu (Standard)	South Asia	SACOR_08
Eating fresh fruits provides essential vitamins.	تازہ پھل کھانا ضروری وٹامن فراہم کرتا ہے۔	Urdu (Standard)	South Asia	SACOR_04
Reading books improves vocabulary.	کتابیں پڑھنا ذخیرہ الفاظ بہتر بناتا ہے۔	Urdu (Standard)	South Asia	SACOR_10
Tourism brings revenue to regions with historical sites.	سیاحت تاریخی مقامات والے علاقوں میں آمدنی لاتی ہے۔	Urdu (Standard)	South Asia	SACOR_08
People celebrate festivals with great joy.	لوگ بہت خوشی سے تہوار مناتے ہیں۔	Urdu (Standard)	South Asia	SACOR_07
Elderly people share wisdom and stories.	بزرگ لوگ حکمت اور کہانیاں بانٹتے ہیں۔	Urdu (Standard)	South Asia	SACOR_09
Children learn best when they are interested.	بچے بہترین سیکھتے ہیں جب وہ دلچسپی رکھتے ہیں۔	Urdu (Standard)	South Asia	SACOR_08
Respecting elders is an important value.	بزرگوں کا احترام ایک اہم قدر ہے۔	Urdu (Standard)	South Asia	SACOR_07
Small businesses create employment opportunities.	چھوٹے کاروبار روزگار کے مواقع پیدا کرتے ہیں۔	Urdu (Standard)	South Asia	SACOR_06
Sports teach teamwork and discipline.	کھیل ٹیم ورک اور نظم و ضبط سکھاتے ہیں۔	Urdu (Standard)	South Asia	SACOR_10
Train journeys offer scenic views.	ریل کے سفر مناظر کے نظارے پیش کرتے ہیں۔	Urdu (Standard)	South Asia	SACOR_07
Cooking together brings family members closer.	مل کر کھانا پکانا خاندان کے ممبروں کو قریب لاتا ہے۔	Urdu (Standard)	South Asia	SACOR_05
The bus arrived late.	بس دیر سے پہنچی۔	Urdu (Standard)	South Asia	SACOR_08
Learning a new language requires practice.	نئی زبان سیکھنے کے لیے مشق کی ضرورت ہے۔	Urdu (Standard)	South Asia	SACOR_02
My grandmother told me stories.	میری دادی نے مجھے کہانیاں سنائیں۔	Urdu (Standard)	South Asia	SACOR_09
Family members support each other during difficult times.	خاندان کے ممبر مشکل وقتوں میں ایک دوسرے کی مدد کرتے ہیں۔	Urdu (Standard)	South Asia	SACOR_02
She received a scholarship to study medicine.	اسے طب کی تعلیم کے لیے اسکالرشپ ملی۔	Urdu (Standard)	South Asia	SACOR_08
The school organized a science fair.	اسکول نے سائنس میلہ منظم کیا۔	Urdu (Standard)	South Asia	SACOR_06
Tourism brings revenue to regions with historical sites.	سیاحت تاریخی مقامات والے علاقوں میں آمدنی لاتی ہے۔	Urdu (Standard)	South Asia	SACOR_04
The teacher explained the lesson patiently.	استاد نے صبر سے سبق سمجھایا۔	Urdu (Standard)	South Asia	SACOR_05
Doctors work long hours to treat patients.	ڈاکٹر مریضوں کا علاج کرنے کے لیے لمبے گھنٹے کام کرتے ہیں۔	Urdu (Standard)	South Asia	SACOR_01
Spices add flavor to traditional dishes.	مصالحے روایتی کھانوں میں ذائقہ بڑھاتے ہیں۔	Urdu (Standard)	South Asia	SACOR_10
Parents sacrifice their own needs for children.	والدین بچوں کے لیے اپنی ضرورتیں قربان کرتے ہیں۔	Urdu (Standard)	South Asia	SACOR_07
People travel long distances to visit religious sites.	لوگ مذہبی مقامات دیکھنے کے لیے لمبی دوریاں طے کرتے ہیں۔	Urdu (Standard)	South Asia	SACOR_02
Storytelling preserves culture and knowledge.	کہانی سنانا ثقافت اور علم کو محفوظ رکھتا ہے۔	Urdu (Standard)	South Asia	SACOR_10
Farmers planted rice in the flooded fields.	کسانوں نے پانی والے کھیتوں میں چاول بوئے۔	Urdu (Standard)	South Asia	SACOR_10
Small businesses create employment opportunities.	چھوٹے کاروبار روزگار کے مواقع پیدا کرتے ہیں۔	Urdu (Standard)	South Asia	SACOR_08
I woke up early this morning.	میں آج صبح جلدی اٹھا۔	Urdu (Standard)	South Asia	SACOR_06
Pollution in cities has become a serious problem.	شہروں میں آلودگی ایک سنجیدہ مسئلہ بن گئی ہے۔	Urdu (Standard)	South Asia	SACOR_02
Students gathered in the library.	طلباء لائبریری میں جمع ہوئے۔	Urdu (Standard)	South Asia	SACOR_02
Cooking together brings family members closer.	مل کر کھانا پکانا خاندان کے ممبروں کو قریب لاتا ہے۔	Urdu (Standard)	South Asia	SACOR_08
Children learn best when they are interested.	بچے بہترین سیکھتے ہیں جب وہ دلچسپی رکھتے ہیں۔	Urdu (Standard)	South Asia	SACOR_06
Smartphones have changed how people communicate.	اسمارٹ فونوں نے لوگوں کے رابطے کے طریقے کو تبدیل کر دیا ہے۔	Urdu (Standard)	South Asia	SACOR_07
She received a scholarship to study medicine.	اسے طب کی تعلیم کے لیے اسکالرشپ ملی۔	Urdu (Standard)	South Asia	SACOR_04
We decided to visit the old temple.	ہم نے پرانے مندر کا دورہ کرنے کا فیصلہ کیا۔	Urdu (Standard)	South Asia	SACOR_05
Farmers wake up early to tend to crops.	کسان فصلوں کی دیکھ بھال کے لیے جلدی اٹھتے ہیں۔	Urdu (Standard)	South Asia	SACOR_05
Train journeys offer scenic views.	ریل کے سفر مناظر کے نظارے پیش کرتے ہیں۔	Urdu (Standard)	South Asia	SACOR_01
Online shopping has become popular.	آن لائن خریداری مقبول ہو گئی ہے۔	Urdu (Standard)	South Asia	SACOR_07
Teachers shape young minds.	استاد نوجوان ذہنوں کو شکل دیتے ہیں۔	Urdu (Standard)	South Asia	SACOR_01
Reading books improves vocabulary.	کتابیں پڑھنا ذخیرہ الفاظ بہتر بناتا ہے۔	Urdu (Standard)	South Asia	SACOR_03
Traditional music is important for our heritage.	روایتی موسیقی ہماری وراثت کے لیے اہم ہے۔	Urdu (Standard)	South Asia	SACOR_02
My grandmother told me stories.	میری دادی نے مجھے کہانیاں سنائیں۔	Urdu (Standard)	South Asia	SACOR_01
She walked slowly through the garden.	وہ باغ میں آہستہ آہستہ چلی۔	Urdu (Standard)	South Asia	SACOR_10
After finishing his work, he sat down.	اپنا کام مکمل کرنے کے بعد، وہ بیٹھ گیا۔	Urdu (Standard)	South Asia	SACOR_02
Tea is served to guests as a gesture of hospitality.	مہمانوں کو مہمان نوازی کی نشانی کے طور پر چائے پیش کی جاتی ہے۔	Urdu (Standard)	South Asia	SACOR_07
Respecting elders is an important value.	بزرگوں کا احترام ایک اہم قدر ہے۔	Urdu (Standard)	South Asia	SACOR_03
Sports teach teamwork and discipline.	کھیل ٹیم ورک اور نظم و ضبط سکھاتے ہیں۔	Urdu (Standard)	South Asia	SACOR_07
The bus arrived late.	بس دیر سے پہنچی۔	Urdu (Standard)	South Asia	SACOR_10
Education opens doors to opportunities.	تعلیم مواقع کے دروازے کھولتی ہے۔	Urdu (Standard)	South Asia	SACOR_07
The professor wrote equations on the blackboard.	پروفیسر نے تختے پر مساوات لکھیں۔	Urdu (Standard)	South Asia	SACOR_10
Digital payments have made transactions faster.	ڈیجیٹل ادائیگیوں نے معاملات تیز کر دیے ہیں۔	Urdu (Standard)	South Asia	SACOR_07
Doctors recommend drinking plenty of water.	ڈاکٹر زیادہ پانی پینے کی صلاح دیتے ہیں۔	Urdu (Standard)	South Asia	SACOR_08
Regular exercise helps maintain good health.	منظم ورزش اچھی صحت برقرار رکھنے میں مدد کرتی ہے۔	Urdu (Standard)	South Asia	SACOR_03
The forest is home to many wild animals.	جنگل بہت سے جنگلی جانوروں کا گھر ہے۔	Urdu (Standard)	South Asia	SACOR_08
Cricket is a popular sport.	کرکٹ ایک مقبول کھیل ہے۔	Urdu (Standard)	South Asia	SACOR_09
The river flows peacefully through the valley.	دریا وادی میں پرامن طریقے سے بہتا ہے۔	Urdu (Standard)	South Asia	SACOR_04
Handicrafts showcase artistic traditions.	دستی کاریاں فنکارانہ روایات دکھاتی ہیں۔	Urdu (Standard)	South Asia	SACOR_04
She cooked delicious biryani for the family.	اس نے خاندان کے لیے مزیدار بریانی پکائی۔	Urdu (Standard)	South Asia	SACOR_03
Elderly people share wisdom and stories.	بزرگ لوگ حکمت اور کہانیاں بانٹتے ہیں۔	Urdu (Standard)	South Asia	SACOR_03
Clear communication prevents misunderstandings.	صاف رابطہ غلط فہمیوں کو روکتا ہے۔	Urdu (Standard)	South Asia	SACOR_07
Learning a new language requires practice.	نئی زبان سیکھنے کے لیے مشق کی ضرورت ہے۔	Urdu (Standard)	South Asia	SACOR_04
Eating fresh fruits provides essential vitamins.	تازہ پھل کھانا ضروری وٹامن فراہم کرتا ہے۔	Urdu (Standard)	South Asia	SACOR_08
The internet connects people across continents.	انٹرنیٹ براعظموں میں لوگوں کو جوڑتا ہے۔	Urdu (Standard)	South Asia	SACOR_04
Birds were chirping in the trees.	پرندے درختوں میں چہچہا رہے تھے۔	Urdu (Standard)	South Asia	SACOR_02
Agriculture remains the primary source of income.	زراعت آمدنی کا بنیادی ذریعہ رہتی ہے۔	Urdu (Standard)	South Asia	SACOR_10
The market was crowded with people.	بازار لوگوں سے بھرا ہوا تھا۔	Urdu (Standard)	South Asia	SACOR_07
The wedding ceremony lasted three days.	شادی کی تقریب تین دن تک چلی۔	Urdu (Standard)	South Asia	SACOR_09
People celebrate festivals with great joy.	لوگ بہت خوشی سے تہوار مناتے ہیں۔	Urdu (Standard)	South Asia	SACOR_03
Children were playing cricket in the street.	بچے سڑک پر کرکٹ کھیل رہے تھے۔	Urdu (Standard)	South Asia	SACOR_05
Family members support each other during difficult times.	خاندان کے ممبر مشکل وقتوں میں ایک دوسرے کی مدد کرتے ہیں۔	Urdu (Standard)	South Asia	SACOR_04
Learning a new language requires practice.	نئی زبان سیکھنے کے لیے مشق کی ضرورت ہے۔	Urdu (Standard)	South Asia	SACOR_07
She cooked delicious biryani for the family.	اس نے خاندان کے لیے مزیدار بریانی پکائی۔	Urdu (Standard)	South Asia	SACOR_10
Doctors work long hours to treat patients.	ڈاکٹر مریضوں کا علاج کرنے کے لیے لمبے گھنٹے کام کرتے ہیں۔	Urdu (Standard)	South Asia	SACOR_09
The wedding ceremony lasted three days.	شادی کی تقریب تین دن تک چلی۔	Urdu (Standard)	South Asia	SACOR_02
Elderly people share wisdom and stories.	بزرگ لوگ حکمت اور کہانیاں بانٹتے ہیں۔	Urdu (Standard)	South Asia	SACOR_03
Train journeys offer scenic views.	ریل کے سفر مناظر کے نظارے پیش کرتے ہیں۔	Urdu (Standard)	South Asia	SACOR_01
Teachers shape young minds.	استاد نوجوان ذہنوں کو شکل دیتے ہیں۔	Urdu (Standard)	South Asia	SACOR_01
Digital payments have made transactions faster.	ڈیجیٹل ادائیگیوں نے معاملات تیز کر دیے ہیں۔	Urdu (Standard)	South Asia	SACOR_07
Clear communication prevents misunderstandings.	صاف رابطہ غلط فہمیوں کو روکتا ہے۔	Urdu (Standard)	South Asia	SACOR_08
Children were playing cricket in the street.	بچے سڑک پر کرکٹ کھیل رہے تھے۔	Urdu (Standard)	South Asia	SACOR_09
Online shopping has become popular.	آن لائن خریداری مقبول ہو گئی ہے۔	Urdu (Standard)	South Asia	SACOR_10
Handicrafts showcase artistic traditions.	دستی کاریاں فنکارانہ روایات دکھاتی ہیں۔	Urdu (Standard)	South Asia	SACOR_08
Reading books improves vocabulary.	کتابیں پڑھنا ذخیرہ الفاظ بہتر بناتا ہے۔	Urdu (Standard)	South Asia	SACOR_03
Parents sacrifice their own needs for children.	والدین بچوں کے لیے اپنی ضرورتیں قربان کرتے ہیں۔	Urdu (Standard)	South Asia	SACOR_07
Agriculture remains the primary source of income.	زراعت آمدنی کا بنیادی ذریعہ رہتی ہے۔	Urdu (Standard)	South Asia	SACOR_08
Cooking together brings family members closer.	مل کر کھانا پکانا خاندان کے ممبروں کو قریب لاتا ہے۔	Urdu (Standard)	South Asia	SACOR_02
Doctors recommend drinking plenty of water.	ڈاکٹر زیادہ پانی پینے کی صلاح دیتے ہیں۔	Urdu (Standard)	South Asia	SACOR_06
Small businesses create employment opportunities.	چھوٹے کاروبار روزگار کے مواقع پیدا کرتے ہیں۔	Urdu (Standard)	South Asia	SACOR_07
The market was crowded with people.	بازار لوگوں سے بھرا ہوا تھا۔	Urdu (Standard)	South Asia	SACOR_10
Birds were chirping in the trees.	پرندے درختوں میں چہچہا رہے تھے۔	Urdu (Standard)	South Asia	SACOR_02
Tourism brings revenue to regions with historical sites.	سیاحت تاریخی مقامات والے علاقوں میں آمدنی لاتی ہے۔	Urdu (Standard)	South Asia	SACOR_05
The professor wrote equations on the blackboard.	پروفیسر نے تختے پر مساوات لکھیں۔	Urdu (Standard)	South Asia	SACOR_08
Traditional music is important for our heritage.	روایتی موسیقی ہماری وراثت کے لیے اہم ہے۔	Urdu (Standard)	South Asia	SACOR_01
The internet connects people across continents.	انٹرنیٹ براعظموں میں لوگوں کو جوڑتا ہے۔	Urdu (Standard)	South Asia	SACOR_02
She received a scholarship to study medicine.	اسے طب کی تعلیم کے لیے اسکالرشپ ملی۔	Urdu (Standard)	South Asia	SACOR_03
Family members support each other during difficult times.	خاندان کے ممبر مشکل وقتوں میں ایک دوسرے کی مدد کرتے ہیں۔	Urdu (Standard)	South Asia	SACOR_10
Eating fresh fruits provides essential vitamins.	تازہ پھل کھانا ضروری وٹامن فراہم کرتا ہے۔	Urdu (Standard)	South Asia	SACOR_09
Smartphones have changed how people communicate.	اسمارٹ فونوں نے لوگوں کے رابطے کے طریقے کو تبدیل کر دیا ہے۔	Urdu (Standard)	South Asia	SACOR_04
I woke up early this morning.	میں آج صبح جلدی اٹھا۔	Urdu (Standard)	South Asia	SACOR_10
Children learn best when they are interested.	بچے بہترین سیکھتے ہیں جب وہ دلچسپی رکھتے ہیں۔	Urdu (Standard)	South Asia	SACOR_05
After finishing his work, he sat down.	اپنا کام مکمل کرنے کے بعد، وہ بیٹھ گیا۔	Urdu (Standard)	South Asia	SACOR_06
Students gathered in the library.	طلباء لائبریری میں جمع ہوئے۔	Urdu (Standard)	South Asia	SACOR_05
Sports teach teamwork and discipline.	کھیل ٹیم ورک اور نظم و ضبط سکھاتے ہیں۔	Urdu (Standard)	South Asia	SACOR_02
Respecting elders is an important value.	بزرگوں کا احترام ایک اہم قدر ہے۔	Urdu (Standard)	South Asia	SACOR_07
Storytelling preserves culture and knowledge.	کہانی سنانا ثقافت اور علم کو محفوظ رکھتا ہے۔	Urdu (Standard)	South Asia	SACOR_05
The river flows peacefully through the valley.	دریا وادی میں پرامن طریقے سے بہتا ہے۔	Urdu (Standard)	South Asia	SACOR_07
Farmers planted rice in the flooded fields.	کسانوں نے پانی والے کھیتوں میں چاول بوئے۔	Urdu (Standard)	South Asia	SACOR_01
She walked slowly through the garden.	وہ باغ میں آہستہ آہستہ چلی۔	Urdu (Standard)	South Asia	SACOR_08
Education opens doors to opportunities.	تعلیم مواقع کے دروازے کھولتی ہے۔	Urdu (Standard)	South Asia	SACOR_02
People travel long distances to visit religious sites.	لوگ مذہبی مقامات دیکھنے کے لیے لمبی دوریاں طے کرتے ہیں۔	Urdu (Standard)	South Asia	SACOR_06
People celebrate festivals with great joy.	لوگ بہت خوشی سے تہوار مناتے ہیں۔	Urdu (Standard)	South Asia	SACOR_01
The school organized a science fair.	اسکول نے سائنس میلہ منظم کیا۔	Urdu (Standard)	South Asia	SACOR_01
We decided to visit the old temple.	ہم نے پرانے مندر کا دورہ کرنے کا فیصلہ کیا۔	Urdu (Standard)	South Asia	SACOR_07
Pollution in cities has become a serious problem.	شہروں میں آلودگی ایک سنجیدہ مسئلہ بن گئی ہے۔	Urdu (Standard)	South Asia	SACOR_07
Regular exercise helps maintain good health.	منظم ورزش اچھی صحت برقرار رکھنے میں مدد کرتی ہے۔	Urdu (Standard)	South Asia	SACOR_06
Tea is served to guests as a gesture of hospitality.	مہمانوں کو مہمان نوازی کی نشانی کے طور پر چائے پیش کی جاتی ہے۔	Urdu (Standard)	South Asia	SACOR_03
Cricket is a popular sport.	کرکٹ ایک مقبول کھیل ہے۔	Urdu (Standard)	South Asia	SACOR_09
The bus arrived late.	بس دیر سے پہنچی۔	Urdu (Standard)	South Asia	SACOR_06
The teacher explained the lesson patiently.	استاد نے صبر سے سبق سمجھایا۔	Urdu (Standard)	South Asia	SACOR_04
Spices add flavor to traditional dishes.	مصالحے روایتی کھانوں میں ذائقہ بڑھاتے ہیں۔	Urdu (Standard)	South Asia	SACOR_01
The forest is home to many wild animals.	جنگل بہت سے جنگلی جانوروں کا گھر ہے۔	Urdu (Standard)	South Asia	SACOR_01
My grandmother told me stories.	میری دادی نے مجھے کہانیاں سنائیں۔	Urdu (Standard)	South Asia	SACOR_05
Farmers wake up early to tend to crops.	کسان فصلوں کی دیکھ بھال کے لیے جلدی اٹھتے ہیں۔	Urdu (Standard)	South Asia	SACOR_06
The river flows peacefully through the valley.	دریا وادی میں پرامن طریقے سے بہتا ہے۔	Urdu (Standard)	South Asia	SACOR_06
I woke up early this morning.	میں آج صبح جلدی اٹھا۔	Urdu (Standard)	South Asia	SACOR_08
The teacher explained the lesson patiently.	استاد نے صبر سے سبق سمجھایا۔	Urdu (Standard)	South Asia	SACOR_09
She cooked delicious biryani for the family.	اس نے خاندان کے لیے مزیدار بریانی پکائی۔	Urdu (Standard)	South Asia	SACOR_07
After finishing his work, he sat down.	اپنا کام مکمل کرنے کے بعد، وہ بیٹھ گیا۔	Urdu (Standard)	South Asia	SACOR_09
Parents sacrifice their own needs for children.	والدین بچوں کے لیے اپنی ضرورتیں قربان کرتے ہیں۔	Urdu (Standard)	South Asia	SACOR_06
Farmers planted rice in the flooded fields.	کسانوں نے پانی والے کھیتوں میں چاول بوئے۔	Urdu (Standard)	South Asia	SACOR_10
People celebrate festivals with great joy.	لوگ بہت خوشی سے تہوار مناتے ہیں۔	Urdu (Standard)	South Asia	SACOR_03
Family members support each other during difficult times.	خاندان کے ممبر مشکل وقتوں میں ایک دوسرے کی مدد کرتے ہیں۔	Urdu (Standard)	South Asia	SACOR_03
Learning a new language requires practice.	نئی زبان سیکھنے کے لیے مشق کی ضرورت ہے۔	Urdu (Standard)	South Asia	SACOR_03
Tourism brings revenue to regions with historical sites.	سیاحت تاریخی مقامات والے علاقوں میں آمدنی لاتی ہے۔	Urdu (Standard)	South Asia	SACOR_03
Storytelling preserves culture and knowledge.	کہانی سنانا ثقافت اور علم کو محفوظ رکھتا ہے۔	Urdu (Standard)	South Asia	SACOR_01
Regular exercise helps maintain good health.	منظم ورزش اچھی صحت برقرار رکھنے میں مدد کرتی ہے۔	Urdu (Standard)	South Asia	SACOR_01
Tea is served to guests as a gesture of hospitality.	مہمانوں کو مہمان نوازی کی نشانی کے طور پر چائے پیش کی جاتی ہے۔	Urdu (Standard)	South Asia	SACOR_07
Digital payments have made transactions faster.	ڈیجیٹل ادائیگیوں نے معاملات تیز کر دیے ہیں۔	Urdu (Standard)	South Asia	SACOR_06
Agriculture remains the primary source of income.	زراعت آمدنی کا بنیادی ذریعہ رہتی ہے۔	Urdu (Standard)	South Asia	SACOR_10
People travel long distances to visit religious sites.	لوگ مذہبی مقامات دیکھنے کے لیے لمبی دوریاں طے کرتے ہیں۔	Urdu (Standard)	South Asia	SACOR_08
The wedding ceremony lasted three days.	شادی کی تقریب تین دن تک چلی۔	Urdu (Standard)	South Asia	SACOR_08
The forest is home to many wild animals.	جنگل بہت سے جنگلی جانوروں کا گھر ہے۔	Urdu (Standard)	South Asia	SACOR_05
Elderly people share wisdom and stories.	بزرگ لوگ حکمت اور کہانیاں بانٹتے ہیں۔	Urdu (Standard)	South Asia	SACOR_02
Spices add flavor to traditional dishes.	مصالحے روایتی کھانوں میں ذائقہ بڑھاتے ہیں۔	Urdu (Standard)	South Asia	SACOR_05
Doctors work long hours to treat patients.	ڈاکٹر مریضوں کا علاج کرنے کے لیے لمبے گھنٹے کام کرتے ہیں۔	Urdu (Standard)	South Asia	SACOR_05
Cricket is a popular sport.	کرکٹ ایک مقبول کھیل ہے۔	Urdu (Standard)	South Asia	SACOR_03
She walked slowly through the garden.	وہ باغ میں آہستہ آہستہ چلی۔	Urdu (Standard)	South Asia	SACOR_01
We decided to visit the old temple.	ہم نے پرانے مندر کا دورہ کرنے کا فیصلہ کیا۔	Urdu (Standard)	South Asia	SACOR_02
Eating fresh fruits provides essential vitamins.	تازہ پھل کھانا ضروری وٹامن فراہم کرتا ہے۔	Urdu (Standard)	South Asia	SACOR_09
Students gathered in the library.	طلباء لائبریری میں جمع ہوئے۔	Urdu (Standard)	South Asia	SACOR_01
Teachers shape young minds.	استاد نوجوان ذہنوں کو شکل دیتے ہیں۔	Urdu (Standard)	South Asia	SACOR_04
The professor wrote equations on the blackboard.	پروفیسر نے تختے پر مساوات لکھیں۔	Urdu (Standard)	South Asia	SACOR_05
Traditional music is important for our heritage.	روایتی موسیقی ہماری وراثت کے لیے اہم ہے۔	Urdu (Standard)	South Asia	SACOR_03
The market was crowded with people.	بازار لوگوں سے بھرا ہوا تھا۔	Urdu (Standard)	South Asia	SACOR_01
Small businesses create employment opportunities.	چھوٹے کاروبار روزگار کے مواقع پیدا کرتے ہیں۔	Urdu (Standard)	South Asia	SACOR_07
Online shopping has become popular.	آن لائن خریداری مقبول ہو گئی ہے۔	Urdu (Standard)	South Asia	SACOR_09
Farmers wake up early to tend to crops.	کسان فصلوں کی دیکھ بھال کے لیے جلدی اٹھتے ہیں۔	Urdu (Standard)	South Asia	SACOR_08
Smartphones have changed how people communicate.	اسمارٹ فونوں نے لوگوں کے رابطے کے طریقے کو تبدیل کر دیا ہے۔	Urdu (Standard)	South Asia	SACOR_03
Children learn best when they are interested.	بچے بہترین سیکھتے ہیں جب وہ دلچسپی رکھتے ہیں۔	Urdu (Standard)	South Asia	SACOR_02
Clear communication prevents misunderstandings.	صاف رابطہ غلط فہمیوں کو روکتا ہے۔	Urdu (Standard)	South Asia	SACOR_08
Pollution in cities has become a serious problem.	شہروں میں آلودگی ایک سنجیدہ مسئلہ بن گئی ہے۔	Urdu (Standard)	South Asia	SACOR_01
Sports teach teamwork and discipline.	کھیل ٹیم ورک اور نظم و ضبط سکھاتے ہیں۔	Urdu (Standard)	South Asia	SACOR_05
Train journeys offer scenic views.	ریل کے سفر مناظر کے نظارے پیش کرتے ہیں۔	Urdu (Standard)	South Asia	SACOR_07
Cooking together brings family members closer.	مل کر کھانا پکانا خاندان کے ممبروں کو قریب لاتا ہے۔	Urdu (Standard)	South Asia	SACOR_07
The bus arrived late.	بس دیر سے پہنچی۔	Urdu (Standard)	South Asia	SACOR_09
The school organized a science fair.	اسکول نے سائنس میلہ منظم کیا۔	Urdu (Standard)	South Asia	SACOR_08
Children were playing cricket in the street.	بچے سڑک پر کرکٹ کھیل رہے تھے۔	Urdu (Standard)	South Asia	SACOR_01
My grandmother told me stories.	میری دادی نے مجھے کہانیاں سنائیں۔	Urdu (Standard)	South Asia	SACOR_09
She received a scholarship to study medicine.	اسے طب کی تعلیم کے لیے اسکالرشپ ملی۔	Urdu (Standard)	South Asia	SACOR_02
Respecting elders is an important value.	بزرگوں کا احترام ایک اہم قدر ہے۔	Urdu (Standard)	South Asia	SACOR_08
Education opens doors to opportunities.	تعلیم مواقع کے دروازے کھولتی ہے۔	Urdu (Standard)	South Asia	SACOR_10
Handicrafts showcase artistic traditions.	دستی کاریاں فنکارانہ روایات دکھاتی ہیں۔	Urdu (Standard)	South Asia	SACOR_07
Birds were chirping in the trees.	پرندے درختوں میں چہچہا رہے تھے۔	Urdu (Standard)	South Asia	SACOR_03
Doctors recommend drinking plenty of water.	ڈاکٹر زیادہ پانی پینے کی صلاح دیتے ہیں۔	Urdu (Standard)	South Asia	SACOR_02
Reading books improves vocabulary.	کتابیں پڑھنا ذخیرہ الفاظ بہتر بناتا ہے۔	Urdu (Standard)	South Asia	SACOR_02
The internet connects people across continents.	انٹرنیٹ براعظموں میں لوگوں کو جوڑتا ہے۔	Urdu (Standard)	South Asia	SACOR_07
Learning a new language requires practice.	نئی زبان سیکھنے کے لیے مشق کی ضرورت ہے۔	Urdu (Standard)	South Asia	SACOR_08
We decided to visit the old temple.	ہم نے پرانے مندر کا دورہ کرنے کا فیصلہ کیا۔	Urdu (Standard)	South Asia	SACOR_02
Storytelling preserves culture and knowledge.	کہانی سنانا ثقافت اور علم کو محفوظ رکھتا ہے۔	Urdu (Standard)	South Asia	SACOR_03
People celebrate festivals with great joy.	لوگ بہت خوشی سے تہوار مناتے ہیں۔	Urdu (Standard)	South Asia	SACOR_04
Tourism brings revenue to regions with historical sites.	سیاحت تاریخی مقامات والے علاقوں میں آمدنی لاتی ہے۔	Urdu (Standard)	South Asia	SACOR_01
Regular exercise helps maintain good health.	منظم ورزش اچھی صحت برقرار رکھنے میں مدد کرتی ہے۔	Urdu (Standard)	South Asia	SACOR_05
She cooked delicious biryani for the family.	اس نے خاندان کے لیے مزیدار بریانی پکائی۔	Urdu (Standard)	South Asia	SACOR_07
The river flows peacefully through the valley.	دریا وادی میں پرامن طریقے سے بہتا ہے۔	Urdu (Standard)	South Asia	SACOR_06
Doctors work long hours to treat patients.	ڈاکٹر مریضوں کا علاج کرنے کے لیے لمبے گھنٹے کام کرتے ہیں۔	Urdu (Standard)	South Asia	SACOR_09
The wedding ceremony lasted three days.	شادی کی تقریب تین دن تک چلی۔	Urdu (Standard)	South Asia	SACOR_04
My grandmother told me stories.	میری دادی نے مجھے کہانیاں سنائیں۔	Urdu (Standard)	South Asia	SACOR_07
Cricket is a popular sport.	کرکٹ ایک مقبول کھیل ہے۔	Urdu (Standard)	South Asia	SACOR_06
I woke up early this morning.	میں آج صبح جلدی اٹھا۔	Urdu (Standard)	South Asia	SACOR_10
Handicrafts showcase artistic traditions.	دستی کاریاں فنکارانہ روایات دکھاتی ہیں۔	Urdu (Standard)	South Asia	SACOR_10
Spices add flavor to traditional dishes.	مصالحے روایتی کھانوں میں ذائقہ بڑھاتے ہیں۔	Urdu (Standard)	South Asia	SACOR_09
The teacher explained the lesson patiently.	استاد نے صبر سے سبق سمجھایا۔	Urdu (Standard)	South Asia	SACOR_01
Parents sacrifice their own needs for children.	والدین بچوں کے لیے اپنی ضرورتیں قربان کرتے ہیں۔	Urdu (Standard)	South Asia	SACOR_02
Eating fresh fruits provides essential vitamins.	تازہ پھل کھانا ضروری وٹامن فراہم کرتا ہے۔	Urdu (Standard)	South Asia	SACOR_07
Clear communication prevents misunderstandings.	صاف رابطہ غلط فہمیوں کو روکتا ہے۔	Urdu (Standard)	South Asia	SACOR_07
Small businesses create employment opportunities.	چھوٹے کاروبار روزگار کے مواقع پیدا کرتے ہیں۔	Urdu (Standard)	South Asia	SACOR_06
Pollution in cities has become a serious problem.	شہروں میں آلودگی ایک سنجیدہ مسئلہ بن گئی ہے۔	Urdu (Standard)	South Asia	SACOR_09
Train journeys offer scenic views.	ریل کے سفر مناظر کے نظارے پیش کرتے ہیں۔	Urdu (Standard)	South Asia	SACOR_02
Family members support each other during difficult times.	خاندان کے ممبر مشکل وقتوں میں ایک دوسرے کی مدد کرتے ہیں۔	Urdu (Standard)	South Asia	SACOR_04
She walked slowly through the garden.	وہ باغ میں آہستہ آہستہ چلی۔	Urdu (Standard)	South Asia	SACOR_07
She received a scholarship to study medicine.	اسے طب کی تعلیم کے لیے اسکالرشپ ملی۔	Urdu (Standard)	South Asia	SACOR_07
Agriculture remains the primary source of income.	زراعت آمدنی کا بنیادی ذریعہ رہتی ہے۔	Urdu (Standard)	South Asia	SACOR_03
Farmers planted rice in the flooded fields.	کسانوں نے پانی والے کھیتوں میں چاول بوئے۔	Urdu (Standard)	South Asia	SACOR_03
Students gathered in the library.	طلباء لائبریری میں جمع ہوئے۔	Urdu (Standard)	South Asia	SACOR_03
Children learn best when they are interested.	بچے بہترین سیکھتے ہیں جب وہ دلچسپی رکھتے ہیں۔	Urdu (Standard)	South Asia	SACOR_01
Respecting elders is an important value.	بزرگوں کا احترام ایک اہم قدر ہے۔	Urdu (Standard)	South Asia	SACOR_09
Traditional music is important for our heritage.	روایتی موسیقی ہماری وراثت کے لیے اہم ہے۔	Urdu (Standard)	South Asia	SACOR_07
Farmers wake up early to tend to crops.	کسان فصلوں کی دیکھ بھال کے لیے جلدی اٹھتے ہیں۔	Urdu (Standard)	South Asia	SACOR_02
Tea is served to guests as a gesture of hospitality.	مہمانوں کو مہمان نوازی کی نشانی کے طور پر چائے پیش کی جاتی ہے۔	Urdu (Standard)	South Asia	SACOR_01
Reading books improves vocabulary.	کتابیں پڑھنا ذخیرہ الفاظ بہتر بناتا ہے۔	Urdu (Standard)	South Asia	SACOR_03
Birds were chirping in the trees.	پرندے درختوں میں چہچہا رہے تھے۔	Urdu (Standard)	South Asia	SACOR_02
The professor wrote equations on the blackboard.	پروفیسر نے تختے پر مساوات لکھیں۔	Urdu (Standard)	South Asia	SACOR_04
Digital payments have made transactions faster.	ڈیجیٹل ادائیگیوں نے معاملات تیز کر دیے ہیں۔	Urdu (Standard)	South Asia	SACOR_01
Cooking together brings family members closer.	مل کر کھانا پکانا خاندان کے ممبروں کو قریب لاتا ہے۔	Urdu (Standard)	South Asia	SACOR_06
Children were playing cricket in the street.	بچے سڑک پر کرکٹ کھیل رہے تھے۔	Urdu (Standard)	South Asia	SACOR_01
Smartphones have changed how people communicate.	اسمارٹ فونوں نے لوگوں کے رابطے کے طریقے کو تبدیل کر دیا ہے۔	Urdu (Standard)	South Asia	SACOR_10
Elderly people share wisdom and stories.	بزرگ لوگ حکمت اور کہانیاں بانٹتے ہیں۔	Urdu (Standard)	South Asia	SACOR_07
Sports teach teamwork and discipline.	کھیل ٹیم ورک اور نظم و ضبط سکھاتے ہیں۔	Urdu (Standard)	South Asia	SACOR_04
The internet connects people across continents.	انٹرنیٹ براعظموں میں لوگوں کو جوڑتا ہے۔	Urdu (Standard)	South Asia	SACOR_10
The forest is home to many wild animals.	جنگل بہت سے جنگلی جانوروں کا گھر ہے۔	Urdu (Standard)	South Asia	SACOR_10
The bus arrived late.	بس دیر سے پہنچی۔	Urdu (Standard)	South Asia	SACOR_05
Teachers shape young minds.	استاد نوجوان ذہنوں کو شکل دیتے ہیں۔	Urdu (Standard)	South Asia	SACOR_08
Education opens doors to opportunities.	تعلیم مواقع کے دروازے کھولتی ہے۔	Urdu (Standard)	South Asia	SACOR_09
After finishing his work, he sat down.	اپنا کام مکمل کرنے کے بعد، وہ بیٹھ گیا۔	Urdu (Standard)	South Asia	SACOR_04
Doctors recommend drinking plenty of water.	ڈاکٹر زیادہ پانی پینے کی صلاح دیتے ہیں۔	Urdu (Standard)	South Asia	SACOR_05
Online shopping has become popular.	آن لائن خریداری مقبول ہو گئی ہے۔	Urdu (Standard)	South Asia	SACOR_09
The market was crowded with people.	بازار لوگوں سے بھرا ہوا تھا۔	Urdu (Standard)	South Asia	SACOR_09
The school organized a science fair.	اسکول نے سائنس میلہ منظم کیا۔	Urdu (Standard)	South Asia	SACOR_02
People travel long distances to visit religious sites.	لوگ مذہبی مقامات دیکھنے کے لیے لمبی دوریاں طے کرتے ہیں۔	Urdu (Standard)	South Asia	SACOR_05
The wedding ceremony lasted three days.	شادی کی تقریب تین دن تک چلی۔	Urdu (Standard)	South Asia	SACOR_07
Doctors work long hours to treat patients.	ڈاکٹر مریضوں کا علاج کرنے کے لیے لمبے گھنٹے کام کرتے ہیں۔	Urdu (Standard)	South Asia	SACOR_01
Family members support each other during difficult times.	خاندان کے ممبر مشکل وقتوں میں ایک دوسرے کی مدد کرتے ہیں۔	Urdu (Standard)	South Asia	SACOR_09
Digital payments have made transactions faster.	ڈیجیٹل ادائیگیوں نے معاملات تیز کر دیے ہیں۔	Urdu (Standard)	South Asia	SACOR_03
Reading books improves vocabulary.	کتابیں پڑھنا ذخیرہ الفاظ بہتر بناتا ہے۔	Urdu (Standard)	South Asia	SACOR_05
Sports teach teamwork and discipline.	کھیل ٹیم ورک اور نظم و ضبط سکھاتے ہیں۔	Urdu (Standard)	South Asia	SACOR_08
The internet connects people across continents.	انٹرنیٹ براعظموں میں لوگوں کو جوڑتا ہے۔	Urdu (Standard)	South Asia	SACOR_05
Teachers shape young minds.	استاد نوجوان ذہنوں کو شکل دیتے ہیں۔	Urdu (Standard)	South Asia	SACOR_01
Education opens doors to opportunities.	تعلیم مواقع کے دروازے کھولتی ہے۔	Urdu (Standard)	South Asia	SACOR_08
Students gathered in the library.	طلباء لائبریری میں جمع ہوئے۔	Urdu (Standard)	South Asia	SACOR_10
She received a scholarship to study medicine.	اسے طب کی تعلیم کے لیے اسکالرشپ ملی۔	Urdu (Standard)	South Asia	SACOR_05
Doctors recommend drinking plenty of water.	ڈاکٹر زیادہ پانی پینے کی صلاح دیتے ہیں۔	Urdu (Standard)	South Asia	SACOR_04
Smartphones have changed how people communicate.	اسمارٹ فونوں نے لوگوں کے رابطے کے طریقے کو تبدیل کر دیا ہے۔	Urdu (Standard)	South Asia	SACOR_05
The forest is home to many wild animals.	جنگل بہت سے جنگلی جانوروں کا گھر ہے۔	Urdu (Standard)	South Asia	SACOR_05
Parents sacrifice their own needs for children.	والدین بچوں کے لیے اپنی ضرورتیں قربان کرتے ہیں۔	Urdu (Standard)	South Asia	SACOR_05
After finishing his work, he sat down.	اپنا کام مکمل کرنے کے بعد، وہ بیٹھ گیا۔	Urdu (Standard)	South Asia	SACOR_02
Cricket is a popular sport.	کرکٹ ایک مقبول کھیل ہے۔	Urdu (Standard)	South Asia	SACOR_08
Cooking together brings family members closer.	مل کر کھانا پکانا خاندان کے ممبروں کو قریب لاتا ہے۔	Urdu (Standard)	South Asia	SACOR_06
Children were playing cricket in the street.	بچے سڑک پر کرکٹ کھیل رہے تھے۔	Urdu (Standard)	South Asia	SACOR_07
Storytelling preserves culture and knowledge.	کہانی سنانا ثقافت اور علم کو محفوظ رکھتا ہے۔	Urdu (Standard)	South Asia	SACOR_07
She cooked delicious biryani for the family.	اس نے خاندان کے لیے مزیدار بریانی پکائی۔	Urdu (Standard)	South Asia	SACOR_07
Clear communication prevents misunderstandings.	صاف رابطہ غلط فہمیوں کو روکتا ہے۔	Urdu (Standard)	South Asia	SACOR_02
My grandmother told me stories.	میری دادی نے مجھے کہانیاں سنائیں۔	Urdu (Standard)	South Asia	SACOR_10
Birds were chirping in the trees.	پرندے درختوں میں چہچہا رہے تھے۔	Urdu (Standard)	South Asia	SACOR_07
She walked slowly through the garden.	وہ باغ میں آہستہ آہستہ چلی۔	Urdu (Standard)	South Asia	SACOR_03
Farmers planted rice in the flooded fields.	کسانوں نے پانی والے کھیتوں میں چاول بوئے۔	Urdu (Standard)	South Asia	SACOR_02
Children learn best when they are interested.	بچے بہترین سیکھتے ہیں جب وہ دلچسپی رکھتے ہیں۔	Urdu (Standard)	South Asia	SACOR_04
We decided to visit the old temple.	ہم نے پرانے مندر کا دورہ کرنے کا فیصلہ کیا۔	Urdu (Standard)	South Asia	SACOR_03
Elderly people share wisdom and stories.	بزرگ لوگ حکمت اور کہانیاں بانٹتے ہیں۔	Urdu (Standard)	South Asia	SACOR_04
The market was crowded with people.	بازار لوگوں سے بھرا ہوا تھا۔	Urdu (Standard)	South Asia	SACOR_10
Tourism brings revenue to regions with historical sites.	سیاحت تاریخی مقامات والے علاقوں میں آمدنی لاتی ہے۔	Urdu (Standard)	South Asia	SACOR_03
Tea is served to guests as a gesture of hospitality.	مہمانوں کو مہمان نوازی کی نشانی کے طور پر چائے پیش کی جاتی ہے۔	Urdu (Standard)	South Asia	SACOR_10
The professor wrote equations on the blackboard.	پروفیسر نے تختے پر مساوات لکھیں۔	Urdu (Standard)	South Asia	SACOR_06
Spices add flavor to traditional dishes.	مصالحے روایتی کھانوں میں ذائقہ بڑھاتے ہیں۔	Urdu (Standard)	South Asia	SACOR_01
People celebrate festivals with great joy.	لوگ بہت خوشی سے تہوار مناتے ہیں۔	Urdu (Standard)	South Asia	SACOR_02
The bus arrived late.	بس دیر سے پہنچی۔	Urdu (Standard)	South Asia	SACOR_10
Online shopping has become popular.	آن لائن خریداری مقبول ہو گئی ہے۔	Urdu (Standard)	South Asia	SACOR_08
Farmers wake up early to tend to crops.	کسان فصلوں کی دیکھ بھال کے لیے جلدی اٹھتے ہیں۔	Urdu (Standard)	South Asia	SACOR_07
Respecting elders is an important value.	بزرگوں کا احترام ایک اہم قدر ہے۔	Urdu (Standard)	South Asia	SACOR_02
Small businesses create employment opportunities.	چھوٹے کاروبار روزگار کے مواقع پیدا کرتے ہیں۔	Urdu (Standard)	South Asia	SACOR_01
Pollution in cities has become a serious problem.	شہروں میں آلودگی ایک سنجیدہ مسئلہ بن گئی ہے۔	Urdu (Standard)	South Asia	SACOR_04
Learning a new language requires practice.	نئی زبان سیکھنے کے لیے مشق کی ضرورت ہے۔	Urdu (Standard)	South Asia	SACOR_03
People travel long distances to visit religious sites.	لوگ مذہبی مقامات دیکھنے کے لیے لمبی دوریاں طے کرتے ہیں۔	Urdu (Standard)	South Asia	SACOR_02
Agriculture remains the primary source of income.	زراعت آمدنی کا بنیادی ذریعہ رہتی ہے۔	Urdu (Standard)	South Asia	SACOR_07
I woke up early this morning.	میں آج صبح جلدی اٹھا۔	Urdu (Standard)	South Asia	SACOR_06
The teacher explained the lesson patiently.	استاد نے صبر سے سبق سمجھایا۔	Urdu (Standard)	South Asia	SACOR_09
Train journeys offer scenic views.	ریل کے سفر مناظر کے نظارے پیش کرتے ہیں۔	Urdu (Standard)	South Asia	SACOR_01
The school organized a science fair.	اسکول نے سائنس میلہ منظم کیا۔	Urdu (Standard)	South Asia	SACOR_09
Regular exercise helps maintain good health.	منظم ورزش اچھی صحت برقرار رکھنے میں مدد کرتی ہے۔	Urdu (Standard)	South Asia	SACOR_08
Traditional music is important for our heritage.	روایتی موسیقی ہماری وراثت کے لیے اہم ہے۔	Urdu (Standard)	South Asia	SACOR_03
The river flows peacefully through the valley.	دریا وادی میں پرامن طریقے سے بہتا ہے۔	Urdu (Standard)	South Asia	SACOR_07
Eating fresh fruits provides essential vitamins.	تازہ پھل کھانا ضروری وٹامن فراہم کرتا ہے۔	Urdu (Standard)	South Asia	SACOR_08
Handicrafts showcase artistic traditions.	دستی کاریاں فنکارانہ روایات دکھاتی ہیں۔	Urdu (Standard)	South Asia	SACOR_01
The river flows peacefully through the valley.	دریا وادی میں پرامن طریقے سے بہتا ہے۔	Urdu (Standard)	South Asia	SACOR_06
The teacher explained the lesson patiently.	استاد نے صبر سے سبق سمجھایا۔	Urdu (Standard)	South Asia	SACOR_02
The bus arrived late.	بس دیر سے پہنچی۔	Urdu (Standard)	South Asia	SACOR_02
Sports teach teamwork and discipline.	کھیل ٹیم ورک اور نظم و ضبط سکھاتے ہیں۔	Urdu (Standard)	South Asia	SACOR_10
Eating fresh fruits provides essential vitamins.	تازہ پھل کھانا ضروری وٹامن فراہم کرتا ہے۔	Urdu (Standard)	South Asia	SACOR_04
Regular exercise helps maintain good health.	منظم ورزش اچھی صحت برقرار رکھنے میں مدد کرتی ہے۔	Urdu (Standard)	South Asia	SACOR_09
Clear communication prevents misunderstandings.	صاف رابطہ غلط فہمیوں کو روکتا ہے۔	Urdu (Standard)	South Asia	SACOR_09
The professor wrote equations on the blackboard.	پروفیسر نے تختے پر مساوات لکھیں۔	Urdu (Standard)	South Asia	SACOR_04
The school organized a science fair.	اسکول نے سائنس میلہ منظم کیا۔	Urdu (Standard)	South Asia	SACOR_01
Students gathered in the library.	طلباء لائبریری میں جمع ہوئے۔	Urdu (Standard)	South Asia	SACOR_10
Teachers shape young minds.	استاد نوجوان ذہنوں کو شکل دیتے ہیں۔	Urdu (Standard)	South Asia	SACOR_01
Online shopping has become popular.	آن لائن خریداری مقبول ہو گئی ہے۔	Urdu (Standard)	South Asia	SACOR_05
Traditional music is important for our heritage.	روایتی موسیقی ہماری وراثت کے لیے اہم ہے۔	Urdu (Standard)	South Asia	SACOR_06
Birds were chirping in the trees.	پرندے درختوں میں چہچہا رہے تھے۔	Urdu (Standard)	South Asia	SACOR_09
Doctors recommend drinking plenty of water.	ڈاکٹر زیادہ پانی پینے کی صلاح دیتے ہیں۔	Urdu (Standard)	South Asia	SACOR_02
Smartphones have changed how people communicate.	اسمارٹ فونوں نے لوگوں کے رابطے کے طریقے کو تبدیل کر دیا ہے۔	Urdu (Standard)	South Asia	SACOR_07
My grandmother told me stories.	میری دادی نے مجھے کہانیاں سنائیں۔	Urdu (Standard)	South Asia	SACOR_08
Family members support each other during difficult times.	خاندان کے ممبر مشکل وقتوں میں ایک دوسرے کی مدد کرتے ہیں۔	Urdu (Standard)	South Asia	SACOR_03
Farmers wake up early to tend to crops.	کسان فصلوں کی دیکھ بھال کے لیے جلدی اٹھتے ہیں۔	Urdu (Standard)	South Asia	SACOR_10
Small businesses create employment opportunities.	چھوٹے کاروبار روزگار کے مواقع پیدا کرتے ہیں۔	Urdu (Standard)	South Asia	SACOR_02
The market was crowded with people.	بازار لوگوں سے بھرا ہوا تھا۔	Urdu (Standard)	South Asia	SACOR_10
Digital payments have made transactions faster.	ڈیجیٹل ادائیگیوں نے معاملات تیز کر دیے ہیں۔	Urdu (Standard)	South Asia	SACOR_04
The internet connects people across continents.	انٹرنیٹ براعظموں میں لوگوں کو جوڑتا ہے۔	Urdu (Standard)	South Asia	SACOR_01
Cooking together brings family members closer.	مل کر کھانا پکانا خاندان کے ممبروں کو قریب لاتا ہے۔	Urdu (Standard)	South Asia	SACOR_05
Reading books improves vocabulary.	کتابیں پڑھنا ذخیرہ الفاظ بہتر بناتا ہے۔	Urdu (Standard)	South Asia	SACOR_03
Children were playing cricket in the street.	بچے سڑک پر کرکٹ کھیل رہے تھے۔	Urdu (Standard)	South Asia	SACOR_01
Handicrafts showcase artistic traditions.	دستی کاریاں فنکارانہ روایات دکھاتی ہیں۔	Urdu (Standard)	South Asia	SACOR_02
Storytelling preserves culture and knowledge.	کہانی سنانا ثقافت اور علم کو محفوظ رکھتا ہے۔	Urdu (Standard)	South Asia	SACOR_09
We decided to visit the old temple.	ہم نے پرانے مندر کا دورہ کرنے کا فیصلہ کیا۔	Urdu (Standard)	South Asia	SACOR_06
People travel long distances to visit religious sites.	لوگ مذہبی مقامات دیکھنے کے لیے لمبی دوریاں طے کرتے ہیں۔	Urdu (Standard)	South Asia	SACOR_10
Doctors work long hours to treat patients.	ڈاکٹر مریضوں کا علاج کرنے کے لیے لمبے گھنٹے کام کرتے ہیں۔	Urdu (Standard)	South Asia	SACOR_01
The forest is home to many wild animals.	جنگل بہت سے جنگلی جانوروں کا گھر ہے۔	Urdu (Standard)	South Asia	SACOR_06
Learning a new language requires practice.	نئی زبان سیکھنے کے لیے مشق کی ضرورت ہے۔	Urdu (Standard)	South Asia	SACOR_03
She cooked delicious biryani for the family.	اس نے خاندان کے لیے مزیدار بریانی پکائی۔	Urdu (Standard)	South Asia	SACOR_08
Elderly people share wisdom and stories.	بزرگ لوگ حکمت اور کہانیاں بانٹتے ہیں۔	Urdu (Standard)	South Asia	SACOR_04
Pollution in cities has become a serious problem.	شہروں میں آلودگی ایک سنجیدہ مسئلہ بن گئی ہے۔	Urdu (Standard)	South Asia	SACOR_02
Children learn best when they are interested.	بچے بہترین سیکھتے ہیں جب وہ دلچسپی رکھتے ہیں۔	Urdu (Standard)	South Asia	SACOR_02
She received a scholarship to study medicine.	اسے طب کی تعلیم کے لیے اسکالرشپ ملی۔	Urdu (Standard)	South Asia	SACOR_09
Education opens doors to opportunities.	تعلیم مواقع کے دروازے کھولتی ہے۔	Urdu (Standard)	South Asia	SACOR_08
The wedding ceremony lasted three days.	شادی کی تقریب تین دن تک چلی۔	Urdu (Standard)	South Asia	SACOR_07
Agriculture remains the primary source of income.	زراعت آمدنی کا بنیادی ذریعہ رہتی ہے۔	Urdu (Standard)	South Asia	SACOR_06
After finishing his work, he sat down.	اپنا کام مکمل کرنے کے بعد، وہ بیٹھ گیا۔	Urdu (Standard)	South Asia	SACOR_07
Respecting elders is an important value.	بزرگوں کا احترام ایک اہم قدر ہے۔	Urdu (Standard)	South Asia	SACOR_08
Tea is served to guests as a gesture of hospitality.	مہمانوں کو مہمان نوازی کی نشانی کے طور پر چائے پیش کی جاتی ہے۔	Urdu (Standard)	South Asia	SACOR_03
I woke up early this morning.	میں آج صبح جلدی اٹھا۔	Urdu (Standard)	South Asia	SACOR_03
Cricket is a popular sport.	کرکٹ ایک مقبول کھیل ہے۔	Urdu (Standard)	South Asia	SACOR_05
Train journeys offer scenic views.	ریل کے سفر مناظر کے نظارے پیش کرتے ہیں۔	Urdu (Standard)	South Asia	SACOR_02
Tourism brings revenue to regions with historical sites.	سیاحت تاریخی مقامات والے علاقوں میں آمدنی لاتی ہے۔	Urdu (Standard)	South Asia	SACOR_03
Farmers planted rice in the flooded fields.	کسانوں نے پانی والے کھیتوں میں چاول بوئے۔	Urdu (Standard)	South Asia	SACOR_09
Parents sacrifice their own needs for children.	والدین بچوں کے لیے اپنی ضرورتیں قربان کرتے ہیں۔	Urdu (Standard)	South Asia	SACOR_07
Spices add flavor to traditional dishes.	مصالحے روایتی کھانوں میں ذائقہ بڑھاتے ہیں۔	Urdu (Standard)	South Asia	SACOR_06
People celebrate festivals with great joy.	لوگ بہت خوشی سے تہوار مناتے ہیں۔	Urdu (Standard)	South Asia	SACOR_01
She walked slowly through the garden.	وہ باغ میں آہستہ آہستہ چلی۔	Urdu (Standard)	South Asia	SACOR_04
Family members support each other during difficult times.	خاندان کے ممبر مشکل وقتوں میں ایک دوسرے کی مدد کرتے ہیں۔	Urdu (Standard)	South Asia	SACOR_09
Parents sacrifice their own needs for children.	والدین بچوں کے لیے اپنی ضرورتیں قربان کرتے ہیں۔	Urdu (Standard)	South Asia	SACOR_05
Small businesses create employment opportunities.	چھوٹے کاروبار روزگار کے مواقع پیدا کرتے ہیں۔	Urdu (Standard)	South Asia	SACOR_02
The forest is home to many wild animals.	جنگل بہت سے جنگلی جانوروں کا گھر ہے۔	Urdu (Standard)	South Asia	SACOR_01
She cooked delicious biryani for the family.	اس نے خاندان کے لیے مزیدار بریانی پکائی۔	Urdu (Standard)	South Asia	SACOR_02
The bus arrived late.	بس دیر سے پہنچی۔	Urdu (Standard)	South Asia	SACOR_10
Birds were chirping in the trees.	پرندے درختوں میں چہچہا رہے تھے۔	Urdu (Standard)	South Asia	SACOR_06
Cricket is a popular sport.	کرکٹ ایک مقبول کھیل ہے۔	Urdu (Standard)	South Asia	SACOR_10
Regular exercise helps maintain good health.	منظم ورزش اچھی صحت برقرار رکھنے میں مدد کرتی ہے۔	Urdu (Standard)	South Asia	SACOR_10
Elderly people share wisdom and stories.	بزرگ لوگ حکمت اور کہانیاں بانٹتے ہیں۔	Urdu (Standard)	South Asia	SACOR_03
Education opens doors to opportunities.	تعلیم مواقع کے دروازے کھولتی ہے۔	Urdu (Standard)	South Asia	SACOR_03
Children were playing cricket in the street.	بچے سڑک پر کرکٹ کھیل رہے تھے۔	Urdu (Standard)	South Asia	SACOR_03
Doctors work long hours to treat patients.	ڈاکٹر مریضوں کا علاج کرنے کے لیے لمبے گھنٹے کام کرتے ہیں۔	Urdu (Standard)	South Asia	SACOR_05
Children learn best when they are interested.	بچے بہترین سیکھتے ہیں جب وہ دلچسپی رکھتے ہیں۔	Urdu (Standard)	South Asia	SACOR_10
People travel long distances to visit religious sites.	لوگ مذہبی مقامات دیکھنے کے لیے لمبی دوریاں طے کرتے ہیں۔	Urdu (Standard)	South Asia	SACOR_03
Tourism brings revenue to regions with historical sites.	سیاحت تاریخی مقامات والے علاقوں میں آمدنی لاتی ہے۔	Urdu (Standard)	South Asia	SACOR_05
Clear communication prevents misunderstandings.	صاف رابطہ غلط فہمیوں کو روکتا ہے۔	Urdu (Standard)	South Asia	SACOR_05
Train journeys offer scenic views.	ریل کے سفر مناظر کے نظارے پیش کرتے ہیں۔	Urdu (Standard)	South Asia	SACOR_05
Farmers wake up early to tend to crops.	کسان فصلوں کی دیکھ بھال کے لیے جلدی اٹھتے ہیں۔	Urdu (Standard)	South Asia	SACOR_01
Tea is served to guests as a gesture of hospitality.	مہمانوں کو مہمان نوازی کی نشانی کے طور پر چائے پیش کی جاتی ہے۔	Urdu (Standard)	South Asia	SACOR_07
She received a scholarship to study medicine.	اسے طب کی تعلیم کے لیے اسکالرشپ ملی۔	Urdu (Standard)	South Asia	SACOR_07
Spices add flavor to traditional dishes.	مصالحے روایتی کھانوں میں ذائقہ بڑھاتے ہیں۔	Urdu (Standard)	South Asia	SACOR_02
Sports teach teamwork and discipline.	کھیل ٹیم ورک اور نظم و ضبط سکھاتے ہیں۔	Urdu (Standard)	South Asia	SACOR_06
Farmers planted rice in the flooded fields.	کسانوں نے پانی والے کھیتوں میں چاول بوئے۔	Urdu (Standard)	South Asia	SACOR_10
Cooking together brings family members closer.	مل کر کھانا پکانا خاندان کے ممبروں کو قریب لاتا ہے۔	Urdu (Standard)	South Asia	SACOR_03
Respecting elders is an important value.	بزرگوں کا احترام ایک اہم قدر ہے۔	Urdu (Standard)	South Asia	SACOR_03
Eating fresh fruits provides essential vitamins.	تازہ پھل کھانا ضروری وٹامن فراہم کرتا ہے۔	Urdu (Standard)	South Asia	SACOR_03
Traditional music is important for our heritage.	روایتی موسیقی ہماری وراثت کے لیے اہم ہے۔	Urdu (Standard)	South Asia	SACOR_01
The market was crowded with people.	بازار لوگوں سے بھرا ہوا تھا۔	Urdu (Standard)	South Asia	SACOR_10
Students gathered in the library.	طلباء لائبریری میں جمع ہوئے۔	Urdu (Standard)	South Asia	SACOR_08
The school organized a science fair.	اسکول نے سائنس میلہ منظم کیا۔	Urdu (Standard)	South Asia	SACOR_07
The wedding ceremony lasted three days.	شادی کی تقریب تین دن تک چلی۔	Urdu (Standard)	South Asia	SACOR_05
She walked slowly through the garden.	وہ باغ میں آہستہ آہستہ چلی۔	Urdu (Standard)	South Asia	SACOR_09
Learning a new language requires practice.	نئی زبان سیکھنے کے لیے مشق کی ضرورت ہے۔	Urdu (Standard)	South Asia	SACOR_07
Digital payments have made transactions faster.	ڈیجیٹل ادائیگیوں نے معاملات تیز کر دیے ہیں۔	Urdu (Standard)	South Asia	SACOR_02
Teachers shape young minds.	استاد نوجوان ذہنوں کو شکل دیتے ہیں۔	Urdu (Standard)	South Asia	SACOR_09
The teacher explained the lesson patiently.	استاد نے صبر سے سبق سمجھایا۔	Urdu (Standard)	South Asia	SACOR_04
Agriculture remains the primary source of income.	زراعت آمدنی کا بنیادی ذریعہ رہتی ہے۔	Urdu (Standard)	South Asia	SACOR_09
Pollution in cities has become a serious problem.	شہروں میں آلودگی ایک سنجیدہ مسئلہ بن گئی ہے۔	Urdu (Standard)	South Asia	SACOR_03
The internet connects people across continents.	انٹرنیٹ براعظموں میں لوگوں کو جوڑتا ہے۔	Urdu (Standard)	South Asia	SACOR_06
Reading books improves vocabulary.	کتابیں پڑھنا ذخیرہ الفاظ بہتر بناتا ہے۔	Urdu (Standard)	South Asia	SACOR_06
The professor wrote equations on the blackboard.	پروفیسر نے تختے پر مساوات لکھیں۔	Urdu (Standard)	South Asia	SACOR_10
Doctors recommend drinking plenty of water.	ڈاکٹر زیادہ پانی پینے کی صلاح دیتے ہیں۔	Urdu (Standard)	South Asia	SACOR_02
Online shopping has become popular.	آن لائن خریداری مقبول ہو گئی ہے۔	Urdu (Standard)	South Asia	SACOR_05
Storytelling preserves culture and knowledge.	کہانی سنانا ثقافت اور علم کو محفوظ رکھتا ہے۔	Urdu (Standard)	South Asia	SACOR_04
We decided to visit the old temple.	ہم نے پرانے مندر کا دورہ کرنے کا فیصلہ کیا۔	Urdu (Standard)	South Asia	SACOR_03
I woke up early this morning.	میں آج صبح جلدی اٹھا۔	Urdu (Standard)	South Asia	SACOR_02
After finishing his work, he sat down.	اپنا کام مکمل کرنے کے بعد، وہ بیٹھ گیا۔	Urdu (Standard)	South Asia	SACOR_02
Smartphones have changed how people communicate.	اسمارٹ فونوں نے لوگوں کے رابطے کے طریقے کو تبدیل کر دیا ہے۔	Urdu (Standard)	South Asia	SACOR_08
My grandmother told me stories.	میری دادی نے مجھے کہانیاں سنائیں۔	Urdu (Standard)	South Asia	SACOR_03
People celebrate festivals with great joy.	لوگ بہت خوشی سے تہوار مناتے ہیں۔	Urdu (Standard)	South Asia	SACOR_05
Handicrafts showcase artistic traditions.	دستی کاریاں فنکارانہ روایات دکھاتی ہیں۔	Urdu (Standard)	South Asia	SACOR_06
The river flows peacefully through the valley.	دریا وادی میں پرامن طریقے سے بہتا ہے۔	Urdu (Standard)	South Asia	SACOR_07
The wedding ceremony lasted three days.	شادی کی تقریب تین دن تک چلی۔	Urdu (Standard)	South Asia	SACOR_01
Online shopping has become popular.	آن لائن خریداری مقبول ہو گئی ہے۔	Urdu (Standard)	South Asia	SACOR_06
The teacher explained the lesson patiently.	استاد نے صبر سے سبق سمجھایا۔	Urdu (Standard)	South Asia	SACOR_02
She walked slowly through the garden.	وہ باغ میں آہستہ آہستہ چلی۔	Urdu (Standard)	South Asia	SACOR_09
Smartphones have changed how people communicate.	اسمارٹ فونوں نے لوگوں کے رابطے کے طریقے کو تبدیل کر دیا ہے۔	Urdu (Standard)	South Asia	SACOR_03
Doctors work long hours to treat patients.	ڈاکٹر مریضوں کا علاج کرنے کے لیے لمبے گھنٹے کام کرتے ہیں۔	Urdu (Standard)	South Asia	SACOR_01
Students gathered in the library.	طلباء لائبریری میں جمع ہوئے۔	Urdu (Standard)	South Asia	SACOR_09
My grandmother told me stories.	میری دادی نے مجھے کہانیاں سنائیں۔	Urdu (Standard)	South Asia	SACOR_01
After finishing his work, he sat down.	اپنا کام مکمل کرنے کے بعد، وہ بیٹھ گیا۔	Urdu (Standard)	South Asia	SACOR_09
Tourism brings revenue to regions with historical sites.	سیاحت تاریخی مقامات والے علاقوں میں آمدنی لاتی ہے۔	Urdu (Standard)	South Asia	SACOR_07
The market was crowded with people.	بازار لوگوں سے بھرا ہوا تھا۔	Urdu (Standard)	South Asia	SACOR_02
The professor wrote equations on the blackboard.	پروفیسر نے تختے پر مساوات لکھیں۔	Urdu (Standard)	South Asia	SACOR_08
She received a scholarship to study medicine.	اسے طب کی تعلیم کے لیے اسکالرشپ ملی۔	Urdu (Standard)	South Asia	SACOR_09
Eating fresh fruits provides essential vitamins.	تازہ پھل کھانا ضروری وٹامن فراہم کرتا ہے۔	Urdu (Standard)	South Asia	SACOR_01
Children learn best when they are interested.	بچے بہترین سیکھتے ہیں جب وہ دلچسپی رکھتے ہیں۔	Urdu (Standard)	South Asia	SACOR_09
The river flows peacefully through the valley.	دریا وادی میں پرامن طریقے سے بہتا ہے۔	Urdu (Standard)	South Asia	SACOR_08
I woke up early this morning.	میں آج صبح جلدی اٹھا۔	Urdu (Standard)	South Asia	SACOR_02
Storytelling preserves culture and knowledge.	کہانی سنانا ثقافت اور علم کو محفوظ رکھتا ہے۔	Urdu (Standard)	South Asia	SACOR_04
Parents sacrifice their own needs for children.	والدین بچوں کے لیے اپنی ضرورتیں قربان کرتے ہیں۔	Urdu (Standard)	South Asia	SACOR_06
Cooking together brings family members closer.	مل کر کھانا پکانا خاندان کے ممبروں کو قریب لاتا ہے۔	Urdu (Standard)	South Asia	SACOR_04
Digital payments have made transactions faster.	ڈیجیٹل ادائیگیوں نے معاملات تیز کر دیے ہیں۔	Urdu (Standard)	South Asia	SACOR_09
Cricket is a popular sport.	کرکٹ ایک مقبول کھیل ہے۔	Urdu (Standard)	South Asia	SACOR_05
Agriculture remains the primary source of income.	زراعت آمدنی کا بنیادی ذریعہ رہتی ہے۔	Urdu (Standard)	South Asia	SACOR_08
The school organized a science fair.	اسکول نے سائنس میلہ منظم کیا۔	Urdu (Standard)	South Asia	SACOR_04
The bus arrived late.	بس دیر سے پہنچی۔	Urdu (Standard)	South Asia	SACOR_03
Train journeys offer scenic views.	ریل کے سفر مناظر کے نظارے پیش کرتے ہیں۔	Urdu (Standard)	South Asia	SACOR_05
Traditional music is important for our heritage.	روایتی موسیقی ہماری وراثت کے لیے اہم ہے۔	Urdu (Standard)	South Asia	SACOR_03
The forest is home to many wild animals.	جنگل بہت سے جنگلی جانوروں کا گھر ہے۔	Urdu (Standard)	South Asia	SACOR_01
Respecting elders is an important value.	بزرگوں کا احترام ایک اہم قدر ہے۔	Urdu (Standard)	South Asia	SACOR_06
Regular exercise helps maintain good health.	منظم ورزش اچھی صحت برقرار رکھنے میں مدد کرتی ہے۔	Urdu (Standard)	South Asia	SACOR_08
Learning a new language requires practice.	نئی زبان سیکھنے کے لیے مشق کی ضرورت ہے۔	Urdu (Standard)	South Asia	SACOR_01
Clear communication prevents misunderstandings.	صاف رابطہ غلط فہمیوں کو روکتا ہے۔	Urdu (Standard)	South Asia	SACOR_04
Small businesses create employment opportunities.	چھوٹے کاروبار روزگار کے مواقع پیدا کرتے ہیں۔	Urdu (Standard)	South Asia	SACOR_07
Elderly people share wisdom and stories.	بزرگ لوگ حکمت اور کہانیاں بانٹتے ہیں۔	Urdu (Standard)	South Asia	SACOR_06
Doctors recommend drinking plenty of water.	ڈاکٹر زیادہ پانی پینے کی صلاح دیتے ہیں۔	Urdu (Standard)	South Asia	SACOR_10
People celebrate festivals with great joy.	لوگ بہت خوشی سے تہوار مناتے ہیں۔	Urdu (Standard)	South Asia	SACOR_06
Birds were chirping in the trees.	پرندے درختوں میں چہچہا رہے تھے۔	Urdu (Standard)	South Asia	SACOR_10
Spices add flavor to traditional dishes.	مصالحے روایتی کھانوں میں ذائقہ بڑھاتے ہیں۔	Urdu (Standard)	South Asia	SACOR_03
Farmers planted rice in the flooded fields.	کسانوں نے پانی والے کھیتوں میں چاول بوئے۔	Urdu (Standard)	South Asia	SACOR_06
Reading books improves vocabulary.	کتابیں پڑھنا ذخیرہ الفاظ بہتر بناتا ہے۔	Urdu (Standard)	South Asia	SACOR_08
Family members support each other during difficult times.	خاندان کے ممبر مشکل وقتوں میں ایک دوسرے کی مدد کرتے ہیں۔	Urdu (Standard)	South Asia	SACOR_01
Handicrafts showcase artistic traditions.	دستی کاریاں فنکارانہ روایات دکھاتی ہیں۔	Urdu (Standard)	South Asia	SACOR_08
We decided to visit the old temple.	ہم نے پرانے مندر کا دورہ کرنے کا فیصلہ کیا۔	Urdu (Standard)	South Asia	SACOR_03
Education opens doors to opportunities.	تعلیم مواقع کے دروازے کھولتی ہے۔	Urdu (Standard)	South Asia	SACOR_08
She cooked delicious biryani for the family.	اس نے خاندان کے لیے مزیدار بریانی پکائی۔	Urdu (Standard)	South Asia	SACOR_10
Pollution in cities has become a serious problem.	شہروں میں آلودگی ایک سنجیدہ مسئلہ بن گئی ہے۔	Urdu (Standard)	South Asia	SACOR_03
Tea is served to guests as a gesture of hospitality.	مہمانوں کو مہمان نوازی کی نشانی کے طور پر چائے پیش کی جاتی ہے۔	Urdu (Standard)	South Asia	SACOR_10
Farmers wake up early to tend to crops.	کسان فصلوں کی دیکھ بھال کے لیے جلدی اٹھتے ہیں۔	Urdu (Standard)	South Asia	SACOR_01
People travel long distances to visit religious sites.	لوگ مذہبی مقامات دیکھنے کے لیے لمبی دوریاں طے کرتے ہیں۔	Urdu (Standard)	South Asia	SACOR_05
Children were playing cricket in the street.	بچے سڑک پر کرکٹ کھیل رہے تھے۔	Urdu (Standard)	South Asia	SACOR_07
Sports teach teamwork and discipline.	کھیل ٹیم ورک اور نظم و ضبط سکھاتے ہیں۔	Urdu (Standard)	South Asia	SACOR_10
The internet connects people across continents.	انٹرنیٹ براعظموں میں لوگوں کو جوڑتا ہے۔	Urdu (Standard)	South Asia	SACOR_10
Teachers shape young minds.	استاد نوجوان ذہنوں کو شکل دیتے ہیں۔	Urdu (Standard)	South Asia	SACOR_09
After finishing his work, he sat down.	اپنا کام مکمل کرنے کے بعد، وہ بیٹھ گیا۔	Urdu (Standard)	South Asia	SACOR_02
The river flows peacefully through the valley.	دریا وادی میں پرامن طریقے سے بہتا ہے۔	Urdu (Standard)	South Asia	SACOR_02
My grandmother told me stories.	میری دادی نے مجھے کہانیاں سنائیں۔	Urdu (Standard)	South Asia	SACOR_08
Elderly people share wisdom and stories.	بزرگ لوگ حکمت اور کہانیاں بانٹتے ہیں۔	Urdu (Standard)	South Asia	SACOR_03
Tea is served to guests as a gesture of hospitality.	مہمانوں کو مہمان نوازی کی نشانی کے طور پر چائے پیش کی جاتی ہے۔	Urdu (Standard)	South Asia	SACOR_02
Traditional music is important for our heritage.	روایتی موسیقی ہماری وراثت کے لیے اہم ہے۔	Urdu (Standard)	South Asia	SACOR_04
Pollution in cities has become a serious problem.	شہروں میں آلودگی ایک سنجیدہ مسئلہ بن گئی ہے۔	Urdu (Standard)	South Asia	SACOR_08
The teacher explained the lesson patiently.	استاد نے صبر سے سبق سمجھایا۔	Urdu (Standard)	South Asia	SACOR_01
Tourism brings revenue to regions with historical sites.	سیاحت تاریخی مقامات والے علاقوں میں آمدنی لاتی ہے۔	Urdu (Standard)	South Asia	SACOR_03
Smartphones have changed how people communicate.	اسمارٹ فونوں نے لوگوں کے رابطے کے طریقے کو تبدیل کر دیا ہے۔	Urdu (Standard)	South Asia	SACOR_07
People celebrate festivals with great joy.	لوگ بہت خوشی سے تہوار مناتے ہیں۔	Urdu (Standard)	South Asia	SACOR_02
Small businesses create employment opportunities.	چھوٹے کاروبار روزگار کے مواقع پیدا کرتے ہیں۔	Urdu (Standard)	South Asia	SACOR_07
We decided to visit the old temple.	ہم نے پرانے مندر کا دورہ کرنے کا فیصلہ کیا۔	Urdu (Standard)	South Asia	SACOR_08
Digital payments have made transactions faster.	ڈیجیٹل ادائیگیوں نے معاملات تیز کر دیے ہیں۔	Urdu (Standard)	South Asia	SACOR_02
I woke up early this morning.	میں آج صبح جلدی اٹھا۔	Urdu (Standard)	South Asia	SACOR_07
Reading books improves vocabulary.	کتابیں پڑھنا ذخیرہ الفاظ بہتر بناتا ہے۔	Urdu (Standard)	South Asia	SACOR_08
Family members support each other during difficult times.	خاندان کے ممبر مشکل وقتوں میں ایک دوسرے کی مدد کرتے ہیں۔	Urdu (Standard)	South Asia	SACOR_03
She walked slowly through the garden.	وہ باغ میں آہستہ آہستہ چلی۔	Urdu (Standard)	South Asia	SACOR_08
Birds were chirping in the trees.	پرندے درختوں میں چہچہا رہے تھے۔	Urdu (Standard)	South Asia	SACOR_01
Spices add flavor to traditional dishes.	مصالحے روایتی کھانوں میں ذائقہ بڑھاتے ہیں۔	Urdu (Standard)	South Asia	SACOR_03
Clear communication prevents misunderstandings.	صاف رابطہ غلط فہمیوں کو روکتا ہے۔	Urdu (Standard)	South Asia	SACOR_03
Parents sacrifice their own needs for children.	والدین بچوں کے لیے اپنی ضرورتیں قربان کرتے ہیں۔	Urdu (Standard)	South Asia	SACOR_05
Train journeys offer scenic views.	ریل کے سفر مناظر کے نظارے پیش کرتے ہیں۔	Urdu (Standard)	South Asia	SACOR_02
Doctors work long hours to treat patients.	ڈاکٹر مریضوں کا علاج کرنے کے لیے لمبے گھنٹے کام کرتے ہیں۔	Urdu (Standard)	South Asia	SACOR_01
The wedding ceremony lasted three days.	شادی کی تقریب تین دن تک چلی۔	Urdu (Standard)	South Asia	SACOR_03
Eating fresh fruits provides essential vitamins.	تازہ پھل کھانا ضروری وٹامن فراہم کرتا ہے۔	Urdu (Standard)	South Asia	SACOR_07
The internet connects people across continents.	انٹرنیٹ براعظموں میں لوگوں کو جوڑتا ہے۔	Urdu (Standard)	South Asia	SACOR_03
The bus arrived late.	بس دیر سے پہنچی۔	Urdu (Standard)	South Asia	SACOR_02
Agriculture remains the primary source of income.	زراعت آمدنی کا بنیادی ذریعہ رہتی ہے۔	Urdu (Standard)	South Asia	SACOR_01
Children were playing cricket in the street.	بچے سڑک پر کرکٹ کھیل رہے تھے۔	Urdu (Standard)	South Asia	SACOR_09
Storytelling preserves culture and knowledge.	کہانی سنانا ثقافت اور علم کو محفوظ رکھتا ہے۔	Urdu (Standard)	South Asia	SACOR_04
The forest is home to many wild animals.	جنگل بہت سے جنگلی جانوروں کا گھر ہے۔	Urdu (Standard)	South Asia	SACOR_01
Education opens doors to opportunities.	تعلیم مواقع کے دروازے کھولتی ہے۔	Urdu (Standard)	South Asia	SACOR_09
Cricket is a popular sport.	کرکٹ ایک مقبول کھیل ہے۔	Urdu (Standard)	South Asia	SACOR_04
The school organized a science fair.	اسکول نے سائنس میلہ منظم کیا۔	Urdu (Standard)	South Asia	SACOR_03
People travel long distances to visit religious sites.	لوگ مذہبی مقامات دیکھنے کے لیے لمبی دوریاں طے کرتے ہیں۔	Urdu (Standard)	South Asia	SACOR_01
Students gathered in the library.	طلباء لائبریری میں جمع ہوئے۔	Urdu (Standard)	South Asia	SACOR_10
Handicrafts showcase artistic traditions.	دستی کاریاں فنکارانہ روایات دکھاتی ہیں۔	Urdu (Standard)	South Asia	SACOR_02
Sports teach teamwork and discipline.	کھیل ٹیم ورک اور نظم و ضبط سکھاتے ہیں۔	Urdu (Standard)	South Asia	SACOR_05
Respecting elders is an important value.	بزرگوں کا احترام ایک اہم قدر ہے۔	Urdu (Standard)	South Asia	SACOR_04
She received a scholarship to study medicine.	اسے طب کی تعلیم کے لیے اسکالرشپ ملی۔	Urdu (Standard)	South Asia	SACOR_02
Doctors recommend drinking plenty of water.	ڈاکٹر زیادہ پانی پینے کی صلاح دیتے ہیں۔	Urdu (Standard)	South Asia	SACOR_10
Cooking together brings family members closer.	مل کر کھانا پکانا خاندان کے ممبروں کو قریب لاتا ہے۔	Urdu (Standard)	South Asia	SACOR_04
Farmers planted rice in the flooded fields.	کسانوں نے پانی والے کھیتوں میں چاول بوئے۔	Urdu (Standard)	South Asia	SACOR_09
She cooked delicious biryani for the family.	اس نے خاندان کے لیے مزیدار بریانی پکائی۔	Urdu (Standard)	South Asia	SACOR_05
Teachers shape young minds.	استاد نوجوان ذہنوں کو شکل دیتے ہیں۔	Urdu (Standard)	South Asia	SACOR_02
Learning a new language requires practice.	نئی زبان سیکھنے کے لیے مشق کی ضرورت ہے۔	Urdu (Standard)	South Asia	SACOR_06
The professor wrote equations on the blackboard.	پروفیسر نے تختے پر مساوات لکھیں۔	Urdu (Standard)	South Asia	SACOR_04
Regular exercise helps maintain good health.	منظم ورزش اچھی صحت برقرار رکھنے میں مدد کرتی ہے۔	Urdu (Standard)	South Asia	SACOR_02
Children learn best when they are interested.	بچے بہترین سیکھتے ہیں جب وہ دلچسپی رکھتے ہیں۔	Urdu (Standard)	South Asia	SACOR_02
Online shopping has become popular.	آن لائن خریداری مقبول ہو گئی ہے۔	Urdu (Standard)	South Asia	SACOR_09
Farmers wake up early to tend to crops.	کسان فصلوں کی دیکھ بھال کے لیے جلدی اٹھتے ہیں۔	Urdu (Standard)	South Asia	SACOR_10
The market was crowded with people.	بازار لوگوں سے بھرا ہوا تھا۔	Urdu (Standard)	South Asia	SACOR_03
Digital payments have made transactions faster.	ڈیجیٹل ادائیگیوں نے معاملات تیز کر دیے ہیں۔	Urdu (Standard)	South Asia	SACOR_04
Train journeys offer scenic views.	ریل کے سفر مناظر کے نظارے پیش کرتے ہیں۔	Urdu (Standard)	South Asia	SACOR_01
Handicrafts showcase artistic traditions.	دستی کاریاں فنکارانہ روایات دکھاتی ہیں۔	Urdu (Standard)	South Asia	SACOR_08
Cricket is a popular sport.	کرکٹ ایک مقبول کھیل ہے۔	Urdu (Standard)	South Asia	SACOR_04
She walked slowly through the garden.	وہ باغ میں آہستہ آہستہ چلی۔	Urdu (Standard)	South Asia	SACOR_02
Elderly people share wisdom and stories.	بزرگ لوگ حکمت اور کہانیاں بانٹتے ہیں۔	Urdu (Standard)	South Asia	SACOR_04
Small businesses create employment opportunities.	چھوٹے کاروبار روزگار کے مواقع پیدا کرتے ہیں۔	Urdu (Standard)	South Asia	SACOR_10
Learning a new language requires practice.	نئی زبان سیکھنے کے لیے مشق کی ضرورت ہے۔	Urdu (Standard)	South Asia	SACOR_08
She cooked delicious biryani for the family.	اس نے خاندان کے لیے مزیدار بریانی پکائی۔	Urdu (Standard)	South Asia	SACOR_03
Farmers wake up early to tend to crops.	کسان فصلوں کی دیکھ بھال کے لیے جلدی اٹھتے ہیں۔	Urdu (Standard)	South Asia	SACOR_10
Spices add flavor to traditional dishes.	مصالحے روایتی کھانوں میں ذائقہ بڑھاتے ہیں۔	Urdu (Standard)	South Asia	SACOR_09
Smartphones have changed how people communicate.	اسمارٹ فونوں نے لوگوں کے رابطے کے طریقے کو تبدیل کر دیا ہے۔	Urdu (Standard)	South Asia	SACOR_09
Traditional music is important for our heritage.	روایتی موسیقی ہماری وراثت کے لیے اہم ہے۔	Urdu (Standard)	South Asia	SACOR_08
I woke up early this morning.	میں آج صبح جلدی اٹھا۔	Urdu (Standard)	South Asia	SACOR_03
Tea is served to guests as a gesture of hospitality.	مہمانوں کو مہمان نوازی کی نشانی کے طور پر چائے پیش کی جاتی ہے۔	Urdu (Standard)	South Asia	SACOR_09
The forest is home to many wild animals.	جنگل بہت سے جنگلی جانوروں کا گھر ہے۔	Urdu (Standard)	South Asia	SACOR_08
My grandmother told me stories.	میری دادی نے مجھے کہانیاں سنائیں۔	Urdu (Standard)	South Asia	SACOR_08
Education opens doors to opportunities.	تعلیم مواقع کے دروازے کھولتی ہے۔	Urdu (Standard)	South Asia	SACOR_02
After finishing his work, he sat down.	اپنا کام مکمل کرنے کے بعد، وہ بیٹھ گیا۔	Urdu (Standard)	South Asia	SACOR_04
Online shopping has become popular.	آن لائن خریداری مقبول ہو گئی ہے۔	Urdu (Standard)	South Asia	SACOR_01
Eating fresh fruits provides essential vitamins.	تازہ پھل کھانا ضروری وٹامن فراہم کرتا ہے۔	Urdu (Standard)	South Asia	SACOR_05
The teacher explained the lesson patiently.	استاد نے صبر سے سبق سمجھایا۔	Urdu (Standard)	South Asia	SACOR_03
Teachers shape young minds.	استاد نوجوان ذہنوں کو شکل دیتے ہیں۔	Urdu (Standard)	South Asia	SACOR_04
Sports teach teamwork and discipline.	کھیل ٹیم ورک اور نظم و ضبط سکھاتے ہیں۔	Urdu (Standard)	South Asia	SACOR_09
Storytelling preserves culture and knowledge.	کہانی سنانا ثقافت اور علم کو محفوظ رکھتا ہے۔	Urdu (Standard)	South Asia	SACOR_08
Students gathered in the library.	طلباء لائبریری میں جمع ہوئے۔	Urdu (Standard)	South Asia	SACOR_07
Family members support each other during difficult times.	خاندان کے ممبر مشکل وقتوں میں ایک دوسرے کی مدد کرتے ہیں۔	Urdu (Standard)	South Asia	SACOR_09
The internet connects people across continents.	انٹرنیٹ براعظموں میں لوگوں کو جوڑتا ہے۔	Urdu (Standard)	South Asia	SACOR_01
The professor wrote equations on the blackboard.	پروفیسر نے تختے پر مساوات لکھیں۔	Urdu (Standard)	South Asia	SACOR_10
Children learn best when they are interested.	بچے بہترین سیکھتے ہیں جب وہ دلچسپی رکھتے ہیں۔	Urdu (Standard)	South Asia	SACOR_01
Reading books improves vocabulary.	کتابیں پڑھنا ذخیرہ الفاظ بہتر بناتا ہے۔	Urdu (Standard)	South Asia	SACOR_01
The market was crowded with people.	بازار لوگوں سے بھرا ہوا تھا۔	Urdu (Standard)	South Asia	SACOR_08
Doctors work long hours to treat patients.	ڈاکٹر مریضوں کا علاج کرنے کے لیے لمبے گھنٹے کام کرتے ہیں۔	Urdu (Standard)	South Asia	SACOR_08
Doctors recommend drinking plenty of water.	ڈاکٹر زیادہ پانی پینے کی صلاح دیتے ہیں۔	Urdu (Standard)	South Asia	SACOR_10
Pollution in cities has become a serious problem.	شہروں میں آلودگی ایک سنجیدہ مسئلہ بن گئی ہے۔	Urdu (Standard)	South Asia	SACOR_07
Farmers planted rice in the flooded fields.	کسانوں نے پانی والے کھیتوں میں چاول بوئے۔	Urdu (Standard)	South Asia	SACOR_05
People travel long distances to visit religious sites.	لوگ مذہبی مقامات دیکھنے کے لیے لمبی دوریاں طے کرتے ہیں۔	Urdu (Standard)	South Asia	SACOR_03
She received a scholarship to study medicine.	اسے طب کی تعلیم کے لیے اسکالرشپ ملی۔	Urdu (Standard)	South Asia	SACOR_08
People celebrate festivals with great joy.	لوگ بہت خوشی سے تہوار مناتے ہیں۔	Urdu (Standard)	South Asia	SACOR_08
Tourism brings revenue to regions with historical sites.	سیاحت تاریخی مقامات والے علاقوں میں آمدنی لاتی ہے۔	Urdu (Standard)	South Asia	SACOR_01
The wedding ceremony lasted three days.	شادی کی تقریب تین دن تک چلی۔	Urdu (Standard)	South Asia	SACOR_10
The bus arrived late.	بس دیر سے پہنچی۔	Urdu (Standard)	South Asia	SACOR_08
Children were playing cricket in the street.	بچے سڑک پر کرکٹ کھیل رہے تھے۔	Urdu (Standard)	South Asia	SACOR_09
The river flows peacefully through the valley.	دریا وادی میں پرامن طریقے سے بہتا ہے۔	Urdu (Standard)	South Asia	SACOR_06
We decided to visit the old temple.	ہم نے پرانے مندر کا دورہ کرنے کا فیصلہ کیا۔	Urdu (Standard)	South Asia	SACOR_03
Agriculture remains the primary source of income.	زراعت آمدنی کا بنیادی ذریعہ رہتی ہے۔	Urdu (Standard)	South Asia	SACOR_06
Cooking together brings family members closer.	مل کر کھانا پکانا خاندان کے ممبروں کو قریب لاتا ہے۔	Urdu (Standard)	South Asia	SACOR_04
Regular exercise helps maintain good health.	منظم ورزش اچھی صحت برقرار رکھنے میں مدد کرتی ہے۔	Urdu (Standard)	South Asia	SACOR_10
Birds were chirping in the trees.	پرندے درختوں میں چہچہا رہے تھے۔	Urdu (Standard)	South Asia	SACOR_10
Clear communication prevents misunderstandings.	صاف رابطہ غلط فہمیوں کو روکتا ہے۔	Urdu (Standard)	South Asia	SACOR_02
Respecting elders is an important value.	بزرگوں کا احترام ایک اہم قدر ہے۔	Urdu (Standard)	South Asia	SACOR_04
The school organized a science fair.	اسکول نے سائنس میلہ منظم کیا۔	Urdu (Standard)	South Asia	SACOR_09
Parents sacrifice their own needs for children.	والدین بچوں کے لیے اپنی ضرورتیں قربان کرتے ہیں۔	Urdu (Standard)	South Asia	SACOR_06
Eating fresh fruits provides essential vitamins.	تازہ پھل کھانا ضروری وٹامن فراہم کرتا ہے۔	Urdu (Standard)	South Asia	SACOR_05
Cooking together brings family members closer.	مل کر کھانا پکانا خاندان کے ممبروں کو قریب لاتا ہے۔	Urdu (Standard)	South Asia	SACOR_02
Tourism brings revenue to regions with historical sites.	سیاحت تاریخی مقامات والے علاقوں میں آمدنی لاتی ہے۔	Urdu (Standard)	South Asia	SACOR_04
I woke up early this morning.	میں آج صبح جلدی اٹھا۔	Urdu (Standard)	South Asia	SACOR_02
The bus arrived late.	بس دیر سے پہنچی۔	Urdu (Standard)	South Asia	SACOR_08
Spices add flavor to traditional dishes.	مصالحے روایتی کھانوں میں ذائقہ بڑھاتے ہیں۔	Urdu (Standard)	South Asia	SACOR_05
Children were playing cricket in the street.	بچے سڑک پر کرکٹ کھیل رہے تھے۔	Urdu (Standard)	South Asia	SACOR_05
Teachers shape young minds.	استاد نوجوان ذہنوں کو شکل دیتے ہیں۔	Urdu (Standard)	South Asia	SACOR_09
People celebrate festivals with great joy.	لوگ بہت خوشی سے تہوار مناتے ہیں۔	Urdu (Standard)	South Asia	SACOR_06
Smartphones have changed how people communicate.	اسمارٹ فونوں نے لوگوں کے رابطے کے طریقے کو تبدیل کر دیا ہے۔	Urdu (Standard)	South Asia	SACOR_02
She cooked delicious biryani for the family.	اس نے خاندان کے لیے مزیدار بریانی پکائی۔	Urdu (Standard)	South Asia	SACOR_10
The river flows peacefully through the valley.	دریا وادی میں پرامن طریقے سے بہتا ہے۔	Urdu (Standard)	South Asia	SACOR_06
Reading books improves vocabulary.	کتابیں پڑھنا ذخیرہ الفاظ بہتر بناتا ہے۔	Urdu (Standard)	South Asia	SACOR_05
Digital payments have made transactions faster.	ڈیجیٹل ادائیگیوں نے معاملات تیز کر دیے ہیں۔	Urdu (Standard)	South Asia	SACOR_05
Sports teach teamwork and discipline.	کھیل ٹیم ورک اور نظم و ضبط سکھاتے ہیں۔	Urdu (Standard)	South Asia	SACOR_03
Clear communication prevents misunderstandings.	صاف رابطہ غلط فہمیوں کو روکتا ہے۔	Urdu (Standard)	South Asia	SACOR_04
Learning a new language requires practice.	نئی زبان سیکھنے کے لیے مشق کی ضرورت ہے۔	Urdu (Standard)	South Asia	SACOR_04
Doctors work long hours to treat patients.	ڈاکٹر مریضوں کا علاج کرنے کے لیے لمبے گھنٹے کام کرتے ہیں۔	Urdu (Standard)	South Asia	SACOR_05
Storytelling preserves culture and knowledge.	کہانی سنانا ثقافت اور علم کو محفوظ رکھتا ہے۔	Urdu (Standard)	South Asia	SACOR_05
The school organized a science fair.	اسکول نے سائنس میلہ منظم کیا۔	Urdu (Standard)	South Asia	SACOR_01
Pollution in cities has become a serious problem.	شہروں میں آلودگی ایک سنجیدہ مسئلہ بن گئی ہے۔	Urdu (Standard)	South Asia	SACOR_03
Farmers wake up early to tend to crops.	کسان فصلوں کی دیکھ بھال کے لیے جلدی اٹھتے ہیں۔	Urdu (Standard)	South Asia	SACOR_06
The market was crowded with people.	بازار لوگوں سے بھرا ہوا تھا۔	Urdu (Standard)	South Asia	SACOR_09
The forest is home to many wild animals.	جنگل بہت سے جنگلی جانوروں کا گھر ہے۔	Urdu (Standard)	South Asia	SACOR_09
Online shopping has become popular.	آن لائن خریداری مقبول ہو گئی ہے۔	Urdu (Standard)	South Asia	SACOR_06
Elderly people share wisdom and stories.	بزرگ لوگ حکمت اور کہانیاں بانٹتے ہیں۔	Urdu (Standard)	South Asia	SACOR_06
After finishing his work, he sat down.	اپنا کام مکمل کرنے کے بعد، وہ بیٹھ گیا۔	Urdu (Standard)	South Asia	SACOR_02
Family members support each other during difficult times.	خاندان کے ممبر مشکل وقتوں میں ایک دوسرے کی مدد کرتے ہیں۔	Urdu (Standard)	South Asia	SACOR_01
Agriculture remains the primary source of income.	زراعت آمدنی کا بنیادی ذریعہ رہتی ہے۔	Urdu (Standard)	South Asia	SACOR_09
Handicrafts showcase artistic traditions.	دستی کاریاں فنکارانہ روایات دکھاتی ہیں۔	Urdu (Standard)	South Asia	SACOR_09
Cricket is a popular sport.	کرکٹ ایک مقبول کھیل ہے۔	Urdu (Standard)	South Asia	SACOR_10
My grandmother told me stories.	میری دادی نے مجھے کہانیاں سنائیں۔	Urdu (Standard)	South Asia	SACOR_03
She walked slowly through the garden.	وہ باغ میں آہستہ آہستہ چلی۔	Urdu (Standard)	South Asia	SACOR_02
The internet connects people across continents.	انٹرنیٹ براعظموں میں لوگوں کو جوڑتا ہے۔	Urdu (Standard)	South Asia	SACOR_08
Farmers planted rice in the flooded fields.	کسانوں نے پانی والے کھیتوں میں چاول بوئے۔	Urdu (Standard)	South Asia	SACOR_02
Education opens doors to opportunities.	تعلیم مواقع کے دروازے کھولتی ہے۔	Urdu (Standard)	South Asia	SACOR_01
The wedding ceremony lasted three days.	شادی کی تقریب تین دن تک چلی۔	Urdu (Standard)	South Asia	SACOR_09
Students gathered in the library.	طلباء لائبریری میں جمع ہوئے۔	Urdu (Standard)	South Asia	SACOR_08
She received a scholarship to study medicine.	اسے طب کی تعلیم کے لیے اسکالرشپ ملی۔	Urdu (Standard)	South Asia	SACOR_05
Parents sacrifice their own needs for children.	والدین بچوں کے لیے اپنی ضرورتیں قربان کرتے ہیں۔	Urdu (Standard)	South Asia	SACOR_09
The professor wrote equations on the blackboard.	پروفیسر نے تختے پر مساوات لکھیں۔	Urdu (Standard)	South Asia	SACOR_06
People travel long distances to visit religious sites.	لوگ مذہبی مقامات دیکھنے کے لیے لمبی دوریاں طے کرتے ہیں۔	Urdu (Standard)	South Asia	SACOR_04
Small businesses create employment opportunities.	چھوٹے کاروبار روزگار کے مواقع پیدا کرتے ہیں۔	Urdu (Standard)	South Asia	SACOR_02
The teacher explained the lesson patiently.	استاد نے صبر سے سبق سمجھایا۔	Urdu (Standard)	South Asia	SACOR_06
Birds were chirping in the trees.	پرندے درختوں میں چہچہا رہے تھے۔	Urdu (Standard)	South Asia	SACOR_10
Tea is served to guests as a gesture of hospitality.	مہمانوں کو مہمان نوازی کی نشانی کے طور پر چائے پیش کی جاتی ہے۔	Urdu (Standard)	South Asia	SACOR_10
Train journeys offer scenic views.	ریل کے سفر مناظر کے نظارے پیش کرتے ہیں۔	Urdu (Standard)	South Asia	SACOR_07
Traditional music is important for our heritage.	روایتی موسیقی ہماری وراثت کے لیے اہم ہے۔	Urdu (Standard)	South Asia	SACOR_05
Regular exercise helps maintain good health.	منظم ورزش اچھی صحت برقرار رکھنے میں مدد کرتی ہے۔	Urdu (Standard)	South Asia	SACOR_07
Children learn best when they are interested.	بچے بہترین سیکھتے ہیں جب وہ دلچسپی رکھتے ہیں۔	Urdu (Standard)	South Asia	SACOR_01
We decided to visit the old temple.	ہم نے پرانے مندر کا دورہ کرنے کا فیصلہ کیا۔	Urdu (Standard)	South Asia	SACOR_09
Doctors recommend drinking plenty of water.	ڈاکٹر زیادہ پانی پینے کی صلاح دیتے ہیں۔	Urdu (Standard)	South Asia	SACOR_08
Respecting elders is an important value.	بزرگوں کا احترام ایک اہم قدر ہے۔	Urdu (Standard)	South Asia	SACOR_03
Tourism brings revenue to regions with historical sites.	سیاحت تاریخی مقامات والے علاقوں میں آمدنی لاتی ہے۔	Urdu (Standard)	South Asia	SACOR_06
Clear communication prevents misunderstandings.	صاف رابطہ غلط فہمیوں کو روکتا ہے۔	Urdu (Standard)	South Asia	SACOR_05
Eating fresh fruits provides essential vitamins.	تازہ پھل کھانا ضروری وٹامن فراہم کرتا ہے۔	Urdu (Standard)	South Asia	SACOR_08
People travel long distances to visit religious sites.	لوگ مذہبی مقامات دیکھنے کے لیے لمبی دوریاں طے کرتے ہیں۔	Urdu (Standard)	South Asia	SACOR_08
Small businesses create employment opportunities.	چھوٹے کاروبار روزگار کے مواقع پیدا کرتے ہیں۔	Urdu (Standard)	South Asia	SACOR_08
Train journeys offer scenic views.	ریل کے سفر مناظر کے نظارے پیش کرتے ہیں۔	Urdu (Standard)	South Asia	SACOR_06
Reading books improves vocabulary.	کتابیں پڑھنا ذخیرہ الفاظ بہتر بناتا ہے۔	Urdu (Standard)	South Asia	SACOR_04
Cricket is a popular sport.	کرکٹ ایک مقبول کھیل ہے۔	Urdu (Standard)	South Asia	SACOR_09
The school organized a science fair.	اسکول نے سائنس میلہ منظم کیا۔	Urdu (Standard)	South Asia	SACOR_09
She received a scholarship to study medicine.	اسے طب کی تعلیم کے لیے اسکالرشپ ملی۔	Urdu (Standard)	South Asia	SACOR_02
The wedding ceremony lasted three days.	شادی کی تقریب تین دن تک چلی۔	Urdu (Standard)	South Asia	SACOR_08
Doctors work long hours to treat patients.	ڈاکٹر مریضوں کا علاج کرنے کے لیے لمبے گھنٹے کام کرتے ہیں۔	Urdu (Standard)	South Asia	SACOR_07
The teacher explained the lesson patiently.	استاد نے صبر سے سبق سمجھایا۔	Urdu (Standard)	South Asia	SACOR_09
The bus arrived late.	بس دیر سے پہنچی۔	Urdu (Standard)	South Asia	SACOR_04
The forest is home to many wild animals.	جنگل بہت سے جنگلی جانوروں کا گھر ہے۔	Urdu (Standard)	South Asia	SACOR_06
Children learn best when they are interested.	بچے بہترین سیکھتے ہیں جب وہ دلچسپی رکھتے ہیں۔	Urdu (Standard)	South Asia	SACOR_04
Digital payments have made transactions faster.	ڈیجیٹل ادائیگیوں نے معاملات تیز کر دیے ہیں۔	Urdu (Standard)	South Asia	SACOR_03
Storytelling preserves culture and knowledge.	کہانی سنانا ثقافت اور علم کو محفوظ رکھتا ہے۔	Urdu (Standard)	South Asia	SACOR_05
My grandmother told me stories.	میری دادی نے مجھے کہانیاں سنائیں۔	Urdu (Standard)	South Asia	SACOR_08
The river flows peacefully through the valley.	دریا وادی میں پرامن طریقے سے بہتا ہے۔	Urdu (Standard)	South Asia	SACOR_09
Pollution in cities has become a serious problem.	شہروں میں آلودگی ایک سنجیدہ مسئلہ بن گئی ہے۔	Urdu (Standard)	South Asia	SACOR_02
We decided to visit the old temple.	ہم نے پرانے مندر کا دورہ کرنے کا فیصلہ کیا۔	Urdu (Standard)	South Asia	SACOR_02
Education opens doors to opportunities.	تعلیم مواقع کے دروازے کھولتی ہے۔	Urdu (Standard)	South Asia	SACOR_01
Traditional music is important for our heritage.	روایتی موسیقی ہماری وراثت کے لیے اہم ہے۔	Urdu (Standard)	South Asia	SACOR_02
She walked slowly through the garden.	وہ باغ میں آہستہ آہستہ چلی۔	Urdu (Standard)	South Asia	SACOR_07
Children were playing cricket in the street.	بچے سڑک پر کرکٹ کھیل رہے تھے۔	Urdu (Standard)	South Asia	SACOR_03
Tea is served to guests as a gesture of hospitality.	مہمانوں کو مہمان نوازی کی نشانی کے طور پر چائے پیش کی جاتی ہے۔	Urdu (Standard)	South Asia	SACOR_02
Smartphones have changed how people communicate.	اسمارٹ فونوں نے لوگوں کے رابطے کے طریقے کو تبدیل کر دیا ہے۔	Urdu (Standard)	South Asia	SACOR_10
Learning a new language requires practice.	نئی زبان سیکھنے کے لیے مشق کی ضرورت ہے۔	Urdu (Standard)	South Asia	SACOR_09
The professor wrote equations on the blackboard.	پروفیسر نے تختے پر مساوات لکھیں۔	Urdu (Standard)	South Asia	SACOR_10
Agriculture remains the primary source of income.	زراعت آمدنی کا بنیادی ذریعہ رہتی ہے۔	Urdu (Standard)	South Asia	SACOR_08
Respecting elders is an important value.	بزرگوں کا احترام ایک اہم قدر ہے۔	Urdu (Standard)	South Asia	SACOR_05
Sports teach teamwork and discipline.	کھیل ٹیم ورک اور نظم و ضبط سکھاتے ہیں۔	Urdu (Standard)	South Asia	SACOR_05
Teachers shape young minds.	استاد نوجوان ذہنوں کو شکل دیتے ہیں۔	Urdu (Standard)	South Asia	SACOR_07
Regular exercise helps maintain good health.	منظم ورزش اچھی صحت برقرار رکھنے میں مدد کرتی ہے۔	Urdu (Standard)	South Asia	SACOR_10
After finishing his work, he sat down.	اپنا کام مکمل کرنے کے بعد، وہ بیٹھ گیا۔	Urdu (Standard)	South Asia	SACOR_04
Birds were chirping in the trees.	پرندے درختوں میں چہچہا رہے تھے۔	Urdu (Standard)	South Asia	SACOR_02
The market was crowded with people.	بازار لوگوں سے بھرا ہوا تھا۔	Urdu (Standard)	South Asia	SACOR_07
Handicrafts showcase artistic traditions.	دستی کاریاں فنکارانہ روایات دکھاتی ہیں۔	Urdu (Standard)	South Asia	SACOR_09
I woke up early this morning.	میں آج صبح جلدی اٹھا۔	Urdu (Standard)	South Asia	SACOR_02
Parents sacrifice their own needs for children.	والدین بچوں کے لیے اپنی ضرورتیں قربان کرتے ہیں۔	Urdu (Standard)	South Asia	SACOR_06
Cooking together brings family members closer.	مل کر کھانا پکانا خاندان کے ممبروں کو قریب لاتا ہے۔	Urdu (Standard)	South Asia	SACOR_02
Family members support each other during difficult times.	خاندان کے ممبر مشکل وقتوں میں ایک دوسرے کی مدد کرتے ہیں۔	Urdu (Standard)	South Asia	SACOR_07
Elderly people share wisdom and stories.	بزرگ لوگ حکمت اور کہانیاں بانٹتے ہیں۔	Urdu (Standard)	South Asia	SACOR_05
Farmers planted rice in the flooded fields.	کسانوں نے پانی والے کھیتوں میں چاول بوئے۔	Urdu (Standard)	South Asia	SACOR_10
The internet connects people across continents.	انٹرنیٹ براعظموں میں لوگوں کو جوڑتا ہے۔	Urdu (Standard)	South Asia	SACOR_02
Online shopping has become popular.	آن لائن خریداری مقبول ہو گئی ہے۔	Urdu (Standard)	South Asia	SACOR_10
Farmers wake up early to tend to crops.	کسان فصلوں کی دیکھ بھال کے لیے جلدی اٹھتے ہیں۔	Urdu (Standard)	South Asia	SACOR_01
Spices add flavor to traditional dishes.	مصالحے روایتی کھانوں میں ذائقہ بڑھاتے ہیں۔	Urdu (Standard)	South Asia	SACOR_08
Students gathered in the library.	طلباء لائبریری میں جمع ہوئے۔	Urdu (Standard)	South Asia	SACOR_01
People celebrate festivals with great joy.	لوگ بہت خوشی سے تہوار مناتے ہیں۔	Urdu (Standard)	South Asia	SACOR_05
She cooked delicious biryani for the family.	اس نے خاندان کے لیے مزیدار بریانی پکائی۔	Urdu (Standard)	South Asia	SACOR_05
Doctors recommend drinking plenty of water.	ڈاکٹر زیادہ پانی پینے کی صلاح دیتے ہیں۔	Urdu (Standard)	South Asia	SACOR_06
Spices add flavor to traditional dishes.	مصالحے روایتی کھانوں میں ذائقہ بڑھاتے ہیں۔	Urdu (Standard)	South Asia	SACOR_02
She walked slowly through the garden.	وہ باغ میں آہستہ آہستہ چلی۔	Urdu (Standard)	South Asia	SACOR_10
The market was crowded with people.	بازار لوگوں سے بھرا ہوا تھا۔	Urdu (Standard)	South Asia	SACOR_07
She received a scholarship to study medicine.	اسے طب کی تعلیم کے لیے اسکالرشپ ملی۔	Urdu (Standard)	South Asia	SACOR_05
Storytelling preserves culture and knowledge.	کہانی سنانا ثقافت اور علم کو محفوظ رکھتا ہے۔	Urdu (Standard)	South Asia	SACOR_10
She cooked delicious biryani for the family.	اس نے خاندان کے لیے مزیدار بریانی پکائی۔	Urdu (Standard)	South Asia	SACOR_03
Digital payments have made transactions faster.	ڈیجیٹل ادائیگیوں نے معاملات تیز کر دیے ہیں۔	Urdu (Standard)	South Asia	SACOR_04
Education opens doors to opportunities.	تعلیم مواقع کے دروازے کھولتی ہے۔	Urdu (Standard)	South Asia	SACOR_01
The professor wrote equations on the blackboard.	پروفیسر نے تختے پر مساوات لکھیں۔	Urdu (Standard)	South Asia	SACOR_07
Children learn best when they are interested.	بچے بہترین سیکھتے ہیں جب وہ دلچسپی رکھتے ہیں۔	Urdu (Standard)	South Asia	SACOR_07
Cooking together brings family members closer.	مل کر کھانا پکانا خاندان کے ممبروں کو قریب لاتا ہے۔	Urdu (Standard)	South Asia	SACOR_02
Children were playing cricket in the street.	بچے سڑک پر کرکٹ کھیل رہے تھے۔	Urdu (Standard)	South Asia	SACOR_10
Traditional music is important for our heritage.	روایتی موسیقی ہماری وراثت کے لیے اہم ہے۔	Urdu (Standard)	South Asia	SACOR_01
Birds were chirping in the trees.	پرندے درختوں میں چہچہا رہے تھے۔	Urdu (Standard)	South Asia	SACOR_02
Clear communication prevents misunderstandings.	صاف رابطہ غلط فہمیوں کو روکتا ہے۔	Urdu (Standard)	South Asia	SACOR_08
The internet connects people across continents.	انٹرنیٹ براعظموں میں لوگوں کو جوڑتا ہے۔	Urdu (Standard)	South Asia	SACOR_05
My grandmother told me stories.	میری دادی نے مجھے کہانیاں سنائیں۔	Urdu (Standard)	South Asia	SACOR_09
Train journeys offer scenic views.	ریل کے سفر مناظر کے نظارے پیش کرتے ہیں۔	Urdu (Standard)	South Asia	SACOR_05
I woke up early this morning.	میں آج صبح جلدی اٹھا۔	Urdu (Standard)	South Asia	SACOR_03
Small businesses create employment opportunities.	چھوٹے کاروبار روزگار کے مواقع پیدا کرتے ہیں۔	Urdu (Standard)	South Asia	SACOR_06
We decided to visit the old temple.	ہم نے پرانے مندر کا دورہ کرنے کا فیصلہ کیا۔	Urdu (Standard)	South Asia	SACOR_03
Pollution in cities has become a serious problem.	شہروں میں آلودگی ایک سنجیدہ مسئلہ بن گئی ہے۔	Urdu (Standard)	South Asia	SACOR_05
Agriculture remains the primary source of income.	زراعت آمدنی کا بنیادی ذریعہ رہتی ہے۔	Urdu (Standard)	South Asia	SACOR_07
Parents sacrifice their own needs for children.	والدین بچوں کے لیے اپنی ضرورتیں قربان کرتے ہیں۔	Urdu (Standard)	South Asia	SACOR_08
Sports teach teamwork and discipline.	کھیل ٹیم ورک اور نظم و ضبط سکھاتے ہیں۔	Urdu (Standard)	South Asia	SACOR_02
The river flows peacefully through the valley.	دریا وادی میں پرامن طریقے سے بہتا ہے۔	Urdu (Standard)	South Asia	SACOR_10
Doctors recommend drinking plenty of water.	ڈاکٹر زیادہ پانی پینے کی صلاح دیتے ہیں۔	Urdu (Standard)	South Asia	SACOR_04
Doctors work long hours to treat patients.	ڈاکٹر مریضوں کا علاج کرنے کے لیے لمبے گھنٹے کام کرتے ہیں۔	Urdu (Standard)	South Asia	SACOR_01
The forest is home to many wild animals.	جنگل بہت سے جنگلی جانوروں کا گھر ہے۔	Urdu (Standard)	South Asia	SACOR_07
Students gathered in the library.	طلباء لائبریری میں جمع ہوئے۔	Urdu (Standard)	South Asia	SACOR_05
Smartphones have changed how people communicate.	اسمارٹ فونوں نے لوگوں کے رابطے کے طریقے کو تبدیل کر دیا ہے۔	Urdu (Standard)	South Asia	SACOR_08
Farmers wake up early to tend to crops.	کسان فصلوں کی دیکھ بھال کے لیے جلدی اٹھتے ہیں۔	Urdu (Standard)	South Asia	SACOR_04
The school organized a science fair.	اسکول نے سائنس میلہ منظم کیا۔	Urdu (Standard)	South Asia	SACOR_10
Handicrafts showcase artistic traditions.	دستی کاریاں فنکارانہ روایات دکھاتی ہیں۔	Urdu (Standard)	South Asia	SACOR_01
Family members support each other during difficult times.	خاندان کے ممبر مشکل وقتوں میں ایک دوسرے کی مدد کرتے ہیں۔	Urdu (Standard)	South Asia	SACOR_09
Farmers planted rice in the flooded fields.	کسانوں نے پانی والے کھیتوں میں چاول بوئے۔	Urdu (Standard)	South Asia	SACOR_08
Online shopping has become popular.	آن لائن خریداری مقبول ہو گئی ہے۔	Urdu (Standard)	South Asia	SACOR_06
Cricket is a popular sport.	کرکٹ ایک مقبول کھیل ہے۔	Urdu (Standard)	South Asia	SACOR_04
The wedding ceremony lasted three days.	شادی کی تقریب تین دن تک چلی۔	Urdu (Standard)	South Asia	SACOR_06
Eating fresh fruits provides essential vitamins.	تازہ پھل کھانا ضروری وٹامن فراہم کرتا ہے۔	Urdu (Standard)	South Asia	SACOR_09
The teacher explained the lesson patiently.	استاد نے صبر سے سبق سمجھایا۔	Urdu (Standard)	South Asia	SACOR_10
Tea is served to guests as a gesture of hospitality.	مہمانوں کو مہمان نوازی کی نشانی کے طور پر چائے پیش کی جاتی ہے۔	Urdu (Standard)	South Asia	SACOR_09
Elderly people share wisdom and stories.	بزرگ لوگ حکمت اور کہانیاں بانٹتے ہیں۔	Urdu (Standard)	South Asia	SACOR_04
Teachers shape young minds.	استاد نوجوان ذہنوں کو شکل دیتے ہیں۔	Urdu (Standard)	South Asia	SACOR_03
Respecting elders is an important value.	بزرگوں کا احترام ایک اہم قدر ہے۔	Urdu (Standard)	South Asia	SACOR_05
Regular exercise helps maintain good health.	منظم ورزش اچھی صحت برقرار رکھنے میں مدد کرتی ہے۔	Urdu (Standard)	South Asia	SACOR_04
The bus arrived late.	بس دیر سے پہنچی۔	Urdu (Standard)	South Asia	SACOR_06
Tourism brings revenue to regions with historical sites.	سیاحت تاریخی مقامات والے علاقوں میں آمدنی لاتی ہے۔	Urdu (Standard)	South Asia	SACOR_10
Reading books improves vocabulary.	کتابیں پڑھنا ذخیرہ الفاظ بہتر بناتا ہے۔	Urdu (Standard)	South Asia	SACOR_06
After finishing his work, he sat down.	اپنا کام مکمل کرنے کے بعد، وہ بیٹھ گیا۔	Urdu (Standard)	South Asia	SACOR_02
Learning a new language requires practice.	نئی زبان سیکھنے کے لیے مشق کی ضرورت ہے۔	Urdu (Standard)	South Asia	SACOR_04
People celebrate festivals with great joy.	لوگ بہت خوشی سے تہوار مناتے ہیں۔	Urdu (Standard)	South Asia	SACOR_04
People travel long distances to visit religious sites.	لوگ مذہبی مقامات دیکھنے کے لیے لمبی دوریاں طے کرتے ہیں۔	Urdu (Standard)	South Asia	SACOR_04
Agriculture remains the primary source of income.	زراعت آمدنی کا بنیادی ذریعہ رہتی ہے۔	Urdu (Standard)	South Asia	SACOR_02
Children were playing cricket in the street.	بچے سڑک پر کرکٹ کھیل رہے تھے۔	Urdu (Standard)	South Asia	SACOR_07
Cooking together brings family members closer.	مل کر کھانا پکانا خاندان کے ممبروں کو قریب لاتا ہے۔	Urdu (Standard)	South Asia	SACOR_10
Traditional music is important for our heritage.	روایتی موسیقی ہماری وراثت کے لیے اہم ہے۔	Urdu (Standard)	South Asia	SACOR_06
Spices add flavor to traditional dishes.	مصالحے روایتی کھانوں میں ذائقہ بڑھاتے ہیں۔	Urdu (Standard)	South Asia	SACOR_05
Birds were chirping in the trees.	پرندے درختوں میں چہچہا رہے تھے۔	Urdu (Standard)	South Asia	SACOR_04
The bus arrived late.	بس دیر سے پہنچی۔	Urdu (Standard)	South Asia	SACOR_03
I woke up early this morning.	میں آج صبح جلدی اٹھا۔	Urdu (Standard)	South Asia	SACOR_04
Handicrafts showcase artistic traditions.	دستی کاریاں فنکارانہ روایات دکھاتی ہیں۔	Urdu (Standard)	South Asia	SACOR_03
The internet connects people across continents.	انٹرنیٹ براعظموں میں لوگوں کو جوڑتا ہے۔	Urdu (Standard)	South Asia	SACOR_05
Cricket is a popular sport.	کرکٹ ایک مقبول کھیل ہے۔	Urdu (Standard)	South Asia	SACOR_07
The school organized a science fair.	اسکول نے سائنس میلہ منظم کیا۔	Urdu (Standard)	South Asia	SACOR_10
Elderly people share wisdom and stories.	بزرگ لوگ حکمت اور کہانیاں بانٹتے ہیں۔	Urdu (Standard)	South Asia	SACOR_04
After finishing his work, he sat down.	اپنا کام مکمل کرنے کے بعد، وہ بیٹھ گیا۔	Urdu (Standard)	South Asia	SACOR_06
Tea is served to guests as a gesture of hospitality.	مہمانوں کو مہمان نوازی کی نشانی کے طور پر چائے پیش کی جاتی ہے۔	Urdu (Standard)	South Asia	SACOR_06
Learning a new language requires practice.	نئی زبان سیکھنے کے لیے مشق کی ضرورت ہے۔	Urdu (Standard)	South Asia	SACOR_02
People celebrate festivals with great joy.	لوگ بہت خوشی سے تہوار مناتے ہیں۔	Urdu (Standard)	South Asia	SACOR_07
Education opens doors to opportunities.	تعلیم مواقع کے دروازے کھولتی ہے۔	Urdu (Standard)	South Asia	SACOR_10
Train journeys offer scenic views.	ریل کے سفر مناظر کے نظارے پیش کرتے ہیں۔	Urdu (Standard)	South Asia	SACOR_08
Online shopping has become popular.	آن لائن خریداری مقبول ہو گئی ہے۔	Urdu (Standard)	South Asia	SACOR_09
My grandmother told me stories.	میری دادی نے مجھے کہانیاں سنائیں۔	Urdu (Standard)	South Asia	SACOR_09
Digital payments have made transactions faster.	ڈیجیٹل ادائیگیوں نے معاملات تیز کر دیے ہیں۔	Urdu (Standard)	South Asia	SACOR_04
Farmers planted rice in the flooded fields.	کسانوں نے پانی والے کھیتوں میں چاول بوئے۔	Urdu (Standard)	South Asia	SACOR_08
The forest is home to many wild animals.	جنگل بہت سے جنگلی جانوروں کا گھر ہے۔	Urdu (Standard)	South Asia	SACOR_08
Storytelling preserves culture and knowledge.	کہانی سنانا ثقافت اور علم کو محفوظ رکھتا ہے۔	Urdu (Standard)	South Asia	SACOR_08
Tourism brings revenue to regions with historical sites.	سیاحت تاریخی مقامات والے علاقوں میں آمدنی لاتی ہے۔	Urdu (Standard)	South Asia	SACOR_03
The market was crowded with people.	بازار لوگوں سے بھرا ہوا تھا۔	Urdu (Standard)	South Asia	SACOR_01
She cooked delicious biryani for the family.	اس نے خاندان کے لیے مزیدار بریانی پکائی۔	Urdu (Standard)	South Asia	SACOR_05
Doctors work long hours to treat patients.	ڈاکٹر مریضوں کا علاج کرنے کے لیے لمبے گھنٹے کام کرتے ہیں۔	Urdu (Standard)	South Asia	SACOR_04
The wedding ceremony lasted three days.	شادی کی تقریب تین دن تک چلی۔	Urdu (Standard)	South Asia	SACOR_10
Sports teach teamwork and discipline.	کھیل ٹیم ورک اور نظم و ضبط سکھاتے ہیں۔	Urdu (Standard)	South Asia	SACOR_08
People travel long distances to visit religious sites.	لوگ مذہبی مقامات دیکھنے کے لیے لمبی دوریاں طے کرتے ہیں۔	Urdu (Standard)	South Asia	SACOR_02
Family members support each other during difficult times.	خاندان کے ممبر مشکل وقتوں میں ایک دوسرے کی مدد کرتے ہیں۔	Urdu (Standard)	South Asia	SACOR_09
Students gathered in the library.	طلباء لائبریری میں جمع ہوئے۔	Urdu (Standard)	South Asia	SACOR_09
Smartphones have changed how people communicate.	اسمارٹ فونوں نے لوگوں کے رابطے کے طریقے کو تبدیل کر دیا ہے۔	Urdu (Standard)	South Asia	SACOR_09
The professor wrote equations on the blackboard.	پروفیسر نے تختے پر مساوات لکھیں۔	Urdu (Standard)	South Asia	SACOR_05
We decided to visit the old temple.	ہم نے پرانے مندر کا دورہ کرنے کا فیصلہ کیا۔	Urdu (Standard)	South Asia	SACOR_03
Clear communication prevents misunderstandings.	صاف رابطہ غلط فہمیوں کو روکتا ہے۔	Urdu (Standard)	South Asia	SACOR_08
Doctors recommend drinking plenty of water.	ڈاکٹر زیادہ پانی پینے کی صلاح دیتے ہیں۔	Urdu (Standard)	South Asia	SACOR_02
Small businesses create employment opportunities.	چھوٹے کاروبار روزگار کے مواقع پیدا کرتے ہیں۔	Urdu (Standard)	South Asia	SACOR_07
Farmers wake up early to tend to crops.	کسان فصلوں کی دیکھ بھال کے لیے جلدی اٹھتے ہیں۔	Urdu (Standard)	South Asia	SACOR_10
She received a scholarship to study medicine.	اسے طب کی تعلیم کے لیے اسکالرشپ ملی۔	Urdu (Standard)	South Asia	SACOR_07
Pollution in cities has become a serious problem.	شہروں میں آلودگی ایک سنجیدہ مسئلہ بن گئی ہے۔	Urdu (Standard)	South Asia	SACOR_06
Eating fresh fruits provides essential vitamins.	تازہ پھل کھانا ضروری وٹامن فراہم کرتا ہے۔	Urdu (Standard)	South Asia	SACOR_07
Regular exercise helps maintain good health.	منظم ورزش اچھی صحت برقرار رکھنے میں مدد کرتی ہے۔	Urdu (Standard)	South Asia	SACOR_05
She walked slowly through the garden.	وہ باغ میں آہستہ آہستہ چلی۔	Urdu (Standard)	South Asia	SACOR_06
The teacher explained the lesson patiently.	استاد نے صبر سے سبق سمجھایا۔	Urdu (Standard)	South Asia	SACOR_06
Parents sacrifice their own needs for children.	والدین بچوں کے لیے اپنی ضرورتیں قربان کرتے ہیں۔	Urdu (Standard)	South Asia	SACOR_04
The river flows peacefully through the valley.	دریا وادی میں پرامن طریقے سے بہتا ہے۔	Urdu (Standard)	South Asia	SACOR_10
Teachers shape young minds.	استاد نوجوان ذہنوں کو شکل دیتے ہیں۔	Urdu (Standard)	South Asia	SACOR_03
Reading books improves vocabulary.	کتابیں پڑھنا ذخیرہ الفاظ بہتر بناتا ہے۔	Urdu (Standard)	South Asia	SACOR_09
Children learn best when they are interested.	بچے بہترین سیکھتے ہیں جب وہ دلچسپی رکھتے ہیں۔	Urdu (Standard)	South Asia	SACOR_05
Respecting elders is an important value.	بزرگوں کا احترام ایک اہم قدر ہے۔	Urdu (Standard)	South Asia	SACOR_01
People celebrate festivals with great joy.	لوگ بہت خوشی سے تہوار مناتے ہیں۔	Urdu (Standard)	South Asia	SACOR_04
Learning a new language requires practice.	نئی زبان سیکھنے کے لیے مشق کی ضرورت ہے۔	Urdu (Standard)	South Asia	SACOR_05
The school organized a science fair.	اسکول نے سائنس میلہ منظم کیا۔	Urdu (Standard)	South Asia	SACOR_08
Train journeys offer scenic views.	ریل کے سفر مناظر کے نظارے پیش کرتے ہیں۔	Urdu (Standard)	South Asia	SACOR_07
Cooking together brings family members closer.	مل کر کھانا پکانا خاندان کے ممبروں کو قریب لاتا ہے۔	Urdu (Standard)	South Asia	SACOR_10
People travel long distances to visit religious sites.	لوگ مذہبی مقامات دیکھنے کے لیے لمبی دوریاں طے کرتے ہیں۔	Urdu (Standard)	South Asia	SACOR_07
Doctors work long hours to treat patients.	ڈاکٹر مریضوں کا علاج کرنے کے لیے لمبے گھنٹے کام کرتے ہیں۔	Urdu (Standard)	South Asia	SACOR_05
Traditional music is important for our heritage.	روایتی موسیقی ہماری وراثت کے لیے اہم ہے۔	Urdu (Standard)	South Asia	SACOR_06
Storytelling preserves culture and knowledge.	کہانی سنانا ثقافت اور علم کو محفوظ رکھتا ہے۔	Urdu (Standard)	South Asia	SACOR_05
Children learn best when they are interested.	بچے بہترین سیکھتے ہیں جب وہ دلچسپی رکھتے ہیں۔	Urdu (Standard)	South Asia	SACOR_05
She cooked delicious biryani for the family.	اس نے خاندان کے لیے مزیدار بریانی پکائی۔	Urdu (Standard)	South Asia	SACOR_01
Students gathered in the library.	طلباء لائبریری میں جمع ہوئے۔	Urdu (Standard)	South Asia	SACOR_07
Pollution in cities has become a serious problem.	شہروں میں آلودگی ایک سنجیدہ مسئلہ بن گئی ہے۔	Urdu (Standard)	South Asia	SACOR_07
The professor wrote equations on the blackboard.	پروفیسر نے تختے پر مساوات لکھیں۔	Urdu (Standard)	South Asia	SACOR_09
Smartphones have changed how people communicate.	اسمارٹ فونوں نے لوگوں کے رابطے کے طریقے کو تبدیل کر دیا ہے۔	Urdu (Standard)	South Asia	SACOR_10
She walked slowly through the garden.	وہ باغ میں آہستہ آہستہ چلی۔	Urdu (Standard)	South Asia	SACOR_10
Farmers wake up early to tend to crops.	کسان فصلوں کی دیکھ بھال کے لیے جلدی اٹھتے ہیں۔	Urdu (Standard)	South Asia	SACOR_05
The wedding ceremony lasted three days.	شادی کی تقریب تین دن تک چلی۔	Urdu (Standard)	South Asia	SACOR_03
Spices add flavor to traditional dishes.	مصالحے روایتی کھانوں میں ذائقہ بڑھاتے ہیں۔	Urdu (Standard)	South Asia	SACOR_06
The river flows peacefully through the valley.	دریا وادی میں پرامن طریقے سے بہتا ہے۔	Urdu (Standard)	South Asia	SACOR_04
Family members support each other during difficult times.	خاندان کے ممبر مشکل وقتوں میں ایک دوسرے کی مدد کرتے ہیں۔	Urdu (Standard)	South Asia	SACOR_03
The bus arrived late.	بس دیر سے پہنچی۔	Urdu (Standard)	South Asia	SACOR_09
Doctors recommend drinking plenty of water.	ڈاکٹر زیادہ پانی پینے کی صلاح دیتے ہیں۔	Urdu (Standard)	South Asia	SACOR_04
Cricket is a popular sport.	کرکٹ ایک مقبول کھیل ہے۔	Urdu (Standard)	South Asia	SACOR_07
Teachers shape young minds.	استاد نوجوان ذہنوں کو شکل دیتے ہیں۔	Urdu (Standard)	South Asia	SACOR_10
The forest is home to many wild animals.	جنگل بہت سے جنگلی جانوروں کا گھر ہے۔	Urdu (Standard)	South Asia	SACOR_04
Clear communication prevents misunderstandings.	صاف رابطہ غلط فہمیوں کو روکتا ہے۔	Urdu (Standard)	South Asia	SACOR_01
Elderly people share wisdom and stories.	بزرگ لوگ حکمت اور کہانیاں بانٹتے ہیں۔	Urdu (Standard)	South Asia	SACOR_09
Tourism brings revenue to regions with historical sites.	سیاحت تاریخی مقامات والے علاقوں میں آمدنی لاتی ہے۔	Urdu (Standard)	South Asia	SACOR_01
Tea is served to guests as a gesture of hospitality.	مہمانوں کو مہمان نوازی کی نشانی کے طور پر چائے پیش کی جاتی ہے۔	Urdu (Standard)	South Asia	SACOR_02
After finishing his work, he sat down.	اپنا کام مکمل کرنے کے بعد، وہ بیٹھ گیا۔	Urdu (Standard)	South Asia	SACOR_02
We decided to visit the old temple.	ہم نے پرانے مندر کا دورہ کرنے کا فیصلہ کیا۔	Urdu (Standard)	South Asia	SACOR_09
Agriculture remains the primary source of income.	زراعت آمدنی کا بنیادی ذریعہ رہتی ہے۔	Urdu (Standard)	South Asia	SACOR_08
Small businesses create employment opportunities.	چھوٹے کاروبار روزگار کے مواقع پیدا کرتے ہیں۔	Urdu (Standard)	South Asia	SACOR_03
Children were playing cricket in the street.	بچے سڑک پر کرکٹ کھیل رہے تھے۔	Urdu (Standard)	South Asia	SACOR_02
The market was crowded with people.	بازار لوگوں سے بھرا ہوا تھا۔	Urdu (Standard)	South Asia	SACOR_04
I woke up early this morning.	میں آج صبح جلدی اٹھا۔	Urdu (Standard)	South Asia	SACOR_10
Eating fresh fruits provides essential vitamins.	تازہ پھل کھانا ضروری وٹامن فراہم کرتا ہے۔	Urdu (Standard)	South Asia	SACOR_09
Education opens doors to opportunities.	تعلیم مواقع کے دروازے کھولتی ہے۔	Urdu (Standard)	South Asia	SACOR_04
Regular exercise helps maintain good health.	منظم ورزش اچھی صحت برقرار رکھنے میں مدد کرتی ہے۔	Urdu (Standard)	South Asia	SACOR_01
Sports teach teamwork and discipline.	کھیل ٹیم ورک اور نظم و ضبط سکھاتے ہیں۔	Urdu (Standard)	South Asia	SACOR_03
Parents sacrifice their own needs for children.	والدین بچوں کے لیے اپنی ضرورتیں قربان کرتے ہیں۔	Urdu (Standard)	South Asia	SACOR_01
Respecting elders is an important value.	بزرگوں کا احترام ایک اہم قدر ہے۔	Urdu (Standard)	South Asia	SACOR_01
Online shopping has become popular.	آن لائن خریداری مقبول ہو گئی ہے۔	Urdu (Standard)	South Asia	SACOR_06
The teacher explained the lesson patiently.	استاد نے صبر سے سبق سمجھایا۔	Urdu (Standard)	South Asia	SACOR_07
Reading books improves vocabulary.	کتابیں پڑھنا ذخیرہ الفاظ بہتر بناتا ہے۔	Urdu (Standard)	South Asia	SACOR_06
The internet connects people across continents.	انٹرنیٹ براعظموں میں لوگوں کو جوڑتا ہے۔	Urdu (Standard)	South Asia	SACOR_08
Farmers planted rice in the flooded fields.	کسانوں نے پانی والے کھیتوں میں چاول بوئے۔	Urdu (Standard)	South Asia	SACOR_03
Birds were chirping in the trees.	پرندے درختوں میں چہچہا رہے تھے۔	Urdu (Standard)	South Asia	SACOR_04
Digital payments have made transactions faster.	ڈیجیٹل ادائیگیوں نے معاملات تیز کر دیے ہیں۔	Urdu (Standard)	South Asia	SACOR_09
My grandmother told me stories.	میری دادی نے مجھے کہانیاں سنائیں۔	Urdu (Standard)	South Asia	SACOR_07
Handicrafts showcase artistic traditions.	دستی کاریاں فنکارانہ روایات دکھاتی ہیں۔	Urdu (Standard)	South Asia	SACOR_02
She received a scholarship to study medicine.	اسے طب کی تعلیم کے لیے اسکالرشپ ملی۔	Urdu (Standard)	South Asia	SACOR_07
Online shopping has become popular.	آن لائن خریداری مقبول ہو گئی ہے۔	Urdu (Standard)	South Asia	SACOR_01
Sports teach teamwork and discipline.	کھیل ٹیم ورک اور نظم و ضبط سکھاتے ہیں۔	Urdu (Standard)	South Asia	SACOR_02
We decided to visit the old temple.	ہم نے پرانے مندر کا دورہ کرنے کا فیصلہ کیا۔	Urdu (Standard)	South Asia	SACOR_09
After finishing his work, he sat down.	اپنا کام مکمل کرنے کے بعد، وہ بیٹھ گیا۔	Urdu (Standard)	South Asia	SACOR_07
Doctors recommend drinking plenty of water.	ڈاکٹر زیادہ پانی پینے کی صلاح دیتے ہیں۔	Urdu (Standard)	South Asia	SACOR_02
Parents sacrifice their own needs for children.	والدین بچوں کے لیے اپنی ضرورتیں قربان کرتے ہیں۔	Urdu (Standard)	South Asia	SACOR_10
Pollution in cities has become a serious problem.	شہروں میں آلودگی ایک سنجیدہ مسئلہ بن گئی ہے۔	Urdu (Standard)	South Asia	SACOR_02
Family members support each other during difficult times.	خاندان کے ممبر مشکل وقتوں میں ایک دوسرے کی مدد کرتے ہیں۔	Urdu (Standard)	South Asia	SACOR_04
The bus arrived late.	بس دیر سے پہنچی۔	Urdu (Standard)	South Asia	SACOR_07
I woke up early this morning.	میں آج صبح جلدی اٹھا۔	Urdu (Standard)	South Asia	SACOR_05
Farmers wake up early to tend to crops.	کسان فصلوں کی دیکھ بھال کے لیے جلدی اٹھتے ہیں۔	Urdu (Standard)	South Asia	SACOR_01
People travel long distances to visit religious sites.	لوگ مذہبی مقامات دیکھنے کے لیے لمبی دوریاں طے کرتے ہیں۔	Urdu (Standard)	South Asia	SACOR_07
The professor wrote equations on the blackboard.	پروفیسر نے تختے پر مساوات لکھیں۔	Urdu (Standard)	South Asia	SACOR_10
She walked slowly through the garden.	وہ باغ میں آہستہ آہستہ چلی۔	Urdu (Standard)	South Asia	SACOR_06
The forest is home to many wild animals.	جنگل بہت سے جنگلی جانوروں کا گھر ہے۔	Urdu (Standard)	South Asia	SACOR_09
Agriculture remains the primary source of income.	زراعت آمدنی کا بنیادی ذریعہ رہتی ہے۔	Urdu (Standard)	South Asia	SACOR_01
The wedding ceremony lasted three days.	شادی کی تقریب تین دن تک چلی۔	Urdu (Standard)	South Asia	SACOR_06
Reading books improves vocabulary.	کتابیں پڑھنا ذخیرہ الفاظ بہتر بناتا ہے۔	Urdu (Standard)	South Asia	SACOR_02
Tea is served to guests as a gesture of hospitality.	مہمانوں کو مہمان نوازی کی نشانی کے طور پر چائے پیش کی جاتی ہے۔	Urdu (Standard)	South Asia	SACOR_09
Children were playing cricket in the street.	بچے سڑک پر کرکٹ کھیل رہے تھے۔	Urdu (Standard)	South Asia	SACOR_05
Cooking together brings family members closer.	مل کر کھانا پکانا خاندان کے ممبروں کو قریب لاتا ہے۔	Urdu (Standard)	South Asia	SACOR_01
Train journeys offer scenic views.	ریل کے سفر مناظر کے نظارے پیش کرتے ہیں۔	Urdu (Standard)	South Asia	SACOR_05
The market was crowded with people.	بازار لوگوں سے بھرا ہوا تھا۔	Urdu (Standard)	South Asia	SACOR_08
Doctors work long hours to treat patients.	ڈاکٹر مریضوں کا علاج کرنے کے لیے لمبے گھنٹے کام کرتے ہیں۔	Urdu (Standard)	South Asia	SACOR_08
Clear communication prevents misunderstandings.	صاف رابطہ غلط فہمیوں کو روکتا ہے۔	Urdu (Standard)	South Asia	SACOR_04
She received a scholarship to study medicine.	اسے طب کی تعلیم کے لیے اسکالرشپ ملی۔	Urdu (Standard)	South Asia	SACOR_06
Respecting elders is an important value.	بزرگوں کا احترام ایک اہم قدر ہے۔	Urdu (Standard)	South Asia	SACOR_01
Tourism brings revenue to regions with historical sites.	سیاحت تاریخی مقامات والے علاقوں میں آمدنی لاتی ہے۔	Urdu (Standard)	South Asia	SACOR_04
Students gathered in the library.	طلباء لائبریری میں جمع ہوئے۔	Urdu (Standard)	South Asia	SACOR_02
Regular exercise helps maintain good health.	منظم ورزش اچھی صحت برقرار رکھنے میں مدد کرتی ہے۔	Urdu (Standard)	South Asia	SACOR_09
Storytelling preserves culture and knowledge.	کہانی سنانا ثقافت اور علم کو محفوظ رکھتا ہے۔	Urdu (Standard)	South Asia	SACOR_09
The school organized a science fair.	اسکول نے سائنس میلہ منظم کیا۔	Urdu (Standard)	South Asia	SACOR_05
Learning a new language requires practice.	نئی زبان سیکھنے کے لیے مشق کی ضرورت ہے۔	Urdu (Standard)	South Asia	SACOR_10
Traditional music is important for our heritage.	روایتی موسیقی ہماری وراثت کے لیے اہم ہے۔	Urdu (Standard)	South Asia	SACOR_08
The teacher explained the lesson patiently.	استاد نے صبر سے سبق سمجھایا۔	Urdu (Standard)	South Asia	SACOR_05
Small businesses create employment opportunities.	چھوٹے کاروبار روزگار کے مواقع پیدا کرتے ہیں۔	Urdu (Standard)	South Asia	SACOR_02
Handicrafts showcase artistic traditions.	دستی کاریاں فنکارانہ روایات دکھاتی ہیں۔	Urdu (Standard)	South Asia	SACOR_07
Birds were chirping in the trees.	پرندے درختوں میں چہچہا رہے تھے۔	Urdu (Standard)	South Asia	SACOR_04
Eating fresh fruits provides essential vitamins.	تازہ پھل کھانا ضروری وٹامن فراہم کرتا ہے۔	Urdu (Standard)	South Asia	SACOR_03
My grandmother told me stories.	میری دادی نے مجھے کہانیاں سنائیں۔	Urdu (Standard)	South Asia	SACOR_03
People celebrate festivals with great joy.	لوگ بہت خوشی سے تہوار مناتے ہیں۔	Urdu (Standard)	South Asia	SACOR_09
Farmers planted rice in the flooded fields.	کسانوں نے پانی والے کھیتوں میں چاول بوئے۔	Urdu (Standard)	South Asia	SACOR_06
Teachers shape young minds.	استاد نوجوان ذہنوں کو شکل دیتے ہیں۔	Urdu (Standard)	South Asia	SACOR_06
Elderly people share wisdom and stories.	بزرگ لوگ حکمت اور کہانیاں بانٹتے ہیں۔	Urdu (Standard)	South Asia	SACOR_07
Smartphones have changed how people communicate.	اسمارٹ فونوں نے لوگوں کے رابطے کے طریقے کو تبدیل کر دیا ہے۔	Urdu (Standard)	South Asia	SACOR_04
Spices add flavor to traditional dishes.	مصالحے روایتی کھانوں میں ذائقہ بڑھاتے ہیں۔	Urdu (Standard)	South Asia	SACOR_04
Children learn best when they are interested.	بچے بہترین سیکھتے ہیں جب وہ دلچسپی رکھتے ہیں۔	Urdu (Standard)	South Asia	SACOR_07
The river flows peacefully through the valley.	دریا وادی میں پرامن طریقے سے بہتا ہے۔	Urdu (Standard)	South Asia	SACOR_07
Education opens doors to opportunities.	تعلیم مواقع کے دروازے کھولتی ہے۔	Urdu (Standard)	South Asia	SACOR_01
She cooked delicious biryani for the family.	اس نے خاندان کے لیے مزیدار بریانی پکائی۔	Urdu (Standard)	South Asia	SACOR_03
Digital payments have made transactions faster.	ڈیجیٹل ادائیگیوں نے معاملات تیز کر دیے ہیں۔	Urdu (Standard)	South Asia	SACOR_04
Cricket is a popular sport.	کرکٹ ایک مقبول کھیل ہے۔	Urdu (Standard)	South Asia	SACOR_06
The internet connects people across continents.	انٹرنیٹ براعظموں میں لوگوں کو جوڑتا ہے۔	Urdu (Standard)	South Asia	SACOR_03
Regular exercise helps maintain good health.	منظم ورزش اچھی صحت برقرار رکھنے میں مدد کرتی ہے۔	Urdu (Standard)	South Asia	SACOR_02
People travel long distances to visit religious sites.	لوگ مذہبی مقامات دیکھنے کے لیے لمبی دوریاں طے کرتے ہیں۔	Urdu (Standard)	South Asia	SACOR_08
We decided to visit the old temple.	ہم نے پرانے مندر کا دورہ کرنے کا فیصلہ کیا۔	Urdu (Standard)	South Asia	SACOR_10
Reading books improves vocabulary.	کتابیں پڑھنا ذخیرہ الفاظ بہتر بناتا ہے۔	Urdu (Standard)	South Asia	SACOR_03
Sports teach teamwork and discipline.	کھیل ٹیم ورک اور نظم و ضبط سکھاتے ہیں۔	Urdu (Standard)	South Asia	SACOR_02
She walked slowly through the garden.	وہ باغ میں آہستہ آہستہ چلی۔	Urdu (Standard)	South Asia	SACOR_02
Eating fresh fruits provides essential vitamins.	تازہ پھل کھانا ضروری وٹامن فراہم کرتا ہے۔	Urdu (Standard)	South Asia	SACOR_09
Clear communication prevents misunderstandings.	صاف رابطہ غلط فہمیوں کو روکتا ہے۔	Urdu (Standard)	South Asia	SACOR_03
I woke up early this morning.	میں آج صبح جلدی اٹھا۔	Urdu (Standard)	South Asia	SACOR_09
Tea is served to guests as a gesture of hospitality.	مہمانوں کو مہمان نوازی کی نشانی کے طور پر چائے پیش کی جاتی ہے۔	Urdu (Standard)	South Asia	SACOR_10
Traditional music is important for our heritage.	روایتی موسیقی ہماری وراثت کے لیے اہم ہے۔	Urdu (Standard)	South Asia	SACOR_02
The forest is home to many wild animals.	جنگل بہت سے جنگلی جانوروں کا گھر ہے۔	Urdu (Standard)	South Asia	SACOR_04
Children were playing cricket in the street.	بچے سڑک پر کرکٹ کھیل رہے تھے۔	Urdu (Standard)	South Asia	SACOR_01
Family members support each other during difficult times.	خاندان کے ممبر مشکل وقتوں میں ایک دوسرے کی مدد کرتے ہیں۔	Urdu (Standard)	South Asia	SACOR_06
The teacher explained the lesson patiently.	استاد نے صبر سے سبق سمجھایا۔	Urdu (Standard)	South Asia	SACOR_02
Children learn best when they are interested.	بچے بہترین سیکھتے ہیں جب وہ دلچسپی رکھتے ہیں۔	Urdu (Standard)	South Asia	SACOR_01
The river flows peacefully through the valley.	دریا وادی میں پرامن طریقے سے بہتا ہے۔	Urdu (Standard)	South Asia	SACOR_03
Small businesses create employment opportunities.	چھوٹے کاروبار روزگار کے مواقع پیدا کرتے ہیں۔	Urdu (Standard)	South Asia	SACOR_08
Farmers planted rice in the flooded fields.	کسانوں نے پانی والے کھیتوں میں چاول بوئے۔	Urdu (Standard)	South Asia	SACOR_02
Farmers wake up early to tend to crops.	کسان فصلوں کی دیکھ بھال کے لیے جلدی اٹھتے ہیں۔	Urdu (Standard)	South Asia	SACOR_10
Birds were chirping in the trees.	پرندے درختوں میں چہچہا رہے تھے۔	Urdu (Standard)	South Asia	SACOR_01
Digital payments have made transactions faster.	ڈیجیٹل ادائیگیوں نے معاملات تیز کر دیے ہیں۔	Urdu (Standard)	South Asia	SACOR_06
The school organized a science fair.	اسکول نے سائنس میلہ منظم کیا۔	Urdu (Standard)	South Asia	SACOR_09
Education opens doors to opportunities.	تعلیم مواقع کے دروازے کھولتی ہے۔	Urdu (Standard)	South Asia	SACOR_02
She cooked delicious biryani for the family.	اس نے خاندان کے لیے مزیدار بریانی پکائی۔	Urdu (Standard)	South Asia	SACOR_05
Train journeys offer scenic views.	ریل کے سفر مناظر کے نظارے پیش کرتے ہیں۔	Urdu (Standard)	South Asia	SACOR_08
She received a scholarship to study medicine.	اسے طب کی تعلیم کے لیے اسکالرشپ ملی۔	Urdu (Standard)	South Asia	SACOR_10
The professor wrote equations on the blackboard.	پروفیسر نے تختے پر مساوات لکھیں۔	Urdu (Standard)	South Asia	SACOR_07
Learning a new language requires practice.	نئی زبان سیکھنے کے لیے مشق کی ضرورت ہے۔	Urdu (Standard)	South Asia	SACOR_01
Spices add flavor to traditional dishes.	مصالحے روایتی کھانوں میں ذائقہ بڑھاتے ہیں۔	Urdu (Standard)	South Asia	SACOR_06
Pollution in cities has become a serious problem.	شہروں میں آلودگی ایک سنجیدہ مسئلہ بن گئی ہے۔	Urdu (Standard)	South Asia	SACOR_07
Handicrafts showcase artistic traditions.	دستی کاریاں فنکارانہ روایات دکھاتی ہیں۔	Urdu (Standard)	South Asia	SACOR_03
The market was crowded with people.	بازار لوگوں سے بھرا ہوا تھا۔	Urdu (Standard)	South Asia	SACOR_04
Smartphones have changed how people communicate.	اسمارٹ فونوں نے لوگوں کے رابطے کے طریقے کو تبدیل کر دیا ہے۔	Urdu (Standard)	South Asia	SACOR_04
The internet connects people across continents.	انٹرنیٹ براعظموں میں لوگوں کو جوڑتا ہے۔	Urdu (Standard)	South Asia	SACOR_01
Students gathered in the library.	طلباء لائبریری میں جمع ہوئے۔	Urdu (Standard)	South Asia	SACOR_10
Cooking together brings family members closer.	مل کر کھانا پکانا خاندان کے ممبروں کو قریب لاتا ہے۔	Urdu (Standard)	South Asia	SACOR_05
Storytelling preserves culture and knowledge.	کہانی سنانا ثقافت اور علم کو محفوظ رکھتا ہے۔	Urdu (Standard)	South Asia	SACOR_08
Teachers shape young minds.	استاد نوجوان ذہنوں کو شکل دیتے ہیں۔	Urdu (Standard)	South Asia	SACOR_10
Parents sacrifice their own needs for children.	والدین بچوں کے لیے اپنی ضرورتیں قربان کرتے ہیں۔	Urdu (Standard)	South Asia	SACOR_08
Elderly people share wisdom and stories.	بزرگ لوگ حکمت اور کہانیاں بانٹتے ہیں۔	Urdu (Standard)	South Asia	SACOR_07
The wedding ceremony lasted three days.	شادی کی تقریب تین دن تک چلی۔	Urdu (Standard)	South Asia	SACOR_09
Doctors work long hours to treat patients.	ڈاکٹر مریضوں کا علاج کرنے کے لیے لمبے گھنٹے کام کرتے ہیں۔	Urdu (Standard)	South Asia	SACOR_09
The bus arrived late.	بس دیر سے پہنچی۔	Urdu (Standard)	South Asia	SACOR_06
My grandmother told me stories.	میری دادی نے مجھے کہانیاں سنائیں۔	Urdu (Standard)	South Asia	SACOR_05
Cricket is a popular sport.	کرکٹ ایک مقبول کھیل ہے۔	Urdu (Standard)	South Asia	SACOR_04
People celebrate festivals with great joy.	لوگ بہت خوشی سے تہوار مناتے ہیں۔	Urdu (Standard)	South Asia	SACOR_05
Tourism brings revenue to regions with historical sites.	سیاحت تاریخی مقامات والے علاقوں میں آمدنی لاتی ہے۔	Urdu (Standard)	South Asia	SACOR_07
Respecting elders is an important value.	بزرگوں کا احترام ایک اہم قدر ہے۔	Urdu (Standard)	South Asia	SACOR_05
Doctors recommend drinking plenty of water.	ڈاکٹر زیادہ پانی پینے کی صلاح دیتے ہیں۔	Urdu (Standard)	South Asia	SACOR_06
Online shopping has become popular.	آن لائن خریداری مقبول ہو گئی ہے۔	Urdu (Standard)	South Asia	SACOR_09
Agriculture remains the primary source of income.	زراعت آمدنی کا بنیادی ذریعہ رہتی ہے۔	Urdu (Standard)	South Asia	SACOR_03
After finishing his work, he sat down.	اپنا کام مکمل کرنے کے بعد، وہ بیٹھ گیا۔	Urdu (Standard)	South Asia	SACOR_10
The market was crowded with people.	بازار لوگوں سے بھرا ہوا تھا۔	Urdu (Standard)	South Asia	SACOR_06
She cooked delicious biryani for the family.	اس نے خاندان کے لیے مزیدار بریانی پکائی۔	Urdu (Standard)	South Asia	SACOR_05
The school organized a science fair.	اسکول نے سائنس میلہ منظم کیا۔	Urdu (Standard)	South Asia	SACOR_07
Traditional music is important for our heritage.	روایتی موسیقی ہماری وراثت کے لیے اہم ہے۔	Urdu (Standard)	South Asia	SACOR_04
Reading books improves vocabulary.	کتابیں پڑھنا ذخیرہ الفاظ بہتر بناتا ہے۔	Urdu (Standard)	South Asia	SACOR_08
Eating fresh fruits provides essential vitamins.	تازہ پھل کھانا ضروری وٹامن فراہم کرتا ہے۔	Urdu (Standard)	South Asia	SACOR_04
Family members support each other during difficult times.	خاندان کے ممبر مشکل وقتوں میں ایک دوسرے کی مدد کرتے ہیں۔	Urdu (Standard)	South Asia	SACOR_04
People travel long distances to visit religious sites.	لوگ مذہبی مقامات دیکھنے کے لیے لمبی دوریاں طے کرتے ہیں۔	Urdu (Standard)	South Asia	SACOR_04
Cooking together brings family members closer.	مل کر کھانا پکانا خاندان کے ممبروں کو قریب لاتا ہے۔	Urdu (Standard)	South Asia	SACOR_01
People celebrate festivals with great joy.	لوگ بہت خوشی سے تہوار مناتے ہیں۔	Urdu (Standard)	South Asia	SACOR_01
Respecting elders is an important value.	بزرگوں کا احترام ایک اہم قدر ہے۔	Urdu (Standard)	South Asia	SACOR_04
Students gathered in the library.	طلباء لائبریری میں جمع ہوئے۔	Urdu (Standard)	South Asia	SACOR_01
Pollution in cities has become a serious problem.	شہروں میں آلودگی ایک سنجیدہ مسئلہ بن گئی ہے۔	Urdu (Standard)	South Asia	SACOR_05
Clear communication prevents misunderstandings.	صاف رابطہ غلط فہمیوں کو روکتا ہے۔	Urdu (Standard)	South Asia	SACOR_08
Tourism brings revenue to regions with historical sites.	سیاحت تاریخی مقامات والے علاقوں میں آمدنی لاتی ہے۔	Urdu (Standard)	South Asia	SACOR_02
Birds were chirping in the trees.	پرندے درختوں میں چہچہا رہے تھے۔	Urdu (Standard)	South Asia	SACOR_07
Train journeys offer scenic views.	ریل کے سفر مناظر کے نظارے پیش کرتے ہیں۔	Urdu (Standard)	South Asia	SACOR_07
The teacher explained the lesson patiently.	استاد نے صبر سے سبق سمجھایا۔	Urdu (Standard)	South Asia	SACOR_03
Farmers wake up early to tend to crops.	کسان فصلوں کی دیکھ بھال کے لیے جلدی اٹھتے ہیں۔	Urdu (Standard)	South Asia	SACOR_04
She walked slowly through the garden.	وہ باغ میں آہستہ آہستہ چلی۔	Urdu (Standard)	South Asia	SACOR_05
My grandmother told me stories.	میری دادی نے مجھے کہانیاں سنائیں۔	Urdu (Standard)	South Asia	SACOR_03
Doctors recommend drinking plenty of water.	ڈاکٹر زیادہ پانی پینے کی صلاح دیتے ہیں۔	Urdu (Standard)	South Asia	SACOR_06
I woke up early this morning.	میں آج صبح جلدی اٹھا۔	Urdu (Standard)	South Asia	SACOR_04
Storytelling preserves culture and knowledge.	کہانی سنانا ثقافت اور علم کو محفوظ رکھتا ہے۔	Urdu (Standard)	South Asia	SACOR_01
The bus arrived late.	بس دیر سے پہنچی۔	Urdu (Standard)	South Asia	SACOR_02
Parents sacrifice their own needs for children.	والدین بچوں کے لیے اپنی ضرورتیں قربان کرتے ہیں۔	Urdu (Standard)	South Asia	SACOR_03
Tea is served to guests as a gesture of hospitality.	مہمانوں کو مہمان نوازی کی نشانی کے طور پر چائے پیش کی جاتی ہے۔	Urdu (Standard)	South Asia	SACOR_09
Elderly people share wisdom and stories.	بزرگ لوگ حکمت اور کہانیاں بانٹتے ہیں۔	Urdu (Standard)	South Asia	SACOR_02
Farmers planted rice in the flooded fields.	کسانوں نے پانی والے کھیتوں میں چاول بوئے۔	Urdu (Standard)	South Asia	SACOR_10
After finishing his work, he sat down.	اپنا کام مکمل کرنے کے بعد، وہ بیٹھ گیا۔	Urdu (Standard)	South Asia	SACOR_05
Sports teach teamwork and discipline.	کھیل ٹیم ورک اور نظم و ضبط سکھاتے ہیں۔	Urdu (Standard)	South Asia	SACOR_01
Children were playing cricket in the street.	بچے سڑک پر کرکٹ کھیل رہے تھے۔	Urdu (Standard)	South Asia	SACOR_01
Smartphones have changed how people communicate.	اسمارٹ فونوں نے لوگوں کے رابطے کے طریقے کو تبدیل کر دیا ہے۔	Urdu (Standard)	South Asia	SACOR_02
The forest is home to many wild animals.	جنگل بہت سے جنگلی جانوروں کا گھر ہے۔	Urdu (Standard)	South Asia	SACOR_02
The wedding ceremony lasted three days.	شادی کی تقریب تین دن تک چلی۔	Urdu (Standard)	South Asia	SACOR_03
Regular exercise helps maintain good health.	منظم ورزش اچھی صحت برقرار رکھنے میں مدد کرتی ہے۔	Urdu (Standard)	South Asia	SACOR_10
Small businesses create employment opportunities.	چھوٹے کاروبار روزگار کے مواقع پیدا کرتے ہیں۔	Urdu (Standard)	South Asia	SACOR_06
Digital payments have made transactions faster.	ڈیجیٹل ادائیگیوں نے معاملات تیز کر دیے ہیں۔	Urdu (Standard)	South Asia	SACOR_03
Handicrafts showcase artistic traditions.	دستی کاریاں فنکارانہ روایات دکھاتی ہیں۔	Urdu (Standard)	South Asia	SACOR_01
The professor wrote equations on the blackboard.	پروفیسر نے تختے پر مساوات لکھیں۔	Urdu (Standard)	South Asia	SACOR_08
We decided to visit the old temple.	ہم نے پرانے مندر کا دورہ کرنے کا فیصلہ کیا۔	Urdu (Standard)	South Asia	SACOR_09
The river flows peacefully through the valley.	دریا وادی میں پرامن طریقے سے بہتا ہے۔	Urdu (Standard)	South Asia	SACOR_02
The internet connects people across continents.	انٹرنیٹ براعظموں میں لوگوں کو جوڑتا ہے۔	Urdu (Standard)	South Asia	SACOR_09
Education opens doors to opportunities.	تعلیم مواقع کے دروازے کھولتی ہے۔	Urdu (Standard)	South Asia	SACOR_08
Teachers shape young minds.	استاد نوجوان ذہنوں کو شکل دیتے ہیں۔	Urdu (Standard)	South Asia	SACOR_05
Agriculture remains the primary source of income.	زراعت آمدنی کا بنیادی ذریعہ رہتی ہے۔	Urdu (Standard)	South Asia	SACOR_02
She received a scholarship to study medicine.	اسے طب کی تعلیم کے لیے اسکالرشپ ملی۔	Urdu (Standard)	South Asia	SACOR_05
Cricket is a popular sport.	کرکٹ ایک مقبول کھیل ہے۔	Urdu (Standard)	South Asia	SACOR_07
Online shopping has become popular.	آن لائن خریداری مقبول ہو گئی ہے۔	Urdu (Standard)	South Asia	SACOR_06
Children learn best when they are interested.	بچے بہترین سیکھتے ہیں جب وہ دلچسپی رکھتے ہیں۔	Urdu (Standard)	South Asia	SACOR_07
Doctors work long hours to treat patients.	ڈاکٹر مریضوں کا علاج کرنے کے لیے لمبے گھنٹے کام کرتے ہیں۔	Urdu (Standard)	South Asia	SACOR_07
Spices add flavor to traditional dishes.	مصالحے روایتی کھانوں میں ذائقہ بڑھاتے ہیں۔	Urdu (Standard)	South Asia	SACOR_04
Learning a new language requires practice.	نئی زبان سیکھنے کے لیے مشق کی ضرورت ہے۔	Urdu (Standard)	South Asia	SACOR_08
Reading books improves vocabulary.	کتابیں پڑھنا ذخیرہ الفاظ بہتر بناتا ہے۔	Urdu (Standard)	South Asia	SACOR_01
Agriculture remains the primary source of income.	زراعت آمدنی کا بنیادی ذریعہ رہتی ہے۔	Urdu (Standard)	South Asia	SACOR_08
Spices add flavor to traditional dishes.	مصالحے روایتی کھانوں میں ذائقہ بڑھاتے ہیں۔	Urdu (Standard)	South Asia	SACOR_01
Train journeys offer scenic views.	ریل کے سفر مناظر کے نظارے پیش کرتے ہیں۔	Urdu (Standard)	South Asia	SACOR_05
Tea is served to guests as a gesture of hospitality.	مہمانوں کو مہمان نوازی کی نشانی کے طور پر چائے پیش کی جاتی ہے۔	Urdu (Standard)	South Asia	SACOR_04
We decided to visit the old temple.	ہم نے پرانے مندر کا دورہ کرنے کا فیصلہ کیا۔	Urdu (Standard)	South Asia	SACOR_08
Education opens doors to opportunities.	تعلیم مواقع کے دروازے کھولتی ہے۔	Urdu (Standard)	South Asia	SACOR_04
The market was crowded with people.	بازار لوگوں سے بھرا ہوا تھا۔	Urdu (Standard)	South Asia	SACOR_08
Doctors work long hours to treat patients.	ڈاکٹر مریضوں کا علاج کرنے کے لیے لمبے گھنٹے کام کرتے ہیں۔	Urdu (Standard)	South Asia	SACOR_06
The teacher explained the lesson patiently.	استاد نے صبر سے سبق سمجھایا۔	Urdu (Standard)	South Asia	SACOR_02
Family members support each other during difficult times.	خاندان کے ممبر مشکل وقتوں میں ایک دوسرے کی مدد کرتے ہیں۔	Urdu (Standard)	South Asia	SACOR_05
Small businesses create employment opportunities.	چھوٹے کاروبار روزگار کے مواقع پیدا کرتے ہیں۔	Urdu (Standard)	South Asia	SACOR_04
Clear communication prevents misunderstandings.	صاف رابطہ غلط فہمیوں کو روکتا ہے۔	Urdu (Standard)	South Asia	SACOR_06
Students gathered in the library.	طلباء لائبریری میں جمع ہوئے۔	Urdu (Standard)	South Asia	SACOR_04
Respecting elders is an important value.	بزرگوں کا احترام ایک اہم قدر ہے۔	Urdu (Standard)	South Asia	SACOR_06
She received a scholarship to study medicine.	اسے طب کی تعلیم کے لیے اسکالرشپ ملی۔	Urdu (Standard)	South Asia	SACOR_06
The internet connects people across continents.	انٹرنیٹ براعظموں میں لوگوں کو جوڑتا ہے۔	Urdu (Standard)	South Asia	SACOR_05
Children learn best when they are interested.	بچے بہترین سیکھتے ہیں جب وہ دلچسپی رکھتے ہیں۔	Urdu (Standard)	South Asia	SACOR_07
The river flows peacefully through the valley.	دریا وادی میں پرامن طریقے سے بہتا ہے۔	Urdu (Standard)	South Asia	SACOR_03
Handicrafts showcase artistic traditions.	دستی کاریاں فنکارانہ روایات دکھاتی ہیں۔	Urdu (Standard)	South Asia	SACOR_03
Birds were chirping in the trees.	پرندے درختوں میں چہچہا رہے تھے۔	Urdu (Standard)	South Asia	SACOR_03
Sports teach teamwork and discipline.	کھیل ٹیم ورک اور نظم و ضبط سکھاتے ہیں۔	Urdu (Standard)	South Asia	SACOR_09
People celebrate festivals with great joy.	لوگ بہت خوشی سے تہوار مناتے ہیں۔	Urdu (Standard)	South Asia	SACOR_05
After finishing his work, he sat down.	اپنا کام مکمل کرنے کے بعد، وہ بیٹھ گیا۔	Urdu (Standard)	South Asia	SACOR_08
She cooked delicious biryani for the family.	اس نے خاندان کے لیے مزیدار بریانی پکائی۔	Urdu (Standard)	South Asia	SACOR_07
Traditional music is important for our heritage.	روایتی موسیقی ہماری وراثت کے لیے اہم ہے۔	Urdu (Standard)	South Asia	SACOR_07
The professor wrote equations on the blackboard.	پروفیسر نے تختے پر مساوات لکھیں۔	Urdu (Standard)	South Asia	SACOR_01
Storytelling preserves culture and knowledge.	کہانی سنانا ثقافت اور علم کو محفوظ رکھتا ہے۔	Urdu (Standard)	South Asia	SACOR_01
Farmers planted rice in the flooded fields.	کسانوں نے پانی والے کھیتوں میں چاول بوئے۔	Urdu (Standard)	South Asia	SACOR_10
Online shopping has become popular.	آن لائن خریداری مقبول ہو گئی ہے۔	Urdu (Standard)	South Asia	SACOR_08
Cricket is a popular sport.	کرکٹ ایک مقبول کھیل ہے۔	Urdu (Standard)	South Asia	SACOR_05
Learning a new language requires practice.	نئی زبان سیکھنے کے لیے مشق کی ضرورت ہے۔	Urdu (Standard)	South Asia	SACOR_10
The bus arrived late.	بس دیر سے پہنچی۔	Urdu (Standard)	South Asia	SACOR_01
Elderly people share wisdom and stories.	بزرگ لوگ حکمت اور کہانیاں بانٹتے ہیں۔	Urdu (Standard)	South Asia	SACOR_10
I woke up early this morning.	میں آج صبح جلدی اٹھا۔	Urdu (Standard)	South Asia	SACOR_02
My grandmother told me stories.	میری دادی نے مجھے کہانیاں سنائیں۔	Urdu (Standard)	South Asia	SACOR_03
Smartphones have changed how people communicate.	اسمارٹ فونوں نے لوگوں کے رابطے کے طریقے کو تبدیل کر دیا ہے۔	Urdu (Standard)	South Asia	SACOR_07
She walked slowly through the garden.	وہ باغ میں آہستہ آہستہ چلی۔	Urdu (Standard)	South Asia	SACOR_02
Teachers shape young minds.	استاد نوجوان ذہنوں کو شکل دیتے ہیں۔	Urdu (Standard)	South Asia	SACOR_10
People travel long distances to visit religious sites.	لوگ مذہبی مقامات دیکھنے کے لیے لمبی دوریاں طے کرتے ہیں۔	Urdu (Standard)	South Asia	SACOR_04
Doctors recommend drinking plenty of water.	ڈاکٹر زیادہ پانی پینے کی صلاح دیتے ہیں۔	Urdu (Standard)	South Asia	SACOR_06
Eating fresh fruits provides essential vitamins.	تازہ پھل کھانا ضروری وٹامن فراہم کرتا ہے۔	Urdu (Standard)	South Asia	SACOR_09
Regular exercise helps maintain good health.	منظم ورزش اچھی صحت برقرار رکھنے میں مدد کرتی ہے۔	Urdu (Standard)	South Asia	SACOR_02
Children were playing cricket in the street.	بچے سڑک پر کرکٹ کھیل رہے تھے۔	Urdu (Standard)	South Asia	SACOR_06
The school organized a science fair.	اسکول نے سائنس میلہ منظم کیا۔	Urdu (Standard)	South Asia	SACOR_02
Parents sacrifice their own needs for children.	والدین بچوں کے لیے اپنی ضرورتیں قربان کرتے ہیں۔	Urdu (Standard)	South Asia	SACOR_05
The wedding ceremony lasted three days.	شادی کی تقریب تین دن تک چلی۔	Urdu (Standard)	South Asia	SACOR_02
Digital payments have made transactions faster.	ڈیجیٹل ادائیگیوں نے معاملات تیز کر دیے ہیں۔	Urdu (Standard)	South Asia	SACOR_09
Farmers wake up early to tend to crops.	کسان فصلوں کی دیکھ بھال کے لیے جلدی اٹھتے ہیں۔	Urdu (Standard)	South Asia	SACOR_06
The forest is home to many wild animals.	جنگل بہت سے جنگلی جانوروں کا گھر ہے۔	Urdu (Standard)	South Asia	SACOR_10
Pollution in cities has become a serious problem.	شہروں میں آلودگی ایک سنجیدہ مسئلہ بن گئی ہے۔	Urdu (Standard)	South Asia	SACOR_05
Cooking together brings family members closer.	مل کر کھانا پکانا خاندان کے ممبروں کو قریب لاتا ہے۔	Urdu (Standard)	South Asia	SACOR_01
Tourism brings revenue to regions with historical sites.	سیاحت تاریخی مقامات والے علاقوں میں آمدنی لاتی ہے۔	Urdu (Standard)	South Asia	SACOR_01
Teachers shape young minds.	استاد نوجوان ذہنوں کو شکل دیتے ہیں۔	Urdu (Standard)	South Asia	SACOR_05
The bus arrived late.	بس دیر سے پہنچی۔	Urdu (Standard)	South Asia	SACOR_09
Cooking together brings family members closer.	مل کر کھانا پکانا خاندان کے ممبروں کو قریب لاتا ہے۔	Urdu (Standard)	South Asia	SACOR_10
Respecting elders is an important value.	بزرگوں کا احترام ایک اہم قدر ہے۔	Urdu (Standard)	South Asia	SACOR_07
Doctors recommend drinking plenty of water.	ڈاکٹر زیادہ پانی پینے کی صلاح دیتے ہیں۔	Urdu (Standard)	South Asia	SACOR_06
The forest is home to many wild animals.	جنگل بہت سے جنگلی جانوروں کا گھر ہے۔	Urdu (Standard)	South Asia	SACOR_07
Eating fresh fruits provides essential vitamins.	تازہ پھل کھانا ضروری وٹامن فراہم کرتا ہے۔	Urdu (Standard)	South Asia	SACOR_01
Doctors work long hours to treat patients.	ڈاکٹر مریضوں کا علاج کرنے کے لیے لمبے گھنٹے کام کرتے ہیں۔	Urdu (Standard)	South Asia	SACOR_09
Agriculture remains the primary source of income.	زراعت آمدنی کا بنیادی ذریعہ رہتی ہے۔	Urdu (Standard)	South Asia	SACOR_05
We decided to visit the old temple.	ہم نے پرانے مندر کا دورہ کرنے کا فیصلہ کیا۔	Urdu (Standard)	South Asia	SACOR_07
People travel long distances to visit religious sites.	لوگ مذہبی مقامات دیکھنے کے لیے لمبی دوریاں طے کرتے ہیں۔	Urdu (Standard)	South Asia	SACOR_10
Small businesses create employment opportunities.	چھوٹے کاروبار روزگار کے مواقع پیدا کرتے ہیں۔	Urdu (Standard)	South Asia	SACOR_06
Sports teach teamwork and discipline.	کھیل ٹیم ورک اور نظم و ضبط سکھاتے ہیں۔	Urdu (Standard)	South Asia	SACOR_05
Spices add flavor to traditional dishes.	مصالحے روایتی کھانوں میں ذائقہ بڑھاتے ہیں۔	Urdu (Standard)	South Asia	SACOR_05
Birds were chirping in the trees.	پرندے درختوں میں چہچہا رہے تھے۔	Urdu (Standard)	South Asia	SACOR_10
Farmers planted rice in the flooded fields.	کسانوں نے پانی والے کھیتوں میں چاول بوئے۔	Urdu (Standard)	South Asia	SACOR_06
Tea is served to guests as a gesture of hospitality.	مہمانوں کو مہمان نوازی کی نشانی کے طور پر چائے پیش کی جاتی ہے۔	Urdu (Standard)	South Asia	SACOR_07
The river flows peacefully through the valley.	دریا وادی میں پرامن طریقے سے بہتا ہے۔	Urdu (Standard)	South Asia	SACOR_10
Family members support each other during difficult times.	خاندان کے ممبر مشکل وقتوں میں ایک دوسرے کی مدد کرتے ہیں۔	Urdu (Standard)	South Asia	SACOR_08
Online shopping has become popular.	آن لائن خریداری مقبول ہو گئی ہے۔	Urdu (Standard)	South Asia	SACOR_08
She received a scholarship to study medicine.	اسے طب کی تعلیم کے لیے اسکالرشپ ملی۔	Urdu (Standard)	South Asia	SACOR_06
The school organized a science fair.	اسکول نے سائنس میلہ منظم کیا۔	Urdu (Standard)	South Asia	SACOR_06
Farmers wake up early to tend to crops.	کسان فصلوں کی دیکھ بھال کے لیے جلدی اٹھتے ہیں۔	Urdu (Standard)	South Asia	SACOR_07
Storytelling preserves culture and knowledge.	کہانی سنانا ثقافت اور علم کو محفوظ رکھتا ہے۔	Urdu (Standard)	South Asia	SACOR_02
Train journeys offer scenic views.	ریل کے سفر مناظر کے نظارے پیش کرتے ہیں۔	Urdu (Standard)	South Asia	SACOR_03
My grandmother told me stories.	میری دادی نے مجھے کہانیاں سنائیں۔	Urdu (Standard)	South Asia	SACOR_04
After finishing his work, he sat down.	اپنا کام مکمل کرنے کے بعد، وہ بیٹھ گیا۔	Urdu (Standard)	South Asia	SACOR_05
Pollution in cities has become a serious problem.	شہروں میں آلودگی ایک سنجیدہ مسئلہ بن گئی ہے۔	Urdu (Standard)	South Asia	SACOR_01
Smartphones have changed how people communicate.	اسمارٹ فونوں نے لوگوں کے رابطے کے طریقے کو تبدیل کر دیا ہے۔	Urdu (Standard)	South Asia	SACOR_01
She walked slowly through the garden.	وہ باغ میں آہستہ آہستہ چلی۔	Urdu (Standard)	South Asia	SACOR_02
The market was crowded with people.	بازار لوگوں سے بھرا ہوا تھا۔	Urdu (Standard)	South Asia	SACOR_06
Digital payments have made transactions faster.	ڈیجیٹل ادائیگیوں نے معاملات تیز کر دیے ہیں۔	Urdu (Standard)	South Asia	SACOR_03
Students gathered in the library.	طلباء لائبریری میں جمع ہوئے۔	Urdu (Standard)	South Asia	SACOR_03
Clear communication prevents misunderstandings.	صاف رابطہ غلط فہمیوں کو روکتا ہے۔	Urdu (Standard)	South Asia	SACOR_10
Regular exercise helps maintain good health.	منظم ورزش اچھی صحت برقرار رکھنے میں مدد کرتی ہے۔	Urdu (Standard)	South Asia	SACOR_01
I woke up early this morning.	میں آج صبح جلدی اٹھا۔	Urdu (Standard)	South Asia	SACOR_05
Education opens doors to opportunities.	تعلیم مواقع کے دروازے کھولتی ہے۔	Urdu (Standard)	South Asia	SACOR_01
The professor wrote equations on the blackboard.	پروفیسر نے تختے پر مساوات لکھیں۔	Urdu (Standard)	South Asia	SACOR_02
The internet connects people across continents.	انٹرنیٹ براعظموں میں لوگوں کو جوڑتا ہے۔	Urdu (Standard)	South Asia	SACOR_06
The wedding ceremony lasted three days.	شادی کی تقریب تین دن تک چلی۔	Urdu (Standard)	South Asia	SACOR_01
She cooked delicious biryani for the family.	اس نے خاندان کے لیے مزیدار بریانی پکائی۔	Urdu (Standard)	South Asia	SACOR_08
Elderly people share wisdom and stories.	بزرگ لوگ حکمت اور کہانیاں بانٹتے ہیں۔	Urdu (Standard)	South Asia	SACOR_07
The teacher explained the lesson patiently.	استاد نے صبر سے سبق سمجھایا۔	Urdu (Standard)	South Asia	SACOR_03
Cricket is a popular sport.	کرکٹ ایک مقبول کھیل ہے۔	Urdu (Standard)	South Asia	SACOR_10
Parents sacrifice their own needs for children.	والدین بچوں کے لیے اپنی ضرورتیں قربان کرتے ہیں۔	Urdu (Standard)	South Asia	SACOR_05
Children were playing cricket in the street.	بچے سڑک پر کرکٹ کھیل رہے تھے۔	Urdu (Standard)	South Asia	SACOR_03
Traditional music is important for our heritage.	روایتی موسیقی ہماری وراثت کے لیے اہم ہے۔	Urdu (Standard)	South Asia	SACOR_01
Handicrafts showcase artistic traditions.	دستی کاریاں فنکارانہ روایات دکھاتی ہیں۔	Urdu (Standard)	South Asia	SACOR_02
Learning a new language requires practice.	نئی زبان سیکھنے کے لیے مشق کی ضرورت ہے۔	Urdu (Standard)	South Asia	SACOR_03
Reading books improves vocabulary.	کتابیں پڑھنا ذخیرہ الفاظ بہتر بناتا ہے۔	Urdu (Standard)	South Asia	SACOR_02
Children learn best when they are interested.	بچے بہترین سیکھتے ہیں جب وہ دلچسپی رکھتے ہیں۔	Urdu (Standard)	South Asia	SACOR_08
People celebrate festivals with great joy.	لوگ بہت خوشی سے تہوار مناتے ہیں۔	Urdu (Standard)	South Asia	SACOR_03
Tourism brings revenue to regions with historical sites.	سیاحت تاریخی مقامات والے علاقوں میں آمدنی لاتی ہے۔	Urdu (Standard)	South Asia	SACOR_03
My grandmother told me stories.	میری دادی نے مجھے کہانیاں سنائیں۔	Urdu (Standard)	South Asia	SACOR_01
Education opens doors to opportunities.	تعلیم مواقع کے دروازے کھولتی ہے۔	Urdu (Standard)	South Asia	SACOR_10
Eating fresh fruits provides essential vitamins.	تازہ پھل کھانا ضروری وٹامن فراہم کرتا ہے۔	Urdu (Standard)	South Asia	SACOR_05
The forest is home to many wild animals.	جنگل بہت سے جنگلی جانوروں کا گھر ہے۔	Urdu (Standard)	South Asia	SACOR_04
Cooking together brings family members closer.	مل کر کھانا پکانا خاندان کے ممبروں کو قریب لاتا ہے۔	Urdu (Standard)	South Asia	SACOR_05
She received a scholarship to study medicine.	اسے طب کی تعلیم کے لیے اسکالرشپ ملی۔	Urdu (Standard)	South Asia	SACOR_03
I woke up early this morning.	میں آج صبح جلدی اٹھا۔	Urdu (Standard)	South Asia	SACOR_03
Children were playing cricket in the street.	بچے سڑک پر کرکٹ کھیل رہے تھے۔	Urdu (Standard)	South Asia	SACOR_01
Regular exercise helps maintain good health.	منظم ورزش اچھی صحت برقرار رکھنے میں مدد کرتی ہے۔	Urdu (Standard)	South Asia	SACOR_09
People travel long distances to visit religious sites.	لوگ مذہبی مقامات دیکھنے کے لیے لمبی دوریاں طے کرتے ہیں۔	Urdu (Standard)	South Asia	SACOR_03
Teachers shape young minds.	استاد نوجوان ذہنوں کو شکل دیتے ہیں۔	Urdu (Standard)	South Asia	SACOR_05
Pollution in cities has become a serious problem.	شہروں میں آلودگی ایک سنجیدہ مسئلہ بن گئی ہے۔	Urdu (Standard)	South Asia	SACOR_02
The market was crowded with people.	بازار لوگوں سے بھرا ہوا تھا۔	Urdu (Standard)	South Asia	SACOR_10
Agriculture remains the primary source of income.	زراعت آمدنی کا بنیادی ذریعہ رہتی ہے۔	Urdu (Standard)	South Asia	SACOR_09
Cricket is a popular sport.	کرکٹ ایک مقبول کھیل ہے۔	Urdu (Standard)	South Asia	SACOR_06
Doctors work long hours to treat patients.	ڈاکٹر مریضوں کا علاج کرنے کے لیے لمبے گھنٹے کام کرتے ہیں۔	Urdu (Standard)	South Asia	SACOR_08
The internet connects people across continents.	انٹرنیٹ براعظموں میں لوگوں کو جوڑتا ہے۔	Urdu (Standard)	South Asia	SACOR_08
Traditional music is important for our heritage.	روایتی موسیقی ہماری وراثت کے لیے اہم ہے۔	Urdu (Standard)	South Asia	SACOR_09
Smartphones have changed how people communicate.	اسمارٹ فونوں نے لوگوں کے رابطے کے طریقے کو تبدیل کر دیا ہے۔	Urdu (Standard)	South Asia	SACOR_08
Respecting elders is an important value.	بزرگوں کا احترام ایک اہم قدر ہے۔	Urdu (Standard)	South Asia	SACOR_04
Parents sacrifice their own needs for children.	والدین بچوں کے لیے اپنی ضرورتیں قربان کرتے ہیں۔	Urdu (Standard)	South Asia	SACOR_05
After finishing his work, he sat down.	اپنا کام مکمل کرنے کے بعد، وہ بیٹھ گیا۔	Urdu (Standard)	South Asia	SACOR_02
Digital payments have made transactions faster.	ڈیجیٹل ادائیگیوں نے معاملات تیز کر دیے ہیں۔	Urdu (Standard)	South Asia	SACOR_04
Tea is served to guests as a gesture of hospitality.	مہمانوں کو مہمان نوازی کی نشانی کے طور پر چائے پیش کی جاتی ہے۔	Urdu (Standard)	South Asia	SACOR_08
Students gathered in the library.	طلباء لائبریری میں جمع ہوئے۔	Urdu (Standard)	South Asia	SACOR_03
She cooked delicious biryani for the family.	اس نے خاندان کے لیے مزیدار بریانی پکائی۔	Urdu (Standard)	South Asia	SACOR_04
Handicrafts showcase artistic traditions.	دستی کاریاں فنکارانہ روایات دکھاتی ہیں۔	Urdu (Standard)	South Asia	SACOR_01
The professor wrote equations on the blackboard.	پروفیسر نے تختے پر مساوات لکھیں۔	Urdu (Standard)	South Asia	SACOR_08
Elderly people share wisdom and stories.	بزرگ لوگ حکمت اور کہانیاں بانٹتے ہیں۔	Urdu (Standard)	South Asia	SACOR_04
The school organized a science fair.	اسکول نے سائنس میلہ منظم کیا۔	Urdu (Standard)	South Asia	SACOR_06
The bus arrived late.	بس دیر سے پہنچی۔	Urdu (Standard)	South Asia	SACOR_08
Doctors recommend drinking plenty of water.	ڈاکٹر زیادہ پانی پینے کی صلاح دیتے ہیں۔	Urdu (Standard)	South Asia	SACOR_02
Reading books improves vocabulary.	کتابیں پڑھنا ذخیرہ الفاظ بہتر بناتا ہے۔	Urdu (Standard)	South Asia	SACOR_04
Farmers wake up early to tend to crops.	کسان فصلوں کی دیکھ بھال کے لیے جلدی اٹھتے ہیں۔	Urdu (Standard)	South Asia	SACOR_07
Family members support each other during difficult times.	خاندان کے ممبر مشکل وقتوں میں ایک دوسرے کی مدد کرتے ہیں۔	Urdu (Standard)	South Asia	SACOR_02
The river flows peacefully through the valley.	دریا وادی میں پرامن طریقے سے بہتا ہے۔	Urdu (Standard)	South Asia	SACOR_09
Clear communication prevents misunderstandings.	صاف رابطہ غلط فہمیوں کو روکتا ہے۔	Urdu (Standard)	South Asia	SACOR_08
Online shopping has become popular.	آن لائن خریداری مقبول ہو گئی ہے۔	Urdu (Standard)	South Asia	SACOR_08
Storytelling preserves culture and knowledge.	کہانی سنانا ثقافت اور علم کو محفوظ رکھتا ہے۔	Urdu (Standard)	South Asia	SACOR_05
Sports teach teamwork and discipline.	کھیل ٹیم ورک اور نظم و ضبط سکھاتے ہیں۔	Urdu (Standard)	South Asia	SACOR_10
People celebrate festivals with great joy.	لوگ بہت خوشی سے تہوار مناتے ہیں۔	Urdu (Standard)	South Asia	SACOR_08
Birds were chirping in the trees.	پرندے درختوں میں چہچہا رہے تھے۔	Urdu (Standard)	South Asia	SACOR_09
Learning a new language requires practice.	نئی زبان سیکھنے کے لیے مشق کی ضرورت ہے۔	Urdu (Standard)	South Asia	SACOR_10
Train journeys offer scenic views.	ریل کے سفر مناظر کے نظارے پیش کرتے ہیں۔	Urdu (Standard)	South Asia	SACOR_06
Farmers planted rice in the flooded fields.	کسانوں نے پانی والے کھیتوں میں چاول بوئے۔	Urdu (Standard)	South Asia	SACOR_04
She walked slowly through the garden.	وہ باغ میں آہستہ آہستہ چلی۔	Urdu (Standard)	South Asia	SACOR_06
The wedding ceremony lasted three days.	شادی کی تقریب تین دن تک چلی۔	Urdu (Standard)	South Asia	SACOR_03
Spices add flavor to traditional dishes.	مصالحے روایتی کھانوں میں ذائقہ بڑھاتے ہیں۔	Urdu (Standard)	South Asia	SACOR_06
Tourism brings revenue to regions with historical sites.	سیاحت تاریخی مقامات والے علاقوں میں آمدنی لاتی ہے۔	Urdu (Standard)	South Asia	SACOR_09
Small businesses create employment opportunities.	چھوٹے کاروبار روزگار کے مواقع پیدا کرتے ہیں۔	Urdu (Standard)	South Asia	SACOR_06
The teacher explained the lesson patiently.	استاد نے صبر سے سبق سمجھایا۔	Urdu (Standard)	South Asia	SACOR_04
Children learn best when they are interested.	بچے بہترین سیکھتے ہیں جب وہ دلچسپی رکھتے ہیں۔	Urdu (Standard)	South Asia	SACOR_06
We decided to visit the old temple.	ہم نے پرانے مندر کا دورہ کرنے کا فیصلہ کیا۔	Urdu (Standard)	South Asia	SACOR_06
Education opens doors to opportunities.	تعلیم مواقع کے دروازے کھولتی ہے۔	Urdu (Standard)	South Asia	SACOR_10
Doctors work long hours to treat patients.	ڈاکٹر مریضوں کا علاج کرنے کے لیے لمبے گھنٹے کام کرتے ہیں۔	Urdu (Standard)	South Asia	SACOR_10
Family members support each other during difficult times.	خاندان کے ممبر مشکل وقتوں میں ایک دوسرے کی مدد کرتے ہیں۔	Urdu (Standard)	South Asia	SACOR_06
After finishing his work, he sat down.	اپنا کام مکمل کرنے کے بعد، وہ بیٹھ گیا۔	Urdu (Standard)	South Asia	SACOR_02
Handicrafts showcase artistic traditions.	دستی کاریاں فنکارانہ روایات دکھاتی ہیں۔	Urdu (Standard)	South Asia	SACOR_06
The internet connects people across continents.	انٹرنیٹ براعظموں میں لوگوں کو جوڑتا ہے۔	Urdu (Standard)	South Asia	SACOR_05
Students gathered in the library.	طلباء لائبریری میں جمع ہوئے۔	Urdu (Standard)	South Asia	SACOR_02
Cooking together brings family members closer.	مل کر کھانا پکانا خاندان کے ممبروں کو قریب لاتا ہے۔	Urdu (Standard)	South Asia	SACOR_05
She cooked delicious biryani for the family.	اس نے خاندان کے لیے مزیدار بریانی پکائی۔	Urdu (Standard)	South Asia	SACOR_04
Eating fresh fruits provides essential vitamins.	تازہ پھل کھانا ضروری وٹامن فراہم کرتا ہے۔	Urdu (Standard)	South Asia	SACOR_07
She walked slowly through the garden.	وہ باغ میں آہستہ آہستہ چلی۔	Urdu (Standard)	South Asia	SACOR_01
Doctors recommend drinking plenty of water.	ڈاکٹر زیادہ پانی پینے کی صلاح دیتے ہیں۔	Urdu (Standard)	South Asia	SACOR_05
Tea is served to guests as a gesture of hospitality.	مہمانوں کو مہمان نوازی کی نشانی کے طور پر چائے پیش کی جاتی ہے۔	Urdu (Standard)	South Asia	SACOR_04
Sports teach teamwork and discipline.	کھیل ٹیم ورک اور نظم و ضبط سکھاتے ہیں۔	Urdu (Standard)	South Asia	SACOR_09
Small businesses create employment opportunities.	چھوٹے کاروبار روزگار کے مواقع پیدا کرتے ہیں۔	Urdu (Standard)	South Asia	SACOR_08
The teacher explained the lesson patiently.	استاد نے صبر سے سبق سمجھایا۔	Urdu (Standard)	South Asia	SACOR_03
People travel long distances to visit religious sites.	لوگ مذہبی مقامات دیکھنے کے لیے لمبی دوریاں طے کرتے ہیں۔	Urdu (Standard)	South Asia	SACOR_05
Spices add flavor to traditional dishes.	مصالحے روایتی کھانوں میں ذائقہ بڑھاتے ہیں۔	Urdu (Standard)	South Asia	SACOR_04
Pollution in cities has become a serious problem.	شہروں میں آلودگی ایک سنجیدہ مسئلہ بن گئی ہے۔	Urdu (Standard)	South Asia	SACOR_01
Children learn best when they are interested.	بچے بہترین سیکھتے ہیں جب وہ دلچسپی رکھتے ہیں۔	Urdu (Standard)	South Asia	SACOR_09
People celebrate festivals with great joy.	لوگ بہت خوشی سے تہوار مناتے ہیں۔	Urdu (Standard)	South Asia	SACOR_09
Farmers wake up early to tend to crops.	کسان فصلوں کی دیکھ بھال کے لیے جلدی اٹھتے ہیں۔	Urdu (Standard)	South Asia	SACOR_05
Cricket is a popular sport.	کرکٹ ایک مقبول کھیل ہے۔	Urdu (Standard)	South Asia	SACOR_09
Respecting elders is an important value.	بزرگوں کا احترام ایک اہم قدر ہے۔	Urdu (Standard)	South Asia	SACOR_07
Tourism brings revenue to regions with historical sites.	سیاحت تاریخی مقامات والے علاقوں میں آمدنی لاتی ہے۔	Urdu (Standard)	South Asia	SACOR_01
Online shopping has become popular.	آن لائن خریداری مقبول ہو گئی ہے۔	Urdu (Standard)	South Asia	SACOR_07
Teachers shape young minds.	استاد نوجوان ذہنوں کو شکل دیتے ہیں۔	Urdu (Standard)	South Asia	SACOR_05
Agriculture remains the primary source of income.	زراعت آمدنی کا بنیادی ذریعہ رہتی ہے۔	Urdu (Standard)	South Asia	SACOR_02
Digital payments have made transactions faster.	ڈیجیٹل ادائیگیوں نے معاملات تیز کر دیے ہیں۔	Urdu (Standard)	South Asia	SACOR_05
The bus arrived late.	بس دیر سے پہنچی۔	Urdu (Standard)	South Asia	SACOR_05
Learning a new language requires practice.	نئی زبان سیکھنے کے لیے مشق کی ضرورت ہے۔	Urdu (Standard)	South Asia	SACOR_03
She received a scholarship to study medicine.	اسے طب کی تعلیم کے لیے اسکالرشپ ملی۔	Urdu (Standard)	South Asia	SACOR_06
Traditional music is important for our heritage.	روایتی موسیقی ہماری وراثت کے لیے اہم ہے۔	Urdu (Standard)	South Asia	SACOR_01
Clear communication prevents misunderstandings.	صاف رابطہ غلط فہمیوں کو روکتا ہے۔	Urdu (Standard)	South Asia	SACOR_10
We decided to visit the old temple.	ہم نے پرانے مندر کا دورہ کرنے کا فیصلہ کیا۔	Urdu (Standard)	South Asia	SACOR_07
My grandmother told me stories.	میری دادی نے مجھے کہانیاں سنائیں۔	Urdu (Standard)	South Asia	SACOR_10
I woke up early this morning.	میں آج صبح جلدی اٹھا۔	Urdu (Standard)	South Asia	SACOR_04
Parents sacrifice their own needs for children.	والدین بچوں کے لیے اپنی ضرورتیں قربان کرتے ہیں۔	Urdu (Standard)	South Asia	SACOR_04
The professor wrote equations on the blackboard.	پروفیسر نے تختے پر مساوات لکھیں۔	Urdu (Standard)	South Asia	SACOR_08
Farmers planted rice in the flooded fields.	کسانوں نے پانی والے کھیتوں میں چاول بوئے۔	Urdu (Standard)	South Asia	SACOR_06
The school organized a science fair.	اسکول نے سائنس میلہ منظم کیا۔	Urdu (Standard)	South Asia	SACOR_08
Reading books improves vocabulary.	کتابیں پڑھنا ذخیرہ الفاظ بہتر بناتا ہے۔	Urdu (Standard)	South Asia	SACOR_10
The river flows peacefully through the valley.	دریا وادی میں پرامن طریقے سے بہتا ہے۔	Urdu (Standard)	South Asia	SACOR_01
Smartphones have changed how people communicate.	اسمارٹ فونوں نے لوگوں کے رابطے کے طریقے کو تبدیل کر دیا ہے۔	Urdu (Standard)	South Asia	SACOR_02
Children were playing cricket in the street.	بچے سڑک پر کرکٹ کھیل رہے تھے۔	Urdu (Standard)	South Asia	SACOR_06
The market was crowded with people.	بازار لوگوں سے بھرا ہوا تھا۔	Urdu (Standard)	South Asia	SACOR_06
The forest is home to many wild animals.	جنگل بہت سے جنگلی جانوروں کا گھر ہے۔	Urdu (Standard)	South Asia	SACOR_01
The wedding ceremony lasted three days.	شادی کی تقریب تین دن تک چلی۔	Urdu (Standard)	South Asia	SACOR_09
Storytelling preserves culture and knowledge.	کہانی سنانا ثقافت اور علم کو محفوظ رکھتا ہے۔	Urdu (Standard)	South Asia	SACOR_09
Birds were chirping in the trees.	پرندے درختوں میں چہچہا رہے تھے۔	Urdu (Standard)	South Asia	SACOR_01
Train journeys offer scenic views.	ریل کے سفر مناظر کے نظارے پیش کرتے ہیں۔	Urdu (Standard)	South Asia	SACOR_07
Elderly people share wisdom and stories.	بزرگ لوگ حکمت اور کہانیاں بانٹتے ہیں۔	Urdu (Standard)	South Asia	SACOR_04
Regular exercise helps maintain good health.	منظم ورزش اچھی صحت برقرار رکھنے میں مدد کرتی ہے۔	Urdu (Standard)	South Asia	SACOR_10
She received a scholarship to study medicine.	اسے طب کی تعلیم کے لیے اسکالرشپ ملی۔	Urdu (Standard)	South Asia	SACOR_06
Students gathered in the library.	طلباء لائبریری میں جمع ہوئے۔	Urdu (Standard)	South Asia	SACOR_09
Elderly people share wisdom and stories.	بزرگ لوگ حکمت اور کہانیاں بانٹتے ہیں۔	Urdu (Standard)	South Asia	SACOR_05
Small businesses create employment opportunities.	چھوٹے کاروبار روزگار کے مواقع پیدا کرتے ہیں۔	Urdu (Standard)	South Asia	SACOR_06
Doctors recommend drinking plenty of water.	ڈاکٹر زیادہ پانی پینے کی صلاح دیتے ہیں۔	Urdu (Standard)	South Asia	SACOR_05
Train journeys offer scenic views.	ریل کے سفر مناظر کے نظارے پیش کرتے ہیں۔	Urdu (Standard)	South Asia	SACOR_06
Teachers shape young minds.	استاد نوجوان ذہنوں کو شکل دیتے ہیں۔	Urdu (Standard)	South Asia	SACOR_01
Doctors work long hours to treat patients.	ڈاکٹر مریضوں کا علاج کرنے کے لیے لمبے گھنٹے کام کرتے ہیں۔	Urdu (Standard)	South Asia	SACOR_06
Spices add flavor to traditional dishes.	مصالحے روایتی کھانوں میں ذائقہ بڑھاتے ہیں۔	Urdu (Standard)	South Asia	SACOR_03
Online shopping has become popular.	آن لائن خریداری مقبول ہو گئی ہے۔	Urdu (Standard)	South Asia	SACOR_10
The forest is home to many wild animals.	جنگل بہت سے جنگلی جانوروں کا گھر ہے۔	Urdu (Standard)	South Asia	SACOR_07
Smartphones have changed how people communicate.	اسمارٹ فونوں نے لوگوں کے رابطے کے طریقے کو تبدیل کر دیا ہے۔	Urdu (Standard)	South Asia	SACOR_06
Tea is served to guests as a gesture of hospitality.	مہمانوں کو مہمان نوازی کی نشانی کے طور پر چائے پیش کی جاتی ہے۔	Urdu (Standard)	South Asia	SACOR_04
Handicrafts showcase artistic traditions.	دستی کاریاں فنکارانہ روایات دکھاتی ہیں۔	Urdu (Standard)	South Asia	SACOR_08
The professor wrote equations on the blackboard.	پروفیسر نے تختے پر مساوات لکھیں۔	Urdu (Standard)	South Asia	SACOR_01
I woke up early this morning.	میں آج صبح جلدی اٹھا۔	Urdu (Standard)	South Asia	SACOR_05
Children learn best when they are interested.	بچے بہترین سیکھتے ہیں جب وہ دلچسپی رکھتے ہیں۔	Urdu (Standard)	South Asia	SACOR_08
Clear communication prevents misunderstandings.	صاف رابطہ غلط فہمیوں کو روکتا ہے۔	Urdu (Standard)	South Asia	SACOR_07
Tourism brings revenue to regions with historical sites.	سیاحت تاریخی مقامات والے علاقوں میں آمدنی لاتی ہے۔	Urdu (Standard)	South Asia	SACOR_09
After finishing his work, he sat down.	اپنا کام مکمل کرنے کے بعد، وہ بیٹھ گیا۔	Urdu (Standard)	South Asia	SACOR_01
The bus arrived late.	بس دیر سے پہنچی۔	Urdu (Standard)	South Asia	SACOR_10
People travel long distances to visit religious sites.	لوگ مذہبی مقامات دیکھنے کے لیے لمبی دوریاں طے کرتے ہیں۔	Urdu (Standard)	South Asia	SACOR_09
We decided to visit the old temple.	ہم نے پرانے مندر کا دورہ کرنے کا فیصلہ کیا۔	Urdu (Standard)	South Asia	SACOR_06
Children were playing cricket in the street.	بچے سڑک پر کرکٹ کھیل رہے تھے۔	Urdu (Standard)	South Asia	SACOR_07
The river flows peacefully through the valley.	دریا وادی میں پرامن طریقے سے بہتا ہے۔	Urdu (Standard)	South Asia	SACOR_09
Farmers planted rice in the flooded fields.	کسانوں نے پانی والے کھیتوں میں چاول بوئے۔	Urdu (Standard)	South Asia	SACOR_04
Birds were chirping in the trees.	پرندے درختوں میں چہچہا رہے تھے۔	Urdu (Standard)	South Asia	SACOR_06
Regular exercise helps maintain good health.	منظم ورزش اچھی صحت برقرار رکھنے میں مدد کرتی ہے۔	Urdu (Standard)	South Asia	SACOR_01
Digital payments have made transactions faster.	ڈیجیٹل ادائیگیوں نے معاملات تیز کر دیے ہیں۔	Urdu (Standard)	South Asia	SACOR_06
Sports teach teamwork and discipline.	کھیل ٹیم ورک اور نظم و ضبط سکھاتے ہیں۔	Urdu (Standard)	South Asia	SACOR_02
Cricket is a popular sport.	کرکٹ ایک مقبول کھیل ہے۔	Urdu (Standard)	South Asia	SACOR_09
The internet connects people across continents.	انٹرنیٹ براعظموں میں لوگوں کو جوڑتا ہے۔	Urdu (Standard)	South Asia	SACOR_04
Parents sacrifice their own needs for children.	والدین بچوں کے لیے اپنی ضرورتیں قربان کرتے ہیں۔	Urdu (Standard)	South Asia	SACOR_05
Respecting elders is an important value.	بزرگوں کا احترام ایک اہم قدر ہے۔	Urdu (Standard)	South Asia	SACOR_05
The teacher explained the lesson patiently.	استاد نے صبر سے سبق سمجھایا۔	Urdu (Standard)	South Asia	SACOR_01
Traditional music is important for our heritage.	روایتی موسیقی ہماری وراثت کے لیے اہم ہے۔	Urdu (Standard)	South Asia	SACOR_03
The wedding ceremony lasted three days.	شادی کی تقریب تین دن تک چلی۔	Urdu (Standard)	South Asia	SACOR_08
Farmers wake up early to tend to crops.	کسان فصلوں کی دیکھ بھال کے لیے جلدی اٹھتے ہیں۔	Urdu (Standard)	South Asia	SACOR_06
She cooked delicious biryani for the family.	اس نے خاندان کے لیے مزیدار بریانی پکائی۔	Urdu (Standard)	South Asia	SACOR_06
Family members support each other during difficult times.	خاندان کے ممبر مشکل وقتوں میں ایک دوسرے کی مدد کرتے ہیں۔	Urdu (Standard)	South Asia	SACOR_05
The school organized a science fair.	اسکول نے سائنس میلہ منظم کیا۔	Urdu (Standard)	South Asia	SACOR_08
People celebrate festivals with great joy.	لوگ بہت خوشی سے تہوار مناتے ہیں۔	Urdu (Standard)	South Asia	SACOR_01
She walked slowly through the garden.	وہ باغ میں آہستہ آہستہ چلی۔	Urdu (Standard)	South Asia	SACOR_02
Education opens doors to opportunities.	تعلیم مواقع کے دروازے کھولتی ہے۔	Urdu (Standard)	South Asia	SACOR_05
Eating fresh fruits provides essential vitamins.	تازہ پھل کھانا ضروری وٹامن فراہم کرتا ہے۔	Urdu (Standard)	South Asia	SACOR_03
My grandmother told me stories.	میری دادی نے مجھے کہانیاں سنائیں۔	Urdu (Standard)	South Asia	SACOR_10
Pollution in cities has become a serious problem.	شہروں میں آلودگی ایک سنجیدہ مسئلہ بن گئی ہے۔	Urdu (Standard)	South Asia	SACOR_06
Learning a new language requires practice.	نئی زبان سیکھنے کے لیے مشق کی ضرورت ہے۔	Urdu (Standard)	South Asia	SACOR_01
Reading books improves vocabulary.	کتابیں پڑھنا ذخیرہ الفاظ بہتر بناتا ہے۔	Urdu (Standard)	South Asia	SACOR_04
Cooking together brings family members closer.	مل کر کھانا پکانا خاندان کے ممبروں کو قریب لاتا ہے۔	Urdu (Standard)	South Asia	SACOR_04
Storytelling preserves culture and knowledge.	کہانی سنانا ثقافت اور علم کو محفوظ رکھتا ہے۔	Urdu (Standard)	South Asia	SACOR_07
Agriculture remains the primary source of income.	زراعت آمدنی کا بنیادی ذریعہ رہتی ہے۔	Urdu (Standard)	South Asia	SACOR_10
The market was crowded with people.	بازار لوگوں سے بھرا ہوا تھا۔	Urdu (Standard)	South Asia	SACOR_04
She walked slowly through the garden.	وہ باغ میں آہستہ آہستہ چلی۔	Urdu (Standard)	South Asia	SACOR_07
Doctors recommend drinking plenty of water.	ڈاکٹر زیادہ پانی پینے کی صلاح دیتے ہیں۔	Urdu (Standard)	South Asia	SACOR_09
Farmers wake up early to tend to crops.	کسان فصلوں کی دیکھ بھال کے لیے جلدی اٹھتے ہیں۔	Urdu (Standard)	South Asia	SACOR_04
Learning a new language requires practice.	نئی زبان سیکھنے کے لیے مشق کی ضرورت ہے۔	Urdu (Standard)	South Asia	SACOR_05
My grandmother told me stories.	میری دادی نے مجھے کہانیاں سنائیں۔	Urdu (Standard)	South Asia	SACOR_01
Parents sacrifice their own needs for children.	والدین بچوں کے لیے اپنی ضرورتیں قربان کرتے ہیں۔	Urdu (Standard)	South Asia	SACOR_03
Birds were chirping in the trees.	پرندے درختوں میں چہچہا رہے تھے۔	Urdu (Standard)	South Asia	SACOR_02
Sports teach teamwork and discipline.	کھیل ٹیم ورک اور نظم و ضبط سکھاتے ہیں۔	Urdu (Standard)	South Asia	SACOR_02
The professor wrote equations on the blackboard.	پروفیسر نے تختے پر مساوات لکھیں۔	Urdu (Standard)	South Asia	SACOR_01
Smartphones have changed how people communicate.	اسمارٹ فونوں نے لوگوں کے رابطے کے طریقے کو تبدیل کر دیا ہے۔	Urdu (Standard)	South Asia	SACOR_05
Cricket is a popular sport.	کرکٹ ایک مقبول کھیل ہے۔	Urdu (Standard)	South Asia	SACOR_06
The forest is home to many wild animals.	جنگل بہت سے جنگلی جانوروں کا گھر ہے۔	Urdu (Standard)	South Asia	SACOR_05
People travel long distances to visit religious sites.	لوگ مذہبی مقامات دیکھنے کے لیے لمبی دوریاں طے کرتے ہیں۔	Urdu (Standard)	South Asia	SACOR_10
The market was crowded with people.	بازار لوگوں سے بھرا ہوا تھا۔	Urdu (Standard)	South Asia	SACOR_09
Eating fresh fruits provides essential vitamins.	تازہ پھل کھانا ضروری وٹامن فراہم کرتا ہے۔	Urdu (Standard)	South Asia	SACOR_01
Clear communication prevents misunderstandings.	صاف رابطہ غلط فہمیوں کو روکتا ہے۔	Urdu (Standard)	South Asia	SACOR_05
Pollution in cities has become a serious problem.	شہروں میں آلودگی ایک سنجیدہ مسئلہ بن گئی ہے۔	Urdu (Standard)	South Asia	SACOR_07
Elderly people share wisdom and stories.	بزرگ لوگ حکمت اور کہانیاں بانٹتے ہیں۔	Urdu (Standard)	South Asia	SACOR_01
Online shopping has become popular.	آن لائن خریداری مقبول ہو گئی ہے۔	Urdu (Standard)	South Asia	SACOR_07
Children were playing cricket in the street.	بچے سڑک پر کرکٹ کھیل رہے تھے۔	Urdu (Standard)	South Asia	SACOR_06
Education opens doors to opportunities.	تعلیم مواقع کے دروازے کھولتی ہے۔	Urdu (Standard)	South Asia	SACOR_04
Respecting elders is an important value.	بزرگوں کا احترام ایک اہم قدر ہے۔	Urdu (Standard)	South Asia	SACOR_05
We decided to visit the old temple.	ہم نے پرانے مندر کا دورہ کرنے کا فیصلہ کیا۔	Urdu (Standard)	South Asia	SACOR_10
The school organized a science fair.	اسکول نے سائنس میلہ منظم کیا۔	Urdu (Standard)	South Asia	SACOR_04
Doctors work long hours to treat patients.	ڈاکٹر مریضوں کا علاج کرنے کے لیے لمبے گھنٹے کام کرتے ہیں۔	Urdu (Standard)	South Asia	SACOR_01
I woke up early this morning.	میں آج صبح جلدی اٹھا۔	Urdu (Standard)	South Asia	SACOR_10
Regular exercise helps maintain good health.	منظم ورزش اچھی صحت برقرار رکھنے میں مدد کرتی ہے۔	Urdu (Standard)	South Asia	SACOR_07
The internet connects people across continents.	انٹرنیٹ براعظموں میں لوگوں کو جوڑتا ہے۔	Urdu (Standard)	South Asia	SACOR_07
Family members support each other during difficult times.	خاندان کے ممبر مشکل وقتوں میں ایک دوسرے کی مدد کرتے ہیں۔	Urdu (Standard)	South Asia	SACOR_07
People celebrate festivals with great joy.	لوگ بہت خوشی سے تہوار مناتے ہیں۔	Urdu (Standard)	South Asia	SACOR_04
Reading books improves vocabulary.	کتابیں پڑھنا ذخیرہ الفاظ بہتر بناتا ہے۔	Urdu (Standard)	South Asia	SACOR_05
Spices add flavor to traditional dishes.	مصالحے روایتی کھانوں میں ذائقہ بڑھاتے ہیں۔	Urdu (Standard)	South Asia	SACOR_10
The teacher explained the lesson patiently.	استاد نے صبر سے سبق سمجھایا۔	Urdu (Standard)	South Asia	SACOR_02
The river flows peacefully through the valley.	دریا وادی میں پرامن طریقے سے بہتا ہے۔	Urdu (Standard)	South Asia	SACOR_07
Students gathered in the library.	طلباء لائبریری میں جمع ہوئے۔	Urdu (Standard)	South Asia	SACOR_07
Storytelling preserves culture and knowledge.	کہانی سنانا ثقافت اور علم کو محفوظ رکھتا ہے۔	Urdu (Standard)	South Asia	SACOR_01
After finishing his work, he sat down.	اپنا کام مکمل کرنے کے بعد، وہ بیٹھ گیا۔	Urdu (Standard)	South Asia	SACOR_06
Digital payments have made transactions faster.	ڈیجیٹل ادائیگیوں نے معاملات تیز کر دیے ہیں۔	Urdu (Standard)	South Asia	SACOR_06
Traditional music is important for our heritage.	روایتی موسیقی ہماری وراثت کے لیے اہم ہے۔	Urdu (Standard)	South Asia	SACOR_08
Handicrafts showcase artistic traditions.	دستی کاریاں فنکارانہ روایات دکھاتی ہیں۔	Urdu (Standard)	South Asia	SACOR_08
Small businesses create employment opportunities.	چھوٹے کاروبار روزگار کے مواقع پیدا کرتے ہیں۔	Urdu (Standard)	South Asia	SACOR_04
Train journeys offer scenic views.	ریل کے سفر مناظر کے نظارے پیش کرتے ہیں۔	Urdu (Standard)	South Asia	SACOR_10
She received a scholarship to study medicine.	اسے طب کی تعلیم کے لیے اسکالرشپ ملی۔	Urdu (Standard)	South Asia	SACOR_01
Tourism brings revenue to regions with historical sites.	سیاحت تاریخی مقامات والے علاقوں میں آمدنی لاتی ہے۔	Urdu (Standard)	South Asia	SACOR_05
Farmers planted rice in the flooded fields.	کسانوں نے پانی والے کھیتوں میں چاول بوئے۔	Urdu (Standard)	South Asia	SACOR_06
The bus arrived late.	بس دیر سے پہنچی۔	Urdu (Standard)	South Asia	SACOR_06
The wedding ceremony lasted three days.	شادی کی تقریب تین دن تک چلی۔	Urdu (Standard)	South Asia	SACOR_05
Children learn best when they are interested.	بچے بہترین سیکھتے ہیں جب وہ دلچسپی رکھتے ہیں۔	Urdu (Standard)	South Asia	SACOR_04
Cooking together brings family members closer.	مل کر کھانا پکانا خاندان کے ممبروں کو قریب لاتا ہے۔	Urdu (Standard)	South Asia	SACOR_07
She cooked delicious biryani for the family.	اس نے خاندان کے لیے مزیدار بریانی پکائی۔	Urdu (Standard)	South Asia	SACOR_03
Teachers shape young minds.	استاد نوجوان ذہنوں کو شکل دیتے ہیں۔	Urdu (Standard)	South Asia	SACOR_04
Tea is served to guests as a gesture of hospitality.	مہمانوں کو مہمان نوازی کی نشانی کے طور پر چائے پیش کی جاتی ہے۔	Urdu (Standard)	South Asia	SACOR_04
Agriculture remains the primary source of income.	زراعت آمدنی کا بنیادی ذریعہ رہتی ہے۔	Urdu (Standard)	South Asia	SACOR_02
Eating fresh fruits provides essential vitamins.	تازہ پھل کھانا ضروری وٹامن فراہم کرتا ہے۔	Urdu (Standard)	South Asia	SACOR_10
The forest is home to many wild animals.	جنگل بہت سے جنگلی جانوروں کا گھر ہے۔	Urdu (Standard)	South Asia	SACOR_04
Digital payments have made transactions faster.	ڈیجیٹل ادائیگیوں نے معاملات تیز کر دیے ہیں۔	Urdu (Standard)	South Asia	SACOR_02
The wedding ceremony lasted three days.	شادی کی تقریب تین دن تک چلی۔	Urdu (Standard)	South Asia	SACOR_03
Reading books improves vocabulary.	کتابیں پڑھنا ذخیرہ الفاظ بہتر بناتا ہے۔	Urdu (Standard)	South Asia	SACOR_02
Farmers wake up early to tend to crops.	کسان فصلوں کی دیکھ بھال کے لیے جلدی اٹھتے ہیں۔	Urdu (Standard)	South Asia	SACOR_01
Elderly people share wisdom and stories.	بزرگ لوگ حکمت اور کہانیاں بانٹتے ہیں۔	Urdu (Standard)	South Asia	SACOR_09
She walked slowly through the garden.	وہ باغ میں آہستہ آہستہ چلی۔	Urdu (Standard)	South Asia	SACOR_02
Cricket is a popular sport.	کرکٹ ایک مقبول کھیل ہے۔	Urdu (Standard)	South Asia	SACOR_02
The market was crowded with people.	بازار لوگوں سے بھرا ہوا تھا۔	Urdu (Standard)	South Asia	SACOR_01
Spices add flavor to traditional dishes.	مصالحے روایتی کھانوں میں ذائقہ بڑھاتے ہیں۔	Urdu (Standard)	South Asia	SACOR_04
Students gathered in the library.	طلباء لائبریری میں جمع ہوئے۔	Urdu (Standard)	South Asia	SACOR_09
Respecting elders is an important value.	بزرگوں کا احترام ایک اہم قدر ہے۔	Urdu (Standard)	South Asia	SACOR_08
Learning a new language requires practice.	نئی زبان سیکھنے کے لیے مشق کی ضرورت ہے۔	Urdu (Standard)	South Asia	SACOR_08
Smartphones have changed how people communicate.	اسمارٹ فونوں نے لوگوں کے رابطے کے طریقے کو تبدیل کر دیا ہے۔	Urdu (Standard)	South Asia	SACOR_04
Children were playing cricket in the street.	بچے سڑک پر کرکٹ کھیل رہے تھے۔	Urdu (Standard)	South Asia	SACOR_09
The river flows peacefully through the valley.	دریا وادی میں پرامن طریقے سے بہتا ہے۔	Urdu (Standard)	South Asia	SACOR_01
Birds were chirping in the trees.	پرندے درختوں میں چہچہا رہے تھے۔	Urdu (Standard)	South Asia	SACOR_01
The bus arrived late.	بس دیر سے پہنچی۔	Urdu (Standard)	South Asia	SACOR_08
I woke up early this morning.	میں آج صبح جلدی اٹھا۔	Urdu (Standard)	South Asia	SACOR_08
Cooking together brings family members closer.	مل کر کھانا پکانا خاندان کے ممبروں کو قریب لاتا ہے۔	Urdu (Standard)	South Asia	SACOR_09
The professor wrote equations on the blackboard.	پروفیسر نے تختے پر مساوات لکھیں۔	Urdu (Standard)	South Asia	SACOR_10
Train journeys offer scenic views.	ریل کے سفر مناظر کے نظارے پیش کرتے ہیں۔	Urdu (Standard)	South Asia	SACOR_09
The internet connects people across continents.	انٹرنیٹ براعظموں میں لوگوں کو جوڑتا ہے۔	Urdu (Standard)	South Asia	SACOR_02
My grandmother told me stories.	میری دادی نے مجھے کہانیاں سنائیں۔	Urdu (Standard)	South Asia	SACOR_10
Doctors recommend drinking plenty of water.	ڈاکٹر زیادہ پانی پینے کی صلاح دیتے ہیں۔	Urdu (Standard)	South Asia	SACOR_07
Tea is served to guests as a gesture of hospitality.	مہمانوں کو مہمان نوازی کی نشانی کے طور پر چائے پیش کی جاتی ہے۔	Urdu (Standard)	South Asia	SACOR_09
Education opens doors to opportunities.	تعلیم مواقع کے دروازے کھولتی ہے۔	Urdu (Standard)	South Asia	SACOR_08
People celebrate festivals with great joy.	لوگ بہت خوشی سے تہوار مناتے ہیں۔	Urdu (Standard)	South Asia	SACOR_01
Regular exercise helps maintain good health.	منظم ورزش اچھی صحت برقرار رکھنے میں مدد کرتی ہے۔	Urdu (Standard)	South Asia	SACOR_07
Small businesses create employment opportunities.	چھوٹے کاروبار روزگار کے مواقع پیدا کرتے ہیں۔	Urdu (Standard)	South Asia	SACOR_07
Handicrafts showcase artistic traditions.	دستی کاریاں فنکارانہ روایات دکھاتی ہیں۔	Urdu (Standard)	South Asia	SACOR_07
Pollution in cities has become a serious problem.	شہروں میں آلودگی ایک سنجیدہ مسئلہ بن گئی ہے۔	Urdu (Standard)	South Asia	SACOR_09
Doctors work long hours to treat patients.	ڈاکٹر مریضوں کا علاج کرنے کے لیے لمبے گھنٹے کام کرتے ہیں۔	Urdu (Standard)	South Asia	SACOR_09
Tourism brings revenue to regions with historical sites.	سیاحت تاریخی مقامات والے علاقوں میں آمدنی لاتی ہے۔	Urdu (Standard)	South Asia	SACOR_05
Sports teach teamwork and discipline.	کھیل ٹیم ورک اور نظم و ضبط سکھاتے ہیں۔	Urdu (Standard)	South Asia	SACOR_04
Family members support each other during difficult times.	خاندان کے ممبر مشکل وقتوں میں ایک دوسرے کی مدد کرتے ہیں۔	Urdu (Standard)	South Asia	SACOR_04
Traditional music is important for our heritage.	روایتی موسیقی ہماری وراثت کے لیے اہم ہے۔	Urdu (Standard)	South Asia	SACOR_02
The school organized a science fair.	اسکول نے سائنس میلہ منظم کیا۔	Urdu (Standard)	South Asia	SACOR_07
People travel long distances to visit religious sites.	لوگ مذہبی مقامات دیکھنے کے لیے لمبی دوریاں طے کرتے ہیں۔	Urdu (Standard)	South Asia	SACOR_06
After finishing his work, he sat down.	اپنا کام مکمل کرنے کے بعد، وہ بیٹھ گیا۔	Urdu (Standard)	South Asia	SACOR_01
Agriculture remains the primary source of income.	زراعت آمدنی کا بنیادی ذریعہ رہتی ہے۔	Urdu (Standard)	South Asia	SACOR_10
Farmers planted rice in the flooded fields.	کسانوں نے پانی والے کھیتوں میں چاول بوئے۔	Urdu (Standard)	South Asia	SACOR_09
She received a scholarship to study medicine.	اسے طب کی تعلیم کے لیے اسکالرشپ ملی۔	Urdu (Standard)	South Asia	SACOR_04
Children learn best when they are interested.	بچے بہترین سیکھتے ہیں جب وہ دلچسپی رکھتے ہیں۔	Urdu (Standard)	South Asia	SACOR_04
Teachers shape young minds.	استاد نوجوان ذہنوں کو شکل دیتے ہیں۔	Urdu (Standard)	South Asia	SACOR_09
Storytelling preserves culture and knowledge.	کہانی سنانا ثقافت اور علم کو محفوظ رکھتا ہے۔	Urdu (Standard)	South Asia	SACOR_02
She cooked delicious biryani for the family.	اس نے خاندان کے لیے مزیدار بریانی پکائی۔	Urdu (Standard)	South Asia	SACOR_03
Online shopping has become popular.	آن لائن خریداری مقبول ہو گئی ہے۔	Urdu (Standard)	South Asia	SACOR_08
The teacher explained the lesson patiently.	استاد نے صبر سے سبق سمجھایا۔	Urdu (Standard)	South Asia	SACOR_03
We decided to visit the old temple.	ہم نے پرانے مندر کا دورہ کرنے کا فیصلہ کیا۔	Urdu (Standard)	South Asia	SACOR_05
Clear communication prevents misunderstandings.	صاف رابطہ غلط فہمیوں کو روکتا ہے۔	Urdu (Standard)	South Asia	SACOR_10
Parents sacrifice their own needs for children.	والدین بچوں کے لیے اپنی ضرورتیں قربان کرتے ہیں۔	Urdu (Standard)	South Asia	SACOR_01
The forest is home to many wild animals.	جنگل بہت سے جنگلی جانوروں کا گھر ہے۔	Urdu (Standard)	South Asia	SACOR_02
Farmers planted rice in the flooded fields.	کسانوں نے پانی والے کھیتوں میں چاول بوئے۔	Urdu (Standard)	South Asia	SACOR_05
Traditional music is important for our heritage.	روایتی موسیقی ہماری وراثت کے لیے اہم ہے۔	Urdu (Standard)	South Asia	SACOR_01
Respecting elders is an important value.	بزرگوں کا احترام ایک اہم قدر ہے۔	Urdu (Standard)	South Asia	SACOR_06
Cooking together brings family members closer.	مل کر کھانا پکانا خاندان کے ممبروں کو قریب لاتا ہے۔	Urdu (Standard)	South Asia	SACOR_05
The professor wrote equations on the blackboard.	پروفیسر نے تختے پر مساوات لکھیں۔	Urdu (Standard)	South Asia	SACOR_04
Children were playing cricket in the street.	بچے سڑک پر کرکٹ کھیل رہے تھے۔	Urdu (Standard)	South Asia	SACOR_10
Doctors work long hours to treat patients.	ڈاکٹر مریضوں کا علاج کرنے کے لیے لمبے گھنٹے کام کرتے ہیں۔	Urdu (Standard)	South Asia	SACOR_04
Birds were chirping in the trees.	پرندے درختوں میں چہچہا رہے تھے۔	Urdu (Standard)	South Asia	SACOR_05
After finishing his work, he sat down.	اپنا کام مکمل کرنے کے بعد، وہ بیٹھ گیا۔	Urdu (Standard)	South Asia	SACOR_07
Children learn best when they are interested.	بچے بہترین سیکھتے ہیں جب وہ دلچسپی رکھتے ہیں۔	Urdu (Standard)	South Asia	SACOR_10
Agriculture remains the primary source of income.	زراعت آمدنی کا بنیادی ذریعہ رہتی ہے۔	Urdu (Standard)	South Asia	SACOR_09
Pollution in cities has become a serious problem.	شہروں میں آلودگی ایک سنجیدہ مسئلہ بن گئی ہے۔	Urdu (Standard)	South Asia	SACOR_10
Online shopping has become popular.	آن لائن خریداری مقبول ہو گئی ہے۔	Urdu (Standard)	South Asia	SACOR_09
The market was crowded with people.	بازار لوگوں سے بھرا ہوا تھا۔	Urdu (Standard)	South Asia	SACOR_05
Tourism brings revenue to regions with historical sites.	سیاحت تاریخی مقامات والے علاقوں میں آمدنی لاتی ہے۔	Urdu (Standard)	South Asia	SACOR_08
Regular exercise helps maintain good health.	منظم ورزش اچھی صحت برقرار رکھنے میں مدد کرتی ہے۔	Urdu (Standard)	South Asia	SACOR_04
Elderly people share wisdom and stories.	بزرگ لوگ حکمت اور کہانیاں بانٹتے ہیں۔	Urdu (Standard)	South Asia	SACOR_09
She walked slowly through the garden.	وہ باغ میں آہستہ آہستہ چلی۔	Urdu (Standard)	South Asia	SACOR_05
Reading books improves vocabulary.	کتابیں پڑھنا ذخیرہ الفاظ بہتر بناتا ہے۔	Urdu (Standard)	South Asia	SACOR_04
Train journeys offer scenic views.	ریل کے سفر مناظر کے نظارے پیش کرتے ہیں۔	Urdu (Standard)	South Asia	SACOR_10
People travel long distances to visit religious sites.	لوگ مذہبی مقامات دیکھنے کے لیے لمبی دوریاں طے کرتے ہیں۔	Urdu (Standard)	South Asia	SACOR_06
Education opens doors to opportunities.	تعلیم مواقع کے دروازے کھولتی ہے۔	Urdu (Standard)	South Asia	SACOR_04
Doctors recommend drinking plenty of water.	ڈاکٹر زیادہ پانی پینے کی صلاح دیتے ہیں۔	Urdu (Standard)	South Asia	SACOR_08
Teachers shape young minds.	استاد نوجوان ذہنوں کو شکل دیتے ہیں۔	Urdu (Standard)	South Asia	SACOR_03
Spices add flavor to traditional dishes.	مصالحے روایتی کھانوں میں ذائقہ بڑھاتے ہیں۔	Urdu (Standard)	South Asia	SACOR_06
We decided to visit the old temple.	ہم نے پرانے مندر کا دورہ کرنے کا فیصلہ کیا۔	Urdu (Standard)	South Asia	SACOR_09
Tea is served to guests as a gesture of hospitality.	مہمانوں کو مہمان نوازی کی نشانی کے طور پر چائے پیش کی جاتی ہے۔	Urdu (Standard)	South Asia	SACOR_01
The internet connects people across continents.	انٹرنیٹ براعظموں میں لوگوں کو جوڑتا ہے۔	Urdu (Standard)	South Asia	SACOR_02
My grandmother told me stories.	میری دادی نے مجھے کہانیاں سنائیں۔	Urdu (Standard)	South Asia	SACOR_06
Cricket is a popular sport.	کرکٹ ایک مقبول کھیل ہے۔	Urdu (Standard)	South Asia	SACOR_04
Parents sacrifice their own needs for children.	والدین بچوں کے لیے اپنی ضرورتیں قربان کرتے ہیں۔	Urdu (Standard)	South Asia	SACOR_06
Farmers wake up early to tend to crops.	کسان فصلوں کی دیکھ بھال کے لیے جلدی اٹھتے ہیں۔	Urdu (Standard)	South Asia	SACOR_09
She cooked delicious biryani for the family.	اس نے خاندان کے لیے مزیدار بریانی پکائی۔	Urdu (Standard)	South Asia	SACOR_05
She received a scholarship to study medicine.	اسے طب کی تعلیم کے لیے اسکالرشپ ملی۔	Urdu (Standard)	South Asia	SACOR_10
Smartphones have changed how people communicate.	اسمارٹ فونوں نے لوگوں کے رابطے کے طریقے کو تبدیل کر دیا ہے۔	Urdu (Standard)	South Asia	SACOR_07
Clear communication prevents misunderstandings.	صاف رابطہ غلط فہمیوں کو روکتا ہے۔	Urdu (Standard)	South Asia	SACOR_03
Handicrafts showcase artistic traditions.	دستی کاریاں فنکارانہ روایات دکھاتی ہیں۔	Urdu (Standard)	South Asia	SACOR_01
Eating fresh fruits provides essential vitamins.	تازہ پھل کھانا ضروری وٹامن فراہم کرتا ہے۔	Urdu (Standard)	South Asia	SACOR_01
The school organized a science fair.	اسکول نے سائنس میلہ منظم کیا۔	Urdu (Standard)	South Asia	SACOR_04
I woke up early this morning.	میں آج صبح جلدی اٹھا۔	Urdu (Standard)	South Asia	SACOR_03
Digital payments have made transactions faster.	ڈیجیٹل ادائیگیوں نے معاملات تیز کر دیے ہیں۔	Urdu (Standard)	South Asia	SACOR_04
Family members support each other during difficult times.	خاندان کے ممبر مشکل وقتوں میں ایک دوسرے کی مدد کرتے ہیں۔	Urdu (Standard)	South Asia	SACOR_01
The bus arrived late.	بس دیر سے پہنچی۔	Urdu (Standard)	South Asia	SACOR_03
Sports teach teamwork and discipline.	کھیل ٹیم ورک اور نظم و ضبط سکھاتے ہیں۔	Urdu (Standard)	South Asia	SACOR_01
Learning a new language requires practice.	نئی زبان سیکھنے کے لیے مشق کی ضرورت ہے۔	Urdu (Standard)	South Asia	SACOR_02
The wedding ceremony lasted three days.	شادی کی تقریب تین دن تک چلی۔	Urdu (Standard)	South Asia	SACOR_10
The teacher explained the lesson patiently.	استاد نے صبر سے سبق سمجھایا۔	Urdu (Standard)	South Asia	SACOR_03
Students gathered in the library.	طلباء لائبریری میں جمع ہوئے۔	Urdu (Standard)	South Asia	SACOR_07
Small businesses create employment opportunities.	چھوٹے کاروبار روزگار کے مواقع پیدا کرتے ہیں۔	Urdu (Standard)	South Asia	SACOR_09
People celebrate festivals with great joy.	لوگ بہت خوشی سے تہوار مناتے ہیں۔	Urdu (Standard)	South Asia	SACOR_07
Storytelling preserves culture and knowledge.	کہانی سنانا ثقافت اور علم کو محفوظ رکھتا ہے۔	Urdu (Standard)	South Asia	SACOR_01
The river flows peacefully through the valley.	دریا وادی میں پرامن طریقے سے بہتا ہے۔	Urdu (Standard)	South Asia	SACOR_02
Elderly people share wisdom and stories.	بزرگ لوگ حکمت اور کہانیاں بانٹتے ہیں۔	Urdu (Standard)	South Asia	SACOR_08
Digital payments have made transactions faster.	ڈیجیٹل ادائیگیوں نے معاملات تیز کر دیے ہیں۔	Urdu (Standard)	South Asia	SACOR_04
Online shopping has become popular.	آن لائن خریداری مقبول ہو گئی ہے۔	Urdu (Standard)	South Asia	SACOR_09
The market was crowded with people.	بازار لوگوں سے بھرا ہوا تھا۔	Urdu (Standard)	South Asia	SACOR_06
Regular exercise helps maintain good health.	منظم ورزش اچھی صحت برقرار رکھنے میں مدد کرتی ہے۔	Urdu (Standard)	South Asia	SACOR_06
The teacher explained the lesson patiently.	استاد نے صبر سے سبق سمجھایا۔	Urdu (Standard)	South Asia	SACOR_06
Agriculture remains the primary source of income.	زراعت آمدنی کا بنیادی ذریعہ رہتی ہے۔	Urdu (Standard)	South Asia	SACOR_06
Reading books improves vocabulary.	کتابیں پڑھنا ذخیرہ الفاظ بہتر بناتا ہے۔	Urdu (Standard)	South Asia	SACOR_06
Teachers shape young minds.	استاد نوجوان ذہنوں کو شکل دیتے ہیں۔	Urdu (Standard)	South Asia	SACOR_01
Small businesses create employment opportunities.	چھوٹے کاروبار روزگار کے مواقع پیدا کرتے ہیں۔	Urdu (Standard)	South Asia	SACOR_06
Children learn best when they are interested.	بچے بہترین سیکھتے ہیں جب وہ دلچسپی رکھتے ہیں۔	Urdu (Standard)	South Asia	SACOR_02
Family members support each other during difficult times.	خاندان کے ممبر مشکل وقتوں میں ایک دوسرے کی مدد کرتے ہیں۔	Urdu (Standard)	South Asia	SACOR_09
Learning a new language requires practice.	نئی زبان سیکھنے کے لیے مشق کی ضرورت ہے۔	Urdu (Standard)	South Asia	SACOR_02
Spices add flavor to traditional dishes.	مصالحے روایتی کھانوں میں ذائقہ بڑھاتے ہیں۔	Urdu (Standard)	South Asia	SACOR_08
She received a scholarship to study medicine.	اسے طب کی تعلیم کے لیے اسکالرشپ ملی۔	Urdu (Standard)	South Asia	SACOR_07
Students gathered in the library.	طلباء لائبریری میں جمع ہوئے۔	Urdu (Standard)	South Asia	SACOR_02
Parents sacrifice their own needs for children.	والدین بچوں کے لیے اپنی ضرورتیں قربان کرتے ہیں۔	Urdu (Standard)	South Asia	SACOR_05
Children were playing cricket in the street.	بچے سڑک پر کرکٹ کھیل رہے تھے۔	Urdu (Standard)	South Asia	SACOR_03
Eating fresh fruits provides essential vitamins.	تازہ پھل کھانا ضروری وٹامن فراہم کرتا ہے۔	Urdu (Standard)	South Asia	SACOR_07
Traditional music is important for our heritage.	روایتی موسیقی ہماری وراثت کے لیے اہم ہے۔	Urdu (Standard)	South Asia	SACOR_07
Farmers wake up early to tend to crops.	کسان فصلوں کی دیکھ بھال کے لیے جلدی اٹھتے ہیں۔	Urdu (Standard)	South Asia	SACOR_03
Tea is served to guests as a gesture of hospitality.	مہمانوں کو مہمان نوازی کی نشانی کے طور پر چائے پیش کی جاتی ہے۔	Urdu (Standard)	South Asia	SACOR_05
The forest is home to many wild animals.	جنگل بہت سے جنگلی جانوروں کا گھر ہے۔	Urdu (Standard)	South Asia	SACOR_05
The wedding ceremony lasted three days.	شادی کی تقریب تین دن تک چلی۔	Urdu (Standard)	South Asia	SACOR_04
She cooked delicious biryani for the family.	اس نے خاندان کے لیے مزیدار بریانی پکائی۔	Urdu (Standard)	South Asia	SACOR_07
The bus arrived late.	بس دیر سے پہنچی۔	Urdu (Standard)	South Asia	SACOR_08
Cooking together brings family members closer.	مل کر کھانا پکانا خاندان کے ممبروں کو قریب لاتا ہے۔	Urdu (Standard)	South Asia	SACOR_08
Doctors recommend drinking plenty of water.	ڈاکٹر زیادہ پانی پینے کی صلاح دیتے ہیں۔	Urdu (Standard)	South Asia	SACOR_01
After finishing his work, he sat down.	اپنا کام مکمل کرنے کے بعد، وہ بیٹھ گیا۔	Urdu (Standard)	South Asia	SACOR_05
Clear communication prevents misunderstandings.	صاف رابطہ غلط فہمیوں کو روکتا ہے۔	Urdu (Standard)	South Asia	SACOR_02
Cricket is a popular sport.	کرکٹ ایک مقبول کھیل ہے۔	Urdu (Standard)	South Asia	SACOR_02
Train journeys offer scenic views.	ریل کے سفر مناظر کے نظارے پیش کرتے ہیں۔	Urdu (Standard)	South Asia	SACOR_01
Respecting elders is an important value.	بزرگوں کا احترام ایک اہم قدر ہے۔	Urdu (Standard)	South Asia	SACOR_09
The professor wrote equations on the blackboard.	پروفیسر نے تختے پر مساوات لکھیں۔	Urdu (Standard)	South Asia	SACOR_01
Farmers planted rice in the flooded fields.	کسانوں نے پانی والے کھیتوں میں چاول بوئے۔	Urdu (Standard)	South Asia	SACOR_01
People celebrate festivals with great joy.	لوگ بہت خوشی سے تہوار مناتے ہیں۔	Urdu (Standard)	South Asia	SACOR_03
She walked slowly through the garden.	وہ باغ میں آہستہ آہستہ چلی۔	Urdu (Standard)	South Asia	SACOR_07
Doctors work long hours to treat patients.	ڈاکٹر مریضوں کا علاج کرنے کے لیے لمبے گھنٹے کام کرتے ہیں۔	Urdu (Standard)	South Asia	SACOR_05
Tourism brings revenue to regions with historical sites.	سیاحت تاریخی مقامات والے علاقوں میں آمدنی لاتی ہے۔	Urdu (Standard)	South Asia	SACOR_10
Storytelling preserves culture and knowledge.	کہانی سنانا ثقافت اور علم کو محفوظ رکھتا ہے۔	Urdu (Standard)	South Asia	SACOR_02
Pollution in cities has become a serious problem.	شہروں میں آلودگی ایک سنجیدہ مسئلہ بن گئی ہے۔	Urdu (Standard)	South Asia	SACOR_04
I woke up early this morning.	میں آج صبح جلدی اٹھا۔	Urdu (Standard)	South Asia	SACOR_06
My grandmother told me stories.	میری دادی نے مجھے کہانیاں سنائیں۔	Urdu (Standard)	South Asia	SACOR_10
Sports teach teamwork and discipline.	کھیل ٹیم ورک اور نظم و ضبط سکھاتے ہیں۔	Urdu (Standard)	South Asia	SACOR_08
Education opens doors to opportunities.	تعلیم مواقع کے دروازے کھولتی ہے۔	Urdu (Standard)	South Asia	SACOR_05
The school organized a science fair.	اسکول نے سائنس میلہ منظم کیا۔	Urdu (Standard)	South Asia	SACOR_09
Birds were chirping in the trees.	پرندے درختوں میں چہچہا رہے تھے۔	Urdu (Standard)	South Asia	SACOR_10
Handicrafts showcase artistic traditions.	دستی کاریاں فنکارانہ روایات دکھاتی ہیں۔	Urdu (Standard)	South Asia	SACOR_06
Smartphones have changed how people communicate.	اسمارٹ فونوں نے لوگوں کے رابطے کے طریقے کو تبدیل کر دیا ہے۔	Urdu (Standard)	South Asia	SACOR_07
We decided to visit the old temple.	ہم نے پرانے مندر کا دورہ کرنے کا فیصلہ کیا۔	Urdu (Standard)	South Asia	SACOR_05
People travel long distances to visit religious sites.	لوگ مذہبی مقامات دیکھنے کے لیے لمبی دوریاں طے کرتے ہیں۔	Urdu (Standard)	South Asia	SACOR_03
The river flows peacefully through the valley.	دریا وادی میں پرامن طریقے سے بہتا ہے۔	Urdu (Standard)	South Asia	SACOR_06
The internet connects people across continents.	انٹرنیٹ براعظموں میں لوگوں کو جوڑتا ہے۔	Urdu (Standard)	South Asia	SACOR_03
She received a scholarship to study medicine.	اسے طب کی تعلیم کے لیے اسکالرشپ ملی۔	Urdu (Standard)	South Asia	SACOR_08
The forest is home to many wild animals.	جنگل بہت سے جنگلی جانوروں کا گھر ہے۔	Urdu (Standard)	South Asia	SACOR_06
Students gathered in the library.	طلباء لائبریری میں جمع ہوئے۔	Urdu (Standard)	South Asia	SACOR_04
Clear communication prevents misunderstandings.	صاف رابطہ غلط فہمیوں کو روکتا ہے۔	Urdu (Standard)	South Asia	SACOR_02
Online shopping has become popular.	آن لائن خریداری مقبول ہو گئی ہے۔	Urdu (Standard)	South Asia	SACOR_08
Family members support each other during difficult times.	خاندان کے ممبر مشکل وقتوں میں ایک دوسرے کی مدد کرتے ہیں۔	Urdu (Standard)	South Asia	SACOR_08
People travel long distances to visit religious sites.	لوگ مذہبی مقامات دیکھنے کے لیے لمبی دوریاں طے کرتے ہیں۔	Urdu (Standard)	South Asia	SACOR_10
Elderly people share wisdom and stories.	بزرگ لوگ حکمت اور کہانیاں بانٹتے ہیں۔	Urdu (Standard)	South Asia	SACOR_02
Tourism brings revenue to regions with historical sites.	سیاحت تاریخی مقامات والے علاقوں میں آمدنی لاتی ہے۔	Urdu (Standard)	South Asia	SACOR_01
Doctors recommend drinking plenty of water.	ڈاکٹر زیادہ پانی پینے کی صلاح دیتے ہیں۔	Urdu (Standard)	South Asia	SACOR_06
She walked slowly through the garden.	وہ باغ میں آہستہ آہستہ چلی۔	Urdu (Standard)	South Asia	SACOR_04
People celebrate festivals with great joy.	لوگ بہت خوشی سے تہوار مناتے ہیں۔	Urdu (Standard)	South Asia	SACOR_08
Sports teach teamwork and discipline.	کھیل ٹیم ورک اور نظم و ضبط سکھاتے ہیں۔	Urdu (Standard)	South Asia	SACOR_03
Agriculture remains the primary source of income.	زراعت آمدنی کا بنیادی ذریعہ رہتی ہے۔	Urdu (Standard)	South Asia	SACOR_06
Traditional music is important for our heritage.	روایتی موسیقی ہماری وراثت کے لیے اہم ہے۔	Urdu (Standard)	South Asia	SACOR_07
Tea is served to guests as a gesture of hospitality.	مہمانوں کو مہمان نوازی کی نشانی کے طور پر چائے پیش کی جاتی ہے۔	Urdu (Standard)	South Asia	SACOR_06
Eating fresh fruits provides essential vitamins.	تازہ پھل کھانا ضروری وٹامن فراہم کرتا ہے۔	Urdu (Standard)	South Asia	SACOR_07
The wedding ceremony lasted three days.	شادی کی تقریب تین دن تک چلی۔	Urdu (Standard)	South Asia	SACOR_04
Spices add flavor to traditional dishes.	مصالحے روایتی کھانوں میں ذائقہ بڑھاتے ہیں۔	Urdu (Standard)	South Asia	SACOR_04
Parents sacrifice their own needs for children.	والدین بچوں کے لیے اپنی ضرورتیں قربان کرتے ہیں۔	Urdu (Standard)	South Asia	SACOR_08
Children were playing cricket in the street.	بچے سڑک پر کرکٹ کھیل رہے تھے۔	Urdu (Standard)	South Asia	SACOR_04
The school organized a science fair.	اسکول نے سائنس میلہ منظم کیا۔	Urdu (Standard)	South Asia	SACOR_05
My grandmother told me stories.	میری دادی نے مجھے کہانیاں سنائیں۔	Urdu (Standard)	South Asia	SACOR_04
Digital payments have made transactions faster.	ڈیجیٹل ادائیگیوں نے معاملات تیز کر دیے ہیں۔	Urdu (Standard)	South Asia	SACOR_05
The bus arrived late.	بس دیر سے پہنچی۔	Urdu (Standard)	South Asia	SACOR_09
Regular exercise helps maintain good health.	منظم ورزش اچھی صحت برقرار رکھنے میں مدد کرتی ہے۔	Urdu (Standard)	South Asia	SACOR_09
She cooked delicious biryani for the family.	اس نے خاندان کے لیے مزیدار بریانی پکائی۔	Urdu (Standard)	South Asia	SACOR_10
We decided to visit the old temple.	ہم نے پرانے مندر کا دورہ کرنے کا فیصلہ کیا۔	Urdu (Standard)	South Asia	SACOR_02
Children learn best when they are interested.	بچے بہترین سیکھتے ہیں جب وہ دلچسپی رکھتے ہیں۔	Urdu (Standard)	South Asia	SACOR_10
The internet connects people across continents.	انٹرنیٹ براعظموں میں لوگوں کو جوڑتا ہے۔	Urdu (Standard)	South Asia	SACOR_01
Education opens doors to opportunities.	تعلیم مواقع کے دروازے کھولتی ہے۔	Urdu (Standard)	South Asia	SACOR_01
The river flows peacefully through the valley.	دریا وادی میں پرامن طریقے سے بہتا ہے۔	Urdu (Standard)	South Asia	SACOR_01
Reading books improves vocabulary.	کتابیں پڑھنا ذخیرہ الفاظ بہتر بناتا ہے۔	Urdu (Standard)	South Asia	SACOR_01
After finishing his work, he sat down.	اپنا کام مکمل کرنے کے بعد، وہ بیٹھ گیا۔	Urdu (Standard)	South Asia	SACOR_03
Small businesses create employment opportunities.	چھوٹے کاروبار روزگار کے مواقع پیدا کرتے ہیں۔	Urdu (Standard)	South Asia	SACOR_05
Cricket is a popular sport.	کرکٹ ایک مقبول کھیل ہے۔	Urdu (Standard)	South Asia	SACOR_03
Learning a new language requires practice.	نئی زبان سیکھنے کے لیے مشق کی ضرورت ہے۔	Urdu (Standard)	South Asia	SACOR_01
Birds were chirping in the trees.	پرندے درختوں میں چہچہا رہے تھے۔	Urdu (Standard)	South Asia	SACOR_02
Farmers wake up early to tend to crops.	کسان فصلوں کی دیکھ بھال کے لیے جلدی اٹھتے ہیں۔	Urdu (Standard)	South Asia	SACOR_03
Respecting elders is an important value.	بزرگوں کا احترام ایک اہم قدر ہے۔	Urdu (Standard)	South Asia	SACOR_08
Train journeys offer scenic views.	ریل کے سفر مناظر کے نظارے پیش کرتے ہیں۔	Urdu (Standard)	South Asia	SACOR_08
Doctors work long hours to treat patients.	ڈاکٹر مریضوں کا علاج کرنے کے لیے لمبے گھنٹے کام کرتے ہیں۔	Urdu (Standard)	South Asia	SACOR_07
The teacher explained the lesson patiently.	استاد نے صبر سے سبق سمجھایا۔	Urdu (Standard)	South Asia	SACOR_01
I woke up early this morning.	میں آج صبح جلدی اٹھا۔	Urdu (Standard)	South Asia	SACOR_07
Pollution in cities has become a serious problem.	شہروں میں آلودگی ایک سنجیدہ مسئلہ بن گئی ہے۔	Urdu (Standard)	South Asia	SACOR_07
The professor wrote equations on the blackboard.	پروفیسر نے تختے پر مساوات لکھیں۔	Urdu (Standard)	South Asia	SACOR_03
Storytelling preserves culture and knowledge.	کہانی سنانا ثقافت اور علم کو محفوظ رکھتا ہے۔	Urdu (Standard)	South Asia	SACOR_06
Handicrafts showcase artistic traditions.	دستی کاریاں فنکارانہ روایات دکھاتی ہیں۔	Urdu (Standard)	South Asia	SACOR_10
The market was crowded with people.	بازار لوگوں سے بھرا ہوا تھا۔	Urdu (Standard)	South Asia	SACOR_06
Smartphones have changed how people communicate.	اسمارٹ فونوں نے لوگوں کے رابطے کے طریقے کو تبدیل کر دیا ہے۔	Urdu (Standard)	South Asia	SACOR_08
Cooking together brings family members closer.	مل کر کھانا پکانا خاندان کے ممبروں کو قریب لاتا ہے۔	Urdu (Standard)	South Asia	SACOR_09
Farmers planted rice in the flooded fields.	کسانوں نے پانی والے کھیتوں میں چاول بوئے۔	Urdu (Standard)	South Asia	SACOR_08
Teachers shape young minds.	استاد نوجوان ذہنوں کو شکل دیتے ہیں۔	Urdu (Standard)	South Asia	SACOR_05
Agriculture remains the primary source of income.	زراعت آمدنی کا بنیادی ذریعہ رہتی ہے۔	Urdu (Standard)	South Asia	SACOR_05
Tea is served to guests as a gesture of hospitality.	مہمانوں کو مہمان نوازی کی نشانی کے طور پر چائے پیش کی جاتی ہے۔	Urdu (Standard)	South Asia	SACOR_02
Doctors recommend drinking plenty of water.	ڈاکٹر زیادہ پانی پینے کی صلاح دیتے ہیں۔	Urdu (Standard)	South Asia	SACOR_02
Online shopping has become popular.	آن لائن خریداری مقبول ہو گئی ہے۔	Urdu (Standard)	South Asia	SACOR_03
The teacher explained the lesson patiently.	استاد نے صبر سے سبق سمجھایا۔	Urdu (Standard)	South Asia	SACOR_09
Elderly people share wisdom and stories.	بزرگ لوگ حکمت اور کہانیاں بانٹتے ہیں۔	Urdu (Standard)	South Asia	SACOR_05
Birds were chirping in the trees.	پرندے درختوں میں چہچہا رہے تھے۔	Urdu (Standard)	South Asia	SACOR_09
Children were playing cricket in the street.	بچے سڑک پر کرکٹ کھیل رہے تھے۔	Urdu (Standard)	South Asia	SACOR_05
Eating fresh fruits provides essential vitamins.	تازہ پھل کھانا ضروری وٹامن فراہم کرتا ہے۔	Urdu (Standard)	South Asia	SACOR_03
Handicrafts showcase artistic traditions.	دستی کاریاں فنکارانہ روایات دکھاتی ہیں۔	Urdu (Standard)	South Asia	SACOR_02
She received a scholarship to study medicine.	اسے طب کی تعلیم کے لیے اسکالرشپ ملی۔	Urdu (Standard)	South Asia	SACOR_08
Train journeys offer scenic views.	ریل کے سفر مناظر کے نظارے پیش کرتے ہیں۔	Urdu (Standard)	South Asia	SACOR_03
Parents sacrifice their own needs for children.	والدین بچوں کے لیے اپنی ضرورتیں قربان کرتے ہیں۔	Urdu (Standard)	South Asia	SACOR_08
Spices add flavor to traditional dishes.	مصالحے روایتی کھانوں میں ذائقہ بڑھاتے ہیں۔	Urdu (Standard)	South Asia	SACOR_05
Small businesses create employment opportunities.	چھوٹے کاروبار روزگار کے مواقع پیدا کرتے ہیں۔	Urdu (Standard)	South Asia	SACOR_03
Farmers planted rice in the flooded fields.	کسانوں نے پانی والے کھیتوں میں چاول بوئے۔	Urdu (Standard)	South Asia	SACOR_02
Storytelling preserves culture and knowledge.	کہانی سنانا ثقافت اور علم کو محفوظ رکھتا ہے۔	Urdu (Standard)	South Asia	SACOR_10
The forest is home to many wild animals.	جنگل بہت سے جنگلی جانوروں کا گھر ہے۔	Urdu (Standard)	South Asia	SACOR_05
Teachers shape young minds.	استاد نوجوان ذہنوں کو شکل دیتے ہیں۔	Urdu (Standard)	South Asia	SACOR_01
Farmers wake up early to tend to crops.	کسان فصلوں کی دیکھ بھال کے لیے جلدی اٹھتے ہیں۔	Urdu (Standard)	South Asia	SACOR_05
Smartphones have changed how people communicate.	اسمارٹ فونوں نے لوگوں کے رابطے کے طریقے کو تبدیل کر دیا ہے۔	Urdu (Standard)	South Asia	SACOR_08
Cooking together brings family members closer.	مل کر کھانا پکانا خاندان کے ممبروں کو قریب لاتا ہے۔	Urdu (Standard)	South Asia	SACOR_09
The internet connects people across continents.	انٹرنیٹ براعظموں میں لوگوں کو جوڑتا ہے۔	Urdu (Standard)	South Asia	SACOR_10
The wedding ceremony lasted three days.	شادی کی تقریب تین دن تک چلی۔	Urdu (Standard)	South Asia	SACOR_02
My grandmother told me stories.	میری دادی نے مجھے کہانیاں سنائیں۔	Urdu (Standard)	South Asia	SACOR_04
The river flows peacefully through the valley.	دریا وادی میں پرامن طریقے سے بہتا ہے۔	Urdu (Standard)	South Asia	SACOR_07
People celebrate festivals with great joy.	لوگ بہت خوشی سے تہوار مناتے ہیں۔	Urdu (Standard)	South Asia	SACOR_08
Children learn best when they are interested.	بچے بہترین سیکھتے ہیں جب وہ دلچسپی رکھتے ہیں۔	Urdu (Standard)	South Asia	SACOR_02
Sports teach teamwork and discipline.	کھیل ٹیم ورک اور نظم و ضبط سکھاتے ہیں۔	Urdu (Standard)	South Asia	SACOR_07
Traditional music is important for our heritage.	روایتی موسیقی ہماری وراثت کے لیے اہم ہے۔	Urdu (Standard)	South Asia	SACOR_02
The market was crowded with people.	بازار لوگوں سے بھرا ہوا تھا۔	Urdu (Standard)	South Asia	SACOR_07
The school organized a science fair.	اسکول نے سائنس میلہ منظم کیا۔	Urdu (Standard)	South Asia	SACOR_09
We decided to visit the old temple.	ہم نے پرانے مندر کا دورہ کرنے کا فیصلہ کیا۔	Urdu (Standard)	South Asia	SACOR_05
Digital payments have made transactions faster.	ڈیجیٹل ادائیگیوں نے معاملات تیز کر دیے ہیں۔	Urdu (Standard)	South Asia	SACOR_10
Reading books improves vocabulary.	کتابیں پڑھنا ذخیرہ الفاظ بہتر بناتا ہے۔	Urdu (Standard)	South Asia	SACOR_09
People travel long distances to visit religious sites.	لوگ مذہبی مقامات دیکھنے کے لیے لمبی دوریاں طے کرتے ہیں۔	Urdu (Standard)	South Asia	SACOR_10
Learning a new language requires practice.	نئی زبان سیکھنے کے لیے مشق کی ضرورت ہے۔	Urdu (Standard)	South Asia	SACOR_10
She cooked delicious biryani for the family.	اس نے خاندان کے لیے مزیدار بریانی پکائی۔	Urdu (Standard)	South Asia	SACOR_02
Education opens doors to opportunities.	تعلیم مواقع کے دروازے کھولتی ہے۔	Urdu (Standard)	South Asia	SACOR_03
Doctors work long hours to treat patients.	ڈاکٹر مریضوں کا علاج کرنے کے لیے لمبے گھنٹے کام کرتے ہیں۔	Urdu (Standard)	South Asia	SACOR_07
I woke up early this morning.	میں آج صبح جلدی اٹھا۔	Urdu (Standard)	South Asia	SACOR_04
After finishing his work, he sat down.	اپنا کام مکمل کرنے کے بعد، وہ بیٹھ گیا۔	Urdu (Standard)	South Asia	SACOR_09
Respecting elders is an important value.	بزرگوں کا احترام ایک اہم قدر ہے۔	Urdu (Standard)	South Asia	SACOR_03
Cricket is a popular sport.	کرکٹ ایک مقبول کھیل ہے۔	Urdu (Standard)	South Asia	SACOR_08
Pollution in cities has become a serious problem.	شہروں میں آلودگی ایک سنجیدہ مسئلہ بن گئی ہے۔	Urdu (Standard)	South Asia	SACOR_10
The bus arrived late.	بس دیر سے پہنچی۔	Urdu (Standard)	South Asia	SACOR_05
Tourism brings revenue to regions with historical sites.	سیاحت تاریخی مقامات والے علاقوں میں آمدنی لاتی ہے۔	Urdu (Standard)	South Asia	SACOR_02
She walked slowly through the garden.	وہ باغ میں آہستہ آہستہ چلی۔	Urdu (Standard)	South Asia	SACOR_05
Students gathered in the library.	طلباء لائبریری میں جمع ہوئے۔	Urdu (Standard)	South Asia	SACOR_06
The professor wrote equations on the blackboard.	پروفیسر نے تختے پر مساوات لکھیں۔	Urdu (Standard)	South Asia	SACOR_06
Clear communication prevents misunderstandings.	صاف رابطہ غلط فہمیوں کو روکتا ہے۔	Urdu (Standard)	South Asia	SACOR_01
Regular exercise helps maintain good health.	منظم ورزش اچھی صحت برقرار رکھنے میں مدد کرتی ہے۔	Urdu (Standard)	South Asia	SACOR_10
Family members support each other during difficult times.	خاندان کے ممبر مشکل وقتوں میں ایک دوسرے کی مدد کرتے ہیں۔	Urdu (Standard)	South Asia	SACOR_08
The school organized a science fair.	اسکول نے سائنس میلہ منظم کیا۔	Urdu (Standard)	South Asia	SACOR_04
People celebrate festivals with great joy.	لوگ بہت خوشی سے تہوار مناتے ہیں۔	Urdu (Standard)	South Asia	SACOR_04
Children learn best when they are interested.	بچے بہترین سیکھتے ہیں جب وہ دلچسپی رکھتے ہیں۔	Urdu (Standard)	South Asia	SACOR_04
Agriculture remains the primary source of income.	زراعت آمدنی کا بنیادی ذریعہ رہتی ہے۔	Urdu (Standard)	South Asia	SACOR_01
Elderly people share wisdom and stories.	بزرگ لوگ حکمت اور کہانیاں بانٹتے ہیں۔	Urdu (Standard)	South Asia	SACOR_10
After finishing his work, he sat down.	اپنا کام مکمل کرنے کے بعد، وہ بیٹھ گیا۔	Urdu (Standard)	South Asia	SACOR_09
Traditional music is important for our heritage.	روایتی موسیقی ہماری وراثت کے لیے اہم ہے۔	Urdu (Standard)	South Asia	SACOR_08
The wedding ceremony lasted three days.	شادی کی تقریب تین دن تک چلی۔	Urdu (Standard)	South Asia	SACOR_01
Eating fresh fruits provides essential vitamins.	تازہ پھل کھانا ضروری وٹامن فراہم کرتا ہے۔	Urdu (Standard)	South Asia	SACOR_04
The bus arrived late.	بس دیر سے پہنچی۔	Urdu (Standard)	South Asia	SACOR_09
Teachers shape young minds.	استاد نوجوان ذہنوں کو شکل دیتے ہیں۔	Urdu (Standard)	South Asia	SACOR_03
Respecting elders is an important value.	بزرگوں کا احترام ایک اہم قدر ہے۔	Urdu (Standard)	South Asia	SACOR_05
Family members support each other during difficult times.	خاندان کے ممبر مشکل وقتوں میں ایک دوسرے کی مدد کرتے ہیں۔	Urdu (Standard)	South Asia	SACOR_03
Farmers planted rice in the flooded fields.	کسانوں نے پانی والے کھیتوں میں چاول بوئے۔	Urdu (Standard)	South Asia	SACOR_10
The forest is home to many wild animals.	جنگل بہت سے جنگلی جانوروں کا گھر ہے۔	Urdu (Standard)	South Asia	SACOR_09
Handicrafts showcase artistic traditions.	دستی کاریاں فنکارانہ روایات دکھاتی ہیں۔	Urdu (Standard)	South Asia	SACOR_06
The market was crowded with people.	بازار لوگوں سے بھرا ہوا تھا۔	Urdu (Standard)	South Asia	SACOR_03
We decided to visit the old temple.	ہم نے پرانے مندر کا دورہ کرنے کا فیصلہ کیا۔	Urdu (Standard)	South Asia	SACOR_08
Cricket is a popular sport.	کرکٹ ایک مقبول کھیل ہے۔	Urdu (Standard)	South Asia	SACOR_01
The river flows peacefully through the valley.	دریا وادی میں پرامن طریقے سے بہتا ہے۔	Urdu (Standard)	South Asia	SACOR_05
Tourism brings revenue to regions with historical sites.	سیاحت تاریخی مقامات والے علاقوں میں آمدنی لاتی ہے۔	Urdu (Standard)	South Asia	SACOR_10
Regular exercise helps maintain good health.	منظم ورزش اچھی صحت برقرار رکھنے میں مدد کرتی ہے۔	Urdu (Standard)	South Asia	SACOR_08
Reading books improves vocabulary.	کتابیں پڑھنا ذخیرہ الفاظ بہتر بناتا ہے۔	Urdu (Standard)	South Asia	SACOR_04
Parents sacrifice their own needs for children.	والدین بچوں کے لیے اپنی ضرورتیں قربان کرتے ہیں۔	Urdu (Standard)	South Asia	SACOR_05
Cooking together brings family members closer.	مل کر کھانا پکانا خاندان کے ممبروں کو قریب لاتا ہے۔	Urdu (Standard)	South Asia	SACOR_05
She cooked delicious biryani for the family.	اس نے خاندان کے لیے مزیدار بریانی پکائی۔	Urdu (Standard)	South Asia	SACOR_05
My grandmother told me stories.	میری دادی نے مجھے کہانیاں سنائیں۔	Urdu (Standard)	South Asia	SACOR_07
Farmers wake up early to tend to crops.	کسان فصلوں کی دیکھ بھال کے لیے جلدی اٹھتے ہیں۔	Urdu (Standard)	South Asia	SACOR_04
Education opens doors to opportunities.	تعلیم مواقع کے دروازے کھولتی ہے۔	Urdu (Standard)	South Asia	SACOR_05
Learning a new language requires practice.	نئی زبان سیکھنے کے لیے مشق کی ضرورت ہے۔	Urdu (Standard)	South Asia	SACOR_07
Smartphones have changed how people communicate.	اسمارٹ فونوں نے لوگوں کے رابطے کے طریقے کو تبدیل کر دیا ہے۔	Urdu (Standard)	South Asia	SACOR_05
Doctors work long hours to treat patients.	ڈاکٹر مریضوں کا علاج کرنے کے لیے لمبے گھنٹے کام کرتے ہیں۔	Urdu (Standard)	South Asia	SACOR_08
Pollution in cities has become a serious problem.	شہروں میں آلودگی ایک سنجیدہ مسئلہ بن گئی ہے۔	Urdu (Standard)	South Asia	SACOR_05
Train journeys offer scenic views.	ریل کے سفر مناظر کے نظارے پیش کرتے ہیں۔	Urdu (Standard)	South Asia	SACOR_10
Digital payments have made transactions faster.	ڈیجیٹل ادائیگیوں نے معاملات تیز کر دیے ہیں۔	Urdu (Standard)	South Asia	SACOR_07
The teacher explained the lesson patiently.	استاد نے صبر سے سبق سمجھایا۔	Urdu (Standard)	South Asia	SACOR_06
Doctors recommend drinking plenty of water.	ڈاکٹر زیادہ پانی پینے کی صلاح دیتے ہیں۔	Urdu (Standard)	South Asia	SACOR_10
Tea is served to guests as a gesture of hospitality.	مہمانوں کو مہمان نوازی کی نشانی کے طور پر چائے پیش کی جاتی ہے۔	Urdu (Standard)	South Asia	SACOR_02
Storytelling preserves culture and knowledge.	کہانی سنانا ثقافت اور علم کو محفوظ رکھتا ہے۔	Urdu (Standard)	South Asia	SACOR_04
People travel long distances to visit religious sites.	لوگ مذہبی مقامات دیکھنے کے لیے لمبی دوریاں طے کرتے ہیں۔	Urdu (Standard)	South Asia	SACOR_02
Clear communication prevents misunderstandings.	صاف رابطہ غلط فہمیوں کو روکتا ہے۔	Urdu (Standard)	South Asia	SACOR_02
Online shopping has become popular.	آن لائن خریداری مقبول ہو گئی ہے۔	Urdu (Standard)	South Asia	SACOR_01
The internet connects people across continents.	انٹرنیٹ براعظموں میں لوگوں کو جوڑتا ہے۔	Urdu (Standard)	South Asia	SACOR_02
Spices add flavor to traditional dishes.	مصالحے روایتی کھانوں میں ذائقہ بڑھاتے ہیں۔	Urdu (Standard)	South Asia	SACOR_06
I woke up early this morning.	میں آج صبح جلدی اٹھا۔	Urdu (Standard)	South Asia	SACOR_03
Small businesses create employment opportunities.	چھوٹے کاروبار روزگار کے مواقع پیدا کرتے ہیں۔	Urdu (Standard)	South Asia	SACOR_03
Children were playing cricket in the street.	بچے سڑک پر کرکٹ کھیل رہے تھے۔	Urdu (Standard)	South Asia	SACOR_02
Birds were chirping in the trees.	پرندے درختوں میں چہچہا رہے تھے۔	Urdu (Standard)	South Asia	SACOR_09
Students gathered in the library.	طلباء لائبریری میں جمع ہوئے۔	Urdu (Standard)	South Asia	SACOR_02
The professor wrote equations on the blackboard.	پروفیسر نے تختے پر مساوات لکھیں۔	Urdu (Standard)	South Asia	SACOR_06
She received a scholarship to study medicine.	اسے طب کی تعلیم کے لیے اسکالرشپ ملی۔	Urdu (Standard)	South Asia	SACOR_10
She walked slowly through the garden.	وہ باغ میں آہستہ آہستہ چلی۔	Urdu (Standard)	South Asia	SACOR_06
Sports teach teamwork and discipline.	کھیل ٹیم ورک اور نظم و ضبط سکھاتے ہیں۔	Urdu (Standard)	South Asia	SACOR_09
Learning a new language requires practice.	نئی زبان سیکھنے کے لیے مشق کی ضرورت ہے۔	Urdu (Standard)	South Asia	SACOR_09
The forest is home to many wild animals.	جنگل بہت سے جنگلی جانوروں کا گھر ہے۔	Urdu (Standard)	South Asia	SACOR_02
Train journeys offer scenic views.	ریل کے سفر مناظر کے نظارے پیش کرتے ہیں۔	Urdu (Standard)	South Asia	SACOR_03
The professor wrote equations on the blackboard.	پروفیسر نے تختے پر مساوات لکھیں۔	Urdu (Standard)	South Asia	SACOR_04
I woke up early this morning.	میں آج صبح جلدی اٹھا۔	Urdu (Standard)	South Asia	SACOR_07
People travel long distances to visit religious sites.	لوگ مذہبی مقامات دیکھنے کے لیے لمبی دوریاں طے کرتے ہیں۔	Urdu (Standard)	South Asia	SACOR_09
Doctors work long hours to treat patients.	ڈاکٹر مریضوں کا علاج کرنے کے لیے لمبے گھنٹے کام کرتے ہیں۔	Urdu (Standard)	South Asia	SACOR_09
People celebrate festivals with great joy.	لوگ بہت خوشی سے تہوار مناتے ہیں۔	Urdu (Standard)	South Asia	SACOR_07
Cooking together brings family members closer.	مل کر کھانا پکانا خاندان کے ممبروں کو قریب لاتا ہے۔	Urdu (Standard)	South Asia	SACOR_07
Respecting elders is an important value.	بزرگوں کا احترام ایک اہم قدر ہے۔	Urdu (Standard)	South Asia	SACOR_01
She walked slowly through the garden.	وہ باغ میں آہستہ آہستہ چلی۔	Urdu (Standard)	South Asia	SACOR_09
Students gathered in the library.	طلباء لائبریری میں جمع ہوئے۔	Urdu (Standard)	South Asia	SACOR_09
Parents sacrifice their own needs for children.	والدین بچوں کے لیے اپنی ضرورتیں قربان کرتے ہیں۔	Urdu (Standard)	South Asia	SACOR_03
We decided to visit the old temple.	ہم نے پرانے مندر کا دورہ کرنے کا فیصلہ کیا۔	Urdu (Standard)	South Asia	SACOR_04
Doctors recommend drinking plenty of water.	ڈاکٹر زیادہ پانی پینے کی صلاح دیتے ہیں۔	Urdu (Standard)	South Asia	SACOR_03
Family members support each other during difficult times.	خاندان کے ممبر مشکل وقتوں میں ایک دوسرے کی مدد کرتے ہیں۔	Urdu (Standard)	South Asia	SACOR_04
Farmers wake up early to tend to crops.	کسان فصلوں کی دیکھ بھال کے لیے جلدی اٹھتے ہیں۔	Urdu (Standard)	South Asia	SACOR_06
Clear communication prevents misunderstandings.	صاف رابطہ غلط فہمیوں کو روکتا ہے۔	Urdu (Standard)	South Asia	SACOR_02
She received a scholarship to study medicine.	اسے طب کی تعلیم کے لیے اسکالرشپ ملی۔	Urdu (Standard)	South Asia	SACOR_02
The internet connects people across continents.	انٹرنیٹ براعظموں میں لوگوں کو جوڑتا ہے۔	Urdu (Standard)	South Asia	SACOR_04
My grandmother told me stories.	میری دادی نے مجھے کہانیاں سنائیں۔	Urdu (Standard)	South Asia	SACOR_10
Teachers shape young minds.	استاد نوجوان ذہنوں کو شکل دیتے ہیں۔	Urdu (Standard)	South Asia	SACOR_06
Elderly people share wisdom and stories.	بزرگ لوگ حکمت اور کہانیاں بانٹتے ہیں۔	Urdu (Standard)	South Asia	SACOR_03
Eating fresh fruits provides essential vitamins.	تازہ پھل کھانا ضروری وٹامن فراہم کرتا ہے۔	Urdu (Standard)	South Asia	SACOR_03
Small businesses create employment opportunities.	چھوٹے کاروبار روزگار کے مواقع پیدا کرتے ہیں۔	Urdu (Standard)	South Asia	SACOR_06
Handicrafts showcase artistic traditions.	دستی کاریاں فنکارانہ روایات دکھاتی ہیں۔	Urdu (Standard)	South Asia	SACOR_05
Storytelling preserves culture and knowledge.	کہانی سنانا ثقافت اور علم کو محفوظ رکھتا ہے۔	Urdu (Standard)	South Asia	SACOR_10
Reading books improves vocabulary.	کتابیں پڑھنا ذخیرہ الفاظ بہتر بناتا ہے۔	Urdu (Standard)	South Asia	SACOR_05
The school organized a science fair.	اسکول نے سائنس میلہ منظم کیا۔	Urdu (Standard)	South Asia	SACOR_06
Spices add flavor to traditional dishes.	مصالحے روایتی کھانوں میں ذائقہ بڑھاتے ہیں۔	Urdu (Standard)	South Asia	SACOR_08
Birds were chirping in the trees.	پرندے درختوں میں چہچہا رہے تھے۔	Urdu (Standard)	South Asia	SACOR_01
Farmers planted rice in the flooded fields.	کسانوں نے پانی والے کھیتوں میں چاول بوئے۔	Urdu (Standard)	South Asia	SACOR_04
She cooked delicious biryani for the family.	اس نے خاندان کے لیے مزیدار بریانی پکائی۔	Urdu (Standard)	South Asia	SACOR_02
Cricket is a popular sport.	کرکٹ ایک مقبول کھیل ہے۔	Urdu (Standard)	South Asia	SACOR_08
The market was crowded with people.	بازار لوگوں سے بھرا ہوا تھا۔	Urdu (Standard)	South Asia	SACOR_07
Pollution in cities has become a serious problem.	شہروں میں آلودگی ایک سنجیدہ مسئلہ بن گئی ہے۔	Urdu (Standard)	South Asia	SACOR_09
The bus arrived late.	بس دیر سے پہنچی۔	Urdu (Standard)	South Asia	SACOR_02
Online shopping has become popular.	آن لائن خریداری مقبول ہو گئی ہے۔	Urdu (Standard)	South Asia	SACOR_01
Tea is served to guests as a gesture of hospitality.	مہمانوں کو مہمان نوازی کی نشانی کے طور پر چائے پیش کی جاتی ہے۔	Urdu (Standard)	South Asia	SACOR_02
Digital payments have made transactions faster.	ڈیجیٹل ادائیگیوں نے معاملات تیز کر دیے ہیں۔	Urdu (Standard)	South Asia	SACOR_04
Regular exercise helps maintain good health.	منظم ورزش اچھی صحت برقرار رکھنے میں مدد کرتی ہے۔	Urdu (Standard)	South Asia	SACOR_03
The river flows peacefully through the valley.	دریا وادی میں پرامن طریقے سے بہتا ہے۔	Urdu (Standard)	South Asia	SACOR_05
The wedding ceremony lasted three days.	شادی کی تقریب تین دن تک چلی۔	Urdu (Standard)	South Asia	SACOR_08
Children learn best when they are interested.	بچے بہترین سیکھتے ہیں جب وہ دلچسپی رکھتے ہیں۔	Urdu (Standard)	South Asia	SACOR_01
Children were playing cricket in the street.	بچے سڑک پر کرکٹ کھیل رہے تھے۔	Urdu (Standard)	South Asia	SACOR_08
Tourism brings revenue to regions with historical sites.	سیاحت تاریخی مقامات والے علاقوں میں آمدنی لاتی ہے۔	Urdu (Standard)	South Asia	SACOR_04
Traditional music is important for our heritage.	روایتی موسیقی ہماری وراثت کے لیے اہم ہے۔	Urdu (Standard)	South Asia	SACOR_01
Sports teach teamwork and discipline.	کھیل ٹیم ورک اور نظم و ضبط سکھاتے ہیں۔	Urdu (Standard)	South Asia	SACOR_09
Smartphones have changed how people communicate.	اسمارٹ فونوں نے لوگوں کے رابطے کے طریقے کو تبدیل کر دیا ہے۔	Urdu (Standard)	South Asia	SACOR_02
The teacher explained the lesson patiently.	استاد نے صبر سے سبق سمجھایا۔	Urdu (Standard)	South Asia	SACOR_05
After finishing his work, he sat down.	اپنا کام مکمل کرنے کے بعد، وہ بیٹھ گیا۔	Urdu (Standard)	South Asia	SACOR_02
Education opens doors to opportunities.	تعلیم مواقع کے دروازے کھولتی ہے۔	Urdu (Standard)	South Asia	SACOR_05
Agriculture remains the primary source of income.	زراعت آمدنی کا بنیادی ذریعہ رہتی ہے۔	Urdu (Standard)	South Asia	SACOR_03
Birds were chirping in the trees.	پرندے درختوں میں چہچہا رہے تھے۔	Urdu (Standard)	South Asia	SACOR_04
Parents sacrifice their own needs for children.	والدین بچوں کے لیے اپنی ضرورتیں قربان کرتے ہیں۔	Urdu (Standard)	South Asia	SACOR_08
Tourism brings revenue to regions with historical sites.	سیاحت تاریخی مقامات والے علاقوں میں آمدنی لاتی ہے۔	Urdu (Standard)	South Asia	SACOR_06
Elderly people share wisdom and stories.	بزرگ لوگ حکمت اور کہانیاں بانٹتے ہیں۔	Urdu (Standard)	South Asia	SACOR_08
Farmers wake up early to tend to crops.	کسان فصلوں کی دیکھ بھال کے لیے جلدی اٹھتے ہیں۔	Urdu (Standard)	South Asia	SACOR_05
Regular exercise helps maintain good health.	منظم ورزش اچھی صحت برقرار رکھنے میں مدد کرتی ہے۔	Urdu (Standard)	South Asia	SACOR_06
Agriculture remains the primary source of income.	زراعت آمدنی کا بنیادی ذریعہ رہتی ہے۔	Urdu (Standard)	South Asia	SACOR_05
My grandmother told me stories.	میری دادی نے مجھے کہانیاں سنائیں۔	Urdu (Standard)	South Asia	SACOR_06
Teachers shape young minds.	استاد نوجوان ذہنوں کو شکل دیتے ہیں۔	Urdu (Standard)	South Asia	SACOR_02
Smartphones have changed how people communicate.	اسمارٹ فونوں نے لوگوں کے رابطے کے طریقے کو تبدیل کر دیا ہے۔	Urdu (Standard)	South Asia	SACOR_08
The market was crowded with people.	بازار لوگوں سے بھرا ہوا تھا۔	Urdu (Standard)	South Asia	SACOR_04
The teacher explained the lesson patiently.	استاد نے صبر سے سبق سمجھایا۔	Urdu (Standard)	South Asia	SACOR_04
Doctors recommend drinking plenty of water.	ڈاکٹر زیادہ پانی پینے کی صلاح دیتے ہیں۔	Urdu (Standard)	South Asia	SACOR_01
Children learn best when they are interested.	بچے بہترین سیکھتے ہیں جب وہ دلچسپی رکھتے ہیں۔	Urdu (Standard)	South Asia	SACOR_02
Reading books improves vocabulary.	کتابیں پڑھنا ذخیرہ الفاظ بہتر بناتا ہے۔	Urdu (Standard)	South Asia	SACOR_07
The river flows peacefully through the valley.	دریا وادی میں پرامن طریقے سے بہتا ہے۔	Urdu (Standard)	South Asia	SACOR_06
The bus arrived late.	بس دیر سے پہنچی۔	Urdu (Standard)	South Asia	SACOR_05
People travel long distances to visit religious sites.	لوگ مذہبی مقامات دیکھنے کے لیے لمبی دوریاں طے کرتے ہیں۔	Urdu (Standard)	South Asia	SACOR_09
Small businesses create employment opportunities.	چھوٹے کاروبار روزگار کے مواقع پیدا کرتے ہیں۔	Urdu (Standard)	South Asia	SACOR_08
The forest is home to many wild animals.	جنگل بہت سے جنگلی جانوروں کا گھر ہے۔	Urdu (Standard)	South Asia	SACOR_07
The school organized a science fair.	اسکول نے سائنس میلہ منظم کیا۔	Urdu (Standard)	South Asia	SACOR_06
Handicrafts showcase artistic traditions.	دستی کاریاں فنکارانہ روایات دکھاتی ہیں۔	Urdu (Standard)	South Asia	SACOR_08
Cooking together brings family members closer.	مل کر کھانا پکانا خاندان کے ممبروں کو قریب لاتا ہے۔	Urdu (Standard)	South Asia	SACOR_09
Digital payments have made transactions faster.	ڈیجیٹل ادائیگیوں نے معاملات تیز کر دیے ہیں۔	Urdu (Standard)	South Asia	SACOR_02
Sports teach teamwork and discipline.	کھیل ٹیم ورک اور نظم و ضبط سکھاتے ہیں۔	Urdu (Standard)	South Asia	SACOR_06
Eating fresh fruits provides essential vitamins.	تازہ پھل کھانا ضروری وٹامن فراہم کرتا ہے۔	Urdu (Standard)	South Asia	SACOR_10
Clear communication prevents misunderstandings.	صاف رابطہ غلط فہمیوں کو روکتا ہے۔	Urdu (Standard)	South Asia	SACOR_02
Farmers planted rice in the flooded fields.	کسانوں نے پانی والے کھیتوں میں چاول بوئے۔	Urdu (Standard)	South Asia	SACOR_07
People celebrate festivals with great joy.	لوگ بہت خوشی سے تہوار مناتے ہیں۔	Urdu (Standard)	South Asia	SACOR_07
Students gathered in the library.	طلباء لائبریری میں جمع ہوئے۔	Urdu (Standard)	South Asia	SACOR_06
I woke up early this morning.	میں آج صبح جلدی اٹھا۔	Urdu (Standard)	South Asia	SACOR_06
Education opens doors to opportunities.	تعلیم مواقع کے دروازے کھولتی ہے۔	Urdu (Standard)	South Asia	SACOR_02
Doctors work long hours to treat patients.	ڈاکٹر مریضوں کا علاج کرنے کے لیے لمبے گھنٹے کام کرتے ہیں۔	Urdu (Standard)	South Asia	SACOR_08
The professor wrote equations on the blackboard.	پروفیسر نے تختے پر مساوات لکھیں۔	Urdu (Standard)	South Asia	SACOR_03
Online shopping has become popular.	آن لائن خریداری مقبول ہو گئی ہے۔	Urdu (Standard)	South Asia	SACOR_09
After finishing his work, he sat down.	اپنا کام مکمل کرنے کے بعد، وہ بیٹھ گیا۔	Urdu (Standard)	South Asia	SACOR_07
She cooked delicious biryani for the family.	اس نے خاندان کے لیے مزیدار بریانی پکائی۔	Urdu (Standard)	South Asia	SACOR_05
Pollution in cities has become a serious problem.	شہروں میں آلودگی ایک سنجیدہ مسئلہ بن گئی ہے۔	Urdu (Standard)	South Asia	SACOR_03
Respecting elders is an important value.	بزرگوں کا احترام ایک اہم قدر ہے۔	Urdu (Standard)	South Asia	SACOR_02
The wedding ceremony lasted three days.	شادی کی تقریب تین دن تک چلی۔	Urdu (Standard)	South Asia	SACOR_04
Tea is served to guests as a gesture of hospitality.	مہمانوں کو مہمان نوازی کی نشانی کے طور پر چائے پیش کی جاتی ہے۔	Urdu (Standard)	South Asia	SACOR_07
Learning a new language requires practice.	نئی زبان سیکھنے کے لیے مشق کی ضرورت ہے۔	Urdu (Standard)	South Asia	SACOR_01
Traditional music is important for our heritage.	روایتی موسیقی ہماری وراثت کے لیے اہم ہے۔	Urdu (Standard)	South Asia	SACOR_02
She received a scholarship to study medicine.	اسے طب کی تعلیم کے لیے اسکالرشپ ملی۔	Urdu (Standard)	South Asia	SACOR_08
Storytelling preserves culture and knowledge.	کہانی سنانا ثقافت اور علم کو محفوظ رکھتا ہے۔	Urdu (Standard)	South Asia	SACOR_02
Train journeys offer scenic views.	ریل کے سفر مناظر کے نظارے پیش کرتے ہیں۔	Urdu (Standard)	South Asia	SACOR_05
Spices add flavor to traditional dishes.	مصالحے روایتی کھانوں میں ذائقہ بڑھاتے ہیں۔	Urdu (Standard)	South Asia	SACOR_08
Cricket is a popular sport.	کرکٹ ایک مقبول کھیل ہے۔	Urdu (Standard)	South Asia	SACOR_03
Family members support each other during difficult times.	خاندان کے ممبر مشکل وقتوں میں ایک دوسرے کی مدد کرتے ہیں۔	Urdu (Standard)	South Asia	SACOR_03
We decided to visit the old temple.	ہم نے پرانے مندر کا دورہ کرنے کا فیصلہ کیا۔	Urdu (Standard)	South Asia	SACOR_03
The internet connects people across continents.	انٹرنیٹ براعظموں میں لوگوں کو جوڑتا ہے۔	Urdu (Standard)	South Asia	SACOR_10
She walked slowly through the garden.	وہ باغ میں آہستہ آہستہ چلی۔	Urdu (Standard)	South Asia	SACOR_05
Children were playing cricket in the street.	بچے سڑک پر کرکٹ کھیل رہے تھے۔	Urdu (Standard)	South Asia	SACOR_06
Children learn best when they are interested.	بچے بہترین سیکھتے ہیں جب وہ دلچسپی رکھتے ہیں۔	Urdu (Standard)	South Asia	SACOR_04
Cricket is a popular sport.	کرکٹ ایک مقبول کھیل ہے۔	Urdu (Standard)	South Asia	SACOR_02
We decided to visit the old temple.	ہم نے پرانے مندر کا دورہ کرنے کا فیصلہ کیا۔	Urdu (Standard)	South Asia	SACOR_10
Farmers wake up early to tend to crops.	کسان فصلوں کی دیکھ بھال کے لیے جلدی اٹھتے ہیں۔	Urdu (Standard)	South Asia	SACOR_07
Learning a new language requires practice.	نئی زبان سیکھنے کے لیے مشق کی ضرورت ہے۔	Urdu (Standard)	South Asia	SACOR_06
Storytelling preserves culture and knowledge.	کہانی سنانا ثقافت اور علم کو محفوظ رکھتا ہے۔	Urdu (Standard)	South Asia	SACOR_02
People travel long distances to visit religious sites.	لوگ مذہبی مقامات دیکھنے کے لیے لمبی دوریاں طے کرتے ہیں۔	Urdu (Standard)	South Asia	SACOR_07
The professor wrote equations on the blackboard.	پروفیسر نے تختے پر مساوات لکھیں۔	Urdu (Standard)	South Asia	SACOR_05
My grandmother told me stories.	میری دادی نے مجھے کہانیاں سنائیں۔	Urdu (Standard)	South Asia	SACOR_05
Students gathered in the library.	طلباء لائبریری میں جمع ہوئے۔	Urdu (Standard)	South Asia	SACOR_02
Spices add flavor to traditional dishes.	مصالحے روایتی کھانوں میں ذائقہ بڑھاتے ہیں۔	Urdu (Standard)	South Asia	SACOR_09
Doctors recommend drinking plenty of water.	ڈاکٹر زیادہ پانی پینے کی صلاح دیتے ہیں۔	Urdu (Standard)	South Asia	SACOR_01
Reading books improves vocabulary.	کتابیں پڑھنا ذخیرہ الفاظ بہتر بناتا ہے۔	Urdu (Standard)	South Asia	SACOR_06
Smartphones have changed how people communicate.	اسمارٹ فونوں نے لوگوں کے رابطے کے طریقے کو تبدیل کر دیا ہے۔	Urdu (Standard)	South Asia	SACOR_05
Elderly people share wisdom and stories.	بزرگ لوگ حکمت اور کہانیاں بانٹتے ہیں۔	Urdu (Standard)	South Asia	SACOR_01
Pollution in cities has become a serious problem.	شہروں میں آلودگی ایک سنجیدہ مسئلہ بن گئی ہے۔	Urdu (Standard)	South Asia	SACOR_01
Eating fresh fruits provides essential vitamins.	تازہ پھل کھانا ضروری وٹامن فراہم کرتا ہے۔	Urdu (Standard)	South Asia	SACOR_09
Children were playing cricket in the street.	بچے سڑک پر کرکٹ کھیل رہے تھے۔	Urdu (Standard)	South Asia	SACOR_06
The market was crowded with people.	بازار لوگوں سے بھرا ہوا تھا۔	Urdu (Standard)	South Asia	SACOR_04
Digital payments have made transactions faster.	ڈیجیٹل ادائیگیوں نے معاملات تیز کر دیے ہیں۔	Urdu (Standard)	South Asia	SACOR_09
The river flows peacefully through the valley.	دریا وادی میں پرامن طریقے سے بہتا ہے۔	Urdu (Standard)	South Asia	SACOR_01
The internet connects people across continents.	انٹرنیٹ براعظموں میں لوگوں کو جوڑتا ہے۔	Urdu (Standard)	South Asia	SACOR_10
Small businesses create employment opportunities.	چھوٹے کاروبار روزگار کے مواقع پیدا کرتے ہیں۔	Urdu (Standard)	South Asia	SACOR_05
Traditional music is important for our heritage.	روایتی موسیقی ہماری وراثت کے لیے اہم ہے۔	Urdu (Standard)	South Asia	SACOR_03
I woke up early this morning.	میں آج صبح جلدی اٹھا۔	Urdu (Standard)	South Asia	SACOR_01
The bus arrived late.	بس دیر سے پہنچی۔	Urdu (Standard)	South Asia	SACOR_08
Tea is served to guests as a gesture of hospitality.	مہمانوں کو مہمان نوازی کی نشانی کے طور پر چائے پیش کی جاتی ہے۔	Urdu (Standard)	South Asia	SACOR_10
Agriculture remains the primary source of income.	زراعت آمدنی کا بنیادی ذریعہ رہتی ہے۔	Urdu (Standard)	South Asia	SACOR_07
The teacher explained the lesson patiently.	استاد نے صبر سے سبق سمجھایا۔	Urdu (Standard)	South Asia	SACOR_02
She walked slowly through the garden.	وہ باغ میں آہستہ آہستہ چلی۔	Urdu (Standard)	South Asia	SACOR_10
Regular exercise helps maintain good health.	منظم ورزش اچھی صحت برقرار رکھنے میں مدد کرتی ہے۔	Urdu (Standard)	South Asia	SACOR_10
Education opens doors to opportunities.	تعلیم مواقع کے دروازے کھولتی ہے۔	Urdu (Standard)	South Asia	SACOR_01
Respecting elders is an important value.	بزرگوں کا احترام ایک اہم قدر ہے۔	Urdu (Standard)	South Asia	SACOR_10
Birds were chirping in the trees.	پرندے درختوں میں چہچہا رہے تھے۔	Urdu (Standard)	South Asia	SACOR_08
Handicrafts showcase artistic traditions.	دستی کاریاں فنکارانہ روایات دکھاتی ہیں۔	Urdu (Standard)	South Asia	SACOR_10
Teachers shape young minds.	استاد نوجوان ذہنوں کو شکل دیتے ہیں۔	Urdu (Standard)	South Asia	SACOR_09
The wedding ceremony lasted three days.	شادی کی تقریب تین دن تک چلی۔	Urdu (Standard)	South Asia	SACOR_10
She received a scholarship to study medicine.	اسے طب کی تعلیم کے لیے اسکالرشپ ملی۔	Urdu (Standard)	South Asia	SACOR_07
The school organized a science fair.	اسکول نے سائنس میلہ منظم کیا۔	Urdu (Standard)	South Asia	SACOR_06
Online shopping has become popular.	آن لائن خریداری مقبول ہو گئی ہے۔	Urdu (Standard)	South Asia	SACOR_10
Sports teach teamwork and discipline.	کھیل ٹیم ورک اور نظم و ضبط سکھاتے ہیں۔	Urdu (Standard)	South Asia	SACOR_02
The forest is home to many wild animals.	جنگل بہت سے جنگلی جانوروں کا گھر ہے۔	Urdu (Standard)	South Asia	SACOR_04
Tourism brings revenue to regions with historical sites.	سیاحت تاریخی مقامات والے علاقوں میں آمدنی لاتی ہے۔	Urdu (Standard)	South Asia	SACOR_02
Cooking together brings family members closer.	مل کر کھانا پکانا خاندان کے ممبروں کو قریب لاتا ہے۔	Urdu (Standard)	South Asia	SACOR_02
Farmers planted rice in the flooded fields.	کسانوں نے پانی والے کھیتوں میں چاول بوئے۔	Urdu (Standard)	South Asia	SACOR_09
People celebrate festivals with great joy.	لوگ بہت خوشی سے تہوار مناتے ہیں۔	Urdu (Standard)	South Asia	SACOR_08
Clear communication prevents misunderstandings.	صاف رابطہ غلط فہمیوں کو روکتا ہے۔	Urdu (Standard)	South Asia	SACOR_01
Doctors work long hours to treat patients.	ڈاکٹر مریضوں کا علاج کرنے کے لیے لمبے گھنٹے کام کرتے ہیں۔	Urdu (Standard)	South Asia	SACOR_09
She cooked delicious biryani for the family.	اس نے خاندان کے لیے مزیدار بریانی پکائی۔	Urdu (Standard)	South Asia	SACOR_08
Parents sacrifice their own needs for children.	والدین بچوں کے لیے اپنی ضرورتیں قربان کرتے ہیں۔	Urdu (Standard)	South Asia	SACOR_09
After finishing his work, he sat down.	اپنا کام مکمل کرنے کے بعد، وہ بیٹھ گیا۔	Urdu (Standard)	South Asia	SACOR_02
Train journeys offer scenic views.	ریل کے سفر مناظر کے نظارے پیش کرتے ہیں۔	Urdu (Standard)	South Asia	SACOR_06
Family members support each other during difficult times.	خاندان کے ممبر مشکل وقتوں میں ایک دوسرے کی مدد کرتے ہیں۔	Urdu (Standard)	South Asia	SACOR_08
People travel long distances to visit religious sites.	لوگ مذہبی مقامات دیکھنے کے لیے لمبی دوریاں طے کرتے ہیں۔	Urdu (Standard)	South Asia	SACOR_05
She received a scholarship to study medicine.	اسے طب کی تعلیم کے لیے اسکالرشپ ملی۔	Urdu (Standard)	South Asia	SACOR_10
Teachers shape young minds.	استاد نوجوان ذہنوں کو شکل دیتے ہیں۔	Urdu (Standard)	South Asia	SACOR_02
Learning a new language requires practice.	نئی زبان سیکھنے کے لیے مشق کی ضرورت ہے۔	Urdu (Standard)	South Asia	SACOR_07
Agriculture remains the primary source of income.	زراعت آمدنی کا بنیادی ذریعہ رہتی ہے۔	Urdu (Standard)	South Asia	SACOR_08
Cricket is a popular sport.	کرکٹ ایک مقبول کھیل ہے۔	Urdu (Standard)	South Asia	SACOR_02
Children were playing cricket in the street.	بچے سڑک پر کرکٹ کھیل رہے تھے۔	Urdu (Standard)	South Asia	SACOR_07
Storytelling preserves culture and knowledge.	کہانی سنانا ثقافت اور علم کو محفوظ رکھتا ہے۔	Urdu (Standard)	South Asia	SACOR_06
The internet connects people across continents.	انٹرنیٹ براعظموں میں لوگوں کو جوڑتا ہے۔	Urdu (Standard)	South Asia	SACOR_07
Students gathered in the library.	طلباء لائبریری میں جمع ہوئے۔	Urdu (Standard)	South Asia	SACOR_08
The school organized a science fair.	اسکول نے سائنس میلہ منظم کیا۔	Urdu (Standard)	South Asia	SACOR_01
Eating fresh fruits provides essential vitamins.	تازہ پھل کھانا ضروری وٹامن فراہم کرتا ہے۔	Urdu (Standard)	South Asia	SACOR_10
Farmers wake up early to tend to crops.	کسان فصلوں کی دیکھ بھال کے لیے جلدی اٹھتے ہیں۔	Urdu (Standard)	South Asia	SACOR_09
Doctors recommend drinking plenty of water.	ڈاکٹر زیادہ پانی پینے کی صلاح دیتے ہیں۔	Urdu (Standard)	South Asia	SACOR_07
Reading books improves vocabulary.	کتابیں پڑھنا ذخیرہ الفاظ بہتر بناتا ہے۔	Urdu (Standard)	South Asia	SACOR_07
The market was crowded with people.	بازار لوگوں سے بھرا ہوا تھا۔	Urdu (Standard)	South Asia	SACOR_08
Traditional music is important for our heritage.	روایتی موسیقی ہماری وراثت کے لیے اہم ہے۔	Urdu (Standard)	South Asia	SACOR_09
She cooked delicious biryani for the family.	اس نے خاندان کے لیے مزیدار بریانی پکائی۔	Urdu (Standard)	South Asia	SACOR_09
I woke up early this morning.	میں آج صبح جلدی اٹھا۔	Urdu (Standard)	South Asia	SACOR_06
Handicrafts showcase artistic traditions.	دستی کاریاں فنکارانہ روایات دکھاتی ہیں۔	Urdu (Standard)	South Asia	SACOR_02
People celebrate festivals with great joy.	لوگ بہت خوشی سے تہوار مناتے ہیں۔	Urdu (Standard)	South Asia	SACOR_07
Education opens doors to opportunities.	تعلیم مواقع کے دروازے کھولتی ہے۔	Urdu (Standard)	South Asia	SACOR_09
Elderly people share wisdom and stories.	بزرگ لوگ حکمت اور کہانیاں بانٹتے ہیں۔	Urdu (Standard)	South Asia	SACOR_03
Small businesses create employment opportunities.	چھوٹے کاروبار روزگار کے مواقع پیدا کرتے ہیں۔	Urdu (Standard)	South Asia	SACOR_01
Birds were chirping in the trees.	پرندے درختوں میں چہچہا رہے تھے۔	Urdu (Standard)	South Asia	SACOR_04
The professor wrote equations on the blackboard.	پروفیسر نے تختے پر مساوات لکھیں۔	Urdu (Standard)	South Asia	SACOR_09
The bus arrived late.	بس دیر سے پہنچی۔	Urdu (Standard)	South Asia	SACOR_06
The teacher explained the lesson patiently.	استاد نے صبر سے سبق سمجھایا۔	Urdu (Standard)	South Asia	SACOR_03
Online shopping has become popular.	آن لائن خریداری مقبول ہو گئی ہے۔	Urdu (Standard)	South Asia	SACOR_09
Parents sacrifice their own needs for children.	والدین بچوں کے لیے اپنی ضرورتیں قربان کرتے ہیں۔	Urdu (Standard)	South Asia	SACOR_06
Tea is served to guests as a gesture of hospitality.	مہمانوں کو مہمان نوازی کی نشانی کے طور پر چائے پیش کی جاتی ہے۔	Urdu (Standard)	South Asia	SACOR_08
She walked slowly through the garden.	وہ باغ میں آہستہ آہستہ چلی۔	Urdu (Standard)	South Asia	SACOR_10
The wedding ceremony lasted three days.	شادی کی تقریب تین دن تک چلی۔	Urdu (Standard)	South Asia	SACOR_05
Children learn best when they are interested.	بچے بہترین سیکھتے ہیں جب وہ دلچسپی رکھتے ہیں۔	Urdu (Standard)	South Asia	SACOR_01
The river flows peacefully through the valley.	دریا وادی میں پرامن طریقے سے بہتا ہے۔	Urdu (Standard)	South Asia	SACOR_02
Pollution in cities has become a serious problem.	شہروں میں آلودگی ایک سنجیدہ مسئلہ بن گئی ہے۔	Urdu (Standard)	South Asia	SACOR_06
Train journeys offer scenic views.	ریل کے سفر مناظر کے نظارے پیش کرتے ہیں۔	Urdu (Standard)	South Asia	SACOR_05
Smartphones have changed how people communicate.	اسمارٹ فونوں نے لوگوں کے رابطے کے طریقے کو تبدیل کر دیا ہے۔	Urdu (Standard)	South Asia	SACOR_02
My grandmother told me stories.	میری دادی نے مجھے کہانیاں سنائیں۔	Urdu (Standard)	South Asia	SACOR_06
Farmers planted rice in the flooded fields.	کسانوں نے پانی والے کھیتوں میں چاول بوئے۔	Urdu (Standard)	South Asia	SACOR_01
The forest is home to many wild animals.	جنگل بہت سے جنگلی جانوروں کا گھر ہے۔	Urdu (Standard)	South Asia	SACOR_07
Doctors work long hours to treat patients.	ڈاکٹر مریضوں کا علاج کرنے کے لیے لمبے گھنٹے کام کرتے ہیں۔	Urdu (Standard)	South Asia	SACOR_09
Digital payments have made transactions faster.	ڈیجیٹل ادائیگیوں نے معاملات تیز کر دیے ہیں۔	Urdu (Standard)	South Asia	SACOR_10
Tourism brings revenue to regions with historical sites.	سیاحت تاریخی مقامات والے علاقوں میں آمدنی لاتی ہے۔	Urdu (Standard)	South Asia	SACOR_09
Spices add flavor to traditional dishes.	مصالحے روایتی کھانوں میں ذائقہ بڑھاتے ہیں۔	Urdu (Standard)	South Asia	SACOR_06
After finishing his work, he sat down.	اپنا کام مکمل کرنے کے بعد، وہ بیٹھ گیا۔	Urdu (Standard)	South Asia	SACOR_02
Sports teach teamwork and discipline.	کھیل ٹیم ورک اور نظم و ضبط سکھاتے ہیں۔	Urdu (Standard)	South Asia	SACOR_02
Clear communication prevents misunderstandings.	صاف رابطہ غلط فہمیوں کو روکتا ہے۔	Urdu (Standard)	South Asia	SACOR_09
Respecting elders is an important value.	بزرگوں کا احترام ایک اہم قدر ہے۔	Urdu (Standard)	South Asia	SACOR_09
Family members support each other during difficult times.	خاندان کے ممبر مشکل وقتوں میں ایک دوسرے کی مدد کرتے ہیں۔	Urdu (Standard)	South Asia	SACOR_02
Regular exercise helps maintain good health.	منظم ورزش اچھی صحت برقرار رکھنے میں مدد کرتی ہے۔	Urdu (Standard)	South Asia	SACOR_02
Cooking together brings family members closer.	مل کر کھانا پکانا خاندان کے ممبروں کو قریب لاتا ہے۔	Urdu (Standard)	South Asia	SACOR_07
We decided to visit the old temple.	ہم نے پرانے مندر کا دورہ کرنے کا فیصلہ کیا۔	Urdu (Standard)	South Asia	SACOR_08
Farmers planted rice in the flooded fields.	کسانوں نے پانی والے کھیتوں میں چاول بوئے۔	Urdu (Standard)	South Asia	SACOR_09
Spices add flavor to traditional dishes.	مصالحے روایتی کھانوں میں ذائقہ بڑھاتے ہیں۔	Urdu (Standard)	South Asia	SACOR_08
The school organized a science fair.	اسکول نے سائنس میلہ منظم کیا۔	Urdu (Standard)	South Asia	SACOR_04
Elderly people share wisdom and stories.	بزرگ لوگ حکمت اور کہانیاں بانٹتے ہیں۔	Urdu (Standard)	South Asia	SACOR_05
Traditional music is important for our heritage.	روایتی موسیقی ہماری وراثت کے لیے اہم ہے۔	Urdu (Standard)	South Asia	SACOR_09
She walked slowly through the garden.	وہ باغ میں آہستہ آہستہ چلی۔	Urdu (Standard)	South Asia	SACOR_01
Eating fresh fruits provides essential vitamins.	تازہ پھل کھانا ضروری وٹامن فراہم کرتا ہے۔	Urdu (Standard)	South Asia	SACOR_09
Agriculture remains the primary source of income.	زراعت آمدنی کا بنیادی ذریعہ رہتی ہے۔	Urdu (Standard)	South Asia	SACOR_06
She cooked delicious biryani for the family.	اس نے خاندان کے لیے مزیدار بریانی پکائی۔	Urdu (Standard)	South Asia	SACOR_02
My grandmother told me stories.	میری دادی نے مجھے کہانیاں سنائیں۔	Urdu (Standard)	South Asia	SACOR_05
Digital payments have made transactions faster.	ڈیجیٹل ادائیگیوں نے معاملات تیز کر دیے ہیں۔	Urdu (Standard)	South Asia	SACOR_10
Family members support each other during difficult times.	خاندان کے ممبر مشکل وقتوں میں ایک دوسرے کی مدد کرتے ہیں۔	Urdu (Standard)	South Asia	SACOR_07
Reading books improves vocabulary.	کتابیں پڑھنا ذخیرہ الفاظ بہتر بناتا ہے۔	Urdu (Standard)	South Asia	SACOR_07
The teacher explained the lesson patiently.	استاد نے صبر سے سبق سمجھایا۔	Urdu (Standard)	South Asia	SACOR_08
The bus arrived late.	بس دیر سے پہنچی۔	Urdu (Standard)	South Asia	SACOR_06
Cricket is a popular sport.	کرکٹ ایک مقبول کھیل ہے۔	Urdu (Standard)	South Asia	SACOR_08
Sports teach teamwork and discipline.	کھیل ٹیم ورک اور نظم و ضبط سکھاتے ہیں۔	Urdu (Standard)	South Asia	SACOR_02
Doctors work long hours to treat patients.	ڈاکٹر مریضوں کا علاج کرنے کے لیے لمبے گھنٹے کام کرتے ہیں۔	Urdu (Standard)	South Asia	SACOR_07
Teachers shape young minds.	استاد نوجوان ذہنوں کو شکل دیتے ہیں۔	Urdu (Standard)	South Asia	SACOR_10
People travel long distances to visit religious sites.	لوگ مذہبی مقامات دیکھنے کے لیے لمبی دوریاں طے کرتے ہیں۔	Urdu (Standard)	South Asia	SACOR_06
The professor wrote equations on the blackboard.	پروفیسر نے تختے پر مساوات لکھیں۔	Urdu (Standard)	South Asia	SACOR_05
The internet connects people across continents.	انٹرنیٹ براعظموں میں لوگوں کو جوڑتا ہے۔	Urdu (Standard)	South Asia	SACOR_01
Birds were chirping in the trees.	پرندے درختوں میں چہچہا رہے تھے۔	Urdu (Standard)	South Asia	SACOR_03
Parents sacrifice their own needs for children.	والدین بچوں کے لیے اپنی ضرورتیں قربان کرتے ہیں۔	Urdu (Standard)	South Asia	SACOR_04
Doctors recommend drinking plenty of water.	ڈاکٹر زیادہ پانی پینے کی صلاح دیتے ہیں۔	Urdu (Standard)	South Asia	SACOR_02
Tea is served to guests as a gesture of hospitality.	مہمانوں کو مہمان نوازی کی نشانی کے طور پر چائے پیش کی جاتی ہے۔	Urdu (Standard)	South Asia	SACOR_04
Farmers wake up early to tend to crops.	کسان فصلوں کی دیکھ بھال کے لیے جلدی اٹھتے ہیں۔	Urdu (Standard)	South Asia	SACOR_05
Respecting elders is an important value.	بزرگوں کا احترام ایک اہم قدر ہے۔	Urdu (Standard)	South Asia	SACOR_03
She received a scholarship to study medicine.	اسے طب کی تعلیم کے لیے اسکالرشپ ملی۔	Urdu (Standard)	South Asia	SACOR_07
Clear communication prevents misunderstandings.	صاف رابطہ غلط فہمیوں کو روکتا ہے۔	Urdu (Standard)	South Asia	SACOR_09
Regular exercise helps maintain good health.	منظم ورزش اچھی صحت برقرار رکھنے میں مدد کرتی ہے۔	Urdu (Standard)	South Asia	SACOR_04
After finishing his work, he sat down.	اپنا کام مکمل کرنے کے بعد، وہ بیٹھ گیا۔	Urdu (Standard)	South Asia	SACOR_10
Small businesses create employment opportunities.	چھوٹے کاروبار روزگار کے مواقع پیدا کرتے ہیں۔	Urdu (Standard)	South Asia	SACOR_07
Education opens doors to opportunities.	تعلیم مواقع کے دروازے کھولتی ہے۔	Urdu (Standard)	South Asia	SACOR_10
Handicrafts showcase artistic traditions.	دستی کاریاں فنکارانہ روایات دکھاتی ہیں۔	Urdu (Standard)	South Asia	SACOR_10
Cooking together brings family members closer.	مل کر کھانا پکانا خاندان کے ممبروں کو قریب لاتا ہے۔	Urdu (Standard)	South Asia	SACOR_06
The forest is home to many wild animals.	جنگل بہت سے جنگلی جانوروں کا گھر ہے۔	Urdu (Standard)	South Asia	SACOR_08
I woke up early this morning.	میں آج صبح جلدی اٹھا۔	Urdu (Standard)	South Asia	SACOR_02
Pollution in cities has become a serious problem.	شہروں میں آلودگی ایک سنجیدہ مسئلہ بن گئی ہے۔	Urdu (Standard)	South Asia	SACOR_04
Smartphones have changed how people communicate.	اسمارٹ فونوں نے لوگوں کے رابطے کے طریقے کو تبدیل کر دیا ہے۔	Urdu (Standard)	South Asia	SACOR_10
Children were playing cricket in the street.	بچے سڑک پر کرکٹ کھیل رہے تھے۔	Urdu (Standard)	South Asia	SACOR_06
Children learn best when they are interested.	بچے بہترین سیکھتے ہیں جب وہ دلچسپی رکھتے ہیں۔	Urdu (Standard)	South Asia	SACOR_08
The market was crowded with people.	بازار لوگوں سے بھرا ہوا تھا۔	Urdu (Standard)	South Asia	SACOR_01
The river flows peacefully through the valley.	دریا وادی میں پرامن طریقے سے بہتا ہے۔	Urdu (Standard)	South Asia	SACOR_01
Train journeys offer scenic views.	ریل کے سفر مناظر کے نظارے پیش کرتے ہیں۔	Urdu (Standard)	South Asia	SACOR_02
People celebrate festivals with great joy.	لوگ بہت خوشی سے تہوار مناتے ہیں۔	Urdu (Standard)	South Asia	SACOR_07
Students gathered in the library.	طلباء لائبریری میں جمع ہوئے۔	Urdu (Standard)	South Asia	SACOR_09
Tourism brings revenue to regions with historical sites.	سیاحت تاریخی مقامات والے علاقوں میں آمدنی لاتی ہے۔	Urdu (Standard)	South Asia	SACOR_05
Online shopping has become popular.	آن لائن خریداری مقبول ہو گئی ہے۔	Urdu (Standard)	South Asia	SACOR_06
The wedding ceremony lasted three days.	شادی کی تقریب تین دن تک چلی۔	Urdu (Standard)	South Asia	SACOR_02
We decided to visit the old temple.	ہم نے پرانے مندر کا دورہ کرنے کا فیصلہ کیا۔	Urdu (Standard)	South Asia	SACOR_03
Storytelling preserves culture and knowledge.	کہانی سنانا ثقافت اور علم کو محفوظ رکھتا ہے۔	Urdu (Standard)	South Asia	SACOR_03
Learning a new language requires practice.	نئی زبان سیکھنے کے لیے مشق کی ضرورت ہے۔	Urdu (Standard)	South Asia	SACOR_05
Tourism brings revenue to regions with historical sites.	سیاحت تاریخی مقامات والے علاقوں میں آمدنی لاتی ہے۔	Urdu (Standard)	South Asia	SACOR_01
The professor wrote equations on the blackboard.	پروفیسر نے تختے پر مساوات لکھیں۔	Urdu (Standard)	South Asia	SACOR_03
Smartphones have changed how people communicate.	اسمارٹ فونوں نے لوگوں کے رابطے کے طریقے کو تبدیل کر دیا ہے۔	Urdu (Standard)	South Asia	SACOR_04
My grandmother told me stories.	میری دادی نے مجھے کہانیاں سنائیں۔	Urdu (Standard)	South Asia	SACOR_09
Cooking together brings family members closer.	مل کر کھانا پکانا خاندان کے ممبروں کو قریب لاتا ہے۔	Urdu (Standard)	South Asia	SACOR_08
Teachers shape young minds.	استاد نوجوان ذہنوں کو شکل دیتے ہیں۔	Urdu (Standard)	South Asia	SACOR_09
Birds were chirping in the trees.	پرندے درختوں میں چہچہا رہے تھے۔	Urdu (Standard)	South Asia	SACOR_10
Respecting elders is an important value.	بزرگوں کا احترام ایک اہم قدر ہے۔	Urdu (Standard)	South Asia	SACOR_04
Online shopping has become popular.	آن لائن خریداری مقبول ہو گئی ہے۔	Urdu (Standard)	South Asia	SACOR_01
The bus arrived late.	بس دیر سے پہنچی۔	Urdu (Standard)	South Asia	SACOR_04
Small businesses create employment opportunities.	چھوٹے کاروبار روزگار کے مواقع پیدا کرتے ہیں۔	Urdu (Standard)	South Asia	SACOR_09
Digital payments have made transactions faster.	ڈیجیٹل ادائیگیوں نے معاملات تیز کر دیے ہیں۔	Urdu (Standard)	South Asia	SACOR_02
Children were playing cricket in the street.	بچے سڑک پر کرکٹ کھیل رہے تھے۔	Urdu (Standard)	South Asia	SACOR_05
The school organized a science fair.	اسکول نے سائنس میلہ منظم کیا۔	Urdu (Standard)	South Asia	SACOR_08
Students gathered in the library.	طلباء لائبریری میں جمع ہوئے۔	Urdu (Standard)	South Asia	SACOR_07
The river flows peacefully through the valley.	دریا وادی میں پرامن طریقے سے بہتا ہے۔	Urdu (Standard)	South Asia	SACOR_01
She received a scholarship to study medicine.	اسے طب کی تعلیم کے لیے اسکالرشپ ملی۔	Urdu (Standard)	South Asia	SACOR_05
She walked slowly through the garden.	وہ باغ میں آہستہ آہستہ چلی۔	Urdu (Standard)	South Asia	SACOR_01
The market was crowded with people.	بازار لوگوں سے بھرا ہوا تھا۔	Urdu (Standard)	South Asia	SACOR_10
Storytelling preserves culture and knowledge.	کہانی سنانا ثقافت اور علم کو محفوظ رکھتا ہے۔	Urdu (Standard)	South Asia	SACOR_07
Doctors recommend drinking plenty of water.	ڈاکٹر زیادہ پانی پینے کی صلاح دیتے ہیں۔	Urdu (Standard)	South Asia	SACOR_03
People travel long distances to visit religious sites.	لوگ مذہبی مقامات دیکھنے کے لیے لمبی دوریاں طے کرتے ہیں۔	Urdu (Standard)	South Asia	SACOR_07
Farmers wake up early to tend to crops.	کسان فصلوں کی دیکھ بھال کے لیے جلدی اٹھتے ہیں۔	Urdu (Standard)	South Asia	SACOR_03
Pollution in cities has become a serious problem.	شہروں میں آلودگی ایک سنجیدہ مسئلہ بن گئی ہے۔	Urdu (Standard)	South Asia	SACOR_10
Learning a new language requires practice.	نئی زبان سیکھنے کے لیے مشق کی ضرورت ہے۔	Urdu (Standard)	South Asia	SACOR_03
Education opens doors to opportunities.	تعلیم مواقع کے دروازے کھولتی ہے۔	Urdu (Standard)	South Asia	SACOR_03
Sports teach teamwork and discipline.	کھیل ٹیم ورک اور نظم و ضبط سکھاتے ہیں۔	Urdu (Standard)	South Asia	SACOR_06
Parents sacrifice their own needs for children.	والدین بچوں کے لیے اپنی ضرورتیں قربان کرتے ہیں۔	Urdu (Standard)	South Asia	SACOR_10
The wedding ceremony lasted three days.	شادی کی تقریب تین دن تک چلی۔	Urdu (Standard)	South Asia	SACOR_06
Farmers planted rice in the flooded fields.	کسانوں نے پانی والے کھیتوں میں چاول بوئے۔	Urdu (Standard)	South Asia	SACOR_04
Spices add flavor to traditional dishes.	مصالحے روایتی کھانوں میں ذائقہ بڑھاتے ہیں۔	Urdu (Standard)	South Asia	SACOR_08
I woke up early this morning.	میں آج صبح جلدی اٹھا۔	Urdu (Standard)	South Asia	SACOR_07
After finishing his work, he sat down.	اپنا کام مکمل کرنے کے بعد، وہ بیٹھ گیا۔	Urdu (Standard)	South Asia	SACOR_03
Family members support each other during difficult times.	خاندان کے ممبر مشکل وقتوں میں ایک دوسرے کی مدد کرتے ہیں۔	Urdu (Standard)	South Asia	SACOR_02
Clear communication prevents misunderstandings.	صاف رابطہ غلط فہمیوں کو روکتا ہے۔	Urdu (Standard)	South Asia	SACOR_01
Elderly people share wisdom and stories.	بزرگ لوگ حکمت اور کہانیاں بانٹتے ہیں۔	Urdu (Standard)	South Asia	SACOR_10
She cooked delicious biryani for the family.	اس نے خاندان کے لیے مزیدار بریانی پکائی۔	Urdu (Standard)	South Asia	SACOR_09
The teacher explained the lesson patiently.	استاد نے صبر سے سبق سمجھایا۔	Urdu (Standard)	South Asia	SACOR_06
Regular exercise helps maintain good health.	منظم ورزش اچھی صحت برقرار رکھنے میں مدد کرتی ہے۔	Urdu (Standard)	South Asia	SACOR_04
The internet connects people across continents.	انٹرنیٹ براعظموں میں لوگوں کو جوڑتا ہے۔	Urdu (Standard)	South Asia	SACOR_03
Tea is served to guests as a gesture of hospitality.	مہمانوں کو مہمان نوازی کی نشانی کے طور پر چائے پیش کی جاتی ہے۔	Urdu (Standard)	South Asia	SACOR_08
Children learn best when they are interested.	بچے بہترین سیکھتے ہیں جب وہ دلچسپی رکھتے ہیں۔	Urdu (Standard)	South Asia	SACOR_03
Agriculture remains the primary source of income.	زراعت آمدنی کا بنیادی ذریعہ رہتی ہے۔	Urdu (Standard)	South Asia	SACOR_08
Reading books improves vocabulary.	کتابیں پڑھنا ذخیرہ الفاظ بہتر بناتا ہے۔	Urdu (Standard)	South Asia	SACOR_03
The forest is home to many wild animals.	جنگل بہت سے جنگلی جانوروں کا گھر ہے۔	Urdu (Standard)	South Asia	SACOR_01
Train journeys offer scenic views.	ریل کے سفر مناظر کے نظارے پیش کرتے ہیں۔	Urdu (Standard)	South Asia	SACOR_07
Cricket is a popular sport.	کرکٹ ایک مقبول کھیل ہے۔	Urdu (Standard)	South Asia	SACOR_07
People celebrate festivals with great joy.	لوگ بہت خوشی سے تہوار مناتے ہیں۔	Urdu (Standard)	South Asia	SACOR_08
Handicrafts showcase artistic traditions.	دستی کاریاں فنکارانہ روایات دکھاتی ہیں۔	Urdu (Standard)	South Asia	SACOR_06
Doctors work long hours to treat patients.	ڈاکٹر مریضوں کا علاج کرنے کے لیے لمبے گھنٹے کام کرتے ہیں۔	Urdu (Standard)	South Asia	SACOR_05
Traditional music is important for our heritage.	روایتی موسیقی ہماری وراثت کے لیے اہم ہے۔	Urdu (Standard)	South Asia	SACOR_10
Eating fresh fruits provides essential vitamins.	تازہ پھل کھانا ضروری وٹامن فراہم کرتا ہے۔	Urdu (Standard)	South Asia	SACOR_01
We decided to visit the old temple.	ہم نے پرانے مندر کا دورہ کرنے کا فیصلہ کیا۔	Urdu (Standard)	South Asia	SACOR_06
Online shopping has become popular.	آن لائن خریداری مقبول ہو گئی ہے۔	Urdu (Standard)	South Asia	SACOR_10
The river flows peacefully through the valley.	دریا وادی میں پرامن طریقے سے بہتا ہے۔	Urdu (Standard)	South Asia	SACOR_08
Agriculture remains the primary source of income.	زراعت آمدنی کا بنیادی ذریعہ رہتی ہے۔	Urdu (Standard)	South Asia	SACOR_04
Digital payments have made transactions faster.	ڈیجیٹل ادائیگیوں نے معاملات تیز کر دیے ہیں۔	Urdu (Standard)	South Asia	SACOR_01
Cooking together brings family members closer.	مل کر کھانا پکانا خاندان کے ممبروں کو قریب لاتا ہے۔	Urdu (Standard)	South Asia	SACOR_04
Children were playing cricket in the street.	بچے سڑک پر کرکٹ کھیل رہے تھے۔	Urdu (Standard)	South Asia	SACOR_08
Small businesses create employment opportunities.	چھوٹے کاروبار روزگار کے مواقع پیدا کرتے ہیں۔	Urdu (Standard)	South Asia	SACOR_06
Reading books improves vocabulary.	کتابیں پڑھنا ذخیرہ الفاظ بہتر بناتا ہے۔	Urdu (Standard)	South Asia	SACOR_04
Clear communication prevents misunderstandings.	صاف رابطہ غلط فہمیوں کو روکتا ہے۔	Urdu (Standard)	South Asia	SACOR_08
Handicrafts showcase artistic traditions.	دستی کاریاں فنکارانہ روایات دکھاتی ہیں۔	Urdu (Standard)	South Asia	SACOR_05
Birds were chirping in the trees.	پرندے درختوں میں چہچہا رہے تھے۔	Urdu (Standard)	South Asia	SACOR_06
Storytelling preserves culture and knowledge.	کہانی سنانا ثقافت اور علم کو محفوظ رکھتا ہے۔	Urdu (Standard)	South Asia	SACOR_01
Teachers shape young minds.	استاد نوجوان ذہنوں کو شکل دیتے ہیں۔	Urdu (Standard)	South Asia	SACOR_09
She walked slowly through the garden.	وہ باغ میں آہستہ آہستہ چلی۔	Urdu (Standard)	South Asia	SACOR_09
People celebrate festivals with great joy.	لوگ بہت خوشی سے تہوار مناتے ہیں۔	Urdu (Standard)	South Asia	SACOR_04
Children learn best when they are interested.	بچے بہترین سیکھتے ہیں جب وہ دلچسپی رکھتے ہیں۔	Urdu (Standard)	South Asia	SACOR_01
Tea is served to guests as a gesture of hospitality.	مہمانوں کو مہمان نوازی کی نشانی کے طور پر چائے پیش کی جاتی ہے۔	Urdu (Standard)	South Asia	SACOR_07
The wedding ceremony lasted three days.	شادی کی تقریب تین دن تک چلی۔	Urdu (Standard)	South Asia	SACOR_09
Family members support each other during difficult times.	خاندان کے ممبر مشکل وقتوں میں ایک دوسرے کی مدد کرتے ہیں۔	Urdu (Standard)	South Asia	SACOR_03
The professor wrote equations on the blackboard.	پروفیسر نے تختے پر مساوات لکھیں۔	Urdu (Standard)	South Asia	SACOR_10
People travel long distances to visit religious sites.	لوگ مذہبی مقامات دیکھنے کے لیے لمبی دوریاں طے کرتے ہیں۔	Urdu (Standard)	South Asia	SACOR_05
Regular exercise helps maintain good health.	منظم ورزش اچھی صحت برقرار رکھنے میں مدد کرتی ہے۔	Urdu (Standard)	South Asia	SACOR_09
Sports teach teamwork and discipline.	کھیل ٹیم ورک اور نظم و ضبط سکھاتے ہیں۔	Urdu (Standard)	South Asia	SACOR_02
I woke up early this morning.	میں آج صبح جلدی اٹھا۔	Urdu (Standard)	South Asia	SACOR_08
Pollution in cities has become a serious problem.	شہروں میں آلودگی ایک سنجیدہ مسئلہ بن گئی ہے۔	Urdu (Standard)	South Asia	SACOR_01
The school organized a science fair.	اسکول نے سائنس میلہ منظم کیا۔	Urdu (Standard)	South Asia	SACOR_05
She received a scholarship to study medicine.	اسے طب کی تعلیم کے لیے اسکالرشپ ملی۔	Urdu (Standard)	South Asia	SACOR_10
Learning a new language requires practice.	نئی زبان سیکھنے کے لیے مشق کی ضرورت ہے۔	Urdu (Standard)	South Asia	SACOR_07
The bus arrived late.	بس دیر سے پہنچی۔	Urdu (Standard)	South Asia	SACOR_08
My grandmother told me stories.	میری دادی نے مجھے کہانیاں سنائیں۔	Urdu (Standard)	South Asia	SACOR_03
She cooked delicious biryani for the family.	اس نے خاندان کے لیے مزیدار بریانی پکائی۔	Urdu (Standard)	South Asia	SACOR_10
Education opens doors to opportunities.	تعلیم مواقع کے دروازے کھولتی ہے۔	Urdu (Standard)	South Asia	SACOR_05
Respecting elders is an important value.	بزرگوں کا احترام ایک اہم قدر ہے۔	Urdu (Standard)	South Asia	SACOR_03
The market was crowded with people.	بازار لوگوں سے بھرا ہوا تھا۔	Urdu (Standard)	South Asia	SACOR_08
Cricket is a popular sport.	کرکٹ ایک مقبول کھیل ہے۔	Urdu (Standard)	South Asia	SACOR_10
Tourism brings revenue to regions with historical sites.	سیاحت تاریخی مقامات والے علاقوں میں آمدنی لاتی ہے۔	Urdu (Standard)	South Asia	SACOR_02
Traditional music is important for our heritage.	روایتی موسیقی ہماری وراثت کے لیے اہم ہے۔	Urdu (Standard)	South Asia	SACOR_10
The teacher explained the lesson patiently.	استاد نے صبر سے سبق سمجھایا۔	Urdu (Standard)	South Asia	SACOR_02
Elderly people share wisdom and stories.	بزرگ لوگ حکمت اور کہانیاں بانٹتے ہیں۔	Urdu (Standard)	South Asia	SACOR_07
The internet connects people across continents.	انٹرنیٹ براعظموں میں لوگوں کو جوڑتا ہے۔	Urdu (Standard)	South Asia	SACOR_04
Smartphones have changed how people communicate.	اسمارٹ فونوں نے لوگوں کے رابطے کے طریقے کو تبدیل کر دیا ہے۔	Urdu (Standard)	South Asia	SACOR_08
Students gathered in the library.	طلباء لائبریری میں جمع ہوئے۔	Urdu (Standard)	South Asia	SACOR_10
Farmers wake up early to tend to crops.	کسان فصلوں کی دیکھ بھال کے لیے جلدی اٹھتے ہیں۔	Urdu (Standard)	South Asia	SACOR_09
Doctors work long hours to treat patients.	ڈاکٹر مریضوں کا علاج کرنے کے لیے لمبے گھنٹے کام کرتے ہیں۔	Urdu (Standard)	South Asia	SACOR_01
Parents sacrifice their own needs for children.	والدین بچوں کے لیے اپنی ضرورتیں قربان کرتے ہیں۔	Urdu (Standard)	South Asia	SACOR_01
Train journeys offer scenic views.	ریل کے سفر مناظر کے نظارے پیش کرتے ہیں۔	Urdu (Standard)	South Asia	SACOR_05
Spices add flavor to traditional dishes.	مصالحے روایتی کھانوں میں ذائقہ بڑھاتے ہیں۔	Urdu (Standard)	South Asia	SACOR_08
We decided to visit the old temple.	ہم نے پرانے مندر کا دورہ کرنے کا فیصلہ کیا۔	Urdu (Standard)	South Asia	SACOR_03
After finishing his work, he sat down.	اپنا کام مکمل کرنے کے بعد، وہ بیٹھ گیا۔	Urdu (Standard)	South Asia	SACOR_01
Doctors recommend drinking plenty of water.	ڈاکٹر زیادہ پانی پینے کی صلاح دیتے ہیں۔	Urdu (Standard)	South Asia	SACOR_03
Eating fresh fruits provides essential vitamins.	تازہ پھل کھانا ضروری وٹامن فراہم کرتا ہے۔	Urdu (Standard)	South Asia	SACOR_09
The forest is home to many wild animals.	جنگل بہت سے جنگلی جانوروں کا گھر ہے۔	Urdu (Standard)	South Asia	SACOR_09
Farmers planted rice in the flooded fields.	کسانوں نے پانی والے کھیتوں میں چاول بوئے۔	Urdu (Standard)	South Asia	SACOR_09
Regular exercise helps maintain good health.	منظم ورزش اچھی صحت برقرار رکھنے میں مدد کرتی ہے۔	Urdu (Standard)	South Asia	SACOR_03
Children were playing cricket in the street.	بچے سڑک پر کرکٹ کھیل رہے تھے۔	Urdu (Standard)	South Asia	SACOR_04
The wedding ceremony lasted three days.	شادی کی تقریب تین دن تک چلی۔	Urdu (Standard)	South Asia	SACOR_10
The bus arrived late.	بس دیر سے پہنچی۔	Urdu (Standard)	South Asia	SACOR_08
Smartphones have changed how people communicate.	اسمارٹ فونوں نے لوگوں کے رابطے کے طریقے کو تبدیل کر دیا ہے۔	Urdu (Standard)	South Asia	SACOR_10
Farmers planted rice in the flooded fields.	کسانوں نے پانی والے کھیتوں میں چاول بوئے۔	Urdu (Standard)	South Asia	SACOR_08
Pollution in cities has become a serious problem.	شہروں میں آلودگی ایک سنجیدہ مسئلہ بن گئی ہے۔	Urdu (Standard)	South Asia	SACOR_01
I woke up early this morning.	میں آج صبح جلدی اٹھا۔	Urdu (Standard)	South Asia	SACOR_09
People travel long distances to visit religious sites.	لوگ مذہبی مقامات دیکھنے کے لیے لمبی دوریاں طے کرتے ہیں۔	Urdu (Standard)	South Asia	SACOR_08
Online shopping has become popular.	آن لائن خریداری مقبول ہو گئی ہے۔	Urdu (Standard)	South Asia	SACOR_08
Doctors recommend drinking plenty of water.	ڈاکٹر زیادہ پانی پینے کی صلاح دیتے ہیں۔	Urdu (Standard)	South Asia	SACOR_01
Teachers shape young minds.	استاد نوجوان ذہنوں کو شکل دیتے ہیں۔	Urdu (Standard)	South Asia	SACOR_02
She walked slowly through the garden.	وہ باغ میں آہستہ آہستہ چلی۔	Urdu (Standard)	South Asia	SACOR_06
The internet connects people across continents.	انٹرنیٹ براعظموں میں لوگوں کو جوڑتا ہے۔	Urdu (Standard)	South Asia	SACOR_03
We decided to visit the old temple.	ہم نے پرانے مندر کا دورہ کرنے کا فیصلہ کیا۔	Urdu (Standard)	South Asia	SACOR_05
Children learn best when they are interested.	بچے بہترین سیکھتے ہیں جب وہ دلچسپی رکھتے ہیں۔	Urdu (Standard)	South Asia	SACOR_03
Small businesses create employment opportunities.	چھوٹے کاروبار روزگار کے مواقع پیدا کرتے ہیں۔	Urdu (Standard)	South Asia	SACOR_05
Respecting elders is an important value.	بزرگوں کا احترام ایک اہم قدر ہے۔	Urdu (Standard)	South Asia	SACOR_05
Learning a new language requires practice.	نئی زبان سیکھنے کے لیے مشق کی ضرورت ہے۔	Urdu (Standard)	South Asia	SACOR_04
People celebrate festivals with great joy.	لوگ بہت خوشی سے تہوار مناتے ہیں۔	Urdu (Standard)	South Asia	SACOR_02
Spices add flavor to traditional dishes.	مصالحے روایتی کھانوں میں ذائقہ بڑھاتے ہیں۔	Urdu (Standard)	South Asia	SACOR_01
The river flows peacefully through the valley.	دریا وادی میں پرامن طریقے سے بہتا ہے۔	Urdu (Standard)	South Asia	SACOR_03
The teacher explained the lesson patiently.	استاد نے صبر سے سبق سمجھایا۔	Urdu (Standard)	South Asia	SACOR_10
Eating fresh fruits provides essential vitamins.	تازہ پھل کھانا ضروری وٹامن فراہم کرتا ہے۔	Urdu (Standard)	South Asia	SACOR_10
She received a scholarship to study medicine.	اسے طب کی تعلیم کے لیے اسکالرشپ ملی۔	Urdu (Standard)	South Asia	SACOR_04
Doctors work long hours to treat patients.	ڈاکٹر مریضوں کا علاج کرنے کے لیے لمبے گھنٹے کام کرتے ہیں۔	Urdu (Standard)	South Asia	SACOR_03
Elderly people share wisdom and stories.	بزرگ لوگ حکمت اور کہانیاں بانٹتے ہیں۔	Urdu (Standard)	South Asia	SACOR_02
Education opens doors to opportunities.	تعلیم مواقع کے دروازے کھولتی ہے۔	Urdu (Standard)	South Asia	SACOR_01
Digital payments have made transactions faster.	ڈیجیٹل ادائیگیوں نے معاملات تیز کر دیے ہیں۔	Urdu (Standard)	South Asia	SACOR_04
The professor wrote equations on the blackboard.	پروفیسر نے تختے پر مساوات لکھیں۔	Urdu (Standard)	South Asia	SACOR_07
The school organized a science fair.	اسکول نے سائنس میلہ منظم کیا۔	Urdu (Standard)	South Asia	SACOR_08
After finishing his work, he sat down.	اپنا کام مکمل کرنے کے بعد، وہ بیٹھ گیا۔	Urdu (Standard)	South Asia	SACOR_05
She cooked delicious biryani for the family.	اس نے خاندان کے لیے مزیدار بریانی پکائی۔	Urdu (Standard)	South Asia	SACOR_01
Traditional music is important for our heritage.	روایتی موسیقی ہماری وراثت کے لیے اہم ہے۔	Urdu (Standard)	South Asia	SACOR_01
Students gathered in the library.	طلباء لائبریری میں جمع ہوئے۔	Urdu (Standard)	South Asia	SACOR_10
Handicrafts showcase artistic traditions.	دستی کاریاں فنکارانہ روایات دکھاتی ہیں۔	Urdu (Standard)	South Asia	SACOR_03
Sports teach teamwork and discipline.	کھیل ٹیم ورک اور نظم و ضبط سکھاتے ہیں۔	Urdu (Standard)	South Asia	SACOR_06
Family members support each other during difficult times.	خاندان کے ممبر مشکل وقتوں میں ایک دوسرے کی مدد کرتے ہیں۔	Urdu (Standard)	South Asia	SACOR_05
Cricket is a popular sport.	کرکٹ ایک مقبول کھیل ہے۔	Urdu (Standard)	South Asia	SACOR_03
Birds were chirping in the trees.	پرندے درختوں میں چہچہا رہے تھے۔	Urdu (Standard)	South Asia	SACOR_08
The forest is home to many wild animals.	جنگل بہت سے جنگلی جانوروں کا گھر ہے۔	Urdu (Standard)	South Asia	SACOR_01
Tea is served to guests as a gesture of hospitality.	مہمانوں کو مہمان نوازی کی نشانی کے طور پر چائے پیش کی جاتی ہے۔	Urdu (Standard)	South Asia	SACOR_10
Tourism brings revenue to regions with historical sites.	سیاحت تاریخی مقامات والے علاقوں میں آمدنی لاتی ہے۔	Urdu (Standard)	South Asia	SACOR_09
Farmers wake up early to tend to crops.	کسان فصلوں کی دیکھ بھال کے لیے جلدی اٹھتے ہیں۔	Urdu (Standard)	South Asia	SACOR_04
Clear communication prevents misunderstandings.	صاف رابطہ غلط فہمیوں کو روکتا ہے۔	Urdu (Standard)	South Asia	SACOR_02
Train journeys offer scenic views.	ریل کے سفر مناظر کے نظارے پیش کرتے ہیں۔	Urdu (Standard)	South Asia	SACOR_09
Cooking together brings family members closer.	مل کر کھانا پکانا خاندان کے ممبروں کو قریب لاتا ہے۔	Urdu (Standard)	South Asia	SACOR_02
Storytelling preserves culture and knowledge.	کہانی سنانا ثقافت اور علم کو محفوظ رکھتا ہے۔	Urdu (Standard)	South Asia	SACOR_09
The market was crowded with people.	بازار لوگوں سے بھرا ہوا تھا۔	Urdu (Standard)	South Asia	SACOR_01
Parents sacrifice their own needs for children.	والدین بچوں کے لیے اپنی ضرورتیں قربان کرتے ہیں۔	Urdu (Standard)	South Asia	SACOR_04
Agriculture remains the primary source of income.	زراعت آمدنی کا بنیادی ذریعہ رہتی ہے۔	Urdu (Standard)	South Asia	SACOR_05
Reading books improves vocabulary.	کتابیں پڑھنا ذخیرہ الفاظ بہتر بناتا ہے۔	Urdu (Standard)	South Asia	SACOR_04
My grandmother told me stories.	میری دادی نے مجھے کہانیاں سنائیں۔	Urdu (Standard)	South Asia	SACOR_01
Doctors work long hours to treat patients.	ڈاکٹر مریضوں کا علاج کرنے کے لیے لمبے گھنٹے کام کرتے ہیں۔	Urdu (Standard)	South Asia	SACOR_08
Doctors recommend drinking plenty of water.	ڈاکٹر زیادہ پانی پینے کی صلاح دیتے ہیں۔	Urdu (Standard)	South Asia	SACOR_02
Train journeys offer scenic views.	ریل کے سفر مناظر کے نظارے پیش کرتے ہیں۔	Urdu (Standard)	South Asia	SACOR_05
Children learn best when they are interested.	بچے بہترین سیکھتے ہیں جب وہ دلچسپی رکھتے ہیں۔	Urdu (Standard)	South Asia	SACOR_09
Family members support each other during difficult times.	خاندان کے ممبر مشکل وقتوں میں ایک دوسرے کی مدد کرتے ہیں۔	Urdu (Standard)	South Asia	SACOR_09
Spices add flavor to traditional dishes.	مصالحے روایتی کھانوں میں ذائقہ بڑھاتے ہیں۔	Urdu (Standard)	South Asia	SACOR_04
She cooked delicious biryani for the family.	اس نے خاندان کے لیے مزیدار بریانی پکائی۔	Urdu (Standard)	South Asia	SACOR_01
Reading books improves vocabulary.	کتابیں پڑھنا ذخیرہ الفاظ بہتر بناتا ہے۔	Urdu (Standard)	South Asia	SACOR_06
Agriculture remains the primary source of income.	زراعت آمدنی کا بنیادی ذریعہ رہتی ہے۔	Urdu (Standard)	South Asia	SACOR_05
Respecting elders is an important value.	بزرگوں کا احترام ایک اہم قدر ہے۔	Urdu (Standard)	South Asia	SACOR_06
Learning a new language requires practice.	نئی زبان سیکھنے کے لیے مشق کی ضرورت ہے۔	Urdu (Standard)	South Asia	SACOR_01
Students gathered in the library.	طلباء لائبریری میں جمع ہوئے۔	Urdu (Standard)	South Asia	SACOR_09
Cooking together brings family members closer.	مل کر کھانا پکانا خاندان کے ممبروں کو قریب لاتا ہے۔	Urdu (Standard)	South Asia	SACOR_03
The market was crowded with people.	بازار لوگوں سے بھرا ہوا تھا۔	Urdu (Standard)	South Asia	SACOR_08
Storytelling preserves culture and knowledge.	کہانی سنانا ثقافت اور علم کو محفوظ رکھتا ہے۔	Urdu (Standard)	South Asia	SACOR_06
Sports teach teamwork and discipline.	کھیل ٹیم ورک اور نظم و ضبط سکھاتے ہیں۔	Urdu (Standard)	South Asia	SACOR_10
The forest is home to many wild animals.	جنگل بہت سے جنگلی جانوروں کا گھر ہے۔	Urdu (Standard)	South Asia	SACOR_09
The professor wrote equations on the blackboard.	پروفیسر نے تختے پر مساوات لکھیں۔	Urdu (Standard)	South Asia	SACOR_07
After finishing his work, he sat down.	اپنا کام مکمل کرنے کے بعد، وہ بیٹھ گیا۔	Urdu (Standard)	South Asia	SACOR_09
Birds were chirping in the trees.	پرندے درختوں میں چہچہا رہے تھے۔	Urdu (Standard)	South Asia	SACOR_06
Digital payments have made transactions faster.	ڈیجیٹل ادائیگیوں نے معاملات تیز کر دیے ہیں۔	Urdu (Standard)	South Asia	SACOR_09
We decided to visit the old temple.	ہم نے پرانے مندر کا دورہ کرنے کا فیصلہ کیا۔	Urdu (Standard)	South Asia	SACOR_02
People travel long distances to visit religious sites.	لوگ مذہبی مقامات دیکھنے کے لیے لمبی دوریاں طے کرتے ہیں۔	Urdu (Standard)	South Asia	SACOR_10
The school organized a science fair.	اسکول نے سائنس میلہ منظم کیا۔	Urdu (Standard)	South Asia	SACOR_08
Clear communication prevents misunderstandings.	صاف رابطہ غلط فہمیوں کو روکتا ہے۔	Urdu (Standard)	South Asia	SACOR_05
People celebrate festivals with great joy.	لوگ بہت خوشی سے تہوار مناتے ہیں۔	Urdu (Standard)	South Asia	SACOR_09
Eating fresh fruits provides essential vitamins.	تازہ پھل کھانا ضروری وٹامن فراہم کرتا ہے۔	Urdu (Standard)	South Asia	SACOR_09
Tourism brings revenue to regions with historical sites.	سیاحت تاریخی مقامات والے علاقوں میں آمدنی لاتی ہے۔	Urdu (Standard)	South Asia	SACOR_05
The internet connects people across continents.	انٹرنیٹ براعظموں میں لوگوں کو جوڑتا ہے۔	Urdu (Standard)	South Asia	SACOR_07
Farmers wake up early to tend to crops.	کسان فصلوں کی دیکھ بھال کے لیے جلدی اٹھتے ہیں۔	Urdu (Standard)	South Asia	SACOR_08
The river flows peacefully through the valley.	دریا وادی میں پرامن طریقے سے بہتا ہے۔	Urdu (Standard)	South Asia	SACOR_05
Teachers shape young minds.	استاد نوجوان ذہنوں کو شکل دیتے ہیں۔	Urdu (Standard)	South Asia	SACOR_09
Tea is served to guests as a gesture of hospitality.	مہمانوں کو مہمان نوازی کی نشانی کے طور پر چائے پیش کی جاتی ہے۔	Urdu (Standard)	South Asia	SACOR_03
Regular exercise helps maintain good health.	منظم ورزش اچھی صحت برقرار رکھنے میں مدد کرتی ہے۔	Urdu (Standard)	South Asia	SACOR_03
Elderly people share wisdom and stories.	بزرگ لوگ حکمت اور کہانیاں بانٹتے ہیں۔	Urdu (Standard)	South Asia	SACOR_04
She walked slowly through the garden.	وہ باغ میں آہستہ آہستہ چلی۔	Urdu (Standard)	South Asia	SACOR_03
Farmers planted rice in the flooded fields.	کسانوں نے پانی والے کھیتوں میں چاول بوئے۔	Urdu (Standard)	South Asia	SACOR_09
Parents sacrifice their own needs for children.	والدین بچوں کے لیے اپنی ضرورتیں قربان کرتے ہیں۔	Urdu (Standard)	South Asia	SACOR_07
Handicrafts showcase artistic traditions.	دستی کاریاں فنکارانہ روایات دکھاتی ہیں۔	Urdu (Standard)	South Asia	SACOR_05
She received a scholarship to study medicine.	اسے طب کی تعلیم کے لیے اسکالرشپ ملی۔	Urdu (Standard)	South Asia	SACOR_03
Cricket is a popular sport.	کرکٹ ایک مقبول کھیل ہے۔	Urdu (Standard)	South Asia	SACOR_06
Smartphones have changed how people communicate.	اسمارٹ فونوں نے لوگوں کے رابطے کے طریقے کو تبدیل کر دیا ہے۔	Urdu (Standard)	South Asia	SACOR_01
Online shopping has become popular.	آن لائن خریداری مقبول ہو گئی ہے۔	Urdu (Standard)	South Asia	SACOR_05
Children were playing cricket in the street.	بچے سڑک پر کرکٹ کھیل رہے تھے۔	Urdu (Standard)	South Asia	SACOR_07
Traditional music is important for our heritage.	روایتی موسیقی ہماری وراثت کے لیے اہم ہے۔	Urdu (Standard)	South Asia	SACOR_05
Education opens doors to opportunities.	تعلیم مواقع کے دروازے کھولتی ہے۔	Urdu (Standard)	South Asia	SACOR_08
The bus arrived late.	بس دیر سے پہنچی۔	Urdu (Standard)	South Asia	SACOR_02
The teacher explained the lesson patiently.	استاد نے صبر سے سبق سمجھایا۔	Urdu (Standard)	South Asia	SACOR_08
My grandmother told me stories.	میری دادی نے مجھے کہانیاں سنائیں۔	Urdu (Standard)	South Asia	SACOR_05
Small businesses create employment opportunities.	چھوٹے کاروبار روزگار کے مواقع پیدا کرتے ہیں۔	Urdu (Standard)	South Asia	SACOR_03
Pollution in cities has become a serious problem.	شہروں میں آلودگی ایک سنجیدہ مسئلہ بن گئی ہے۔	Urdu (Standard)	South Asia	SACOR_07
The wedding ceremony lasted three days.	شادی کی تقریب تین دن تک چلی۔	Urdu (Standard)	South Asia	SACOR_06
I woke up early this morning.	میں آج صبح جلدی اٹھا۔	Urdu (Standard)	South Asia	SACOR_09
Online shopping has become popular.	آن لائن خریداری مقبول ہو گئی ہے۔	Urdu (Standard)	South Asia	SACOR_09
The wedding ceremony lasted three days.	شادی کی تقریب تین دن تک چلی۔	Urdu (Standard)	South Asia	SACOR_05
Doctors recommend drinking plenty of water.	ڈاکٹر زیادہ پانی پینے کی صلاح دیتے ہیں۔	Urdu (Standard)	South Asia	SACOR_01
People celebrate festivals with great joy.	لوگ بہت خوشی سے تہوار مناتے ہیں۔	Urdu (Standard)	South Asia	SACOR_07
The internet connects people across continents.	انٹرنیٹ براعظموں میں لوگوں کو جوڑتا ہے۔	Urdu (Standard)	South Asia	SACOR_07
Tea is served to guests as a gesture of hospitality.	مہمانوں کو مہمان نوازی کی نشانی کے طور پر چائے پیش کی جاتی ہے۔	Urdu (Standard)	South Asia	SACOR_02
The market was crowded with people.	بازار لوگوں سے بھرا ہوا تھا۔	Urdu (Standard)	South Asia	SACOR_03
Respecting elders is an important value.	بزرگوں کا احترام ایک اہم قدر ہے۔	Urdu (Standard)	South Asia	SACOR_05
Pollution in cities has become a serious problem.	شہروں میں آلودگی ایک سنجیدہ مسئلہ بن گئی ہے۔	Urdu (Standard)	South Asia	SACOR_06
Farmers wake up early to tend to crops.	کسان فصلوں کی دیکھ بھال کے لیے جلدی اٹھتے ہیں۔	Urdu (Standard)	South Asia	SACOR_01
Family members support each other during difficult times.	خاندان کے ممبر مشکل وقتوں میں ایک دوسرے کی مدد کرتے ہیں۔	Urdu (Standard)	South Asia	SACOR_02
Birds were chirping in the trees.	پرندے درختوں میں چہچہا رہے تھے۔	Urdu (Standard)	South Asia	SACOR_02
My grandmother told me stories.	میری دادی نے مجھے کہانیاں سنائیں۔	Urdu (Standard)	South Asia	SACOR_07
Storytelling preserves culture and knowledge.	کہانی سنانا ثقافت اور علم کو محفوظ رکھتا ہے۔	Urdu (Standard)	South Asia	SACOR_01
People travel long distances to visit religious sites.	لوگ مذہبی مقامات دیکھنے کے لیے لمبی دوریاں طے کرتے ہیں۔	Urdu (Standard)	South Asia	SACOR_02
Regular exercise helps maintain good health.	منظم ورزش اچھی صحت برقرار رکھنے میں مدد کرتی ہے۔	Urdu (Standard)	South Asia	SACOR_03
Sports teach teamwork and discipline.	کھیل ٹیم ورک اور نظم و ضبط سکھاتے ہیں۔	Urdu (Standard)	South Asia	SACOR_05
The river flows peacefully through the valley.	دریا وادی میں پرامن طریقے سے بہتا ہے۔	Urdu (Standard)	South Asia	SACOR_02
After finishing his work, he sat down.	اپنا کام مکمل کرنے کے بعد، وہ بیٹھ گیا۔	Urdu (Standard)	South Asia	SACOR_09
The professor wrote equations on the blackboard.	پروفیسر نے تختے پر مساوات لکھیں۔	Urdu (Standard)	South Asia	SACOR_02
Digital payments have made transactions faster.	ڈیجیٹل ادائیگیوں نے معاملات تیز کر دیے ہیں۔	Urdu (Standard)	South Asia	SACOR_02
Agriculture remains the primary source of income.	زراعت آمدنی کا بنیادی ذریعہ رہتی ہے۔	Urdu (Standard)	South Asia	SACOR_07
Eating fresh fruits provides essential vitamins.	تازہ پھل کھانا ضروری وٹامن فراہم کرتا ہے۔	Urdu (Standard)	South Asia	SACOR_01
Train journeys offer scenic views.	ریل کے سفر مناظر کے نظارے پیش کرتے ہیں۔	Urdu (Standard)	South Asia	SACOR_08
She cooked delicious biryani for the family.	اس نے خاندان کے لیے مزیدار بریانی پکائی۔	Urdu (Standard)	South Asia	SACOR_07
Doctors work long hours to treat patients.	ڈاکٹر مریضوں کا علاج کرنے کے لیے لمبے گھنٹے کام کرتے ہیں۔	Urdu (Standard)	South Asia	SACOR_03
Children learn best when they are interested.	بچے بہترین سیکھتے ہیں جب وہ دلچسپی رکھتے ہیں۔	Urdu (Standard)	South Asia	SACOR_02
Parents sacrifice their own needs for children.	والدین بچوں کے لیے اپنی ضرورتیں قربان کرتے ہیں۔	Urdu (Standard)	South Asia	SACOR_01
Traditional music is important for our heritage.	روایتی موسیقی ہماری وراثت کے لیے اہم ہے۔	Urdu (Standard)	South Asia	SACOR_10
Handicrafts showcase artistic traditions.	دستی کاریاں فنکارانہ روایات دکھاتی ہیں۔	Urdu (Standard)	South Asia	SACOR_07
Elderly people share wisdom and stories.	بزرگ لوگ حکمت اور کہانیاں بانٹتے ہیں۔	Urdu (Standard)	South Asia	SACOR_10
Education opens doors to opportunities.	تعلیم مواقع کے دروازے کھولتی ہے۔	Urdu (Standard)	South Asia	SACOR_03
She walked slowly through the garden.	وہ باغ میں آہستہ آہستہ چلی۔	Urdu (Standard)	South Asia	SACOR_07
She received a scholarship to study medicine.	اسے طب کی تعلیم کے لیے اسکالرشپ ملی۔	Urdu (Standard)	South Asia	SACOR_03
Farmers planted rice in the flooded fields.	کسانوں نے پانی والے کھیتوں میں چاول بوئے۔	Urdu (Standard)	South Asia	SACOR_02
Students gathered in the library.	طلباء لائبریری میں جمع ہوئے۔	Urdu (Standard)	South Asia	SACOR_07
Tourism brings revenue to regions with historical sites.	سیاحت تاریخی مقامات والے علاقوں میں آمدنی لاتی ہے۔	Urdu (Standard)	South Asia	SACOR_09
Children were playing cricket in the street.	بچے سڑک پر کرکٹ کھیل رہے تھے۔	Urdu (Standard)	South Asia	SACOR_05
Cricket is a popular sport.	کرکٹ ایک مقبول کھیل ہے۔	Urdu (Standard)	South Asia	SACOR_08
Clear communication prevents misunderstandings.	صاف رابطہ غلط فہمیوں کو روکتا ہے۔	Urdu (Standard)	South Asia	SACOR_03
The school organized a science fair.	اسکول نے سائنس میلہ منظم کیا۔	Urdu (Standard)	South Asia	SACOR_01
Teachers shape young minds.	استاد نوجوان ذہنوں کو شکل دیتے ہیں۔	Urdu (Standard)	South Asia	SACOR_03
Small businesses create employment opportunities.	چھوٹے کاروبار روزگار کے مواقع پیدا کرتے ہیں۔	Urdu (Standard)	South Asia	SACOR_01
Cooking together brings family members closer.	مل کر کھانا پکانا خاندان کے ممبروں کو قریب لاتا ہے۔	Urdu (Standard)	South Asia	SACOR_07
We decided to visit the old temple.	ہم نے پرانے مندر کا دورہ کرنے کا فیصلہ کیا۔	Urdu (Standard)	South Asia	SACOR_04
I woke up early this morning.	میں آج صبح جلدی اٹھا۔	Urdu (Standard)	South Asia	SACOR_02
Smartphones have changed how people communicate.	اسمارٹ فونوں نے لوگوں کے رابطے کے طریقے کو تبدیل کر دیا ہے۔	Urdu (Standard)	South Asia	SACOR_05
The bus arrived late.	بس دیر سے پہنچی۔	Urdu (Standard)	South Asia	SACOR_02
Reading books improves vocabulary.	کتابیں پڑھنا ذخیرہ الفاظ بہتر بناتا ہے۔	Urdu (Standard)	South Asia	SACOR_01
Spices add flavor to traditional dishes.	مصالحے روایتی کھانوں میں ذائقہ بڑھاتے ہیں۔	Urdu (Standard)	South Asia	SACOR_10
The forest is home to many wild animals.	جنگل بہت سے جنگلی جانوروں کا گھر ہے۔	Urdu (Standard)	South Asia	SACOR_03
Learning a new language requires practice.	نئی زبان سیکھنے کے لیے مشق کی ضرورت ہے۔	Urdu (Standard)	South Asia	SACOR_05
The teacher explained the lesson patiently.	استاد نے صبر سے سبق سمجھایا۔	Urdu (Standard)	South Asia	SACOR_05
She received a scholarship to study medicine.	اسے طب کی تعلیم کے لیے اسکالرشپ ملی۔	Urdu (Standard)	South Asia	SACOR_04
The forest is home to many wild animals.	جنگل بہت سے جنگلی جانوروں کا گھر ہے۔	Urdu (Standard)	South Asia	SACOR_03
People travel long distances to visit religious sites.	لوگ مذہبی مقامات دیکھنے کے لیے لمبی دوریاں طے کرتے ہیں۔	Urdu (Standard)	South Asia	SACOR_10
Family members support each other during difficult times.	خاندان کے ممبر مشکل وقتوں میں ایک دوسرے کی مدد کرتے ہیں۔	Urdu (Standard)	South Asia	SACOR_06
Storytelling preserves culture and knowledge.	کہانی سنانا ثقافت اور علم کو محفوظ رکھتا ہے۔	Urdu (Standard)	South Asia	SACOR_05
Students gathered in the library.	طلباء لائبریری میں جمع ہوئے۔	Urdu (Standard)	South Asia	SACOR_01
Cooking together brings family members closer.	مل کر کھانا پکانا خاندان کے ممبروں کو قریب لاتا ہے۔	Urdu (Standard)	South Asia	SACOR_06
The professor wrote equations on the blackboard.	پروفیسر نے تختے پر مساوات لکھیں۔	Urdu (Standard)	South Asia	SACOR_07
Handicrafts showcase artistic traditions.	دستی کاریاں فنکارانہ روایات دکھاتی ہیں۔	Urdu (Standard)	South Asia	SACOR_09
Sports teach teamwork and discipline.	کھیل ٹیم ورک اور نظم و ضبط سکھاتے ہیں۔	Urdu (Standard)	South Asia	SACOR_07
She walked slowly through the garden.	وہ باغ میں آہستہ آہستہ چلی۔	Urdu (Standard)	South Asia	SACOR_05
The bus arrived late.	بس دیر سے پہنچی۔	Urdu (Standard)	South Asia	SACOR_03
Train journeys offer scenic views.	ریل کے سفر مناظر کے نظارے پیش کرتے ہیں۔	Urdu (Standard)	South Asia	SACOR_10
I woke up early this morning.	میں آج صبح جلدی اٹھا۔	Urdu (Standard)	South Asia	SACOR_07
Respecting elders is an important value.	بزرگوں کا احترام ایک اہم قدر ہے۔	Urdu (Standard)	South Asia	SACOR_02
Teachers shape young minds.	استاد نوجوان ذہنوں کو شکل دیتے ہیں۔	Urdu (Standard)	South Asia	SACOR_08
Small businesses create employment opportunities.	چھوٹے کاروبار روزگار کے مواقع پیدا کرتے ہیں۔	Urdu (Standard)	South Asia	SACOR_03
Education opens doors to opportunities.	تعلیم مواقع کے دروازے کھولتی ہے۔	Urdu (Standard)	South Asia	SACOR_05
The school organized a science fair.	اسکول نے سائنس میلہ منظم کیا۔	Urdu (Standard)	South Asia	SACOR_08
Children were playing cricket in the street.	بچے سڑک پر کرکٹ کھیل رہے تھے۔	Urdu (Standard)	South Asia	SACOR_03
We decided to visit the old temple.	ہم نے پرانے مندر کا دورہ کرنے کا فیصلہ کیا۔	Urdu (Standard)	South Asia	SACOR_08
Digital payments have made transactions faster.	ڈیجیٹل ادائیگیوں نے معاملات تیز کر دیے ہیں۔	Urdu (Standard)	South Asia	SACOR_04
The wedding ceremony lasted three days.	شادی کی تقریب تین دن تک چلی۔	Urdu (Standard)	South Asia	SACOR_02
The market was crowded with people.	بازار لوگوں سے بھرا ہوا تھا۔	Urdu (Standard)	South Asia	SACOR_09
Parents sacrifice their own needs for children.	والدین بچوں کے لیے اپنی ضرورتیں قربان کرتے ہیں۔	Urdu (Standard)	South Asia	SACOR_09
Smartphones have changed how people communicate.	اسمارٹ فونوں نے لوگوں کے رابطے کے طریقے کو تبدیل کر دیا ہے۔	Urdu (Standard)	South Asia	SACOR_10
Birds were chirping in the trees.	پرندے درختوں میں چہچہا رہے تھے۔	Urdu (Standard)	South Asia	SACOR_08
Farmers planted rice in the flooded fields.	کسانوں نے پانی والے کھیتوں میں چاول بوئے۔	Urdu (Standard)	South Asia	SACOR_01
Clear communication prevents misunderstandings.	صاف رابطہ غلط فہمیوں کو روکتا ہے۔	Urdu (Standard)	South Asia	SACOR_07
Online shopping has become popular.	آن لائن خریداری مقبول ہو گئی ہے۔	Urdu (Standard)	South Asia	SACOR_01
Learning a new language requires practice.	نئی زبان سیکھنے کے لیے مشق کی ضرورت ہے۔	Urdu (Standard)	South Asia	SACOR_05
My grandmother told me stories.	میری دادی نے مجھے کہانیاں سنائیں۔	Urdu (Standard)	South Asia	SACOR_05
The internet connects people across continents.	انٹرنیٹ براعظموں میں لوگوں کو جوڑتا ہے۔	Urdu (Standard)	South Asia	SACOR_07
Eating fresh fruits provides essential vitamins.	تازہ پھل کھانا ضروری وٹامن فراہم کرتا ہے۔	Urdu (Standard)	South Asia	SACOR_03
Traditional music is important for our heritage.	روایتی موسیقی ہماری وراثت کے لیے اہم ہے۔	Urdu (Standard)	South Asia	SACOR_01
Farmers wake up early to tend to crops.	کسان فصلوں کی دیکھ بھال کے لیے جلدی اٹھتے ہیں۔	Urdu (Standard)	South Asia	SACOR_04
Elderly people share wisdom and stories.	بزرگ لوگ حکمت اور کہانیاں بانٹتے ہیں۔	Urdu (Standard)	South Asia	SACOR_08
Tourism brings revenue to regions with historical sites.	سیاحت تاریخی مقامات والے علاقوں میں آمدنی لاتی ہے۔	Urdu (Standard)	South Asia	SACOR_05
Spices add flavor to traditional dishes.	مصالحے روایتی کھانوں میں ذائقہ بڑھاتے ہیں۔	Urdu (Standard)	South Asia	SACOR_05
Pollution in cities has become a serious problem.	شہروں میں آلودگی ایک سنجیدہ مسئلہ بن گئی ہے۔	Urdu (Standard)	South Asia	SACOR_06
After finishing his work, he sat down.	اپنا کام مکمل کرنے کے بعد، وہ بیٹھ گیا۔	Urdu (Standard)	South Asia	SACOR_08
She cooked delicious biryani for the family.	اس نے خاندان کے لیے مزیدار بریانی پکائی۔	Urdu (Standard)	South Asia	SACOR_02
Agriculture remains the primary source of income.	زراعت آمدنی کا بنیادی ذریعہ رہتی ہے۔	Urdu (Standard)	South Asia	SACOR_10
The river flows peacefully through the valley.	دریا وادی میں پرامن طریقے سے بہتا ہے۔	Urdu (Standard)	South Asia	SACOR_10
People celebrate festivals with great joy.	لوگ بہت خوشی سے تہوار مناتے ہیں۔	Urdu (Standard)	South Asia	SACOR_02
Doctors work long hours to treat patients.	ڈاکٹر مریضوں کا علاج کرنے کے لیے لمبے گھنٹے کام کرتے ہیں۔	Urdu (Standard)	South Asia	SACOR_07
Children learn best when they are interested.	بچے بہترین سیکھتے ہیں جب وہ دلچسپی رکھتے ہیں۔	Urdu (Standard)	South Asia	SACOR_08
Doctors recommend drinking plenty of water.	ڈاکٹر زیادہ پانی پینے کی صلاح دیتے ہیں۔	Urdu (Standard)	South Asia	SACOR_04
Reading books improves vocabulary.	کتابیں پڑھنا ذخیرہ الفاظ بہتر بناتا ہے۔	Urdu (Standard)	South Asia	SACOR_05
Regular exercise helps maintain good health.	منظم ورزش اچھی صحت برقرار رکھنے میں مدد کرتی ہے۔	Urdu (Standard)	South Asia	SACOR_03
Cricket is a popular sport.	کرکٹ ایک مقبول کھیل ہے۔	Urdu (Standard)	South Asia	SACOR_02
The teacher explained the lesson patiently.	استاد نے صبر سے سبق سمجھایا۔	Urdu (Standard)	South Asia	SACOR_05
Tea is served to guests as a gesture of hospitality.	مہمانوں کو مہمان نوازی کی نشانی کے طور پر چائے پیش کی جاتی ہے۔	Urdu (Standard)	South Asia	SACOR_03
Elderly people share wisdom and stories.	بزرگ لوگ حکمت اور کہانیاں بانٹتے ہیں۔	Urdu (Standard)	South Asia	SACOR_02
She cooked delicious biryani for the family.	اس نے خاندان کے لیے مزیدار بریانی پکائی۔	Urdu (Standard)	South Asia	SACOR_02
Teachers shape young minds.	استاد نوجوان ذہنوں کو شکل دیتے ہیں۔	Urdu (Standard)	South Asia	SACOR_05
The bus arrived late.	بس دیر سے پہنچی۔	Urdu (Standard)	South Asia	SACOR_01
Cricket is a popular sport.	کرکٹ ایک مقبول کھیل ہے۔	Urdu (Standard)	South Asia	SACOR_08
Small businesses create employment opportunities.	چھوٹے کاروبار روزگار کے مواقع پیدا کرتے ہیں۔	Urdu (Standard)	South Asia	SACOR_09
She walked slowly through the garden.	وہ باغ میں آہستہ آہستہ چلی۔	Urdu (Standard)	South Asia	SACOR_02
Students gathered in the library.	طلباء لائبریری میں جمع ہوئے۔	Urdu (Standard)	South Asia	SACOR_04
Eating fresh fruits provides essential vitamins.	تازہ پھل کھانا ضروری وٹامن فراہم کرتا ہے۔	Urdu (Standard)	South Asia	SACOR_07
Regular exercise helps maintain good health.	منظم ورزش اچھی صحت برقرار رکھنے میں مدد کرتی ہے۔	Urdu (Standard)	South Asia	SACOR_07
After finishing his work, he sat down.	اپنا کام مکمل کرنے کے بعد، وہ بیٹھ گیا۔	Urdu (Standard)	South Asia	SACOR_05
Smartphones have changed how people communicate.	اسمارٹ فونوں نے لوگوں کے رابطے کے طریقے کو تبدیل کر دیا ہے۔	Urdu (Standard)	South Asia	SACOR_10
We decided to visit the old temple.	ہم نے پرانے مندر کا دورہ کرنے کا فیصلہ کیا۔	Urdu (Standard)	South Asia	SACOR_03
Reading books improves vocabulary.	کتابیں پڑھنا ذخیرہ الفاظ بہتر بناتا ہے۔	Urdu (Standard)	South Asia	SACOR_10
Respecting elders is an important value.	بزرگوں کا احترام ایک اہم قدر ہے۔	Urdu (Standard)	South Asia	SACOR_01
The market was crowded with people.	بازار لوگوں سے بھرا ہوا تھا۔	Urdu (Standard)	South Asia	SACOR_08
The wedding ceremony lasted three days.	شادی کی تقریب تین دن تک چلی۔	Urdu (Standard)	South Asia	SACOR_01
Family members support each other during difficult times.	خاندان کے ممبر مشکل وقتوں میں ایک دوسرے کی مدد کرتے ہیں۔	Urdu (Standard)	South Asia	SACOR_04
Children learn best when they are interested.	بچے بہترین سیکھتے ہیں جب وہ دلچسپی رکھتے ہیں۔	Urdu (Standard)	South Asia	SACOR_09
Farmers planted rice in the flooded fields.	کسانوں نے پانی والے کھیتوں میں چاول بوئے۔	Urdu (Standard)	South Asia	SACOR_04
Children were playing cricket in the street.	بچے سڑک پر کرکٹ کھیل رہے تھے۔	Urdu (Standard)	South Asia	SACOR_10
She received a scholarship to study medicine.	اسے طب کی تعلیم کے لیے اسکالرشپ ملی۔	Urdu (Standard)	South Asia	SACOR_05
The school organized a science fair.	اسکول نے سائنس میلہ منظم کیا۔	Urdu (Standard)	South Asia	SACOR_03
Clear communication prevents misunderstandings.	صاف رابطہ غلط فہمیوں کو روکتا ہے۔	Urdu (Standard)	South Asia	SACOR_08
Storytelling preserves culture and knowledge.	کہانی سنانا ثقافت اور علم کو محفوظ رکھتا ہے۔	Urdu (Standard)	South Asia	SACOR_02
Parents sacrifice their own needs for children.	والدین بچوں کے لیے اپنی ضرورتیں قربان کرتے ہیں۔	Urdu (Standard)	South Asia	SACOR_04
Doctors work long hours to treat patients.	ڈاکٹر مریضوں کا علاج کرنے کے لیے لمبے گھنٹے کام کرتے ہیں۔	Urdu (Standard)	South Asia	SACOR_05
Pollution in cities has become a serious problem.	شہروں میں آلودگی ایک سنجیدہ مسئلہ بن گئی ہے۔	Urdu (Standard)	South Asia	SACOR_03
Digital payments have made transactions faster.	ڈیجیٹل ادائیگیوں نے معاملات تیز کر دیے ہیں۔	Urdu (Standard)	South Asia	SACOR_05
Train journeys offer scenic views.	ریل کے سفر مناظر کے نظارے پیش کرتے ہیں۔	Urdu (Standard)	South Asia	SACOR_08
The internet connects people across continents.	انٹرنیٹ براعظموں میں لوگوں کو جوڑتا ہے۔	Urdu (Standard)	South Asia	SACOR_01
People celebrate festivals with great joy.	لوگ بہت خوشی سے تہوار مناتے ہیں۔	Urdu (Standard)	South Asia	SACOR_07
Handicrafts showcase artistic traditions.	دستی کاریاں فنکارانہ روایات دکھاتی ہیں۔	Urdu (Standard)	South Asia	SACOR_05
Tea is served to guests as a gesture of hospitality.	مہمانوں کو مہمان نوازی کی نشانی کے طور پر چائے پیش کی جاتی ہے۔	Urdu (Standard)	South Asia	SACOR_10
Traditional music is important for our heritage.	روایتی موسیقی ہماری وراثت کے لیے اہم ہے۔	Urdu (Standard)	South Asia	SACOR_03
The forest is home to many wild animals.	جنگل بہت سے جنگلی جانوروں کا گھر ہے۔	Urdu (Standard)	South Asia	SACOR_03
Education opens doors to opportunities.	تعلیم مواقع کے دروازے کھولتی ہے۔	Urdu (Standard)	South Asia	SACOR_03
Birds were chirping in the trees.	پرندے درختوں میں چہچہا رہے تھے۔	Urdu (Standard)	South Asia	SACOR_06
Tourism brings revenue to regions with historical sites.	سیاحت تاریخی مقامات والے علاقوں میں آمدنی لاتی ہے۔	Urdu (Standard)	South Asia	SACOR_08
Cooking together brings family members closer.	مل کر کھانا پکانا خاندان کے ممبروں کو قریب لاتا ہے۔	Urdu (Standard)	South Asia	SACOR_02
Agriculture remains the primary source of income.	زراعت آمدنی کا بنیادی ذریعہ رہتی ہے۔	Urdu (Standard)	South Asia	SACOR_07
Online shopping has become popular.	آن لائن خریداری مقبول ہو گئی ہے۔	Urdu (Standard)	South Asia	SACOR_05
My grandmother told me stories.	میری دادی نے مجھے کہانیاں سنائیں۔	Urdu (Standard)	South Asia	SACOR_01
Spices add flavor to traditional dishes.	مصالحے روایتی کھانوں میں ذائقہ بڑھاتے ہیں۔	Urdu (Standard)	South Asia	SACOR_01
I woke up early this morning.	میں آج صبح جلدی اٹھا۔	Urdu (Standard)	South Asia	SACOR_05
The river flows peacefully through the valley.	دریا وادی میں پرامن طریقے سے بہتا ہے۔	Urdu (Standard)	South Asia	SACOR_09
Farmers wake up early to tend to crops.	کسان فصلوں کی دیکھ بھال کے لیے جلدی اٹھتے ہیں۔	Urdu (Standard)	South Asia	SACOR_10
People travel long distances to visit religious sites.	لوگ مذہبی مقامات دیکھنے کے لیے لمبی دوریاں طے کرتے ہیں۔	Urdu (Standard)	South Asia	SACOR_06
Learning a new language requires practice.	نئی زبان سیکھنے کے لیے مشق کی ضرورت ہے۔	Urdu (Standard)	South Asia	SACOR_03
Sports teach teamwork and discipline.	کھیل ٹیم ورک اور نظم و ضبط سکھاتے ہیں۔	Urdu (Standard)	South Asia	SACOR_05
Doctors recommend drinking plenty of water.	ڈاکٹر زیادہ پانی پینے کی صلاح دیتے ہیں۔	Urdu (Standard)	South Asia	SACOR_02
The teacher explained the lesson patiently.	استاد نے صبر سے سبق سمجھایا۔	Urdu (Standard)	South Asia	SACOR_05
The professor wrote equations on the blackboard.	پروفیسر نے تختے پر مساوات لکھیں۔	Urdu (Standard)	South Asia	SACOR_04
She cooked delicious biryani for the family.	اس نے خاندان کے لیے مزیدار بریانی پکائی۔	Urdu (Standard)	South Asia	SACOR_05
Education opens doors to opportunities.	تعلیم مواقع کے دروازے کھولتی ہے۔	Urdu (Standard)	South Asia	SACOR_06
Elderly people share wisdom and stories.	بزرگ لوگ حکمت اور کہانیاں بانٹتے ہیں۔	Urdu (Standard)	South Asia	SACOR_07
The internet connects people across continents.	انٹرنیٹ براعظموں میں لوگوں کو جوڑتا ہے۔	Urdu (Standard)	South Asia	SACOR_05
Handicrafts showcase artistic traditions.	دستی کاریاں فنکارانہ روایات دکھاتی ہیں۔	Urdu (Standard)	South Asia	SACOR_07
Farmers planted rice in the flooded fields.	کسانوں نے پانی والے کھیتوں میں چاول بوئے۔	Urdu (Standard)	South Asia	SACOR_07
Reading books improves vocabulary.	کتابیں پڑھنا ذخیرہ الفاظ بہتر بناتا ہے۔	Urdu (Standard)	South Asia	SACOR_04
Storytelling preserves culture and knowledge.	کہانی سنانا ثقافت اور علم کو محفوظ رکھتا ہے۔	Urdu (Standard)	South Asia	SACOR_10
After finishing his work, he sat down.	اپنا کام مکمل کرنے کے بعد، وہ بیٹھ گیا۔	Urdu (Standard)	South Asia	SACOR_08
Family members support each other during difficult times.	خاندان کے ممبر مشکل وقتوں میں ایک دوسرے کی مدد کرتے ہیں۔	Urdu (Standard)	South Asia	SACOR_02
Traditional music is important for our heritage.	روایتی موسیقی ہماری وراثت کے لیے اہم ہے۔	Urdu (Standard)	South Asia	SACOR_09
Farmers wake up early to tend to crops.	کسان فصلوں کی دیکھ بھال کے لیے جلدی اٹھتے ہیں۔	Urdu (Standard)	South Asia	SACOR_01
Online shopping has become popular.	آن لائن خریداری مقبول ہو گئی ہے۔	Urdu (Standard)	South Asia	SACOR_02
Tea is served to guests as a gesture of hospitality.	مہمانوں کو مہمان نوازی کی نشانی کے طور پر چائے پیش کی جاتی ہے۔	Urdu (Standard)	South Asia	SACOR_03
She walked slowly through the garden.	وہ باغ میں آہستہ آہستہ چلی۔	Urdu (Standard)	South Asia	SACOR_01
Teachers shape young minds.	استاد نوجوان ذہنوں کو شکل دیتے ہیں۔	Urdu (Standard)	South Asia	SACOR_07
Tourism brings revenue to regions with historical sites.	سیاحت تاریخی مقامات والے علاقوں میں آمدنی لاتی ہے۔	Urdu (Standard)	South Asia	SACOR_04
Children learn best when they are interested.	بچے بہترین سیکھتے ہیں جب وہ دلچسپی رکھتے ہیں۔	Urdu (Standard)	South Asia	SACOR_04
Parents sacrifice their own needs for children.	والدین بچوں کے لیے اپنی ضرورتیں قربان کرتے ہیں۔	Urdu (Standard)	South Asia	SACOR_06
The market was crowded with people.	بازار لوگوں سے بھرا ہوا تھا۔	Urdu (Standard)	South Asia	SACOR_08
The teacher explained the lesson patiently.	استاد نے صبر سے سبق سمجھایا۔	Urdu (Standard)	South Asia	SACOR_06
Cricket is a popular sport.	کرکٹ ایک مقبول کھیل ہے۔	Urdu (Standard)	South Asia	SACOR_10
The forest is home to many wild animals.	جنگل بہت سے جنگلی جانوروں کا گھر ہے۔	Urdu (Standard)	South Asia	SACOR_10
Small businesses create employment opportunities.	چھوٹے کاروبار روزگار کے مواقع پیدا کرتے ہیں۔	Urdu (Standard)	South Asia	SACOR_08
I woke up early this morning.	میں آج صبح جلدی اٹھا۔	Urdu (Standard)	South Asia	SACOR_10
Cooking together brings family members closer.	مل کر کھانا پکانا خاندان کے ممبروں کو قریب لاتا ہے۔	Urdu (Standard)	South Asia	SACOR_05
Respecting elders is an important value.	بزرگوں کا احترام ایک اہم قدر ہے۔	Urdu (Standard)	South Asia	SACOR_10
Agriculture remains the primary source of income.	زراعت آمدنی کا بنیادی ذریعہ رہتی ہے۔	Urdu (Standard)	South Asia	SACOR_08
Spices add flavor to traditional dishes.	مصالحے روایتی کھانوں میں ذائقہ بڑھاتے ہیں۔	Urdu (Standard)	South Asia	SACOR_06
Digital payments have made transactions faster.	ڈیجیٹل ادائیگیوں نے معاملات تیز کر دیے ہیں۔	Urdu (Standard)	South Asia	SACOR_07
Doctors recommend drinking plenty of water.	ڈاکٹر زیادہ پانی پینے کی صلاح دیتے ہیں۔	Urdu (Standard)	South Asia	SACOR_08
Regular exercise helps maintain good health.	منظم ورزش اچھی صحت برقرار رکھنے میں مدد کرتی ہے۔	Urdu (Standard)	South Asia	SACOR_06
Eating fresh fruits provides essential vitamins.	تازہ پھل کھانا ضروری وٹامن فراہم کرتا ہے۔	Urdu (Standard)	South Asia	SACOR_07
My grandmother told me stories.	میری دادی نے مجھے کہانیاں سنائیں۔	Urdu (Standard)	South Asia	SACOR_05
Students gathered in the library.	طلباء لائبریری میں جمع ہوئے۔	Urdu (Standard)	South Asia	SACOR_07
Train journeys offer scenic views.	ریل کے سفر مناظر کے نظارے پیش کرتے ہیں۔	Urdu (Standard)	South Asia	SACOR_07
People travel long distances to visit religious sites.	لوگ مذہبی مقامات دیکھنے کے لیے لمبی دوریاں طے کرتے ہیں۔	Urdu (Standard)	South Asia	SACOR_08
Pollution in cities has become a serious problem.	شہروں میں آلودگی ایک سنجیدہ مسئلہ بن گئی ہے۔	Urdu (Standard)	South Asia	SACOR_07
Learning a new language requires practice.	نئی زبان سیکھنے کے لیے مشق کی ضرورت ہے۔	Urdu (Standard)	South Asia	SACOR_07
The school organized a science fair.	اسکول نے سائنس میلہ منظم کیا۔	Urdu (Standard)	South Asia	SACOR_08
Doctors work long hours to treat patients.	ڈاکٹر مریضوں کا علاج کرنے کے لیے لمبے گھنٹے کام کرتے ہیں۔	Urdu (Standard)	South Asia	SACOR_05
Birds were chirping in the trees.	پرندے درختوں میں چہچہا رہے تھے۔	Urdu (Standard)	South Asia	SACOR_10
People celebrate festivals with great joy.	لوگ بہت خوشی سے تہوار مناتے ہیں۔	Urdu (Standard)	South Asia	SACOR_02
The wedding ceremony lasted three days.	شادی کی تقریب تین دن تک چلی۔	Urdu (Standard)	South Asia	SACOR_04
We decided to visit the old temple.	ہم نے پرانے مندر کا دورہ کرنے کا فیصلہ کیا۔	Urdu (Standard)	South Asia	SACOR_05
Smartphones have changed how people communicate.	اسمارٹ فونوں نے لوگوں کے رابطے کے طریقے کو تبدیل کر دیا ہے۔	Urdu (Standard)	South Asia	SACOR_09
She received a scholarship to study medicine.	اسے طب کی تعلیم کے لیے اسکالرشپ ملی۔	Urdu (Standard)	South Asia	SACOR_02
Clear communication prevents misunderstandings.	صاف رابطہ غلط فہمیوں کو روکتا ہے۔	Urdu (Standard)	South Asia	SACOR_07
Sports teach teamwork and discipline.	کھیل ٹیم ورک اور نظم و ضبط سکھاتے ہیں۔	Urdu (Standard)	South Asia	SACOR_10
The river flows peacefully through the valley.	دریا وادی میں پرامن طریقے سے بہتا ہے۔	Urdu (Standard)	South Asia	SACOR_05
The professor wrote equations on the blackboard.	پروفیسر نے تختے پر مساوات لکھیں۔	Urdu (Standard)	South Asia	SACOR_01
The bus arrived late.	بس دیر سے پہنچی۔	Urdu (Standard)	South Asia	SACOR_04
Children were playing cricket in the street.	بچے سڑک پر کرکٹ کھیل رہے تھے۔	Urdu (Standard)	South Asia	SACOR_03
The river flows peacefully through the valley.	دریا وادی میں پرامن طریقے سے بہتا ہے۔	Urdu (Standard)	South Asia	SACOR_05
Handicrafts showcase artistic traditions.	دستی کاریاں فنکارانہ روایات دکھاتی ہیں۔	Urdu (Standard)	South Asia	SACOR_03
Regular exercise helps maintain good health.	منظم ورزش اچھی صحت برقرار رکھنے میں مدد کرتی ہے۔	Urdu (Standard)	South Asia	SACOR_03
Traditional music is important for our heritage.	روایتی موسیقی ہماری وراثت کے لیے اہم ہے۔	Urdu (Standard)	South Asia	SACOR_02
She cooked delicious biryani for the family.	اس نے خاندان کے لیے مزیدار بریانی پکائی۔	Urdu (Standard)	South Asia	SACOR_07
The internet connects people across continents.	انٹرنیٹ براعظموں میں لوگوں کو جوڑتا ہے۔	Urdu (Standard)	South Asia	SACOR_05
The school organized a science fair.	اسکول نے سائنس میلہ منظم کیا۔	Urdu (Standard)	South Asia	SACOR_06
Smartphones have changed how people communicate.	اسمارٹ فونوں نے لوگوں کے رابطے کے طریقے کو تبدیل کر دیا ہے۔	Urdu (Standard)	South Asia	SACOR_04
The bus arrived late.	بس دیر سے پہنچی۔	Urdu (Standard)	South Asia	SACOR_03
Students gathered in the library.	طلباء لائبریری میں جمع ہوئے۔	Urdu (Standard)	South Asia	SACOR_05
Family members support each other during difficult times.	خاندان کے ممبر مشکل وقتوں میں ایک دوسرے کی مدد کرتے ہیں۔	Urdu (Standard)	South Asia	SACOR_05
Cooking together brings family members closer.	مل کر کھانا پکانا خاندان کے ممبروں کو قریب لاتا ہے۔	Urdu (Standard)	South Asia	SACOR_03
Doctors work long hours to treat patients.	ڈاکٹر مریضوں کا علاج کرنے کے لیے لمبے گھنٹے کام کرتے ہیں۔	Urdu (Standard)	South Asia	SACOR_02
Digital payments have made transactions faster.	ڈیجیٹل ادائیگیوں نے معاملات تیز کر دیے ہیں۔	Urdu (Standard)	South Asia	SACOR_05
Small businesses create employment opportunities.	چھوٹے کاروبار روزگار کے مواقع پیدا کرتے ہیں۔	Urdu (Standard)	South Asia	SACOR_07
Online shopping has become popular.	آن لائن خریداری مقبول ہو گئی ہے۔	Urdu (Standard)	South Asia	SACOR_02
I woke up early this morning.	میں آج صبح جلدی اٹھا۔	Urdu (Standard)	South Asia	SACOR_01
Agriculture remains the primary source of income.	زراعت آمدنی کا بنیادی ذریعہ رہتی ہے۔	Urdu (Standard)	South Asia	SACOR_01
After finishing his work, he sat down.	اپنا کام مکمل کرنے کے بعد، وہ بیٹھ گیا۔	Urdu (Standard)	South Asia	SACOR_05
Sports teach teamwork and discipline.	کھیل ٹیم ورک اور نظم و ضبط سکھاتے ہیں۔	Urdu (Standard)	South Asia	SACOR_10
She received a scholarship to study medicine.	اسے طب کی تعلیم کے لیے اسکالرشپ ملی۔	Urdu (Standard)	South Asia	SACOR_09
My grandmother told me stories.	میری دادی نے مجھے کہانیاں سنائیں۔	Urdu (Standard)	South Asia	SACOR_04
Eating fresh fruits provides essential vitamins.	تازہ پھل کھانا ضروری وٹامن فراہم کرتا ہے۔	Urdu (Standard)	South Asia	SACOR_06
Farmers planted rice in the flooded fields.	کسانوں نے پانی والے کھیتوں میں چاول بوئے۔	Urdu (Standard)	South Asia	SACOR_10
Parents sacrifice their own needs for children.	والدین بچوں کے لیے اپنی ضرورتیں قربان کرتے ہیں۔	Urdu (Standard)	South Asia	SACOR_01
Children learn best when they are interested.	بچے بہترین سیکھتے ہیں جب وہ دلچسپی رکھتے ہیں۔	Urdu (Standard)	South Asia	SACOR_01
The teacher explained the lesson patiently.	استاد نے صبر سے سبق سمجھایا۔	Urdu (Standard)	South Asia	SACOR_06
People travel long distances to visit religious sites.	لوگ مذہبی مقامات دیکھنے کے لیے لمبی دوریاں طے کرتے ہیں۔	Urdu (Standard)	South Asia	SACOR_09
Clear communication prevents misunderstandings.	صاف رابطہ غلط فہمیوں کو روکتا ہے۔	Urdu (Standard)	South Asia	SACOR_02
Respecting elders is an important value.	بزرگوں کا احترام ایک اہم قدر ہے۔	Urdu (Standard)	South Asia	SACOR_10
Education opens doors to opportunities.	تعلیم مواقع کے دروازے کھولتی ہے۔	Urdu (Standard)	South Asia	SACOR_09
Learning a new language requires practice.	نئی زبان سیکھنے کے لیے مشق کی ضرورت ہے۔	Urdu (Standard)	South Asia	SACOR_04
Storytelling preserves culture and knowledge.	کہانی سنانا ثقافت اور علم کو محفوظ رکھتا ہے۔	Urdu (Standard)	South Asia	SACOR_07
We decided to visit the old temple.	ہم نے پرانے مندر کا دورہ کرنے کا فیصلہ کیا۔	Urdu (Standard)	South Asia	SACOR_06
Pollution in cities has become a serious problem.	شہروں میں آلودگی ایک سنجیدہ مسئلہ بن گئی ہے۔	Urdu (Standard)	South Asia	SACOR_02
Farmers wake up early to tend to crops.	کسان فصلوں کی دیکھ بھال کے لیے جلدی اٹھتے ہیں۔	Urdu (Standard)	South Asia	SACOR_05
Doctors recommend drinking plenty of water.	ڈاکٹر زیادہ پانی پینے کی صلاح دیتے ہیں۔	Urdu (Standard)	South Asia	SACOR_07
Elderly people share wisdom and stories.	بزرگ لوگ حکمت اور کہانیاں بانٹتے ہیں۔	Urdu (Standard)	South Asia	SACOR_10
People celebrate festivals with great joy.	لوگ بہت خوشی سے تہوار مناتے ہیں۔	Urdu (Standard)	South Asia	SACOR_01
Train journeys offer scenic views.	ریل کے سفر مناظر کے نظارے پیش کرتے ہیں۔	Urdu (Standard)	South Asia	SACOR_06
Tourism brings revenue to regions with historical sites.	سیاحت تاریخی مقامات والے علاقوں میں آمدنی لاتی ہے۔	Urdu (Standard)	South Asia	SACOR_10
Birds were chirping in the trees.	پرندے درختوں میں چہچہا رہے تھے۔	Urdu (Standard)	South Asia	SACOR_02
Teachers shape young minds.	استاد نوجوان ذہنوں کو شکل دیتے ہیں۔	Urdu (Standard)	South Asia	SACOR_09
Spices add flavor to traditional dishes.	مصالحے روایتی کھانوں میں ذائقہ بڑھاتے ہیں۔	Urdu (Standard)	South Asia	SACOR_04
The professor wrote equations on the blackboard.	پروفیسر نے تختے پر مساوات لکھیں۔	Urdu (Standard)	South Asia	SACOR_08
The forest is home to many wild animals.	جنگل بہت سے جنگلی جانوروں کا گھر ہے۔	Urdu (Standard)	South Asia	SACOR_07
Children were playing cricket in the street.	بچے سڑک پر کرکٹ کھیل رہے تھے۔	Urdu (Standard)	South Asia	SACOR_06
She walked slowly through the garden.	وہ باغ میں آہستہ آہستہ چلی۔	Urdu (Standard)	South Asia	SACOR_04
The wedding ceremony lasted three days.	شادی کی تقریب تین دن تک چلی۔	Urdu (Standard)	South Asia	SACOR_10
Reading books improves vocabulary.	کتابیں پڑھنا ذخیرہ الفاظ بہتر بناتا ہے۔	Urdu (Standard)	South Asia	SACOR_08
Cricket is a popular sport.	کرکٹ ایک مقبول کھیل ہے۔	Urdu (Standard)	South Asia	SACOR_10
Tea is served to guests as a gesture of hospitality.	مہمانوں کو مہمان نوازی کی نشانی کے طور پر چائے پیش کی جاتی ہے۔	Urdu (Standard)	South Asia	SACOR_01
The market was crowded with people.	بازار لوگوں سے بھرا ہوا تھا۔	Urdu (Standard)	South Asia	SACOR_01
I woke up early this morning.	میں آج صبح جلدی اٹھا۔	Urdu (Standard)	South Asia	SACOR_06
People travel long distances to visit religious sites.	لوگ مذہبی مقامات دیکھنے کے لیے لمبی دوریاں طے کرتے ہیں۔	Urdu (Standard)	South Asia	SACOR_08
Respecting elders is an important value.	بزرگوں کا احترام ایک اہم قدر ہے۔	Urdu (Standard)	South Asia	SACOR_09
After finishing his work, he sat down.	اپنا کام مکمل کرنے کے بعد، وہ بیٹھ گیا۔	Urdu (Standard)	South Asia	SACOR_04
Farmers wake up early to tend to crops.	کسان فصلوں کی دیکھ بھال کے لیے جلدی اٹھتے ہیں۔	Urdu (Standard)	South Asia	SACOR_05
Elderly people share wisdom and stories.	بزرگ لوگ حکمت اور کہانیاں بانٹتے ہیں۔	Urdu (Standard)	South Asia	SACOR_02
Teachers shape young minds.	استاد نوجوان ذہنوں کو شکل دیتے ہیں۔	Urdu (Standard)	South Asia	SACOR_01
Cricket is a popular sport.	کرکٹ ایک مقبول کھیل ہے۔	Urdu (Standard)	South Asia	SACOR_09
She cooked delicious biryani for the family.	اس نے خاندان کے لیے مزیدار بریانی پکائی۔	Urdu (Standard)	South Asia	SACOR_01
Traditional music is important for our heritage.	روایتی موسیقی ہماری وراثت کے لیے اہم ہے۔	Urdu (Standard)	South Asia	SACOR_08
Regular exercise helps maintain good health.	منظم ورزش اچھی صحت برقرار رکھنے میں مدد کرتی ہے۔	Urdu (Standard)	South Asia	SACOR_06
The professor wrote equations on the blackboard.	پروفیسر نے تختے پر مساوات لکھیں۔	Urdu (Standard)	South Asia	SACOR_01
Cooking together brings family members closer.	مل کر کھانا پکانا خاندان کے ممبروں کو قریب لاتا ہے۔	Urdu (Standard)	South Asia	SACOR_10
Smartphones have changed how people communicate.	اسمارٹ فونوں نے لوگوں کے رابطے کے طریقے کو تبدیل کر دیا ہے۔	Urdu (Standard)	South Asia	SACOR_06
People celebrate festivals with great joy.	لوگ بہت خوشی سے تہوار مناتے ہیں۔	Urdu (Standard)	South Asia	SACOR_01
Spices add flavor to traditional dishes.	مصالحے روایتی کھانوں میں ذائقہ بڑھاتے ہیں۔	Urdu (Standard)	South Asia	SACOR_04
We decided to visit the old temple.	ہم نے پرانے مندر کا دورہ کرنے کا فیصلہ کیا۔	Urdu (Standard)	South Asia	SACOR_06
Children were playing cricket in the street.	بچے سڑک پر کرکٹ کھیل رہے تھے۔	Urdu (Standard)	South Asia	SACOR_05
Education opens doors to opportunities.	تعلیم مواقع کے دروازے کھولتی ہے۔	Urdu (Standard)	South Asia	SACOR_06
Storytelling preserves culture and knowledge.	کہانی سنانا ثقافت اور علم کو محفوظ رکھتا ہے۔	Urdu (Standard)	South Asia	SACOR_02
The internet connects people across continents.	انٹرنیٹ براعظموں میں لوگوں کو جوڑتا ہے۔	Urdu (Standard)	South Asia	SACOR_04
Digital payments have made transactions faster.	ڈیجیٹل ادائیگیوں نے معاملات تیز کر دیے ہیں۔	Urdu (Standard)	South Asia	SACOR_07
The market was crowded with people.	بازار لوگوں سے بھرا ہوا تھا۔	Urdu (Standard)	South Asia	SACOR_05
Learning a new language requires practice.	نئی زبان سیکھنے کے لیے مشق کی ضرورت ہے۔	Urdu (Standard)	South Asia	SACOR_01
Clear communication prevents misunderstandings.	صاف رابطہ غلط فہمیوں کو روکتا ہے۔	Urdu (Standard)	South Asia	SACOR_03
She walked slowly through the garden.	وہ باغ میں آہستہ آہستہ چلی۔	Urdu (Standard)	South Asia	SACOR_10
Eating fresh fruits provides essential vitamins.	تازہ پھل کھانا ضروری وٹامن فراہم کرتا ہے۔	Urdu (Standard)	South Asia	SACOR_05
Train journeys offer scenic views.	ریل کے سفر مناظر کے نظارے پیش کرتے ہیں۔	Urdu (Standard)	South Asia	SACOR_03
Doctors recommend drinking plenty of water.	ڈاکٹر زیادہ پانی پینے کی صلاح دیتے ہیں۔	Urdu (Standard)	South Asia	SACOR_03
The bus arrived late.	بس دیر سے پہنچی۔	Urdu (Standard)	South Asia	SACOR_01
She received a scholarship to study medicine.	اسے طب کی تعلیم کے لیے اسکالرشپ ملی۔	Urdu (Standard)	South Asia	SACOR_09
Parents sacrifice their own needs for children.	والدین بچوں کے لیے اپنی ضرورتیں قربان کرتے ہیں۔	Urdu (Standard)	South Asia	SACOR_06
Tourism brings revenue to regions with historical sites.	سیاحت تاریخی مقامات والے علاقوں میں آمدنی لاتی ہے۔	Urdu (Standard)	South Asia	SACOR_10
The forest is home to many wild animals.	جنگل بہت سے جنگلی جانوروں کا گھر ہے۔	Urdu (Standard)	South Asia	SACOR_06
The river flows peacefully through the valley.	دریا وادی میں پرامن طریقے سے بہتا ہے۔	Urdu (Standard)	South Asia	SACOR_01
Tea is served to guests as a gesture of hospitality.	مہمانوں کو مہمان نوازی کی نشانی کے طور پر چائے پیش کی جاتی ہے۔	Urdu (Standard)	South Asia	SACOR_04
My grandmother told me stories.	میری دادی نے مجھے کہانیاں سنائیں۔	Urdu (Standard)	South Asia	SACOR_02
Children learn best when they are interested.	بچے بہترین سیکھتے ہیں جب وہ دلچسپی رکھتے ہیں۔	Urdu (Standard)	South Asia	SACOR_03
Handicrafts showcase artistic traditions.	دستی کاریاں فنکارانہ روایات دکھاتی ہیں۔	Urdu (Standard)	South Asia	SACOR_02
Reading books improves vocabulary.	کتابیں پڑھنا ذخیرہ الفاظ بہتر بناتا ہے۔	Urdu (Standard)	South Asia	SACOR_06
The teacher explained the lesson patiently.	استاد نے صبر سے سبق سمجھایا۔	Urdu (Standard)	South Asia	SACOR_06
Doctors work long hours to treat patients.	ڈاکٹر مریضوں کا علاج کرنے کے لیے لمبے گھنٹے کام کرتے ہیں۔	Urdu (Standard)	South Asia	SACOR_10
Small businesses create employment opportunities.	چھوٹے کاروبار روزگار کے مواقع پیدا کرتے ہیں۔	Urdu (Standard)	South Asia	SACOR_06
Students gathered in the library.	طلباء لائبریری میں جمع ہوئے۔	Urdu (Standard)	South Asia	SACOR_10
Family members support each other during difficult times.	خاندان کے ممبر مشکل وقتوں میں ایک دوسرے کی مدد کرتے ہیں۔	Urdu (Standard)	South Asia	SACOR_10
Pollution in cities has become a serious problem.	شہروں میں آلودگی ایک سنجیدہ مسئلہ بن گئی ہے۔	Urdu (Standard)	South Asia	SACOR_06
Agriculture remains the primary source of income.	زراعت آمدنی کا بنیادی ذریعہ رہتی ہے۔	Urdu (Standard)	South Asia	SACOR_10
The school organized a science fair.	اسکول نے سائنس میلہ منظم کیا۔	Urdu (Standard)	South Asia	SACOR_03
Birds were chirping in the trees.	پرندے درختوں میں چہچہا رہے تھے۔	Urdu (Standard)	South Asia	SACOR_05
Farmers planted rice in the flooded fields.	کسانوں نے پانی والے کھیتوں میں چاول بوئے۔	Urdu (Standard)	South Asia	SACOR_02
The wedding ceremony lasted three days.	شادی کی تقریب تین دن تک چلی۔	Urdu (Standard)	South Asia	SACOR_10
Sports teach teamwork and discipline.	کھیل ٹیم ورک اور نظم و ضبط سکھاتے ہیں۔	Urdu (Standard)	South Asia	SACOR_08
Online shopping has become popular.	آن لائن خریداری مقبول ہو گئی ہے۔	Urdu (Standard)	South Asia	SACOR_02
Smartphones have changed how people communicate.	اسمارٹ فونوں نے لوگوں کے رابطے کے طریقے کو تبدیل کر دیا ہے۔	Urdu (Standard)	South Asia	SACOR_07
The market was crowded with people.	بازار لوگوں سے بھرا ہوا تھا۔	Urdu (Standard)	South Asia	SACOR_07
Farmers planted rice in the flooded fields.	کسانوں نے پانی والے کھیتوں میں چاول بوئے۔	Urdu (Standard)	South Asia	SACOR_06
I woke up early this morning.	میں آج صبح جلدی اٹھا۔	Urdu (Standard)	South Asia	SACOR_06
Pollution in cities has become a serious problem.	شہروں میں آلودگی ایک سنجیدہ مسئلہ بن گئی ہے۔	Urdu (Standard)	South Asia	SACOR_04
Eating fresh fruits provides essential vitamins.	تازہ پھل کھانا ضروری وٹامن فراہم کرتا ہے۔	Urdu (Standard)	South Asia	SACOR_07
Farmers wake up early to tend to crops.	کسان فصلوں کی دیکھ بھال کے لیے جلدی اٹھتے ہیں۔	Urdu (Standard)	South Asia	SACOR_01
Handicrafts showcase artistic traditions.	دستی کاریاں فنکارانہ روایات دکھاتی ہیں۔	Urdu (Standard)	South Asia	SACOR_02
Students gathered in the library.	طلباء لائبریری میں جمع ہوئے۔	Urdu (Standard)	South Asia	SACOR_09
Children learn best when they are interested.	بچے بہترین سیکھتے ہیں جب وہ دلچسپی رکھتے ہیں۔	Urdu (Standard)	South Asia	SACOR_02
The school organized a science fair.	اسکول نے سائنس میلہ منظم کیا۔	Urdu (Standard)	South Asia	SACOR_02
Agriculture remains the primary source of income.	زراعت آمدنی کا بنیادی ذریعہ رہتی ہے۔	Urdu (Standard)	South Asia	SACOR_08
Elderly people share wisdom and stories.	بزرگ لوگ حکمت اور کہانیاں بانٹتے ہیں۔	Urdu (Standard)	South Asia	SACOR_01
Spices add flavor to traditional dishes.	مصالحے روایتی کھانوں میں ذائقہ بڑھاتے ہیں۔	Urdu (Standard)	South Asia	SACOR_04
Small businesses create employment opportunities.	چھوٹے کاروبار روزگار کے مواقع پیدا کرتے ہیں۔	Urdu (Standard)	South Asia	SACOR_03
People travel long distances to visit religious sites.	لوگ مذہبی مقامات دیکھنے کے لیے لمبی دوریاں طے کرتے ہیں۔	Urdu (Standard)	South Asia	SACOR_09
Regular exercise helps maintain good health.	منظم ورزش اچھی صحت برقرار رکھنے میں مدد کرتی ہے۔	Urdu (Standard)	South Asia	SACOR_01
Train journeys offer scenic views.	ریل کے سفر مناظر کے نظارے پیش کرتے ہیں۔	Urdu (Standard)	South Asia	SACOR_04
She cooked delicious biryani for the family.	اس نے خاندان کے لیے مزیدار بریانی پکائی۔	Urdu (Standard)	South Asia	SACOR_03
Learning a new language requires practice.	نئی زبان سیکھنے کے لیے مشق کی ضرورت ہے۔	Urdu (Standard)	South Asia	SACOR_06
She received a scholarship to study medicine.	اسے طب کی تعلیم کے لیے اسکالرشپ ملی۔	Urdu (Standard)	South Asia	SACOR_04
My grandmother told me stories.	میری دادی نے مجھے کہانیاں سنائیں۔	Urdu (Standard)	South Asia	SACOR_09
Education opens doors to opportunities.	تعلیم مواقع کے دروازے کھولتی ہے۔	Urdu (Standard)	South Asia	SACOR_04
Family members support each other during difficult times.	خاندان کے ممبر مشکل وقتوں میں ایک دوسرے کی مدد کرتے ہیں۔	Urdu (Standard)	South Asia	SACOR_07
Doctors recommend drinking plenty of water.	ڈاکٹر زیادہ پانی پینے کی صلاح دیتے ہیں۔	Urdu (Standard)	South Asia	SACOR_02
Digital payments have made transactions faster.	ڈیجیٹل ادائیگیوں نے معاملات تیز کر دیے ہیں۔	Urdu (Standard)	South Asia	SACOR_05
The river flows peacefully through the valley.	دریا وادی میں پرامن طریقے سے بہتا ہے۔	Urdu (Standard)	South Asia	SACOR_05
Storytelling preserves culture and knowledge.	کہانی سنانا ثقافت اور علم کو محفوظ رکھتا ہے۔	Urdu (Standard)	South Asia	SACOR_10
The teacher explained the lesson patiently.	استاد نے صبر سے سبق سمجھایا۔	Urdu (Standard)	South Asia	SACOR_02
Respecting elders is an important value.	بزرگوں کا احترام ایک اہم قدر ہے۔	Urdu (Standard)	South Asia	SACOR_08
She walked slowly through the garden.	وہ باغ میں آہستہ آہستہ چلی۔	Urdu (Standard)	South Asia	SACOR_10
Online shopping has become popular.	آن لائن خریداری مقبول ہو گئی ہے۔	Urdu (Standard)	South Asia	SACOR_03
Children were playing cricket in the street.	بچے سڑک پر کرکٹ کھیل رہے تھے۔	Urdu (Standard)	South Asia	SACOR_02
People celebrate festivals with great joy.	لوگ بہت خوشی سے تہوار مناتے ہیں۔	Urdu (Standard)	South Asia	SACOR_07
Tourism brings revenue to regions with historical sites.	سیاحت تاریخی مقامات والے علاقوں میں آمدنی لاتی ہے۔	Urdu (Standard)	South Asia	SACOR_06
Clear communication prevents misunderstandings.	صاف رابطہ غلط فہمیوں کو روکتا ہے۔	Urdu (Standard)	South Asia	SACOR_02
Tea is served to guests as a gesture of hospitality.	مہمانوں کو مہمان نوازی کی نشانی کے طور پر چائے پیش کی جاتی ہے۔	Urdu (Standard)	South Asia	SACOR_05
The bus arrived late.	بس دیر سے پہنچی۔	Urdu (Standard)	South Asia	SACOR_09
The internet connects people across continents.	انٹرنیٹ براعظموں میں لوگوں کو جوڑتا ہے۔	Urdu (Standard)	South Asia	SACOR_02
Traditional music is important for our heritage.	روایتی موسیقی ہماری وراثت کے لیے اہم ہے۔	Urdu (Standard)	South Asia	SACOR_02
After finishing his work, he sat down.	اپنا کام مکمل کرنے کے بعد، وہ بیٹھ گیا۔	Urdu (Standard)	South Asia	SACOR_02
The professor wrote equations on the blackboard.	پروفیسر نے تختے پر مساوات لکھیں۔	Urdu (Standard)	South Asia	SACOR_05
Reading books improves vocabulary.	کتابیں پڑھنا ذخیرہ الفاظ بہتر بناتا ہے۔	Urdu (Standard)	South Asia	SACOR_07
We decided to visit the old temple.	ہم نے پرانے مندر کا دورہ کرنے کا فیصلہ کیا۔	Urdu (Standard)	South Asia	SACOR_09
The forest is home to many wild animals.	جنگل بہت سے جنگلی جانوروں کا گھر ہے۔	Urdu (Standard)	South Asia	SACOR_08
Doctors work long hours to treat patients.	ڈاکٹر مریضوں کا علاج کرنے کے لیے لمبے گھنٹے کام کرتے ہیں۔	Urdu (Standard)	South Asia	SACOR_03
Birds were chirping in the trees.	پرندے درختوں میں چہچہا رہے تھے۔	Urdu (Standard)	South Asia	SACOR_07
Teachers shape young minds.	استاد نوجوان ذہنوں کو شکل دیتے ہیں۔	Urdu (Standard)	South Asia	SACOR_02
Parents sacrifice their own needs for children.	والدین بچوں کے لیے اپنی ضرورتیں قربان کرتے ہیں۔	Urdu (Standard)	South Asia	SACOR_02
Cricket is a popular sport.	کرکٹ ایک مقبول کھیل ہے۔	Urdu (Standard)	South Asia	SACOR_08
The wedding ceremony lasted three days.	شادی کی تقریب تین دن تک چلی۔	Urdu (Standard)	South Asia	SACOR_04
Cooking together brings family members closer.	مل کر کھانا پکانا خاندان کے ممبروں کو قریب لاتا ہے۔	Urdu (Standard)	South Asia	SACOR_08
Sports teach teamwork and discipline.	کھیل ٹیم ورک اور نظم و ضبط سکھاتے ہیں۔	Urdu (Standard)	South Asia	SACOR_01
She cooked delicious biryani for the family.	اس نے خاندان کے لیے مزیدار بریانی پکائی۔	Urdu (Standard)	South Asia	SACOR_03
Teachers shape young minds.	استاد نوجوان ذہنوں کو شکل دیتے ہیں۔	Urdu (Standard)	South Asia	SACOR_02
Family members support each other during difficult times.	خاندان کے ممبر مشکل وقتوں میں ایک دوسرے کی مدد کرتے ہیں۔	Urdu (Standard)	South Asia	SACOR_06
Tea is served to guests as a gesture of hospitality.	مہمانوں کو مہمان نوازی کی نشانی کے طور پر چائے پیش کی جاتی ہے۔	Urdu (Standard)	South Asia	SACOR_04
Doctors recommend drinking plenty of water.	ڈاکٹر زیادہ پانی پینے کی صلاح دیتے ہیں۔	Urdu (Standard)	South Asia	SACOR_09
Learning a new language requires practice.	نئی زبان سیکھنے کے لیے مشق کی ضرورت ہے۔	Urdu (Standard)	South Asia	SACOR_05
Digital payments have made transactions faster.	ڈیجیٹل ادائیگیوں نے معاملات تیز کر دیے ہیں۔	Urdu (Standard)	South Asia	SACOR_06
My grandmother told me stories.	میری دادی نے مجھے کہانیاں سنائیں۔	Urdu (Standard)	South Asia	SACOR_01
The bus arrived late.	بس دیر سے پہنچی۔	Urdu (Standard)	South Asia	SACOR_04
Handicrafts showcase artistic traditions.	دستی کاریاں فنکارانہ روایات دکھاتی ہیں۔	Urdu (Standard)	South Asia	SACOR_06
After finishing his work, he sat down.	اپنا کام مکمل کرنے کے بعد، وہ بیٹھ گیا۔	Urdu (Standard)	South Asia	SACOR_06
Clear communication prevents misunderstandings.	صاف رابطہ غلط فہمیوں کو روکتا ہے۔	Urdu (Standard)	South Asia	SACOR_10
Traditional music is important for our heritage.	روایتی موسیقی ہماری وراثت کے لیے اہم ہے۔	Urdu (Standard)	South Asia	SACOR_10
Storytelling preserves culture and knowledge.	کہانی سنانا ثقافت اور علم کو محفوظ رکھتا ہے۔	Urdu (Standard)	South Asia	SACOR_07
She received a scholarship to study medicine.	اسے طب کی تعلیم کے لیے اسکالرشپ ملی۔	Urdu (Standard)	South Asia	SACOR_08
Pollution in cities has become a serious problem.	شہروں میں آلودگی ایک سنجیدہ مسئلہ بن گئی ہے۔	Urdu (Standard)	South Asia	SACOR_04
People celebrate festivals with great joy.	لوگ بہت خوشی سے تہوار مناتے ہیں۔	Urdu (Standard)	South Asia	SACOR_02
Tourism brings revenue to regions with historical sites.	سیاحت تاریخی مقامات والے علاقوں میں آمدنی لاتی ہے۔	Urdu (Standard)	South Asia	SACOR_04
We decided to visit the old temple.	ہم نے پرانے مندر کا دورہ کرنے کا فیصلہ کیا۔	Urdu (Standard)	South Asia	SACOR_02
Education opens doors to opportunities.	تعلیم مواقع کے دروازے کھولتی ہے۔	Urdu (Standard)	South Asia	SACOR_03
Doctors work long hours to treat patients.	ڈاکٹر مریضوں کا علاج کرنے کے لیے لمبے گھنٹے کام کرتے ہیں۔	Urdu (Standard)	South Asia	SACOR_02
Farmers wake up early to tend to crops.	کسان فصلوں کی دیکھ بھال کے لیے جلدی اٹھتے ہیں۔	Urdu (Standard)	South Asia	SACOR_04
Farmers planted rice in the flooded fields.	کسانوں نے پانی والے کھیتوں میں چاول بوئے۔	Urdu (Standard)	South Asia	SACOR_02
The forest is home to many wild animals.	جنگل بہت سے جنگلی جانوروں کا گھر ہے۔	Urdu (Standard)	South Asia	SACOR_03
She walked slowly through the garden.	وہ باغ میں آہستہ آہستہ چلی۔	Urdu (Standard)	South Asia	SACOR_05
Birds were chirping in the trees.	پرندے درختوں میں چہچہا رہے تھے۔	Urdu (Standard)	South Asia	SACOR_04
Sports teach teamwork and discipline.	کھیل ٹیم ورک اور نظم و ضبط سکھاتے ہیں۔	Urdu (Standard)	South Asia	SACOR_05
Regular exercise helps maintain good health.	منظم ورزش اچھی صحت برقرار رکھنے میں مدد کرتی ہے۔	Urdu (Standard)	South Asia	SACOR_07
The river flows peacefully through the valley.	دریا وادی میں پرامن طریقے سے بہتا ہے۔	Urdu (Standard)	South Asia	SACOR_07
The teacher explained the lesson patiently.	استاد نے صبر سے سبق سمجھایا۔	Urdu (Standard)	South Asia	SACOR_07
Eating fresh fruits provides essential vitamins.	تازہ پھل کھانا ضروری وٹامن فراہم کرتا ہے۔	Urdu (Standard)	South Asia	SACOR_03
Online shopping has become popular.	آن لائن خریداری مقبول ہو گئی ہے۔	Urdu (Standard)	South Asia	SACOR_10
People travel long distances to visit religious sites.	لوگ مذہبی مقامات دیکھنے کے لیے لمبی دوریاں طے کرتے ہیں۔	Urdu (Standard)	South Asia	SACOR_02
Students gathered in the library.	طلباء لائبریری میں جمع ہوئے۔	Urdu (Standard)	South Asia	SACOR_04
Agriculture remains the primary source of income.	زراعت آمدنی کا بنیادی ذریعہ رہتی ہے۔	Urdu (Standard)	South Asia	SACOR_07
Spices add flavor to traditional dishes.	مصالحے روایتی کھانوں میں ذائقہ بڑھاتے ہیں۔	Urdu (Standard)	South Asia	SACOR_03
The wedding ceremony lasted three days.	شادی کی تقریب تین دن تک چلی۔	Urdu (Standard)	South Asia	SACOR_02
Reading books improves vocabulary.	کتابیں پڑھنا ذخیرہ الفاظ بہتر بناتا ہے۔	Urdu (Standard)	South Asia	SACOR_06
Train journeys offer scenic views.	ریل کے سفر مناظر کے نظارے پیش کرتے ہیں۔	Urdu (Standard)	South Asia	SACOR_04
Children learn best when they are interested.	بچے بہترین سیکھتے ہیں جب وہ دلچسپی رکھتے ہیں۔	Urdu (Standard)	South Asia	SACOR_10
The market was crowded with people.	بازار لوگوں سے بھرا ہوا تھا۔	Urdu (Standard)	South Asia	SACOR_05
Small businesses create employment opportunities.	چھوٹے کاروبار روزگار کے مواقع پیدا کرتے ہیں۔	Urdu (Standard)	South Asia	SACOR_05
Cricket is a popular sport.	کرکٹ ایک مقبول کھیل ہے۔	Urdu (Standard)	South Asia	SACOR_01
Parents sacrifice their own needs for children.	والدین بچوں کے لیے اپنی ضرورتیں قربان کرتے ہیں۔	Urdu (Standard)	South Asia	SACOR_07
Children were playing cricket in the street.	بچے سڑک پر کرکٹ کھیل رہے تھے۔	Urdu (Standard)	South Asia	SACOR_01
The school organized a science fair.	اسکول نے سائنس میلہ منظم کیا۔	Urdu (Standard)	South Asia	SACOR_02
Cooking together brings family members closer.	مل کر کھانا پکانا خاندان کے ممبروں کو قریب لاتا ہے۔	Urdu (Standard)	South Asia	SACOR_05
Respecting elders is an important value.	بزرگوں کا احترام ایک اہم قدر ہے۔	Urdu (Standard)	South Asia	SACOR_07
Smartphones have changed how people communicate.	اسمارٹ فونوں نے لوگوں کے رابطے کے طریقے کو تبدیل کر دیا ہے۔	Urdu (Standard)	South Asia	SACOR_02
The internet connects people across continents.	انٹرنیٹ براعظموں میں لوگوں کو جوڑتا ہے۔	Urdu (Standard)	South Asia	SACOR_03
Elderly people share wisdom and stories.	بزرگ لوگ حکمت اور کہانیاں بانٹتے ہیں۔	Urdu (Standard)	South Asia	SACOR_01
I woke up early this morning.	میں آج صبح جلدی اٹھا۔	Urdu (Standard)	South Asia	SACOR_06
The professor wrote equations on the blackboard.	پروفیسر نے تختے پر مساوات لکھیں۔	Urdu (Standard)	South Asia	SACOR_09
Learning a new language requires practice.	نئی زبان سیکھنے کے لیے مشق کی ضرورت ہے۔	Urdu (Standard)	South Asia	SACOR_05
Tourism brings revenue to regions with historical sites.	سیاحت تاریخی مقامات والے علاقوں میں آمدنی لاتی ہے۔	Urdu (Standard)	South Asia	SACOR_10
Education opens doors to opportunities.	تعلیم مواقع کے دروازے کھولتی ہے۔	Urdu (Standard)	South Asia	SACOR_09
Doctors recommend drinking plenty of water.	ڈاکٹر زیادہ پانی پینے کی صلاح دیتے ہیں۔	Urdu (Standard)	South Asia	SACOR_05
The river flows peacefully through the valley.	دریا وادی میں پرامن طریقے سے بہتا ہے۔	Urdu (Standard)	South Asia	SACOR_05
Traditional music is important for our heritage.	روایتی موسیقی ہماری وراثت کے لیے اہم ہے۔	Urdu (Standard)	South Asia	SACOR_08
Birds were chirping in the trees.	پرندے درختوں میں چہچہا رہے تھے۔	Urdu (Standard)	South Asia	SACOR_06
Eating fresh fruits provides essential vitamins.	تازہ پھل کھانا ضروری وٹامن فراہم کرتا ہے۔	Urdu (Standard)	South Asia	SACOR_04
Teachers shape young minds.	استاد نوجوان ذہنوں کو شکل دیتے ہیں۔	Urdu (Standard)	South Asia	SACOR_10
Farmers planted rice in the flooded fields.	کسانوں نے پانی والے کھیتوں میں چاول بوئے۔	Urdu (Standard)	South Asia	SACOR_04
Small businesses create employment opportunities.	چھوٹے کاروبار روزگار کے مواقع پیدا کرتے ہیں۔	Urdu (Standard)	South Asia	SACOR_07
The market was crowded with people.	بازار لوگوں سے بھرا ہوا تھا۔	Urdu (Standard)	South Asia	SACOR_01
I woke up early this morning.	میں آج صبح جلدی اٹھا۔	Urdu (Standard)	South Asia	SACOR_01
Children learn best when they are interested.	بچے بہترین سیکھتے ہیں جب وہ دلچسپی رکھتے ہیں۔	Urdu (Standard)	South Asia	SACOR_08
People celebrate festivals with great joy.	لوگ بہت خوشی سے تہوار مناتے ہیں۔	Urdu (Standard)	South Asia	SACOR_05
Respecting elders is an important value.	بزرگوں کا احترام ایک اہم قدر ہے۔	Urdu (Standard)	South Asia	SACOR_09
She received a scholarship to study medicine.	اسے طب کی تعلیم کے لیے اسکالرشپ ملی۔	Urdu (Standard)	South Asia	SACOR_02
Digital payments have made transactions faster.	ڈیجیٹل ادائیگیوں نے معاملات تیز کر دیے ہیں۔	Urdu (Standard)	South Asia	SACOR_04
Storytelling preserves culture and knowledge.	کہانی سنانا ثقافت اور علم کو محفوظ رکھتا ہے۔	Urdu (Standard)	South Asia	SACOR_04
Parents sacrifice their own needs for children.	والدین بچوں کے لیے اپنی ضرورتیں قربان کرتے ہیں۔	Urdu (Standard)	South Asia	SACOR_06
The school organized a science fair.	اسکول نے سائنس میلہ منظم کیا۔	Urdu (Standard)	South Asia	SACOR_04
The professor wrote equations on the blackboard.	پروفیسر نے تختے پر مساوات لکھیں۔	Urdu (Standard)	South Asia	SACOR_04
Cooking together brings family members closer.	مل کر کھانا پکانا خاندان کے ممبروں کو قریب لاتا ہے۔	Urdu (Standard)	South Asia	SACOR_04
Handicrafts showcase artistic traditions.	دستی کاریاں فنکارانہ روایات دکھاتی ہیں۔	Urdu (Standard)	South Asia	SACOR_07
Children were playing cricket in the street.	بچے سڑک پر کرکٹ کھیل رہے تھے۔	Urdu (Standard)	South Asia	SACOR_10
People travel long distances to visit religious sites.	لوگ مذہبی مقامات دیکھنے کے لیے لمبی دوریاں طے کرتے ہیں۔	Urdu (Standard)	South Asia	SACOR_05
Cricket is a popular sport.	کرکٹ ایک مقبول کھیل ہے۔	Urdu (Standard)	South Asia	SACOR_02
She cooked delicious biryani for the family.	اس نے خاندان کے لیے مزیدار بریانی پکائی۔	Urdu (Standard)	South Asia	SACOR_08
Train journeys offer scenic views.	ریل کے سفر مناظر کے نظارے پیش کرتے ہیں۔	Urdu (Standard)	South Asia	SACOR_06
Farmers wake up early to tend to crops.	کسان فصلوں کی دیکھ بھال کے لیے جلدی اٹھتے ہیں۔	Urdu (Standard)	South Asia	SACOR_02
Smartphones have changed how people communicate.	اسمارٹ فونوں نے لوگوں کے رابطے کے طریقے کو تبدیل کر دیا ہے۔	Urdu (Standard)	South Asia	SACOR_09
Spices add flavor to traditional dishes.	مصالحے روایتی کھانوں میں ذائقہ بڑھاتے ہیں۔	Urdu (Standard)	South Asia	SACOR_01
Agriculture remains the primary source of income.	زراعت آمدنی کا بنیادی ذریعہ رہتی ہے۔	Urdu (Standard)	South Asia	SACOR_01
Family members support each other during difficult times.	خاندان کے ممبر مشکل وقتوں میں ایک دوسرے کی مدد کرتے ہیں۔	Urdu (Standard)	South Asia	SACOR_08
Online shopping has become popular.	آن لائن خریداری مقبول ہو گئی ہے۔	Urdu (Standard)	South Asia	SACOR_06
My grandmother told me stories.	میری دادی نے مجھے کہانیاں سنائیں۔	Urdu (Standard)	South Asia	SACOR_07
Students gathered in the library.	طلباء لائبریری میں جمع ہوئے۔	Urdu (Standard)	South Asia	SACOR_06
Doctors work long hours to treat patients.	ڈاکٹر مریضوں کا علاج کرنے کے لیے لمبے گھنٹے کام کرتے ہیں۔	Urdu (Standard)	South Asia	SACOR_09
Clear communication prevents misunderstandings.	صاف رابطہ غلط فہمیوں کو روکتا ہے۔	Urdu (Standard)	South Asia	SACOR_03
The forest is home to many wild animals.	جنگل بہت سے جنگلی جانوروں کا گھر ہے۔	Urdu (Standard)	South Asia	SACOR_06
Sports teach teamwork and discipline.	کھیل ٹیم ورک اور نظم و ضبط سکھاتے ہیں۔	Urdu (Standard)	South Asia	SACOR_06
The internet connects people across continents.	انٹرنیٹ براعظموں میں لوگوں کو جوڑتا ہے۔	Urdu (Standard)	South Asia	SACOR_05
The bus arrived late.	بس دیر سے پہنچی۔	Urdu (Standard)	South Asia	SACOR_09
Elderly people share wisdom and stories.	بزرگ لوگ حکمت اور کہانیاں بانٹتے ہیں۔	Urdu (Standard)	South Asia	SACOR_04
Reading books improves vocabulary.	کتابیں پڑھنا ذخیرہ الفاظ بہتر بناتا ہے۔	Urdu (Standard)	South Asia	SACOR_09
We decided to visit the old temple.	ہم نے پرانے مندر کا دورہ کرنے کا فیصلہ کیا۔	Urdu (Standard)	South Asia	SACOR_07
Tea is served to guests as a gesture of hospitality.	مہمانوں کو مہمان نوازی کی نشانی کے طور پر چائے پیش کی جاتی ہے۔	Urdu (Standard)	South Asia	SACOR_09
The teacher explained the lesson patiently.	استاد نے صبر سے سبق سمجھایا۔	Urdu (Standard)	South Asia	SACOR_07
Pollution in cities has become a serious problem.	شہروں میں آلودگی ایک سنجیدہ مسئلہ بن گئی ہے۔	Urdu (Standard)	South Asia	SACOR_02
After finishing his work, he sat down.	اپنا کام مکمل کرنے کے بعد، وہ بیٹھ گیا۔	Urdu (Standard)	South Asia	SACOR_03
Regular exercise helps maintain good health.	منظم ورزش اچھی صحت برقرار رکھنے میں مدد کرتی ہے۔	Urdu (Standard)	South Asia	SACOR_04
The wedding ceremony lasted three days.	شادی کی تقریب تین دن تک چلی۔	Urdu (Standard)	South Asia	SACOR_06
She walked slowly through the garden.	وہ باغ میں آہستہ آہستہ چلی۔	Urdu (Standard)	South Asia	SACOR_09
The wedding ceremony lasted three days.	شادی کی تقریب تین دن تک چلی۔	Urdu (Standard)	South Asia	SACOR_08
Doctors recommend drinking plenty of water.	ڈاکٹر زیادہ پانی پینے کی صلاح دیتے ہیں۔	Urdu (Standard)	South Asia	SACOR_10
She walked slowly through the garden.	وہ باغ میں آہستہ آہستہ چلی۔	Urdu (Standard)	South Asia	SACOR_01
Agriculture remains the primary source of income.	زراعت آمدنی کا بنیادی ذریعہ رہتی ہے۔	Urdu (Standard)	South Asia	SACOR_06
Cooking together brings family members closer.	مل کر کھانا پکانا خاندان کے ممبروں کو قریب لاتا ہے۔	Urdu (Standard)	South Asia	SACOR_01
Handicrafts showcase artistic traditions.	دستی کاریاں فنکارانہ روایات دکھاتی ہیں۔	Urdu (Standard)	South Asia	SACOR_08
Digital payments have made transactions faster.	ڈیجیٹل ادائیگیوں نے معاملات تیز کر دیے ہیں۔	Urdu (Standard)	South Asia	SACOR_04
Traditional music is important for our heritage.	روایتی موسیقی ہماری وراثت کے لیے اہم ہے۔	Urdu (Standard)	South Asia	SACOR_01
The professor wrote equations on the blackboard.	پروفیسر نے تختے پر مساوات لکھیں۔	Urdu (Standard)	South Asia	SACOR_10
Students gathered in the library.	طلباء لائبریری میں جمع ہوئے۔	Urdu (Standard)	South Asia	SACOR_01
Tourism brings revenue to regions with historical sites.	سیاحت تاریخی مقامات والے علاقوں میں آمدنی لاتی ہے۔	Urdu (Standard)	South Asia	SACOR_08
People celebrate festivals with great joy.	لوگ بہت خوشی سے تہوار مناتے ہیں۔	Urdu (Standard)	South Asia	SACOR_03
Learning a new language requires practice.	نئی زبان سیکھنے کے لیے مشق کی ضرورت ہے۔	Urdu (Standard)	South Asia	SACOR_10
The internet connects people across continents.	انٹرنیٹ براعظموں میں لوگوں کو جوڑتا ہے۔	Urdu (Standard)	South Asia	SACOR_05
She received a scholarship to study medicine.	اسے طب کی تعلیم کے لیے اسکالرشپ ملی۔	Urdu (Standard)	South Asia	SACOR_09
Doctors work long hours to treat patients.	ڈاکٹر مریضوں کا علاج کرنے کے لیے لمبے گھنٹے کام کرتے ہیں۔	Urdu (Standard)	South Asia	SACOR_06
Elderly people share wisdom and stories.	بزرگ لوگ حکمت اور کہانیاں بانٹتے ہیں۔	Urdu (Standard)	South Asia	SACOR_07
Online shopping has become popular.	آن لائن خریداری مقبول ہو گئی ہے۔	Urdu (Standard)	South Asia	SACOR_04
Storytelling preserves culture and knowledge.	کہانی سنانا ثقافت اور علم کو محفوظ رکھتا ہے۔	Urdu (Standard)	South Asia	SACOR_07
Family members support each other during difficult times.	خاندان کے ممبر مشکل وقتوں میں ایک دوسرے کی مدد کرتے ہیں۔	Urdu (Standard)	South Asia	SACOR_07
Farmers planted rice in the flooded fields.	کسانوں نے پانی والے کھیتوں میں چاول بوئے۔	Urdu (Standard)	South Asia	SACOR_07
People travel long distances to visit religious sites.	لوگ مذہبی مقامات دیکھنے کے لیے لمبی دوریاں طے کرتے ہیں۔	Urdu (Standard)	South Asia	SACOR_08
Smartphones have changed how people communicate.	اسمارٹ فونوں نے لوگوں کے رابطے کے طریقے کو تبدیل کر دیا ہے۔	Urdu (Standard)	South Asia	SACOR_04
Sports teach teamwork and discipline.	کھیل ٹیم ورک اور نظم و ضبط سکھاتے ہیں۔	Urdu (Standard)	South Asia	SACOR_02
After finishing his work, he sat down.	اپنا کام مکمل کرنے کے بعد، وہ بیٹھ گیا۔	Urdu (Standard)	South Asia	SACOR_04
Respecting elders is an important value.	بزرگوں کا احترام ایک اہم قدر ہے۔	Urdu (Standard)	South Asia	SACOR_10
Tea is served to guests as a gesture of hospitality.	مہمانوں کو مہمان نوازی کی نشانی کے طور پر چائے پیش کی جاتی ہے۔	Urdu (Standard)	South Asia	SACOR_07
Reading books improves vocabulary.	کتابیں پڑھنا ذخیرہ الفاظ بہتر بناتا ہے۔	Urdu (Standard)	South Asia	SACOR_03
The river flows peacefully through the valley.	دریا وادی میں پرامن طریقے سے بہتا ہے۔	Urdu (Standard)	South Asia	SACOR_09
Education opens doors to opportunities.	تعلیم مواقع کے دروازے کھولتی ہے۔	Urdu (Standard)	South Asia	SACOR_07
The market was crowded with people.	بازار لوگوں سے بھرا ہوا تھا۔	Urdu (Standard)	South Asia	SACOR_04
Children learn best when they are interested.	بچے بہترین سیکھتے ہیں جب وہ دلچسپی رکھتے ہیں۔	Urdu (Standard)	South Asia	SACOR_04
Pollution in cities has become a serious problem.	شہروں میں آلودگی ایک سنجیدہ مسئلہ بن گئی ہے۔	Urdu (Standard)	South Asia	SACOR_09
Children were playing cricket in the street.	بچے سڑک پر کرکٹ کھیل رہے تھے۔	Urdu (Standard)	South Asia	SACOR_10
Train journeys offer scenic views.	ریل کے سفر مناظر کے نظارے پیش کرتے ہیں۔	Urdu (Standard)	South Asia	SACOR_08
Cricket is a popular sport.	کرکٹ ایک مقبول کھیل ہے۔	Urdu (Standard)	South Asia	SACOR_06
The school organized a science fair.	اسکول نے سائنس میلہ منظم کیا۔	Urdu (Standard)	South Asia	SACOR_05
The teacher explained the lesson patiently.	استاد نے صبر سے سبق سمجھایا۔	Urdu (Standard)	South Asia	SACOR_08
Small businesses create employment opportunities.	چھوٹے کاروبار روزگار کے مواقع پیدا کرتے ہیں۔	Urdu (Standard)	South Asia	SACOR_01
Birds were chirping in the trees.	پرندے درختوں میں چہچہا رہے تھے۔	Urdu (Standard)	South Asia	SACOR_02
Regular exercise helps maintain good health.	منظم ورزش اچھی صحت برقرار رکھنے میں مدد کرتی ہے۔	Urdu (Standard)	South Asia	SACOR_02
Teachers shape young minds.	استاد نوجوان ذہنوں کو شکل دیتے ہیں۔	Urdu (Standard)	South Asia	SACOR_03
Eating fresh fruits provides essential vitamins.	تازہ پھل کھانا ضروری وٹامن فراہم کرتا ہے۔	Urdu (Standard)	South Asia	SACOR_02
Parents sacrifice their own needs for children.	والدین بچوں کے لیے اپنی ضرورتیں قربان کرتے ہیں۔	Urdu (Standard)	South Asia	SACOR_05
My grandmother told me stories.	میری دادی نے مجھے کہانیاں سنائیں۔	Urdu (Standard)	South Asia	SACOR_04
Farmers wake up early to tend to crops.	کسان فصلوں کی دیکھ بھال کے لیے جلدی اٹھتے ہیں۔	Urdu (Standard)	South Asia	SACOR_06
She cooked delicious biryani for the family.	اس نے خاندان کے لیے مزیدار بریانی پکائی۔	Urdu (Standard)	South Asia	SACOR_10
Spices add flavor to traditional dishes.	مصالحے روایتی کھانوں میں ذائقہ بڑھاتے ہیں۔	Urdu (Standard)	South Asia	SACOR_04
The bus arrived late.	بس دیر سے پہنچی۔	Urdu (Standard)	South Asia	SACOR_10
We decided to visit the old temple.	ہم نے پرانے مندر کا دورہ کرنے کا فیصلہ کیا۔	Urdu (Standard)	South Asia	SACOR_04
I woke up early this morning.	میں آج صبح جلدی اٹھا۔	Urdu (Standard)	South Asia	SACOR_10
Clear communication prevents misunderstandings.	صاف رابطہ غلط فہمیوں کو روکتا ہے۔	Urdu (Standard)	South Asia	SACOR_05
The forest is home to many wild animals.	جنگل بہت سے جنگلی جانوروں کا گھر ہے۔	Urdu (Standard)	South Asia	SACOR_03
Parents sacrifice their own needs for children.	والدین بچوں کے لیے اپنی ضرورتیں قربان کرتے ہیں۔	Urdu (Standard)	South Asia	SACOR_08
Agriculture remains the primary source of income.	زراعت آمدنی کا بنیادی ذریعہ رہتی ہے۔	Urdu (Standard)	South Asia	SACOR_03
The wedding ceremony lasted three days.	شادی کی تقریب تین دن تک چلی۔	Urdu (Standard)	South Asia	SACOR_09
Tourism brings revenue to regions with historical sites.	سیاحت تاریخی مقامات والے علاقوں میں آمدنی لاتی ہے۔	Urdu (Standard)	South Asia	SACOR_03
Children learn best when they are interested.	بچے بہترین سیکھتے ہیں جب وہ دلچسپی رکھتے ہیں۔	Urdu (Standard)	South Asia	SACOR_09
The internet connects people across continents.	انٹرنیٹ براعظموں میں لوگوں کو جوڑتا ہے۔	Urdu (Standard)	South Asia	SACOR_09
Reading books improves vocabulary.	کتابیں پڑھنا ذخیرہ الفاظ بہتر بناتا ہے۔	Urdu (Standard)	South Asia	SACOR_02
The school organized a science fair.	اسکول نے سائنس میلہ منظم کیا۔	Urdu (Standard)	South Asia	SACOR_06
She cooked delicious biryani for the family.	اس نے خاندان کے لیے مزیدار بریانی پکائی۔	Urdu (Standard)	South Asia	SACOR_07
Learning a new language requires practice.	نئی زبان سیکھنے کے لیے مشق کی ضرورت ہے۔	Urdu (Standard)	South Asia	SACOR_06
Doctors recommend drinking plenty of water.	ڈاکٹر زیادہ پانی پینے کی صلاح دیتے ہیں۔	Urdu (Standard)	South Asia	SACOR_10
Teachers shape young minds.	استاد نوجوان ذہنوں کو شکل دیتے ہیں۔	Urdu (Standard)	South Asia	SACOR_07
The forest is home to many wild animals.	جنگل بہت سے جنگلی جانوروں کا گھر ہے۔	Urdu (Standard)	South Asia	SACOR_01
Birds were chirping in the trees.	پرندے درختوں میں چہچہا رہے تھے۔	Urdu (Standard)	South Asia	SACOR_05
Education opens doors to opportunities.	تعلیم مواقع کے دروازے کھولتی ہے۔	Urdu (Standard)	South Asia	SACOR_01
The bus arrived late.	بس دیر سے پہنچی۔	Urdu (Standard)	South Asia	SACOR_03
After finishing his work, he sat down.	اپنا کام مکمل کرنے کے بعد، وہ بیٹھ گیا۔	Urdu (Standard)	South Asia	SACOR_09
Respecting elders is an important value.	بزرگوں کا احترام ایک اہم قدر ہے۔	Urdu (Standard)	South Asia	SACOR_08
We decided to visit the old temple.	ہم نے پرانے مندر کا دورہ کرنے کا فیصلہ کیا۔	Urdu (Standard)	South Asia	SACOR_05
Handicrafts showcase artistic traditions.	دستی کاریاں فنکارانہ روایات دکھاتی ہیں۔	Urdu (Standard)	South Asia	SACOR_05
People travel long distances to visit religious sites.	لوگ مذہبی مقامات دیکھنے کے لیے لمبی دوریاں طے کرتے ہیں۔	Urdu (Standard)	South Asia	SACOR_08
Sports teach teamwork and discipline.	کھیل ٹیم ورک اور نظم و ضبط سکھاتے ہیں۔	Urdu (Standard)	South Asia	SACOR_08
Clear communication prevents misunderstandings.	صاف رابطہ غلط فہمیوں کو روکتا ہے۔	Urdu (Standard)	South Asia	SACOR_01
Eating fresh fruits provides essential vitamins.	تازہ پھل کھانا ضروری وٹامن فراہم کرتا ہے۔	Urdu (Standard)	South Asia	SACOR_07
The teacher explained the lesson patiently.	استاد نے صبر سے سبق سمجھایا۔	Urdu (Standard)	South Asia	SACOR_05
She walked slowly through the garden.	وہ باغ میں آہستہ آہستہ چلی۔	Urdu (Standard)	South Asia	SACOR_09
My grandmother told me stories.	میری دادی نے مجھے کہانیاں سنائیں۔	Urdu (Standard)	South Asia	SACOR_02
Cricket is a popular sport.	کرکٹ ایک مقبول کھیل ہے۔	Urdu (Standard)	South Asia	SACOR_04
Regular exercise helps maintain good health.	منظم ورزش اچھی صحت برقرار رکھنے میں مدد کرتی ہے۔	Urdu (Standard)	South Asia	SACOR_04
Spices add flavor to traditional dishes.	مصالحے روایتی کھانوں میں ذائقہ بڑھاتے ہیں۔	Urdu (Standard)	South Asia	SACOR_06
Storytelling preserves culture and knowledge.	کہانی سنانا ثقافت اور علم کو محفوظ رکھتا ہے۔	Urdu (Standard)	South Asia	SACOR_08
Pollution in cities has become a serious problem.	شہروں میں آلودگی ایک سنجیدہ مسئلہ بن گئی ہے۔	Urdu (Standard)	South Asia	SACOR_09
Traditional music is important for our heritage.	روایتی موسیقی ہماری وراثت کے لیے اہم ہے۔	Urdu (Standard)	South Asia	SACOR_03
The professor wrote equations on the blackboard.	پروفیسر نے تختے پر مساوات لکھیں۔	Urdu (Standard)	South Asia	SACOR_10
Farmers wake up early to tend to crops.	کسان فصلوں کی دیکھ بھال کے لیے جلدی اٹھتے ہیں۔	Urdu (Standard)	South Asia	SACOR_10
Doctors work long hours to treat patients.	ڈاکٹر مریضوں کا علاج کرنے کے لیے لمبے گھنٹے کام کرتے ہیں۔	Urdu (Standard)	South Asia	SACOR_03
Farmers planted rice in the flooded fields.	کسانوں نے پانی والے کھیتوں میں چاول بوئے۔	Urdu (Standard)	South Asia	SACOR_05
She received a scholarship to study medicine.	اسے طب کی تعلیم کے لیے اسکالرشپ ملی۔	Urdu (Standard)	South Asia	SACOR_05
Digital payments have made transactions faster.	ڈیجیٹل ادائیگیوں نے معاملات تیز کر دیے ہیں۔	Urdu (Standard)	South Asia	SACOR_03
Online shopping has become popular.	آن لائن خریداری مقبول ہو گئی ہے۔	Urdu (Standard)	South Asia	SACOR_04
Family members support each other during difficult times.	خاندان کے ممبر مشکل وقتوں میں ایک دوسرے کی مدد کرتے ہیں۔	Urdu (Standard)	South Asia	SACOR_06
I woke up early this morning.	میں آج صبح جلدی اٹھا۔	Urdu (Standard)	South Asia	SACOR_01
Cooking together brings family members closer.	مل کر کھانا پکانا خاندان کے ممبروں کو قریب لاتا ہے۔	Urdu (Standard)	South Asia	SACOR_07
The market was crowded with people.	بازار لوگوں سے بھرا ہوا تھا۔	Urdu (Standard)	South Asia	SACOR_09
Tea is served to guests as a gesture of hospitality.	مہمانوں کو مہمان نوازی کی نشانی کے طور پر چائے پیش کی جاتی ہے۔	Urdu (Standard)	South Asia	SACOR_09
Children were playing cricket in the street.	بچے سڑک پر کرکٹ کھیل رہے تھے۔	Urdu (Standard)	South Asia	SACOR_05
The river flows peacefully through the valley.	دریا وادی میں پرامن طریقے سے بہتا ہے۔	Urdu (Standard)	South Asia	SACOR_04
Smartphones have changed how people communicate.	اسمارٹ فونوں نے لوگوں کے رابطے کے طریقے کو تبدیل کر دیا ہے۔	Urdu (Standard)	South Asia	SACOR_10
Elderly people share wisdom and stories.	بزرگ لوگ حکمت اور کہانیاں بانٹتے ہیں۔	Urdu (Standard)	South Asia	SACOR_04
Train journeys offer scenic views.	ریل کے سفر مناظر کے نظارے پیش کرتے ہیں۔	Urdu (Standard)	South Asia	SACOR_10
People celebrate festivals with great joy.	لوگ بہت خوشی سے تہوار مناتے ہیں۔	Urdu (Standard)	South Asia	SACOR_04
Students gathered in the library.	طلباء لائبریری میں جمع ہوئے۔	Urdu (Standard)	South Asia	SACOR_10
Small businesses create employment opportunities.	چھوٹے کاروبار روزگار کے مواقع پیدا کرتے ہیں۔	Urdu (Standard)	South Asia	SACOR_07
Eating fresh fruits provides essential vitamins.	تازہ پھل کھانا ضروری وٹامن فراہم کرتا ہے۔	Urdu (Standard)	South Asia	SACOR_01
Online shopping has become popular.	آن لائن خریداری مقبول ہو گئی ہے۔	Urdu (Standard)	South Asia	SACOR_07
Clear communication prevents misunderstandings.	صاف رابطہ غلط فہمیوں کو روکتا ہے۔	Urdu (Standard)	South Asia	SACOR_03
She walked slowly through the garden.	وہ باغ میں آہستہ آہستہ چلی۔	Urdu (Standard)	South Asia	SACOR_07
People celebrate festivals with great joy.	لوگ بہت خوشی سے تہوار مناتے ہیں۔	Urdu (Standard)	South Asia	SACOR_04
Doctors recommend drinking plenty of water.	ڈاکٹر زیادہ پانی پینے کی صلاح دیتے ہیں۔	Urdu (Standard)	South Asia	SACOR_09
Children learn best when they are interested.	بچے بہترین سیکھتے ہیں جب وہ دلچسپی رکھتے ہیں۔	Urdu (Standard)	South Asia	SACOR_03
She received a scholarship to study medicine.	اسے طب کی تعلیم کے لیے اسکالرشپ ملی۔	Urdu (Standard)	South Asia	SACOR_04
The teacher explained the lesson patiently.	استاد نے صبر سے سبق سمجھایا۔	Urdu (Standard)	South Asia	SACOR_10
Smartphones have changed how people communicate.	اسمارٹ فونوں نے لوگوں کے رابطے کے طریقے کو تبدیل کر دیا ہے۔	Urdu (Standard)	South Asia	SACOR_02
The bus arrived late.	بس دیر سے پہنچی۔	Urdu (Standard)	South Asia	SACOR_10
Farmers wake up early to tend to crops.	کسان فصلوں کی دیکھ بھال کے لیے جلدی اٹھتے ہیں۔	Urdu (Standard)	South Asia	SACOR_03
Sports teach teamwork and discipline.	کھیل ٹیم ورک اور نظم و ضبط سکھاتے ہیں۔	Urdu (Standard)	South Asia	SACOR_10
The internet connects people across continents.	انٹرنیٹ براعظموں میں لوگوں کو جوڑتا ہے۔	Urdu (Standard)	South Asia	SACOR_05
Family members support each other during difficult times.	خاندان کے ممبر مشکل وقتوں میں ایک دوسرے کی مدد کرتے ہیں۔	Urdu (Standard)	South Asia	SACOR_08
She cooked delicious biryani for the family.	اس نے خاندان کے لیے مزیدار بریانی پکائی۔	Urdu (Standard)	South Asia	SACOR_09
Storytelling preserves culture and knowledge.	کہانی سنانا ثقافت اور علم کو محفوظ رکھتا ہے۔	Urdu (Standard)	South Asia	SACOR_08
Teachers shape young minds.	استاد نوجوان ذہنوں کو شکل دیتے ہیں۔	Urdu (Standard)	South Asia	SACOR_05
I woke up early this morning.	میں آج صبح جلدی اٹھا۔	Urdu (Standard)	South Asia	SACOR_06
Tourism brings revenue to regions with historical sites.	سیاحت تاریخی مقامات والے علاقوں میں آمدنی لاتی ہے۔	Urdu (Standard)	South Asia	SACOR_05
Small businesses create employment opportunities.	چھوٹے کاروبار روزگار کے مواقع پیدا کرتے ہیں۔	Urdu (Standard)	South Asia	SACOR_06
Students gathered in the library.	طلباء لائبریری میں جمع ہوئے۔	Urdu (Standard)	South Asia	SACOR_07
Train journeys offer scenic views.	ریل کے سفر مناظر کے نظارے پیش کرتے ہیں۔	Urdu (Standard)	South Asia	SACOR_01
Agriculture remains the primary source of income.	زراعت آمدنی کا بنیادی ذریعہ رہتی ہے۔	Urdu (Standard)	South Asia	SACOR_04
Elderly people share wisdom and stories.	بزرگ لوگ حکمت اور کہانیاں بانٹتے ہیں۔	Urdu (Standard)	South Asia	SACOR_02
People travel long distances to visit religious sites.	لوگ مذہبی مقامات دیکھنے کے لیے لمبی دوریاں طے کرتے ہیں۔	Urdu (Standard)	South Asia	SACOR_09
The wedding ceremony lasted three days.	شادی کی تقریب تین دن تک چلی۔	Urdu (Standard)	South Asia	SACOR_07
Learning a new language requires practice.	نئی زبان سیکھنے کے لیے مشق کی ضرورت ہے۔	Urdu (Standard)	South Asia	SACOR_09
Children were playing cricket in the street.	بچے سڑک پر کرکٹ کھیل رہے تھے۔	Urdu (Standard)	South Asia	SACOR_07
Doctors work long hours to treat patients.	ڈاکٹر مریضوں کا علاج کرنے کے لیے لمبے گھنٹے کام کرتے ہیں۔	Urdu (Standard)	South Asia	SACOR_06
Spices add flavor to traditional dishes.	مصالحے روایتی کھانوں میں ذائقہ بڑھاتے ہیں۔	Urdu (Standard)	South Asia	SACOR_10
Farmers planted rice in the flooded fields.	کسانوں نے پانی والے کھیتوں میں چاول بوئے۔	Urdu (Standard)	South Asia	SACOR_03
Traditional music is important for our heritage.	روایتی موسیقی ہماری وراثت کے لیے اہم ہے۔	Urdu (Standard)	South Asia	SACOR_08
Pollution in cities has become a serious problem.	شہروں میں آلودگی ایک سنجیدہ مسئلہ بن گئی ہے۔	Urdu (Standard)	South Asia	SACOR_10
Cricket is a popular sport.	کرکٹ ایک مقبول کھیل ہے۔	Urdu (Standard)	South Asia	SACOR_10
Cooking together brings family members closer.	مل کر کھانا پکانا خاندان کے ممبروں کو قریب لاتا ہے۔	Urdu (Standard)	South Asia	SACOR_05
Digital payments have made transactions faster.	ڈیجیٹل ادائیگیوں نے معاملات تیز کر دیے ہیں۔	Urdu (Standard)	South Asia	SACOR_09
The forest is home to many wild animals.	جنگل بہت سے جنگلی جانوروں کا گھر ہے۔	Urdu (Standard)	South Asia	SACOR_02
Reading books improves vocabulary.	کتابیں پڑھنا ذخیرہ الفاظ بہتر بناتا ہے۔	Urdu (Standard)	South Asia	SACOR_03
Parents sacrifice their own needs for children.	والدین بچوں کے لیے اپنی ضرورتیں قربان کرتے ہیں۔	Urdu (Standard)	South Asia	SACOR_10
My grandmother told me stories.	میری دادی نے مجھے کہانیاں سنائیں۔	Urdu (Standard)	South Asia	SACOR_07
After finishing his work, he sat down.	اپنا کام مکمل کرنے کے بعد، وہ بیٹھ گیا۔	Urdu (Standard)	South Asia	SACOR_05
Tea is served to guests as a gesture of hospitality.	مہمانوں کو مہمان نوازی کی نشانی کے طور پر چائے پیش کی جاتی ہے۔	Urdu (Standard)	South Asia	SACOR_06
The professor wrote equations on the blackboard.	پروفیسر نے تختے پر مساوات لکھیں۔	Urdu (Standard)	South Asia	SACOR_05
Regular exercise helps maintain good health.	منظم ورزش اچھی صحت برقرار رکھنے میں مدد کرتی ہے۔	Urdu (Standard)	South Asia	SACOR_09
Education opens doors to opportunities.	تعلیم مواقع کے دروازے کھولتی ہے۔	Urdu (Standard)	South Asia	SACOR_03
We decided to visit the old temple.	ہم نے پرانے مندر کا دورہ کرنے کا فیصلہ کیا۔	Urdu (Standard)	South Asia	SACOR_08
Respecting elders is an important value.	بزرگوں کا احترام ایک اہم قدر ہے۔	Urdu (Standard)	South Asia	SACOR_08
The school organized a science fair.	اسکول نے سائنس میلہ منظم کیا۔	Urdu (Standard)	South Asia	SACOR_02
The market was crowded with people.	بازار لوگوں سے بھرا ہوا تھا۔	Urdu (Standard)	South Asia	SACOR_10
The river flows peacefully through the valley.	دریا وادی میں پرامن طریقے سے بہتا ہے۔	Urdu (Standard)	South Asia	SACOR_06
Birds were chirping in the trees.	پرندے درختوں میں چہچہا رہے تھے۔	Urdu (Standard)	South Asia	SACOR_10
Handicrafts showcase artistic traditions.	دستی کاریاں فنکارانہ روایات دکھاتی ہیں۔	Urdu (Standard)	South Asia	SACOR_02
The internet connects people across continents.	انٹرنیٹ براعظموں میں لوگوں کو جوڑتا ہے۔	Urdu (Standard)	South Asia	SACOR_02
People travel long distances to visit religious sites.	لوگ مذہبی مقامات دیکھنے کے لیے لمبی دوریاں طے کرتے ہیں۔	Urdu (Standard)	South Asia	SACOR_10
Digital payments have made transactions faster.	ڈیجیٹل ادائیگیوں نے معاملات تیز کر دیے ہیں۔	Urdu (Standard)	South Asia	SACOR_10
Cooking together brings family members closer.	مل کر کھانا پکانا خاندان کے ممبروں کو قریب لاتا ہے۔	Urdu (Standard)	South Asia	SACOR_05
Birds were chirping in the trees.	پرندے درختوں میں چہچہا رہے تھے۔	Urdu (Standard)	South Asia	SACOR_02
Tea is served to guests as a gesture of hospitality.	مہمانوں کو مہمان نوازی کی نشانی کے طور پر چائے پیش کی جاتی ہے۔	Urdu (Standard)	South Asia	SACOR_04
Learning a new language requires practice.	نئی زبان سیکھنے کے لیے مشق کی ضرورت ہے۔	Urdu (Standard)	South Asia	SACOR_07
Children learn best when they are interested.	بچے بہترین سیکھتے ہیں جب وہ دلچسپی رکھتے ہیں۔	Urdu (Standard)	South Asia	SACOR_05
Farmers wake up early to tend to crops.	کسان فصلوں کی دیکھ بھال کے لیے جلدی اٹھتے ہیں۔	Urdu (Standard)	South Asia	SACOR_05
My grandmother told me stories.	میری دادی نے مجھے کہانیاں سنائیں۔	Urdu (Standard)	South Asia	SACOR_08
Education opens doors to opportunities.	تعلیم مواقع کے دروازے کھولتی ہے۔	Urdu (Standard)	South Asia	SACOR_08
She walked slowly through the garden.	وہ باغ میں آہستہ آہستہ چلی۔	Urdu (Standard)	South Asia	SACOR_03
Agriculture remains the primary source of income.	زراعت آمدنی کا بنیادی ذریعہ رہتی ہے۔	Urdu (Standard)	South Asia	SACOR_10
Reading books improves vocabulary.	کتابیں پڑھنا ذخیرہ الفاظ بہتر بناتا ہے۔	Urdu (Standard)	South Asia	SACOR_02
Parents sacrifice their own needs for children.	والدین بچوں کے لیے اپنی ضرورتیں قربان کرتے ہیں۔	Urdu (Standard)	South Asia	SACOR_02
She received a scholarship to study medicine.	اسے طب کی تعلیم کے لیے اسکالرشپ ملی۔	Urdu (Standard)	South Asia	SACOR_09
After finishing his work, he sat down.	اپنا کام مکمل کرنے کے بعد، وہ بیٹھ گیا۔	Urdu (Standard)	South Asia	SACOR_09
Smartphones have changed how people communicate.	اسمارٹ فونوں نے لوگوں کے رابطے کے طریقے کو تبدیل کر دیا ہے۔	Urdu (Standard)	South Asia	SACOR_05
Farmers planted rice in the flooded fields.	کسانوں نے پانی والے کھیتوں میں چاول بوئے۔	Urdu (Standard)	South Asia	SACOR_05
The bus arrived late.	بس دیر سے پہنچی۔	Urdu (Standard)	South Asia	SACOR_01
Children were playing cricket in the street.	بچے سڑک پر کرکٹ کھیل رہے تھے۔	Urdu (Standard)	South Asia	SACOR_02
The school organized a science fair.	اسکول نے سائنس میلہ منظم کیا۔	Urdu (Standard)	South Asia	SACOR_05
Handicrafts showcase artistic traditions.	دستی کاریاں فنکارانہ روایات دکھاتی ہیں۔	Urdu (Standard)	South Asia	SACOR_08
Cricket is a popular sport.	کرکٹ ایک مقبول کھیل ہے۔	Urdu (Standard)	South Asia	SACOR_01
We decided to visit the old temple.	ہم نے پرانے مندر کا دورہ کرنے کا فیصلہ کیا۔	Urdu (Standard)	South Asia	SACOR_09
Students gathered in the library.	طلباء لائبریری میں جمع ہوئے۔	Urdu (Standard)	South Asia	SACOR_03
Spices add flavor to traditional dishes.	مصالحے روایتی کھانوں میں ذائقہ بڑھاتے ہیں۔	Urdu (Standard)	South Asia	SACOR_04
Family members support each other during difficult times.	خاندان کے ممبر مشکل وقتوں میں ایک دوسرے کی مدد کرتے ہیں۔	Urdu (Standard)	South Asia	SACOR_02
Traditional music is important for our heritage.	روایتی موسیقی ہماری وراثت کے لیے اہم ہے۔	Urdu (Standard)	South Asia	SACOR_10
Clear communication prevents misunderstandings.	صاف رابطہ غلط فہمیوں کو روکتا ہے۔	Urdu (Standard)	South Asia	SACOR_07
Online shopping has become popular.	آن لائن خریداری مقبول ہو گئی ہے۔	Urdu (Standard)	South Asia	SACOR_02
The river flows peacefully through the valley.	دریا وادی میں پرامن طریقے سے بہتا ہے۔	Urdu (Standard)	South Asia	SACOR_08
Pollution in cities has become a serious problem.	شہروں میں آلودگی ایک سنجیدہ مسئلہ بن گئی ہے۔	Urdu (Standard)	South Asia	SACOR_03
Teachers shape young minds.	استاد نوجوان ذہنوں کو شکل دیتے ہیں۔	Urdu (Standard)	South Asia	SACOR_06
The professor wrote equations on the blackboard.	پروفیسر نے تختے پر مساوات لکھیں۔	Urdu (Standard)	South Asia	SACOR_09
The forest is home to many wild animals.	جنگل بہت سے جنگلی جانوروں کا گھر ہے۔	Urdu (Standard)	South Asia	SACOR_09
The wedding ceremony lasted three days.	شادی کی تقریب تین دن تک چلی۔	Urdu (Standard)	South Asia	SACOR_03
The market was crowded with people.	بازار لوگوں سے بھرا ہوا تھا۔	Urdu (Standard)	South Asia	SACOR_09
The teacher explained the lesson patiently.	استاد نے صبر سے سبق سمجھایا۔	Urdu (Standard)	South Asia	SACOR_05
I woke up early this morning.	میں آج صبح جلدی اٹھا۔	Urdu (Standard)	South Asia	SACOR_05
Eating fresh fruits provides essential vitamins.	تازہ پھل کھانا ضروری وٹامن فراہم کرتا ہے۔	Urdu (Standard)	South Asia	SACOR_03
Storytelling preserves culture and knowledge.	کہانی سنانا ثقافت اور علم کو محفوظ رکھتا ہے۔	Urdu (Standard)	South Asia	SACOR_08
Regular exercise helps maintain good health.	منظم ورزش اچھی صحت برقرار رکھنے میں مدد کرتی ہے۔	Urdu (Standard)	South Asia	SACOR_02
People celebrate festivals with great joy.	لوگ بہت خوشی سے تہوار مناتے ہیں۔	Urdu (Standard)	South Asia	SACOR_09
Elderly people share wisdom and stories.	بزرگ لوگ حکمت اور کہانیاں بانٹتے ہیں۔	Urdu (Standard)	South Asia	SACOR_01
Train journeys offer scenic views.	ریل کے سفر مناظر کے نظارے پیش کرتے ہیں۔	Urdu (Standard)	South Asia	SACOR_05
Small businesses create employment opportunities.	چھوٹے کاروبار روزگار کے مواقع پیدا کرتے ہیں۔	Urdu (Standard)	South Asia	SACOR_06
Respecting elders is an important value.	بزرگوں کا احترام ایک اہم قدر ہے۔	Urdu (Standard)	South Asia	SACOR_06
Doctors recommend drinking plenty of water.	ڈاکٹر زیادہ پانی پینے کی صلاح دیتے ہیں۔	Urdu (Standard)	South Asia	SACOR_10
Doctors work long hours to treat patients.	ڈاکٹر مریضوں کا علاج کرنے کے لیے لمبے گھنٹے کام کرتے ہیں۔	Urdu (Standard)	South Asia	SACOR_02
Sports teach teamwork and discipline.	کھیل ٹیم ورک اور نظم و ضبط سکھاتے ہیں۔	Urdu (Standard)	South Asia	SACOR_03
She cooked delicious biryani for the family.	اس نے خاندان کے لیے مزیدار بریانی پکائی۔	Urdu (Standard)	South Asia	SACOR_09
Tourism brings revenue to regions with historical sites.	سیاحت تاریخی مقامات والے علاقوں میں آمدنی لاتی ہے۔	Urdu (Standard)	South Asia	SACOR_10
The forest is home to many wild animals.	جنگل بہت سے جنگلی جانوروں کا گھر ہے۔	Urdu (Standard)	South Asia	SACOR_10
Learning a new language requires practice.	نئی زبان سیکھنے کے لیے مشق کی ضرورت ہے۔	Urdu (Standard)	South Asia	SACOR_06
The wedding ceremony lasted three days.	شادی کی تقریب تین دن تک چلی۔	Urdu (Standard)	South Asia	SACOR_02
Farmers wake up early to tend to crops.	کسان فصلوں کی دیکھ بھال کے لیے جلدی اٹھتے ہیں۔	Urdu (Standard)	South Asia	SACOR_03
She walked slowly through the garden.	وہ باغ میں آہستہ آہستہ چلی۔	Urdu (Standard)	South Asia	SACOR_02
The school organized a science fair.	اسکول نے سائنس میلہ منظم کیا۔	Urdu (Standard)	South Asia	SACOR_08
Cooking together brings family members closer.	مل کر کھانا پکانا خاندان کے ممبروں کو قریب لاتا ہے۔	Urdu (Standard)	South Asia	SACOR_05
Tea is served to guests as a gesture of hospitality.	مہمانوں کو مہمان نوازی کی نشانی کے طور پر چائے پیش کی جاتی ہے۔	Urdu (Standard)	South Asia	SACOR_05
The internet connects people across continents.	انٹرنیٹ براعظموں میں لوگوں کو جوڑتا ہے۔	Urdu (Standard)	South Asia	SACOR_08
After finishing his work, he sat down.	اپنا کام مکمل کرنے کے بعد، وہ بیٹھ گیا۔	Urdu (Standard)	South Asia	SACOR_06
The professor wrote equations on the blackboard.	پروفیسر نے تختے پر مساوات لکھیں۔	Urdu (Standard)	South Asia	SACOR_07
The bus arrived late.	بس دیر سے پہنچی۔	Urdu (Standard)	South Asia	SACOR_04
Students gathered in the library.	طلباء لائبریری میں جمع ہوئے۔	Urdu (Standard)	South Asia	SACOR_07
Storytelling preserves culture and knowledge.	کہانی سنانا ثقافت اور علم کو محفوظ رکھتا ہے۔	Urdu (Standard)	South Asia	SACOR_06
My grandmother told me stories.	میری دادی نے مجھے کہانیاں سنائیں۔	Urdu (Standard)	South Asia	SACOR_02
The river flows peacefully through the valley.	دریا وادی میں پرامن طریقے سے بہتا ہے۔	Urdu (Standard)	South Asia	SACOR_09
Children learn best when they are interested.	بچے بہترین سیکھتے ہیں جب وہ دلچسپی رکھتے ہیں۔	Urdu (Standard)	South Asia	SACOR_04
Birds were chirping in the trees.	پرندے درختوں میں چہچہا رہے تھے۔	Urdu (Standard)	South Asia	SACOR_08
Teachers shape young minds.	استاد نوجوان ذہنوں کو شکل دیتے ہیں۔	Urdu (Standard)	South Asia	SACOR_01
Tourism brings revenue to regions with historical sites.	سیاحت تاریخی مقامات والے علاقوں میں آمدنی لاتی ہے۔	Urdu (Standard)	South Asia	SACOR_05
Eating fresh fruits provides essential vitamins.	تازہ پھل کھانا ضروری وٹامن فراہم کرتا ہے۔	Urdu (Standard)	South Asia	SACOR_08
Farmers planted rice in the flooded fields.	کسانوں نے پانی والے کھیتوں میں چاول بوئے۔	Urdu (Standard)	South Asia	SACOR_01
Handicrafts showcase artistic traditions.	دستی کاریاں فنکارانہ روایات دکھاتی ہیں۔	Urdu (Standard)	South Asia	SACOR_03
Digital payments have made transactions faster.	ڈیجیٹل ادائیگیوں نے معاملات تیز کر دیے ہیں۔	Urdu (Standard)	South Asia	SACOR_04
Doctors work long hours to treat patients.	ڈاکٹر مریضوں کا علاج کرنے کے لیے لمبے گھنٹے کام کرتے ہیں۔	Urdu (Standard)	South Asia	SACOR_08
People celebrate festivals with great joy.	لوگ بہت خوشی سے تہوار مناتے ہیں۔	Urdu (Standard)	South Asia	SACOR_02
Education opens doors to opportunities.	تعلیم مواقع کے دروازے کھولتی ہے۔	Urdu (Standard)	South Asia	SACOR_03
She cooked delicious biryani for the family.	اس نے خاندان کے لیے مزیدار بریانی پکائی۔	Urdu (Standard)	South Asia	SACOR_06
Elderly people share wisdom and stories.	بزرگ لوگ حکمت اور کہانیاں بانٹتے ہیں۔	Urdu (Standard)	South Asia	SACOR_01
People travel long distances to visit religious sites.	لوگ مذہبی مقامات دیکھنے کے لیے لمبی دوریاں طے کرتے ہیں۔	Urdu (Standard)	South Asia	SACOR_07
Respecting elders is an important value.	بزرگوں کا احترام ایک اہم قدر ہے۔	Urdu (Standard)	South Asia	SACOR_09
Train journeys offer scenic views.	ریل کے سفر مناظر کے نظارے پیش کرتے ہیں۔	Urdu (Standard)	South Asia	SACOR_03
Doctors recommend drinking plenty of water.	ڈاکٹر زیادہ پانی پینے کی صلاح دیتے ہیں۔	Urdu (Standard)	South Asia	SACOR_02
The market was crowded with people.	بازار لوگوں سے بھرا ہوا تھا۔	Urdu (Standard)	South Asia	SACOR_03
Pollution in cities has become a serious problem.	شہروں میں آلودگی ایک سنجیدہ مسئلہ بن گئی ہے۔	Urdu (Standard)	South Asia	SACOR_01
The teacher explained the lesson patiently.	استاد نے صبر سے سبق سمجھایا۔	Urdu (Standard)	South Asia	SACOR_04
Traditional music is important for our heritage.	روایتی موسیقی ہماری وراثت کے لیے اہم ہے۔	Urdu (Standard)	South Asia	SACOR_06
Spices add flavor to traditional dishes.	مصالحے روایتی کھانوں میں ذائقہ بڑھاتے ہیں۔	Urdu (Standard)	South Asia	SACOR_09
Reading books improves vocabulary.	کتابیں پڑھنا ذخیرہ الفاظ بہتر بناتا ہے۔	Urdu (Standard)	South Asia	SACOR_02
Children were playing cricket in the street.	بچے سڑک پر کرکٹ کھیل رہے تھے۔	Urdu (Standard)	South Asia	SACOR_04
We decided to visit the old temple.	ہم نے پرانے مندر کا دورہ کرنے کا فیصلہ کیا۔	Urdu (Standard)	South Asia	SACOR_10
Regular exercise helps maintain good health.	منظم ورزش اچھی صحت برقرار رکھنے میں مدد کرتی ہے۔	Urdu (Standard)	South Asia	SACOR_08
Small businesses create employment opportunities.	چھوٹے کاروبار روزگار کے مواقع پیدا کرتے ہیں۔	Urdu (Standard)	South Asia	SACOR_10
Online shopping has become popular.	آن لائن خریداری مقبول ہو گئی ہے۔	Urdu (Standard)	South Asia	SACOR_06
Cricket is a popular sport.	کرکٹ ایک مقبول کھیل ہے۔	Urdu (Standard)	South Asia	SACOR_02
Family members support each other during difficult times.	خاندان کے ممبر مشکل وقتوں میں ایک دوسرے کی مدد کرتے ہیں۔	Urdu (Standard)	South Asia	SACOR_10
She received a scholarship to study medicine.	اسے طب کی تعلیم کے لیے اسکالرشپ ملی۔	Urdu (Standard)	South Asia	SACOR_07
Parents sacrifice their own needs for children.	والدین بچوں کے لیے اپنی ضرورتیں قربان کرتے ہیں۔	Urdu (Standard)	South Asia	SACOR_03
Agriculture remains the primary source of income.	زراعت آمدنی کا بنیادی ذریعہ رہتی ہے۔	Urdu (Standard)	South Asia	SACOR_05
Smartphones have changed how people communicate.	اسمارٹ فونوں نے لوگوں کے رابطے کے طریقے کو تبدیل کر دیا ہے۔	Urdu (Standard)	South Asia	SACOR_06
I woke up early this morning.	میں آج صبح جلدی اٹھا۔	Urdu (Standard)	South Asia	SACOR_03
Sports teach teamwork and discipline.	کھیل ٹیم ورک اور نظم و ضبط سکھاتے ہیں۔	Urdu (Standard)	South Asia	SACOR_05
Clear communication prevents misunderstandings.	صاف رابطہ غلط فہمیوں کو روکتا ہے۔	Urdu (Standard)	South Asia	SACOR_01
Digital payments have made transactions faster.	ڈیجیٹل ادائیگیوں نے معاملات تیز کر دیے ہیں۔	Urdu (Standard)	South Asia	SACOR_06
Doctors recommend drinking plenty of water.	ڈاکٹر زیادہ پانی پینے کی صلاح دیتے ہیں۔	Urdu (Standard)	South Asia	SACOR_06
Education opens doors to opportunities.	تعلیم مواقع کے دروازے کھولتی ہے۔	Urdu (Standard)	South Asia	SACOR_09
Handicrafts showcase artistic traditions.	دستی کاریاں فنکارانہ روایات دکھاتی ہیں۔	Urdu (Standard)	South Asia	SACOR_10
Smartphones have changed how people communicate.	اسمارٹ فونوں نے لوگوں کے رابطے کے طریقے کو تبدیل کر دیا ہے۔	Urdu (Standard)	South Asia	SACOR_08
Storytelling preserves culture and knowledge.	کہانی سنانا ثقافت اور علم کو محفوظ رکھتا ہے۔	Urdu (Standard)	South Asia	SACOR_03
Regular exercise helps maintain good health.	منظم ورزش اچھی صحت برقرار رکھنے میں مدد کرتی ہے۔	Urdu (Standard)	South Asia	SACOR_04
Farmers wake up early to tend to crops.	کسان فصلوں کی دیکھ بھال کے لیے جلدی اٹھتے ہیں۔	Urdu (Standard)	South Asia	SACOR_06
The market was crowded with people.	بازار لوگوں سے بھرا ہوا تھا۔	Urdu (Standard)	South Asia	SACOR_10
Cooking together brings family members closer.	مل کر کھانا پکانا خاندان کے ممبروں کو قریب لاتا ہے۔	Urdu (Standard)	South Asia	SACOR_02
The professor wrote equations on the blackboard.	پروفیسر نے تختے پر مساوات لکھیں۔	Urdu (Standard)	South Asia	SACOR_10
The school organized a science fair.	اسکول نے سائنس میلہ منظم کیا۔	Urdu (Standard)	South Asia	SACOR_10
The teacher explained the lesson patiently.	استاد نے صبر سے سبق سمجھایا۔	Urdu (Standard)	South Asia	SACOR_09
Sports teach teamwork and discipline.	کھیل ٹیم ورک اور نظم و ضبط سکھاتے ہیں۔	Urdu (Standard)	South Asia	SACOR_09
People travel long distances to visit religious sites.	لوگ مذہبی مقامات دیکھنے کے لیے لمبی دوریاں طے کرتے ہیں۔	Urdu (Standard)	South Asia	SACOR_06
Traditional music is important for our heritage.	روایتی موسیقی ہماری وراثت کے لیے اہم ہے۔	Urdu (Standard)	South Asia	SACOR_06
Reading books improves vocabulary.	کتابیں پڑھنا ذخیرہ الفاظ بہتر بناتا ہے۔	Urdu (Standard)	South Asia	SACOR_03
We decided to visit the old temple.	ہم نے پرانے مندر کا دورہ کرنے کا فیصلہ کیا۔	Urdu (Standard)	South Asia	SACOR_03
Students gathered in the library.	طلباء لائبریری میں جمع ہوئے۔	Urdu (Standard)	South Asia	SACOR_10
The forest is home to many wild animals.	جنگل بہت سے جنگلی جانوروں کا گھر ہے۔	Urdu (Standard)	South Asia	SACOR_03
Elderly people share wisdom and stories.	بزرگ لوگ حکمت اور کہانیاں بانٹتے ہیں۔	Urdu (Standard)	South Asia	SACOR_10
Children were playing cricket in the street.	بچے سڑک پر کرکٹ کھیل رہے تھے۔	Urdu (Standard)	South Asia	SACOR_08
Teachers shape young minds.	استاد نوجوان ذہنوں کو شکل دیتے ہیں۔	Urdu (Standard)	South Asia	SACOR_08
Farmers planted rice in the flooded fields.	کسانوں نے پانی والے کھیتوں میں چاول بوئے۔	Urdu (Standard)	South Asia	SACOR_01
Tea is served to guests as a gesture of hospitality.	مہمانوں کو مہمان نوازی کی نشانی کے طور پر چائے پیش کی جاتی ہے۔	Urdu (Standard)	South Asia	SACOR_03
Parents sacrifice their own needs for children.	والدین بچوں کے لیے اپنی ضرورتیں قربان کرتے ہیں۔	Urdu (Standard)	South Asia	SACOR_06
She cooked delicious biryani for the family.	اس نے خاندان کے لیے مزیدار بریانی پکائی۔	Urdu (Standard)	South Asia	SACOR_10
Family members support each other during difficult times.	خاندان کے ممبر مشکل وقتوں میں ایک دوسرے کی مدد کرتے ہیں۔	Urdu (Standard)	South Asia	SACOR_09
Pollution in cities has become a serious problem.	شہروں میں آلودگی ایک سنجیدہ مسئلہ بن گئی ہے۔	Urdu (Standard)	South Asia	SACOR_05
Agriculture remains the primary source of income.	زراعت آمدنی کا بنیادی ذریعہ رہتی ہے۔	Urdu (Standard)	South Asia	SACOR_06
People celebrate festivals with great joy.	لوگ بہت خوشی سے تہوار مناتے ہیں۔	Urdu (Standard)	South Asia	SACOR_09
Train journeys offer scenic views.	ریل کے سفر مناظر کے نظارے پیش کرتے ہیں۔	Urdu (Standard)	South Asia	SACOR_06
She received a scholarship to study medicine.	اسے طب کی تعلیم کے لیے اسکالرشپ ملی۔	Urdu (Standard)	South Asia	SACOR_06
Children learn best when they are interested.	بچے بہترین سیکھتے ہیں جب وہ دلچسپی رکھتے ہیں۔	Urdu (Standard)	South Asia	SACOR_05
Cricket is a popular sport.	کرکٹ ایک مقبول کھیل ہے۔	Urdu (Standard)	South Asia	SACOR_03
Online shopping has become popular.	آن لائن خریداری مقبول ہو گئی ہے۔	Urdu (Standard)	South Asia	SACOR_03
Birds were chirping in the trees.	پرندے درختوں میں چہچہا رہے تھے۔	Urdu (Standard)	South Asia	SACOR_01
I woke up early this morning.	میں آج صبح جلدی اٹھا۔	Urdu (Standard)	South Asia	SACOR_06
The river flows peacefully through the valley.	دریا وادی میں پرامن طریقے سے بہتا ہے۔	Urdu (Standard)	South Asia	SACOR_05
Eating fresh fruits provides essential vitamins.	تازہ پھل کھانا ضروری وٹامن فراہم کرتا ہے۔	Urdu (Standard)	South Asia	SACOR_09
Small businesses create employment opportunities.	چھوٹے کاروبار روزگار کے مواقع پیدا کرتے ہیں۔	Urdu (Standard)	South Asia	SACOR_08
The wedding ceremony lasted three days.	شادی کی تقریب تین دن تک چلی۔	Urdu (Standard)	South Asia	SACOR_03
My grandmother told me stories.	میری دادی نے مجھے کہانیاں سنائیں۔	Urdu (Standard)	South Asia	SACOR_10
Doctors work long hours to treat patients.	ڈاکٹر مریضوں کا علاج کرنے کے لیے لمبے گھنٹے کام کرتے ہیں۔	Urdu (Standard)	South Asia	SACOR_02
She walked slowly through the garden.	وہ باغ میں آہستہ آہستہ چلی۔	Urdu (Standard)	South Asia	SACOR_03
Clear communication prevents misunderstandings.	صاف رابطہ غلط فہمیوں کو روکتا ہے۔	Urdu (Standard)	South Asia	SACOR_10
Respecting elders is an important value.	بزرگوں کا احترام ایک اہم قدر ہے۔	Urdu (Standard)	South Asia	SACOR_09
The internet connects people across continents.	انٹرنیٹ براعظموں میں لوگوں کو جوڑتا ہے۔	Urdu (Standard)	South Asia	SACOR_10
Learning a new language requires practice.	نئی زبان سیکھنے کے لیے مشق کی ضرورت ہے۔	Urdu (Standard)	South Asia	SACOR_07
Spices add flavor to traditional dishes.	مصالحے روایتی کھانوں میں ذائقہ بڑھاتے ہیں۔	Urdu (Standard)	South Asia	SACOR_08
After finishing his work, he sat down.	اپنا کام مکمل کرنے کے بعد، وہ بیٹھ گیا۔	Urdu (Standard)	South Asia	SACOR_04
Tourism brings revenue to regions with historical sites.	سیاحت تاریخی مقامات والے علاقوں میں آمدنی لاتی ہے۔	Urdu (Standard)	South Asia	SACOR_04
The bus arrived late.	بس دیر سے پہنچی۔	Urdu (Standard)	South Asia	SACOR_06
Handicrafts showcase artistic traditions.	دستی کاریاں فنکارانہ روایات دکھاتی ہیں۔	Urdu (Standard)	South Asia	SACOR_04
Agriculture remains the primary source of income.	زراعت آمدنی کا بنیادی ذریعہ رہتی ہے۔	Urdu (Standard)	South Asia	SACOR_08
Cricket is a popular sport.	کرکٹ ایک مقبول کھیل ہے۔	Urdu (Standard)	South Asia	SACOR_01
Sports teach teamwork and discipline.	کھیل ٹیم ورک اور نظم و ضبط سکھاتے ہیں۔	Urdu (Standard)	South Asia	SACOR_07
Pollution in cities has become a serious problem.	شہروں میں آلودگی ایک سنجیدہ مسئلہ بن گئی ہے۔	Urdu (Standard)	South Asia	SACOR_04
Parents sacrifice their own needs for children.	والدین بچوں کے لیے اپنی ضرورتیں قربان کرتے ہیں۔	Urdu (Standard)	South Asia	SACOR_03
Cooking together brings family members closer.	مل کر کھانا پکانا خاندان کے ممبروں کو قریب لاتا ہے۔	Urdu (Standard)	South Asia	SACOR_04
She received a scholarship to study medicine.	اسے طب کی تعلیم کے لیے اسکالرشپ ملی۔	Urdu (Standard)	South Asia	SACOR_01
The professor wrote equations on the blackboard.	پروفیسر نے تختے پر مساوات لکھیں۔	Urdu (Standard)	South Asia	SACOR_01
Digital payments have made transactions faster.	ڈیجیٹل ادائیگیوں نے معاملات تیز کر دیے ہیں۔	Urdu (Standard)	South Asia	SACOR_02
Learning a new language requires practice.	نئی زبان سیکھنے کے لیے مشق کی ضرورت ہے۔	Urdu (Standard)	South Asia	SACOR_08
I woke up early this morning.	میں آج صبح جلدی اٹھا۔	Urdu (Standard)	South Asia	SACOR_02
The market was crowded with people.	بازار لوگوں سے بھرا ہوا تھا۔	Urdu (Standard)	South Asia	SACOR_10
Farmers planted rice in the flooded fields.	کسانوں نے پانی والے کھیتوں میں چاول بوئے۔	Urdu (Standard)	South Asia	SACOR_06
Online shopping has become popular.	آن لائن خریداری مقبول ہو گئی ہے۔	Urdu (Standard)	South Asia	SACOR_06
Tourism brings revenue to regions with historical sites.	سیاحت تاریخی مقامات والے علاقوں میں آمدنی لاتی ہے۔	Urdu (Standard)	South Asia	SACOR_08
Regular exercise helps maintain good health.	منظم ورزش اچھی صحت برقرار رکھنے میں مدد کرتی ہے۔	Urdu (Standard)	South Asia	SACOR_07
Family members support each other during difficult times.	خاندان کے ممبر مشکل وقتوں میں ایک دوسرے کی مدد کرتے ہیں۔	Urdu (Standard)	South Asia	SACOR_04
Storytelling preserves culture and knowledge.	کہانی سنانا ثقافت اور علم کو محفوظ رکھتا ہے۔	Urdu (Standard)	South Asia	SACOR_03
Students gathered in the library.	طلباء لائبریری میں جمع ہوئے۔	Urdu (Standard)	South Asia	SACOR_10
We decided to visit the old temple.	ہم نے پرانے مندر کا دورہ کرنے کا فیصلہ کیا۔	Urdu (Standard)	South Asia	SACOR_06
Education opens doors to opportunities.	تعلیم مواقع کے دروازے کھولتی ہے۔	Urdu (Standard)	South Asia	SACOR_02
Doctors work long hours to treat patients.	ڈاکٹر مریضوں کا علاج کرنے کے لیے لمبے گھنٹے کام کرتے ہیں۔	Urdu (Standard)	South Asia	SACOR_07
She cooked delicious biryani for the family.	اس نے خاندان کے لیے مزیدار بریانی پکائی۔	Urdu (Standard)	South Asia	SACOR_07
The internet connects people across continents.	انٹرنیٹ براعظموں میں لوگوں کو جوڑتا ہے۔	Urdu (Standard)	South Asia	SACOR_03
Reading books improves vocabulary.	کتابیں پڑھنا ذخیرہ الفاظ بہتر بناتا ہے۔	Urdu (Standard)	South Asia	SACOR_02
Teachers shape young minds.	استاد نوجوان ذہنوں کو شکل دیتے ہیں۔	Urdu (Standard)	South Asia	SACOR_06
Children were playing cricket in the street.	بچے سڑک پر کرکٹ کھیل رہے تھے۔	Urdu (Standard)	South Asia	SACOR_07
Spices add flavor to traditional dishes.	مصالحے روایتی کھانوں میں ذائقہ بڑھاتے ہیں۔	Urdu (Standard)	South Asia	SACOR_08
Train journeys offer scenic views.	ریل کے سفر مناظر کے نظارے پیش کرتے ہیں۔	Urdu (Standard)	South Asia	SACOR_05
She walked slowly through the garden.	وہ باغ میں آہستہ آہستہ چلی۔	Urdu (Standard)	South Asia	SACOR_09
Birds were chirping in the trees.	پرندے درختوں میں چہچہا رہے تھے۔	Urdu (Standard)	South Asia	SACOR_07
The bus arrived late.	بس دیر سے پہنچی۔	Urdu (Standard)	South Asia	SACOR_04
Doctors recommend drinking plenty of water.	ڈاکٹر زیادہ پانی پینے کی صلاح دیتے ہیں۔	Urdu (Standard)	South Asia	SACOR_08
Traditional music is important for our heritage.	روایتی موسیقی ہماری وراثت کے لیے اہم ہے۔	Urdu (Standard)	South Asia	SACOR_05
Eating fresh fruits provides essential vitamins.	تازہ پھل کھانا ضروری وٹامن فراہم کرتا ہے۔	Urdu (Standard)	South Asia	SACOR_08
Respecting elders is an important value.	بزرگوں کا احترام ایک اہم قدر ہے۔	Urdu (Standard)	South Asia	SACOR_01
People travel long distances to visit religious sites.	لوگ مذہبی مقامات دیکھنے کے لیے لمبی دوریاں طے کرتے ہیں۔	Urdu (Standard)	South Asia	SACOR_04
After finishing his work, he sat down.	اپنا کام مکمل کرنے کے بعد، وہ بیٹھ گیا۔	Urdu (Standard)	South Asia	SACOR_01
My grandmother told me stories.	میری دادی نے مجھے کہانیاں سنائیں۔	Urdu (Standard)	South Asia	SACOR_04
The wedding ceremony lasted three days.	شادی کی تقریب تین دن تک چلی۔	Urdu (Standard)	South Asia	SACOR_07
Children learn best when they are interested.	بچے بہترین سیکھتے ہیں جب وہ دلچسپی رکھتے ہیں۔	Urdu (Standard)	South Asia	SACOR_07
The river flows peacefully through the valley.	دریا وادی میں پرامن طریقے سے بہتا ہے۔	Urdu (Standard)	South Asia	SACOR_04
People celebrate festivals with great joy.	لوگ بہت خوشی سے تہوار مناتے ہیں۔	Urdu (Standard)	South Asia	SACOR_09
The teacher explained the lesson patiently.	استاد نے صبر سے سبق سمجھایا۔	Urdu (Standard)	South Asia	SACOR_07
Clear communication prevents misunderstandings.	صاف رابطہ غلط فہمیوں کو روکتا ہے۔	Urdu (Standard)	South Asia	SACOR_01
Tea is served to guests as a gesture of hospitality.	مہمانوں کو مہمان نوازی کی نشانی کے طور پر چائے پیش کی جاتی ہے۔	Urdu (Standard)	South Asia	SACOR_03
The school organized a science fair.	اسکول نے سائنس میلہ منظم کیا۔	Urdu (Standard)	South Asia	SACOR_07
Elderly people share wisdom and stories.	بزرگ لوگ حکمت اور کہانیاں بانٹتے ہیں۔	Urdu (Standard)	South Asia	SACOR_09
The forest is home to many wild animals.	جنگل بہت سے جنگلی جانوروں کا گھر ہے۔	Urdu (Standard)	South Asia	SACOR_08
Small businesses create employment opportunities.	چھوٹے کاروبار روزگار کے مواقع پیدا کرتے ہیں۔	Urdu (Standard)	South Asia	SACOR_02
Smartphones have changed how people communicate.	اسمارٹ فونوں نے لوگوں کے رابطے کے طریقے کو تبدیل کر دیا ہے۔	Urdu (Standard)	South Asia	SACOR_08
Farmers wake up early to tend to crops.	کسان فصلوں کی دیکھ بھال کے لیے جلدی اٹھتے ہیں۔	Urdu (Standard)	South Asia	SACOR_06
People celebrate festivals with great joy.	لوگ بہت خوشی سے تہوار مناتے ہیں۔	Urdu (Standard)	South Asia	SACOR_09
Family members support each other during difficult times.	خاندان کے ممبر مشکل وقتوں میں ایک دوسرے کی مدد کرتے ہیں۔	Urdu (Standard)	South Asia	SACOR_05
Eating fresh fruits provides essential vitamins.	تازہ پھل کھانا ضروری وٹامن فراہم کرتا ہے۔	Urdu (Standard)	South Asia	SACOR_01
Regular exercise helps maintain good health.	منظم ورزش اچھی صحت برقرار رکھنے میں مدد کرتی ہے۔	Urdu (Standard)	South Asia	SACOR_06
Pollution in cities has become a serious problem.	شہروں میں آلودگی ایک سنجیدہ مسئلہ بن گئی ہے۔	Urdu (Standard)	South Asia	SACOR_04
Traditional music is important for our heritage.	روایتی موسیقی ہماری وراثت کے لیے اہم ہے۔	Urdu (Standard)	South Asia	SACOR_02
She cooked delicious biryani for the family.	اس نے خاندان کے لیے مزیدار بریانی پکائی۔	Urdu (Standard)	South Asia	SACOR_09
She received a scholarship to study medicine.	اسے طب کی تعلیم کے لیے اسکالرشپ ملی۔	Urdu (Standard)	South Asia	SACOR_09
Teachers shape young minds.	استاد نوجوان ذہنوں کو شکل دیتے ہیں۔	Urdu (Standard)	South Asia	SACOR_07
Children learn best when they are interested.	بچے بہترین سیکھتے ہیں جب وہ دلچسپی رکھتے ہیں۔	Urdu (Standard)	South Asia	SACOR_06
I woke up early this morning.	میں آج صبح جلدی اٹھا۔	Urdu (Standard)	South Asia	SACOR_09
The professor wrote equations on the blackboard.	پروفیسر نے تختے پر مساوات لکھیں۔	Urdu (Standard)	South Asia	SACOR_06
After finishing his work, he sat down.	اپنا کام مکمل کرنے کے بعد، وہ بیٹھ گیا۔	Urdu (Standard)	South Asia	SACOR_03
Learning a new language requires practice.	نئی زبان سیکھنے کے لیے مشق کی ضرورت ہے۔	Urdu (Standard)	South Asia	SACOR_03
The school organized a science fair.	اسکول نے سائنس میلہ منظم کیا۔	Urdu (Standard)	South Asia	SACOR_09
Tourism brings revenue to regions with historical sites.	سیاحت تاریخی مقامات والے علاقوں میں آمدنی لاتی ہے۔	Urdu (Standard)	South Asia	SACOR_09
Smartphones have changed how people communicate.	اسمارٹ فونوں نے لوگوں کے رابطے کے طریقے کو تبدیل کر دیا ہے۔	Urdu (Standard)	South Asia	SACOR_08
Students gathered in the library.	طلباء لائبریری میں جمع ہوئے۔	Urdu (Standard)	South Asia	SACOR_07
Elderly people share wisdom and stories.	بزرگ لوگ حکمت اور کہانیاں بانٹتے ہیں۔	Urdu (Standard)	South Asia	SACOR_02
The forest is home to many wild animals.	جنگل بہت سے جنگلی جانوروں کا گھر ہے۔	Urdu (Standard)	South Asia	SACOR_08
Spices add flavor to traditional dishes.	مصالحے روایتی کھانوں میں ذائقہ بڑھاتے ہیں۔	Urdu (Standard)	South Asia	SACOR_03
Doctors recommend drinking plenty of water.	ڈاکٹر زیادہ پانی پینے کی صلاح دیتے ہیں۔	Urdu (Standard)	South Asia	SACOR_08
The market was crowded with people.	بازار لوگوں سے بھرا ہوا تھا۔	Urdu (Standard)	South Asia	SACOR_05
Storytelling preserves culture and knowledge.	کہانی سنانا ثقافت اور علم کو محفوظ رکھتا ہے۔	Urdu (Standard)	South Asia	SACOR_07
The teacher explained the lesson patiently.	استاد نے صبر سے سبق سمجھایا۔	Urdu (Standard)	South Asia	SACOR_01
Doctors work long hours to treat patients.	ڈاکٹر مریضوں کا علاج کرنے کے لیے لمبے گھنٹے کام کرتے ہیں۔	Urdu (Standard)	South Asia	SACOR_01
Cricket is a popular sport.	کرکٹ ایک مقبول کھیل ہے۔	Urdu (Standard)	South Asia	SACOR_04
The wedding ceremony lasted three days.	شادی کی تقریب تین دن تک چلی۔	Urdu (Standard)	South Asia	SACOR_05
Digital payments have made transactions faster.	ڈیجیٹل ادائیگیوں نے معاملات تیز کر دیے ہیں۔	Urdu (Standard)	South Asia	SACOR_02
The river flows peacefully through the valley.	دریا وادی میں پرامن طریقے سے بہتا ہے۔	Urdu (Standard)	South Asia	SACOR_01
Train journeys offer scenic views.	ریل کے سفر مناظر کے نظارے پیش کرتے ہیں۔	Urdu (Standard)	South Asia	SACOR_06
Handicrafts showcase artistic traditions.	دستی کاریاں فنکارانہ روایات دکھاتی ہیں۔	Urdu (Standard)	South Asia	SACOR_09
Online shopping has become popular.	آن لائن خریداری مقبول ہو گئی ہے۔	Urdu (Standard)	South Asia	SACOR_09
Farmers planted rice in the flooded fields.	کسانوں نے پانی والے کھیتوں میں چاول بوئے۔	Urdu (Standard)	South Asia	SACOR_03
Respecting elders is an important value.	بزرگوں کا احترام ایک اہم قدر ہے۔	Urdu (Standard)	South Asia	SACOR_09
Small businesses create employment opportunities.	چھوٹے کاروبار روزگار کے مواقع پیدا کرتے ہیں۔	Urdu (Standard)	South Asia	SACOR_08
Reading books improves vocabulary.	کتابیں پڑھنا ذخیرہ الفاظ بہتر بناتا ہے۔	Urdu (Standard)	South Asia	SACOR_01
Parents sacrifice their own needs for children.	والدین بچوں کے لیے اپنی ضرورتیں قربان کرتے ہیں۔	Urdu (Standard)	South Asia	SACOR_04
Birds were chirping in the trees.	پرندے درختوں میں چہچہا رہے تھے۔	Urdu (Standard)	South Asia	SACOR_06
The internet connects people across continents.	انٹرنیٹ براعظموں میں لوگوں کو جوڑتا ہے۔	Urdu (Standard)	South Asia	SACOR_02
Tea is served to guests as a gesture of hospitality.	مہمانوں کو مہمان نوازی کی نشانی کے طور پر چائے پیش کی جاتی ہے۔	Urdu (Standard)	South Asia	SACOR_08
She walked slowly through the garden.	وہ باغ میں آہستہ آہستہ چلی۔	Urdu (Standard)	South Asia	SACOR_02
The bus arrived late.	بس دیر سے پہنچی۔	Urdu (Standard)	South Asia	SACOR_10
People travel long distances to visit religious sites.	لوگ مذہبی مقامات دیکھنے کے لیے لمبی دوریاں طے کرتے ہیں۔	Urdu (Standard)	South Asia	SACOR_10
We decided to visit the old temple.	ہم نے پرانے مندر کا دورہ کرنے کا فیصلہ کیا۔	Urdu (Standard)	South Asia	SACOR_05
Children were playing cricket in the street.	بچے سڑک پر کرکٹ کھیل رہے تھے۔	Urdu (Standard)	South Asia	SACOR_10
Farmers wake up early to tend to crops.	کسان فصلوں کی دیکھ بھال کے لیے جلدی اٹھتے ہیں۔	Urdu (Standard)	South Asia	SACOR_08
Clear communication prevents misunderstandings.	صاف رابطہ غلط فہمیوں کو روکتا ہے۔	Urdu (Standard)	South Asia	SACOR_05
My grandmother told me stories.	میری دادی نے مجھے کہانیاں سنائیں۔	Urdu (Standard)	South Asia	SACOR_06
Cooking together brings family members closer.	مل کر کھانا پکانا خاندان کے ممبروں کو قریب لاتا ہے۔	Urdu (Standard)	South Asia	SACOR_01
Agriculture remains the primary source of income.	زراعت آمدنی کا بنیادی ذریعہ رہتی ہے۔	Urdu (Standard)	South Asia	SACOR_01
Education opens doors to opportunities.	تعلیم مواقع کے دروازے کھولتی ہے۔	Urdu (Standard)	South Asia	SACOR_10
Sports teach teamwork and discipline.	کھیل ٹیم ورک اور نظم و ضبط سکھاتے ہیں۔	Urdu (Standard)	South Asia	SACOR_08
Cricket is a popular sport.	کرکٹ ایک مقبول کھیل ہے۔	Urdu (Standard)	South Asia	SACOR_01
Regular exercise helps maintain good health.	منظم ورزش اچھی صحت برقرار رکھنے میں مدد کرتی ہے۔	Urdu (Standard)	South Asia	SACOR_07
Traditional music is important for our heritage.	روایتی موسیقی ہماری وراثت کے لیے اہم ہے۔	Urdu (Standard)	South Asia	SACOR_05
She cooked delicious biryani for the family.	اس نے خاندان کے لیے مزیدار بریانی پکائی۔	Urdu (Standard)	South Asia	SACOR_05
Tea is served to guests as a gesture of hospitality.	مہمانوں کو مہمان نوازی کی نشانی کے طور پر چائے پیش کی جاتی ہے۔	Urdu (Standard)	South Asia	SACOR_01
The market was crowded with people.	بازار لوگوں سے بھرا ہوا تھا۔	Urdu (Standard)	South Asia	SACOR_08
She walked slowly through the garden.	وہ باغ میں آہستہ آہستہ چلی۔	Urdu (Standard)	South Asia	SACOR_02
The school organized a science fair.	اسکول نے سائنس میلہ منظم کیا۔	Urdu (Standard)	South Asia	SACOR_03
Teachers shape young minds.	استاد نوجوان ذہنوں کو شکل دیتے ہیں۔	Urdu (Standard)	South Asia	SACOR_06
Train journeys offer scenic views.	ریل کے سفر مناظر کے نظارے پیش کرتے ہیں۔	Urdu (Standard)	South Asia	SACOR_04
Reading books improves vocabulary.	کتابیں پڑھنا ذخیرہ الفاظ بہتر بناتا ہے۔	Urdu (Standard)	South Asia	SACOR_05
Family members support each other during difficult times.	خاندان کے ممبر مشکل وقتوں میں ایک دوسرے کی مدد کرتے ہیں۔	Urdu (Standard)	South Asia	SACOR_07
Agriculture remains the primary source of income.	زراعت آمدنی کا بنیادی ذریعہ رہتی ہے۔	Urdu (Standard)	South Asia	SACOR_02
The bus arrived late.	بس دیر سے پہنچی۔	Urdu (Standard)	South Asia	SACOR_02
Farmers wake up early to tend to crops.	کسان فصلوں کی دیکھ بھال کے لیے جلدی اٹھتے ہیں۔	Urdu (Standard)	South Asia	SACOR_06
Respecting elders is an important value.	بزرگوں کا احترام ایک اہم قدر ہے۔	Urdu (Standard)	South Asia	SACOR_06
Parents sacrifice their own needs for children.	والدین بچوں کے لیے اپنی ضرورتیں قربان کرتے ہیں۔	Urdu (Standard)	South Asia	SACOR_06
After finishing his work, he sat down.	اپنا کام مکمل کرنے کے بعد، وہ بیٹھ گیا۔	Urdu (Standard)	South Asia	SACOR_03
Online shopping has become popular.	آن لائن خریداری مقبول ہو گئی ہے۔	Urdu (Standard)	South Asia	SACOR_05
Storytelling preserves culture and knowledge.	کہانی سنانا ثقافت اور علم کو محفوظ رکھتا ہے۔	Urdu (Standard)	South Asia	SACOR_01
She received a scholarship to study medicine.	اسے طب کی تعلیم کے لیے اسکالرشپ ملی۔	Urdu (Standard)	South Asia	SACOR_03
Doctors recommend drinking plenty of water.	ڈاکٹر زیادہ پانی پینے کی صلاح دیتے ہیں۔	Urdu (Standard)	South Asia	SACOR_08
We decided to visit the old temple.	ہم نے پرانے مندر کا دورہ کرنے کا فیصلہ کیا۔	Urdu (Standard)	South Asia	SACOR_09
Pollution in cities has become a serious problem.	شہروں میں آلودگی ایک سنجیدہ مسئلہ بن گئی ہے۔	Urdu (Standard)	South Asia	SACOR_03
Tourism brings revenue to regions with historical sites.	سیاحت تاریخی مقامات والے علاقوں میں آمدنی لاتی ہے۔	Urdu (Standard)	South Asia	SACOR_01
Children learn best when they are interested.	بچے بہترین سیکھتے ہیں جب وہ دلچسپی رکھتے ہیں۔	Urdu (Standard)	South Asia	SACOR_02
I woke up early this morning.	میں آج صبح جلدی اٹھا۔	Urdu (Standard)	South Asia	SACOR_06
Digital payments have made transactions faster.	ڈیجیٹل ادائیگیوں نے معاملات تیز کر دیے ہیں۔	Urdu (Standard)	South Asia	SACOR_09
My grandmother told me stories.	میری دادی نے مجھے کہانیاں سنائیں۔	Urdu (Standard)	South Asia	SACOR_02
Small businesses create employment opportunities.	چھوٹے کاروبار روزگار کے مواقع پیدا کرتے ہیں۔	Urdu (Standard)	South Asia	SACOR_02
Spices add flavor to traditional dishes.	مصالحے روایتی کھانوں میں ذائقہ بڑھاتے ہیں۔	Urdu (Standard)	South Asia	SACOR_04
Handicrafts showcase artistic traditions.	دستی کاریاں فنکارانہ روایات دکھاتی ہیں۔	Urdu (Standard)	South Asia	SACOR_01
Eating fresh fruits provides essential vitamins.	تازہ پھل کھانا ضروری وٹامن فراہم کرتا ہے۔	Urdu (Standard)	South Asia	SACOR_09
The wedding ceremony lasted three days.	شادی کی تقریب تین دن تک چلی۔	Urdu (Standard)	South Asia	SACOR_04
Sports teach teamwork and discipline.	کھیل ٹیم ورک اور نظم و ضبط سکھاتے ہیں۔	Urdu (Standard)	South Asia	SACOR_10
Farmers planted rice in the flooded fields.	کسانوں نے پانی والے کھیتوں میں چاول بوئے۔	Urdu (Standard)	South Asia	SACOR_06
The teacher explained the lesson patiently.	استاد نے صبر سے سبق سمجھایا۔	Urdu (Standard)	South Asia	SACOR_04
People celebrate festivals with great joy.	لوگ بہت خوشی سے تہوار مناتے ہیں۔	Urdu (Standard)	South Asia	SACOR_02
Cooking together brings family members closer.	مل کر کھانا پکانا خاندان کے ممبروں کو قریب لاتا ہے۔	Urdu (Standard)	South Asia	SACOR_02
Children were playing cricket in the street.	بچے سڑک پر کرکٹ کھیل رہے تھے۔	Urdu (Standard)	South Asia	SACOR_07
The internet connects people across continents.	انٹرنیٹ براعظموں میں لوگوں کو جوڑتا ہے۔	Urdu (Standard)	South Asia	SACOR_10
Birds were chirping in the trees.	پرندے درختوں میں چہچہا رہے تھے۔	Urdu (Standard)	South Asia	SACOR_06
The professor wrote equations on the blackboard.	پروفیسر نے تختے پر مساوات لکھیں۔	Urdu (Standard)	South Asia	SACOR_02
Clear communication prevents misunderstandings.	صاف رابطہ غلط فہمیوں کو روکتا ہے۔	Urdu (Standard)	South Asia	SACOR_06
The forest is home to many wild animals.	جنگل بہت سے جنگلی جانوروں کا گھر ہے۔	Urdu (Standard)	South Asia	SACOR_03
Students gathered in the library.	طلباء لائبریری میں جمع ہوئے۔	Urdu (Standard)	South Asia	SACOR_03
The river flows peacefully through the valley.	دریا وادی میں پرامن طریقے سے بہتا ہے۔	Urdu (Standard)	South Asia	SACOR_04
People travel long distances to visit religious sites.	لوگ مذہبی مقامات دیکھنے کے لیے لمبی دوریاں طے کرتے ہیں۔	Urdu (Standard)	South Asia	SACOR_05
Elderly people share wisdom and stories.	بزرگ لوگ حکمت اور کہانیاں بانٹتے ہیں۔	Urdu (Standard)	South Asia	SACOR_06
Learning a new language requires practice.	نئی زبان سیکھنے کے لیے مشق کی ضرورت ہے۔	Urdu (Standard)	South Asia	SACOR_01
Doctors work long hours to treat patients.	ڈاکٹر مریضوں کا علاج کرنے کے لیے لمبے گھنٹے کام کرتے ہیں۔	Urdu (Standard)	South Asia	SACOR_09
Education opens doors to opportunities.	تعلیم مواقع کے دروازے کھولتی ہے۔	Urdu (Standard)	South Asia	SACOR_10
Smartphones have changed how people communicate.	اسمارٹ فونوں نے لوگوں کے رابطے کے طریقے کو تبدیل کر دیا ہے۔	Urdu (Standard)	South Asia	SACOR_07
The school organized a science fair.	اسکول نے سائنس میلہ منظم کیا۔	Urdu (Standard)	South Asia	SACOR_01
The internet connects people across continents.	انٹرنیٹ براعظموں میں لوگوں کو جوڑتا ہے۔	Urdu (Standard)	South Asia	SACOR_08
Digital payments have made transactions faster.	ڈیجیٹل ادائیگیوں نے معاملات تیز کر دیے ہیں۔	Urdu (Standard)	South Asia	SACOR_02
Students gathered in the library.	طلباء لائبریری میں جمع ہوئے۔	Urdu (Standard)	South Asia	SACOR_04
Clear communication prevents misunderstandings.	صاف رابطہ غلط فہمیوں کو روکتا ہے۔	Urdu (Standard)	South Asia	SACOR_08
Cooking together brings family members closer.	مل کر کھانا پکانا خاندان کے ممبروں کو قریب لاتا ہے۔	Urdu (Standard)	South Asia	SACOR_07
Handicrafts showcase artistic traditions.	دستی کاریاں فنکارانہ روایات دکھاتی ہیں۔	Urdu (Standard)	South Asia	SACOR_07
The teacher explained the lesson patiently.	استاد نے صبر سے سبق سمجھایا۔	Urdu (Standard)	South Asia	SACOR_08
Respecting elders is an important value.	بزرگوں کا احترام ایک اہم قدر ہے۔	Urdu (Standard)	South Asia	SACOR_01
Reading books improves vocabulary.	کتابیں پڑھنا ذخیرہ الفاظ بہتر بناتا ہے۔	Urdu (Standard)	South Asia	SACOR_09
After finishing his work, he sat down.	اپنا کام مکمل کرنے کے بعد، وہ بیٹھ گیا۔	Urdu (Standard)	South Asia	SACOR_01
Eating fresh fruits provides essential vitamins.	تازہ پھل کھانا ضروری وٹامن فراہم کرتا ہے۔	Urdu (Standard)	South Asia	SACOR_07
Children learn best when they are interested.	بچے بہترین سیکھتے ہیں جب وہ دلچسپی رکھتے ہیں۔	Urdu (Standard)	South Asia	SACOR_01
The river flows peacefully through the valley.	دریا وادی میں پرامن طریقے سے بہتا ہے۔	Urdu (Standard)	South Asia	SACOR_07
We decided to visit the old temple.	ہم نے پرانے مندر کا دورہ کرنے کا فیصلہ کیا۔	Urdu (Standard)	South Asia	SACOR_01
Traditional music is important for our heritage.	روایتی موسیقی ہماری وراثت کے لیے اہم ہے۔	Urdu (Standard)	South Asia	SACOR_06
Teachers shape young minds.	استاد نوجوان ذہنوں کو شکل دیتے ہیں۔	Urdu (Standard)	South Asia	SACOR_01
Tea is served to guests as a gesture of hospitality.	مہمانوں کو مہمان نوازی کی نشانی کے طور پر چائے پیش کی جاتی ہے۔	Urdu (Standard)	South Asia	SACOR_07
Farmers wake up early to tend to crops.	کسان فصلوں کی دیکھ بھال کے لیے جلدی اٹھتے ہیں۔	Urdu (Standard)	South Asia	SACOR_05
She received a scholarship to study medicine.	اسے طب کی تعلیم کے لیے اسکالرشپ ملی۔	Urdu (Standard)	South Asia	SACOR_01
The wedding ceremony lasted three days.	شادی کی تقریب تین دن تک چلی۔	Urdu (Standard)	South Asia	SACOR_06
Children were playing cricket in the street.	بچے سڑک پر کرکٹ کھیل رہے تھے۔	Urdu (Standard)	South Asia	SACOR_02
Doctors recommend drinking plenty of water.	ڈاکٹر زیادہ پانی پینے کی صلاح دیتے ہیں۔	Urdu (Standard)	South Asia	SACOR_02
Tourism brings revenue to regions with historical sites.	سیاحت تاریخی مقامات والے علاقوں میں آمدنی لاتی ہے۔	Urdu (Standard)	South Asia	SACOR_09
Parents sacrifice their own needs for children.	والدین بچوں کے لیے اپنی ضرورتیں قربان کرتے ہیں۔	Urdu (Standard)	South Asia	SACOR_04
Online shopping has become popular.	آن لائن خریداری مقبول ہو گئی ہے۔	Urdu (Standard)	South Asia	SACOR_03
Sports teach teamwork and discipline.	کھیل ٹیم ورک اور نظم و ضبط سکھاتے ہیں۔	Urdu (Standard)	South Asia	SACOR_09
Cricket is a popular sport.	کرکٹ ایک مقبول کھیل ہے۔	Urdu (Standard)	South Asia	SACOR_05
The forest is home to many wild animals.	جنگل بہت سے جنگلی جانوروں کا گھر ہے۔	Urdu (Standard)	South Asia	SACOR_01
My grandmother told me stories.	میری دادی نے مجھے کہانیاں سنائیں۔	Urdu (Standard)	South Asia	SACOR_02
Pollution in cities has become a serious problem.	شہروں میں آلودگی ایک سنجیدہ مسئلہ بن گئی ہے۔	Urdu (Standard)	South Asia	SACOR_05
Elderly people share wisdom and stories.	بزرگ لوگ حکمت اور کہانیاں بانٹتے ہیں۔	Urdu (Standard)	South Asia	SACOR_05
Doctors work long hours to treat patients.	ڈاکٹر مریضوں کا علاج کرنے کے لیے لمبے گھنٹے کام کرتے ہیں۔	Urdu (Standard)	South Asia	SACOR_01
Smartphones have changed how people communicate.	اسمارٹ فونوں نے لوگوں کے رابطے کے طریقے کو تبدیل کر دیا ہے۔	Urdu (Standard)	South Asia	SACOR_08
She cooked delicious biryani for the family.	اس نے خاندان کے لیے مزیدار بریانی پکائی۔	Urdu (Standard)	South Asia	SACOR_10
I woke up early this morning.	میں آج صبح جلدی اٹھا۔	Urdu (Standard)	South Asia	SACOR_01
Education opens doors to opportunities.	تعلیم مواقع کے دروازے کھولتی ہے۔	Urdu (Standard)	South Asia	SACOR_05
Birds were chirping in the trees.	پرندے درختوں میں چہچہا رہے تھے۔	Urdu (Standard)	South Asia	SACOR_04
Storytelling preserves culture and knowledge.	کہانی سنانا ثقافت اور علم کو محفوظ رکھتا ہے۔	Urdu (Standard)	South Asia	SACOR_09
The bus arrived late.	بس دیر سے پہنچی۔	Urdu (Standard)	South Asia	SACOR_10
She walked slowly through the garden.	وہ باغ میں آہستہ آہستہ چلی۔	Urdu (Standard)	South Asia	SACOR_04
Train journeys offer scenic views.	ریل کے سفر مناظر کے نظارے پیش کرتے ہیں۔	Urdu (Standard)	South Asia	SACOR_06
Family members support each other during difficult times.	خاندان کے ممبر مشکل وقتوں میں ایک دوسرے کی مدد کرتے ہیں۔	Urdu (Standard)	South Asia	SACOR_04
People celebrate festivals with great joy.	لوگ بہت خوشی سے تہوار مناتے ہیں۔	Urdu (Standard)	South Asia	SACOR_02
Farmers planted rice in the flooded fields.	کسانوں نے پانی والے کھیتوں میں چاول بوئے۔	Urdu (Standard)	South Asia	SACOR_08
Regular exercise helps maintain good health.	منظم ورزش اچھی صحت برقرار رکھنے میں مدد کرتی ہے۔	Urdu (Standard)	South Asia	SACOR_04
Learning a new language requires practice.	نئی زبان سیکھنے کے لیے مشق کی ضرورت ہے۔	Urdu (Standard)	South Asia	SACOR_03
People travel long distances to visit religious sites.	لوگ مذہبی مقامات دیکھنے کے لیے لمبی دوریاں طے کرتے ہیں۔	Urdu (Standard)	South Asia	SACOR_05
The market was crowded with people.	بازار لوگوں سے بھرا ہوا تھا۔	Urdu (Standard)	South Asia	SACOR_07
Spices add flavor to traditional dishes.	مصالحے روایتی کھانوں میں ذائقہ بڑھاتے ہیں۔	Urdu (Standard)	South Asia	SACOR_02
Agriculture remains the primary source of income.	زراعت آمدنی کا بنیادی ذریعہ رہتی ہے۔	Urdu (Standard)	South Asia	SACOR_06
The professor wrote equations on the blackboard.	پروفیسر نے تختے پر مساوات لکھیں۔	Urdu (Standard)	South Asia	SACOR_06
Small businesses create employment opportunities.	چھوٹے کاروبار روزگار کے مواقع پیدا کرتے ہیں۔	Urdu (Standard)	South Asia	SACOR_03
Storytelling preserves culture and knowledge.	کہانی سنانا ثقافت اور علم کو محفوظ رکھتا ہے۔	Urdu (Standard)	South Asia	SACOR_03
Cooking together brings family members closer.	مل کر کھانا پکانا خاندان کے ممبروں کو قریب لاتا ہے۔	Urdu (Standard)	South Asia	SACOR_05
The school organized a science fair.	اسکول نے سائنس میلہ منظم کیا۔	Urdu (Standard)	South Asia	SACOR_02
Agriculture remains the primary source of income.	زراعت آمدنی کا بنیادی ذریعہ رہتی ہے۔	Urdu (Standard)	South Asia	SACOR_02
Smartphones have changed how people communicate.	اسمارٹ فونوں نے لوگوں کے رابطے کے طریقے کو تبدیل کر دیا ہے۔	Urdu (Standard)	South Asia	SACOR_04
After finishing his work, he sat down.	اپنا کام مکمل کرنے کے بعد، وہ بیٹھ گیا۔	Urdu (Standard)	South Asia	SACOR_05
Doctors work long hours to treat patients.	ڈاکٹر مریضوں کا علاج کرنے کے لیے لمبے گھنٹے کام کرتے ہیں۔	Urdu (Standard)	South Asia	SACOR_02
The internet connects people across continents.	انٹرنیٹ براعظموں میں لوگوں کو جوڑتا ہے۔	Urdu (Standard)	South Asia	SACOR_05
Cricket is a popular sport.	کرکٹ ایک مقبول کھیل ہے۔	Urdu (Standard)	South Asia	SACOR_09
She walked slowly through the garden.	وہ باغ میں آہستہ آہستہ چلی۔	Urdu (Standard)	South Asia	SACOR_02
She received a scholarship to study medicine.	اسے طب کی تعلیم کے لیے اسکالرشپ ملی۔	Urdu (Standard)	South Asia	SACOR_03
Parents sacrifice their own needs for children.	والدین بچوں کے لیے اپنی ضرورتیں قربان کرتے ہیں۔	Urdu (Standard)	South Asia	SACOR_07
Pollution in cities has become a serious problem.	شہروں میں آلودگی ایک سنجیدہ مسئلہ بن گئی ہے۔	Urdu (Standard)	South Asia	SACOR_09
Tourism brings revenue to regions with historical sites.	سیاحت تاریخی مقامات والے علاقوں میں آمدنی لاتی ہے۔	Urdu (Standard)	South Asia	SACOR_10
The river flows peacefully through the valley.	دریا وادی میں پرامن طریقے سے بہتا ہے۔	Urdu (Standard)	South Asia	SACOR_03
Regular exercise helps maintain good health.	منظم ورزش اچھی صحت برقرار رکھنے میں مدد کرتی ہے۔	Urdu (Standard)	South Asia	SACOR_07
Learning a new language requires practice.	نئی زبان سیکھنے کے لیے مشق کی ضرورت ہے۔	Urdu (Standard)	South Asia	SACOR_06
The forest is home to many wild animals.	جنگل بہت سے جنگلی جانوروں کا گھر ہے۔	Urdu (Standard)	South Asia	SACOR_09
Sports teach teamwork and discipline.	کھیل ٹیم ورک اور نظم و ضبط سکھاتے ہیں۔	Urdu (Standard)	South Asia	SACOR_04
Reading books improves vocabulary.	کتابیں پڑھنا ذخیرہ الفاظ بہتر بناتا ہے۔	Urdu (Standard)	South Asia	SACOR_06
People celebrate festivals with great joy.	لوگ بہت خوشی سے تہوار مناتے ہیں۔	Urdu (Standard)	South Asia	SACOR_03
Children were playing cricket in the street.	بچے سڑک پر کرکٹ کھیل رہے تھے۔	Urdu (Standard)	South Asia	SACOR_08
Traditional music is important for our heritage.	روایتی موسیقی ہماری وراثت کے لیے اہم ہے۔	Urdu (Standard)	South Asia	SACOR_04
We decided to visit the old temple.	ہم نے پرانے مندر کا دورہ کرنے کا فیصلہ کیا۔	Urdu (Standard)	South Asia	SACOR_09
The wedding ceremony lasted three days.	شادی کی تقریب تین دن تک چلی۔	Urdu (Standard)	South Asia	SACOR_04
My grandmother told me stories.	میری دادی نے مجھے کہانیاں سنائیں۔	Urdu (Standard)	South Asia	SACOR_10
Birds were chirping in the trees.	پرندے درختوں میں چہچہا رہے تھے۔	Urdu (Standard)	South Asia	SACOR_07
Spices add flavor to traditional dishes.	مصالحے روایتی کھانوں میں ذائقہ بڑھاتے ہیں۔	Urdu (Standard)	South Asia	SACOR_09
The teacher explained the lesson patiently.	استاد نے صبر سے سبق سمجھایا۔	Urdu (Standard)	South Asia	SACOR_09
Students gathered in the library.	طلباء لائبریری میں جمع ہوئے۔	Urdu (Standard)	South Asia	SACOR_06
Digital payments have made transactions faster.	ڈیجیٹل ادائیگیوں نے معاملات تیز کر دیے ہیں۔	Urdu (Standard)	South Asia	SACOR_07
Farmers planted rice in the flooded fields.	کسانوں نے پانی والے کھیتوں میں چاول بوئے۔	Urdu (Standard)	South Asia	SACOR_01
Handicrafts showcase artistic traditions.	دستی کاریاں فنکارانہ روایات دکھاتی ہیں۔	Urdu (Standard)	South Asia	SACOR_07
Education opens doors to opportunities.	تعلیم مواقع کے دروازے کھولتی ہے۔	Urdu (Standard)	South Asia	SACOR_10
The bus arrived late.	بس دیر سے پہنچی۔	Urdu (Standard)	South Asia	SACOR_05
Small businesses create employment opportunities.	چھوٹے کاروبار روزگار کے مواقع پیدا کرتے ہیں۔	Urdu (Standard)	South Asia	SACOR_06
People travel long distances to visit religious sites.	لوگ مذہبی مقامات دیکھنے کے لیے لمبی دوریاں طے کرتے ہیں۔	Urdu (Standard)	South Asia	SACOR_07
Elderly people share wisdom and stories.	بزرگ لوگ حکمت اور کہانیاں بانٹتے ہیں۔	Urdu (Standard)	South Asia	SACOR_09
Train journeys offer scenic views.	ریل کے سفر مناظر کے نظارے پیش کرتے ہیں۔	Urdu (Standard)	South Asia	SACOR_05
Doctors recommend drinking plenty of water.	ڈاکٹر زیادہ پانی پینے کی صلاح دیتے ہیں۔	Urdu (Standard)	South Asia	SACOR_08
Online shopping has become popular.	آن لائن خریداری مقبول ہو گئی ہے۔	Urdu (Standard)	South Asia	SACOR_01
Family members support each other during difficult times.	خاندان کے ممبر مشکل وقتوں میں ایک دوسرے کی مدد کرتے ہیں۔	Urdu (Standard)	South Asia	SACOR_10
The professor wrote equations on the blackboard.	پروفیسر نے تختے پر مساوات لکھیں۔	Urdu (Standard)	South Asia	SACOR_04
Respecting elders is an important value.	بزرگوں کا احترام ایک اہم قدر ہے۔	Urdu (Standard)	South Asia	SACOR_02
Teachers shape young minds.	استاد نوجوان ذہنوں کو شکل دیتے ہیں۔	Urdu (Standard)	South Asia	SACOR_10
Farmers wake up early to tend to crops.	کسان فصلوں کی دیکھ بھال کے لیے جلدی اٹھتے ہیں۔	Urdu (Standard)	South Asia	SACOR_06
The market was crowded with people.	بازار لوگوں سے بھرا ہوا تھا۔	Urdu (Standard)	South Asia	SACOR_08
Clear communication prevents misunderstandings.	صاف رابطہ غلط فہمیوں کو روکتا ہے۔	Urdu (Standard)	South Asia	SACOR_10
I woke up early this morning.	میں آج صبح جلدی اٹھا۔	Urdu (Standard)	South Asia	SACOR_10
She cooked delicious biryani for the family.	اس نے خاندان کے لیے مزیدار بریانی پکائی۔	Urdu (Standard)	South Asia	SACOR_07
Eating fresh fruits provides essential vitamins.	تازہ پھل کھانا ضروری وٹامن فراہم کرتا ہے۔	Urdu (Standard)	South Asia	SACOR_06
Tea is served to guests as a gesture of hospitality.	مہمانوں کو مہمان نوازی کی نشانی کے طور پر چائے پیش کی جاتی ہے۔	Urdu (Standard)	South Asia	SACOR_10
Children learn best when they are interested.	بچے بہترین سیکھتے ہیں جب وہ دلچسپی رکھتے ہیں۔	Urdu (Standard)	South Asia	SACOR_02
Sports teach teamwork and discipline.	کھیل ٹیم ورک اور نظم و ضبط سکھاتے ہیں۔	Urdu (Standard)	South Asia	SACOR_03
Pollution in cities has become a serious problem.	شہروں میں آلودگی ایک سنجیدہ مسئلہ بن گئی ہے۔	Urdu (Standard)	South Asia	SACOR_04
I woke up early this morning.	میں آج صبح جلدی اٹھا۔	Urdu (Standard)	South Asia	SACOR_10
Handicrafts showcase artistic traditions.	دستی کاریاں فنکارانہ روایات دکھاتی ہیں۔	Urdu (Standard)	South Asia	SACOR_05
Agriculture remains the primary source of income.	زراعت آمدنی کا بنیادی ذریعہ رہتی ہے۔	Urdu (Standard)	South Asia	SACOR_05
Online shopping has become popular.	آن لائن خریداری مقبول ہو گئی ہے۔	Urdu (Standard)	South Asia	SACOR_10
After finishing his work, he sat down.	اپنا کام مکمل کرنے کے بعد، وہ بیٹھ گیا۔	Urdu (Standard)	South Asia	SACOR_05
Elderly people share wisdom and stories.	بزرگ لوگ حکمت اور کہانیاں بانٹتے ہیں۔	Urdu (Standard)	South Asia	SACOR_10
The professor wrote equations on the blackboard.	پروفیسر نے تختے پر مساوات لکھیں۔	Urdu (Standard)	South Asia	SACOR_04
Family members support each other during difficult times.	خاندان کے ممبر مشکل وقتوں میں ایک دوسرے کی مدد کرتے ہیں۔	Urdu (Standard)	South Asia	SACOR_01
Farmers planted rice in the flooded fields.	کسانوں نے پانی والے کھیتوں میں چاول بوئے۔	Urdu (Standard)	South Asia	SACOR_08
Children learn best when they are interested.	بچے بہترین سیکھتے ہیں جب وہ دلچسپی رکھتے ہیں۔	Urdu (Standard)	South Asia	SACOR_09
The teacher explained the lesson patiently.	استاد نے صبر سے سبق سمجھایا۔	Urdu (Standard)	South Asia	SACOR_05
Digital payments have made transactions faster.	ڈیجیٹل ادائیگیوں نے معاملات تیز کر دیے ہیں۔	Urdu (Standard)	South Asia	SACOR_06
Farmers wake up early to tend to crops.	کسان فصلوں کی دیکھ بھال کے لیے جلدی اٹھتے ہیں۔	Urdu (Standard)	South Asia	SACOR_08
Smartphones have changed how people communicate.	اسمارٹ فونوں نے لوگوں کے رابطے کے طریقے کو تبدیل کر دیا ہے۔	Urdu (Standard)	South Asia	SACOR_09
The internet connects people across continents.	انٹرنیٹ براعظموں میں لوگوں کو جوڑتا ہے۔	Urdu (Standard)	South Asia	SACOR_05
The market was crowded with people.	بازار لوگوں سے بھرا ہوا تھا۔	Urdu (Standard)	South Asia	SACOR_05
She walked slowly through the garden.	وہ باغ میں آہستہ آہستہ چلی۔	Urdu (Standard)	South Asia	SACOR_10
She received a scholarship to study medicine.	اسے طب کی تعلیم کے لیے اسکالرشپ ملی۔	Urdu (Standard)	South Asia	SACOR_01
The forest is home to many wild animals.	جنگل بہت سے جنگلی جانوروں کا گھر ہے۔	Urdu (Standard)	South Asia	SACOR_03
The river flows peacefully through the valley.	دریا وادی میں پرامن طریقے سے بہتا ہے۔	Urdu (Standard)	South Asia	SACOR_04
Birds were chirping in the trees.	پرندے درختوں میں چہچہا رہے تھے۔	Urdu (Standard)	South Asia	SACOR_01
Teachers shape young minds.	استاد نوجوان ذہنوں کو شکل دیتے ہیں۔	Urdu (Standard)	South Asia	SACOR_08
Regular exercise helps maintain good health.	منظم ورزش اچھی صحت برقرار رکھنے میں مدد کرتی ہے۔	Urdu (Standard)	South Asia	SACOR_08
People celebrate festivals with great joy.	لوگ بہت خوشی سے تہوار مناتے ہیں۔	Urdu (Standard)	South Asia	SACOR_02
Tea is served to guests as a gesture of hospitality.	مہمانوں کو مہمان نوازی کی نشانی کے طور پر چائے پیش کی جاتی ہے۔	Urdu (Standard)	South Asia	SACOR_05
She cooked delicious biryani for the family.	اس نے خاندان کے لیے مزیدار بریانی پکائی۔	Urdu (Standard)	South Asia	SACOR_07
Traditional music is important for our heritage.	روایتی موسیقی ہماری وراثت کے لیے اہم ہے۔	Urdu (Standard)	South Asia	SACOR_06
Respecting elders is an important value.	بزرگوں کا احترام ایک اہم قدر ہے۔	Urdu (Standard)	South Asia	SACOR_01
Cooking together brings family members closer.	مل کر کھانا پکانا خاندان کے ممبروں کو قریب لاتا ہے۔	Urdu (Standard)	South Asia	SACOR_03
Storytelling preserves culture and knowledge.	کہانی سنانا ثقافت اور علم کو محفوظ رکھتا ہے۔	Urdu (Standard)	South Asia	SACOR_09
Learning a new language requires practice.	نئی زبان سیکھنے کے لیے مشق کی ضرورت ہے۔	Urdu (Standard)	South Asia	SACOR_07
Train journeys offer scenic views.	ریل کے سفر مناظر کے نظارے پیش کرتے ہیں۔	Urdu (Standard)	South Asia	SACOR_01
People travel long distances to visit religious sites.	لوگ مذہبی مقامات دیکھنے کے لیے لمبی دوریاں طے کرتے ہیں۔	Urdu (Standard)	South Asia	SACOR_02
Students gathered in the library.	طلباء لائبریری میں جمع ہوئے۔	Urdu (Standard)	South Asia	SACOR_02
Parents sacrifice their own needs for children.	والدین بچوں کے لیے اپنی ضرورتیں قربان کرتے ہیں۔	Urdu (Standard)	South Asia	SACOR_09
Clear communication prevents misunderstandings.	صاف رابطہ غلط فہمیوں کو روکتا ہے۔	Urdu (Standard)	South Asia	SACOR_04
Tourism brings revenue to regions with historical sites.	سیاحت تاریخی مقامات والے علاقوں میں آمدنی لاتی ہے۔	Urdu (Standard)	South Asia	SACOR_08
Doctors recommend drinking plenty of water.	ڈاکٹر زیادہ پانی پینے کی صلاح دیتے ہیں۔	Urdu (Standard)	South Asia	SACOR_07
Reading books improves vocabulary.	کتابیں پڑھنا ذخیرہ الفاظ بہتر بناتا ہے۔	Urdu (Standard)	South Asia	SACOR_10
We decided to visit the old temple.	ہم نے پرانے مندر کا دورہ کرنے کا فیصلہ کیا۔	Urdu (Standard)	South Asia	SACOR_02
Spices add flavor to traditional dishes.	مصالحے روایتی کھانوں میں ذائقہ بڑھاتے ہیں۔	Urdu (Standard)	South Asia	SACOR_01
Doctors work long hours to treat patients.	ڈاکٹر مریضوں کا علاج کرنے کے لیے لمبے گھنٹے کام کرتے ہیں۔	Urdu (Standard)	South Asia	SACOR_09
Small businesses create employment opportunities.	چھوٹے کاروبار روزگار کے مواقع پیدا کرتے ہیں۔	Urdu (Standard)	South Asia	SACOR_02
The school organized a science fair.	اسکول نے سائنس میلہ منظم کیا۔	Urdu (Standard)	South Asia	SACOR_09
Eating fresh fruits provides essential vitamins.	تازہ پھل کھانا ضروری وٹامن فراہم کرتا ہے۔	Urdu (Standard)	South Asia	SACOR_10
Children were playing cricket in the street.	بچے سڑک پر کرکٹ کھیل رہے تھے۔	Urdu (Standard)	South Asia	SACOR_09
The wedding ceremony lasted three days.	شادی کی تقریب تین دن تک چلی۔	Urdu (Standard)	South Asia	SACOR_02
Cricket is a popular sport.	کرکٹ ایک مقبول کھیل ہے۔	Urdu (Standard)	South Asia	SACOR_04
My grandmother told me stories.	میری دادی نے مجھے کہانیاں سنائیں۔	Urdu (Standard)	South Asia	SACOR_08
Education opens doors to opportunities.	تعلیم مواقع کے دروازے کھولتی ہے۔	Urdu (Standard)	South Asia	SACOR_09
The bus arrived late.	بس دیر سے پہنچی۔	Urdu (Standard)	South Asia	SACOR_01
Education opens doors to opportunities.	تعلیم مواقع کے دروازے کھولتی ہے۔	Urdu (Standard)	South Asia	SACOR_02
She walked slowly through the garden.	وہ باغ میں آہستہ آہستہ چلی۔	Urdu (Standard)	South Asia	SACOR_02
Respecting elders is an important value.	بزرگوں کا احترام ایک اہم قدر ہے۔	Urdu (Standard)	South Asia	SACOR_01
Regular exercise helps maintain good health.	منظم ورزش اچھی صحت برقرار رکھنے میں مدد کرتی ہے۔	Urdu (Standard)	South Asia	SACOR_05
Cricket is a popular sport.	کرکٹ ایک مقبول کھیل ہے۔	Urdu (Standard)	South Asia	SACOR_08
Train journeys offer scenic views.	ریل کے سفر مناظر کے نظارے پیش کرتے ہیں۔	Urdu (Standard)	South Asia	SACOR_01
We decided to visit the old temple.	ہم نے پرانے مندر کا دورہ کرنے کا فیصلہ کیا۔	Urdu (Standard)	South Asia	SACOR_09
People celebrate festivals with great joy.	لوگ بہت خوشی سے تہوار مناتے ہیں۔	Urdu (Standard)	South Asia	SACOR_05
Clear communication prevents misunderstandings.	صاف رابطہ غلط فہمیوں کو روکتا ہے۔	Urdu (Standard)	South Asia	SACOR_05
The river flows peacefully through the valley.	دریا وادی میں پرامن طریقے سے بہتا ہے۔	Urdu (Standard)	South Asia	SACOR_05
The school organized a science fair.	اسکول نے سائنس میلہ منظم کیا۔	Urdu (Standard)	South Asia	SACOR_05
Small businesses create employment opportunities.	چھوٹے کاروبار روزگار کے مواقع پیدا کرتے ہیں۔	Urdu (Standard)	South Asia	SACOR_06
Traditional music is important for our heritage.	روایتی موسیقی ہماری وراثت کے لیے اہم ہے۔	Urdu (Standard)	South Asia	SACOR_04
I woke up early this morning.	میں آج صبح جلدی اٹھا۔	Urdu (Standard)	South Asia	SACOR_03
Family members support each other during difficult times.	خاندان کے ممبر مشکل وقتوں میں ایک دوسرے کی مدد کرتے ہیں۔	Urdu (Standard)	South Asia	SACOR_06
Sports teach teamwork and discipline.	کھیل ٹیم ورک اور نظم و ضبط سکھاتے ہیں۔	Urdu (Standard)	South Asia	SACOR_07
My grandmother told me stories.	میری دادی نے مجھے کہانیاں سنائیں۔	Urdu (Standard)	South Asia	SACOR_08
After finishing his work, he sat down.	اپنا کام مکمل کرنے کے بعد، وہ بیٹھ گیا۔	Urdu (Standard)	South Asia	SACOR_03
Handicrafts showcase artistic traditions.	دستی کاریاں فنکارانہ روایات دکھاتی ہیں۔	Urdu (Standard)	South Asia	SACOR_02
She received a scholarship to study medicine.	اسے طب کی تعلیم کے لیے اسکالرشپ ملی۔	Urdu (Standard)	South Asia	SACOR_02
The internet connects people across continents.	انٹرنیٹ براعظموں میں لوگوں کو جوڑتا ہے۔	Urdu (Standard)	South Asia	SACOR_10
Elderly people share wisdom and stories.	بزرگ لوگ حکمت اور کہانیاں بانٹتے ہیں۔	Urdu (Standard)	South Asia	SACOR_06
People travel long distances to visit religious sites.	لوگ مذہبی مقامات دیکھنے کے لیے لمبی دوریاں طے کرتے ہیں۔	Urdu (Standard)	South Asia	SACOR_02
Farmers planted rice in the flooded fields.	کسانوں نے پانی والے کھیتوں میں چاول بوئے۔	Urdu (Standard)	South Asia	SACOR_02
Doctors recommend drinking plenty of water.	ڈاکٹر زیادہ پانی پینے کی صلاح دیتے ہیں۔	Urdu (Standard)	South Asia	SACOR_01
The wedding ceremony lasted three days.	شادی کی تقریب تین دن تک چلی۔	Urdu (Standard)	South Asia	SACOR_10
Agriculture remains the primary source of income.	زراعت آمدنی کا بنیادی ذریعہ رہتی ہے۔	Urdu (Standard)	South Asia	SACOR_05
Doctors work long hours to treat patients.	ڈاکٹر مریضوں کا علاج کرنے کے لیے لمبے گھنٹے کام کرتے ہیں۔	Urdu (Standard)	South Asia	SACOR_06
Children learn best when they are interested.	بچے بہترین سیکھتے ہیں جب وہ دلچسپی رکھتے ہیں۔	Urdu (Standard)	South Asia	SACOR_03
The teacher explained the lesson patiently.	استاد نے صبر سے سبق سمجھایا۔	Urdu (Standard)	South Asia	SACOR_07
Tea is served to guests as a gesture of hospitality.	مہمانوں کو مہمان نوازی کی نشانی کے طور پر چائے پیش کی جاتی ہے۔	Urdu (Standard)	South Asia	SACOR_06
Learning a new language requires practice.	نئی زبان سیکھنے کے لیے مشق کی ضرورت ہے۔	Urdu (Standard)	South Asia	SACOR_09
Teachers shape young minds.	استاد نوجوان ذہنوں کو شکل دیتے ہیں۔	Urdu (Standard)	South Asia	SACOR_03
The forest is home to many wild animals.	جنگل بہت سے جنگلی جانوروں کا گھر ہے۔	Urdu (Standard)	South Asia	SACOR_02
The professor wrote equations on the blackboard.	پروفیسر نے تختے پر مساوات لکھیں۔	Urdu (Standard)	South Asia	SACOR_07
Students gathered in the library.	طلباء لائبریری میں جمع ہوئے۔	Urdu (Standard)	South Asia	SACOR_06
Tourism brings revenue to regions with historical sites.	سیاحت تاریخی مقامات والے علاقوں میں آمدنی لاتی ہے۔	Urdu (Standard)	South Asia	SACOR_06
Spices add flavor to traditional dishes.	مصالحے روایتی کھانوں میں ذائقہ بڑھاتے ہیں۔	Urdu (Standard)	South Asia	SACOR_02
Digital payments have made transactions faster.	ڈیجیٹل ادائیگیوں نے معاملات تیز کر دیے ہیں۔	Urdu (Standard)	South Asia	SACOR_05
Parents sacrifice their own needs for children.	والدین بچوں کے لیے اپنی ضرورتیں قربان کرتے ہیں۔	Urdu (Standard)	South Asia	SACOR_07
Eating fresh fruits provides essential vitamins.	تازہ پھل کھانا ضروری وٹامن فراہم کرتا ہے۔	Urdu (Standard)	South Asia	SACOR_03
Farmers wake up early to tend to crops.	کسان فصلوں کی دیکھ بھال کے لیے جلدی اٹھتے ہیں۔	Urdu (Standard)	South Asia	SACOR_01
Children were playing cricket in the street.	بچے سڑک پر کرکٹ کھیل رہے تھے۔	Urdu (Standard)	South Asia	SACOR_01
The market was crowded with people.	بازار لوگوں سے بھرا ہوا تھا۔	Urdu (Standard)	South Asia	SACOR_01
Online shopping has become popular.	آن لائن خریداری مقبول ہو گئی ہے۔	Urdu (Standard)	South Asia	SACOR_09
She cooked delicious biryani for the family.	اس نے خاندان کے لیے مزیدار بریانی پکائی۔	Urdu (Standard)	South Asia	SACOR_09
The bus arrived late.	بس دیر سے پہنچی۔	Urdu (Standard)	South Asia	SACOR_09
Smartphones have changed how people communicate.	اسمارٹ فونوں نے لوگوں کے رابطے کے طریقے کو تبدیل کر دیا ہے۔	Urdu (Standard)	South Asia	SACOR_09
Reading books improves vocabulary.	کتابیں پڑھنا ذخیرہ الفاظ بہتر بناتا ہے۔	Urdu (Standard)	South Asia	SACOR_08
Birds were chirping in the trees.	پرندے درختوں میں چہچہا رہے تھے۔	Urdu (Standard)	South Asia	SACOR_07
Storytelling preserves culture and knowledge.	کہانی سنانا ثقافت اور علم کو محفوظ رکھتا ہے۔	Urdu (Standard)	South Asia	SACOR_05
Cooking together brings family members closer.	مل کر کھانا پکانا خاندان کے ممبروں کو قریب لاتا ہے۔	Urdu (Standard)	South Asia	SACOR_02
Pollution in cities has become a serious problem.	شہروں میں آلودگی ایک سنجیدہ مسئلہ بن گئی ہے۔	Urdu (Standard)	South Asia	SACOR_05
Reading books improves vocabulary.	کتابیں پڑھنا ذخیرہ الفاظ بہتر بناتا ہے۔	Urdu (Standard)	South Asia	SACOR_04
Spices add flavor to traditional dishes.	مصالحے روایتی کھانوں میں ذائقہ بڑھاتے ہیں۔	Urdu (Standard)	South Asia	SACOR_08
Children learn best when they are interested.	بچے بہترین سیکھتے ہیں جب وہ دلچسپی رکھتے ہیں۔	Urdu (Standard)	South Asia	SACOR_08
Cooking together brings family members closer.	مل کر کھانا پکانا خاندان کے ممبروں کو قریب لاتا ہے۔	Urdu (Standard)	South Asia	SACOR_03
My grandmother told me stories.	میری دادی نے مجھے کہانیاں سنائیں۔	Urdu (Standard)	South Asia	SACOR_03
Clear communication prevents misunderstandings.	صاف رابطہ غلط فہمیوں کو روکتا ہے۔	Urdu (Standard)	South Asia	SACOR_03
People celebrate festivals with great joy.	لوگ بہت خوشی سے تہوار مناتے ہیں۔	Urdu (Standard)	South Asia	SACOR_09
The teacher explained the lesson patiently.	استاد نے صبر سے سبق سمجھایا۔	Urdu (Standard)	South Asia	SACOR_06
Elderly people share wisdom and stories.	بزرگ لوگ حکمت اور کہانیاں بانٹتے ہیں۔	Urdu (Standard)	South Asia	SACOR_06
I woke up early this morning.	میں آج صبح جلدی اٹھا۔	Urdu (Standard)	South Asia	SACOR_07
Small businesses create employment opportunities.	چھوٹے کاروبار روزگار کے مواقع پیدا کرتے ہیں۔	Urdu (Standard)	South Asia	SACOR_10
Handicrafts showcase artistic traditions.	دستی کاریاں فنکارانہ روایات دکھاتی ہیں۔	Urdu (Standard)	South Asia	SACOR_04
The bus arrived late.	بس دیر سے پہنچی۔	Urdu (Standard)	South Asia	SACOR_02
Doctors work long hours to treat patients.	ڈاکٹر مریضوں کا علاج کرنے کے لیے لمبے گھنٹے کام کرتے ہیں۔	Urdu (Standard)	South Asia	SACOR_05
Storytelling preserves culture and knowledge.	کہانی سنانا ثقافت اور علم کو محفوظ رکھتا ہے۔	Urdu (Standard)	South Asia	SACOR_10
Tea is served to guests as a gesture of hospitality.	مہمانوں کو مہمان نوازی کی نشانی کے طور پر چائے پیش کی جاتی ہے۔	Urdu (Standard)	South Asia	SACOR_04
Children were playing cricket in the street.	بچے سڑک پر کرکٹ کھیل رہے تھے۔	Urdu (Standard)	South Asia	SACOR_06
Learning a new language requires practice.	نئی زبان سیکھنے کے لیے مشق کی ضرورت ہے۔	Urdu (Standard)	South Asia	SACOR_05
Agriculture remains the primary source of income.	زراعت آمدنی کا بنیادی ذریعہ رہتی ہے۔	Urdu (Standard)	South Asia	SACOR_09
The wedding ceremony lasted three days.	شادی کی تقریب تین دن تک چلی۔	Urdu (Standard)	South Asia	SACOR_09
Birds were chirping in the trees.	پرندے درختوں میں چہچہا رہے تھے۔	Urdu (Standard)	South Asia	SACOR_02
Doctors recommend drinking plenty of water.	ڈاکٹر زیادہ پانی پینے کی صلاح دیتے ہیں۔	Urdu (Standard)	South Asia	SACOR_01
Students gathered in the library.	طلباء لائبریری میں جمع ہوئے۔	Urdu (Standard)	South Asia	SACOR_08
The market was crowded with people.	بازار لوگوں سے بھرا ہوا تھا۔	Urdu (Standard)	South Asia	SACOR_04
Teachers shape young minds.	استاد نوجوان ذہنوں کو شکل دیتے ہیں۔	Urdu (Standard)	South Asia	SACOR_03
She cooked delicious biryani for the family.	اس نے خاندان کے لیے مزیدار بریانی پکائی۔	Urdu (Standard)	South Asia	SACOR_08
The river flows peacefully through the valley.	دریا وادی میں پرامن طریقے سے بہتا ہے۔	Urdu (Standard)	South Asia	SACOR_07
Train journeys offer scenic views.	ریل کے سفر مناظر کے نظارے پیش کرتے ہیں۔	Urdu (Standard)	South Asia	SACOR_02
Sports teach teamwork and discipline.	کھیل ٹیم ورک اور نظم و ضبط سکھاتے ہیں۔	Urdu (Standard)	South Asia	SACOR_10
Education opens doors to opportunities.	تعلیم مواقع کے دروازے کھولتی ہے۔	Urdu (Standard)	South Asia	SACOR_10
After finishing his work, he sat down.	اپنا کام مکمل کرنے کے بعد، وہ بیٹھ گیا۔	Urdu (Standard)	South Asia	SACOR_01
The professor wrote equations on the blackboard.	پروفیسر نے تختے پر مساوات لکھیں۔	Urdu (Standard)	South Asia	SACOR_04
She walked slowly through the garden.	وہ باغ میں آہستہ آہستہ چلی۔	Urdu (Standard)	South Asia	SACOR_08
People travel long distances to visit religious sites.	لوگ مذہبی مقامات دیکھنے کے لیے لمبی دوریاں طے کرتے ہیں۔	Urdu (Standard)	South Asia	SACOR_08
The school organized a science fair.	اسکول نے سائنس میلہ منظم کیا۔	Urdu (Standard)	South Asia	SACOR_08
Cricket is a popular sport.	کرکٹ ایک مقبول کھیل ہے۔	Urdu (Standard)	South Asia	SACOR_04
Family members support each other during difficult times.	خاندان کے ممبر مشکل وقتوں میں ایک دوسرے کی مدد کرتے ہیں۔	Urdu (Standard)	South Asia	SACOR_02
The forest is home to many wild animals.	جنگل بہت سے جنگلی جانوروں کا گھر ہے۔	Urdu (Standard)	South Asia	SACOR_02
Parents sacrifice their own needs for children.	والدین بچوں کے لیے اپنی ضرورتیں قربان کرتے ہیں۔	Urdu (Standard)	South Asia	SACOR_01
Respecting elders is an important value.	بزرگوں کا احترام ایک اہم قدر ہے۔	Urdu (Standard)	South Asia	SACOR_03
She received a scholarship to study medicine.	اسے طب کی تعلیم کے لیے اسکالرشپ ملی۔	Urdu (Standard)	South Asia	SACOR_06
The internet connects people across continents.	انٹرنیٹ براعظموں میں لوگوں کو جوڑتا ہے۔	Urdu (Standard)	South Asia	SACOR_04
Farmers planted rice in the flooded fields.	کسانوں نے پانی والے کھیتوں میں چاول بوئے۔	Urdu (Standard)	South Asia	SACOR_08
We decided to visit the old temple.	ہم نے پرانے مندر کا دورہ کرنے کا فیصلہ کیا۔	Urdu (Standard)	South Asia	SACOR_06
Digital payments have made transactions faster.	ڈیجیٹل ادائیگیوں نے معاملات تیز کر دیے ہیں۔	Urdu (Standard)	South Asia	SACOR_10
Smartphones have changed how people communicate.	اسمارٹ فونوں نے لوگوں کے رابطے کے طریقے کو تبدیل کر دیا ہے۔	Urdu (Standard)	South Asia	SACOR_04
Eating fresh fruits provides essential vitamins.	تازہ پھل کھانا ضروری وٹامن فراہم کرتا ہے۔	Urdu (Standard)	South Asia	SACOR_04
Tourism brings revenue to regions with historical sites.	سیاحت تاریخی مقامات والے علاقوں میں آمدنی لاتی ہے۔	Urdu (Standard)	South Asia	SACOR_06
Pollution in cities has become a serious problem.	شہروں میں آلودگی ایک سنجیدہ مسئلہ بن گئی ہے۔	Urdu (Standard)	South Asia	SACOR_09
Regular exercise helps maintain good health.	منظم ورزش اچھی صحت برقرار رکھنے میں مدد کرتی ہے۔	Urdu (Standard)	South Asia	SACOR_06
Traditional music is important for our heritage.	روایتی موسیقی ہماری وراثت کے لیے اہم ہے۔	Urdu (Standard)	South Asia	SACOR_02
Farmers wake up early to tend to crops.	کسان فصلوں کی دیکھ بھال کے لیے جلدی اٹھتے ہیں۔	Urdu (Standard)	South Asia	SACOR_06
Online shopping has become popular.	آن لائن خریداری مقبول ہو گئی ہے۔	Urdu (Standard)	South Asia	SACOR_02
The teacher explained the lesson patiently.	استاد نے صبر سے سبق سمجھایا۔	Urdu (Standard)	South Asia	SACOR_05
Regular exercise helps maintain good health.	منظم ورزش اچھی صحت برقرار رکھنے میں مدد کرتی ہے۔	Urdu (Standard)	South Asia	SACOR_10
She walked slowly through the garden.	وہ باغ میں آہستہ آہستہ چلی۔	Urdu (Standard)	South Asia	SACOR_05
Small businesses create employment opportunities.	چھوٹے کاروبار روزگار کے مواقع پیدا کرتے ہیں۔	Urdu (Standard)	South Asia	SACOR_01
Digital payments have made transactions faster.	ڈیجیٹل ادائیگیوں نے معاملات تیز کر دیے ہیں۔	Urdu (Standard)	South Asia	SACOR_01
Family members support each other during difficult times.	خاندان کے ممبر مشکل وقتوں میں ایک دوسرے کی مدد کرتے ہیں۔	Urdu (Standard)	South Asia	SACOR_08
Tourism brings revenue to regions with historical sites.	سیاحت تاریخی مقامات والے علاقوں میں آمدنی لاتی ہے۔	Urdu (Standard)	South Asia	SACOR_05
Traditional music is important for our heritage.	روایتی موسیقی ہماری وراثت کے لیے اہم ہے۔	Urdu (Standard)	South Asia	SACOR_07
I woke up early this morning.	میں آج صبح جلدی اٹھا۔	Urdu (Standard)	South Asia	SACOR_08
The river flows peacefully through the valley.	دریا وادی میں پرامن طریقے سے بہتا ہے۔	Urdu (Standard)	South Asia	SACOR_03
People celebrate festivals with great joy.	لوگ بہت خوشی سے تہوار مناتے ہیں۔	Urdu (Standard)	South Asia	SACOR_04
Birds were chirping in the trees.	پرندے درختوں میں چہچہا رہے تھے۔	Urdu (Standard)	South Asia	SACOR_10
Eating fresh fruits provides essential vitamins.	تازہ پھل کھانا ضروری وٹامن فراہم کرتا ہے۔	Urdu (Standard)	South Asia	SACOR_08
Sports teach teamwork and discipline.	کھیل ٹیم ورک اور نظم و ضبط سکھاتے ہیں۔	Urdu (Standard)	South Asia	SACOR_10
Teachers shape young minds.	استاد نوجوان ذہنوں کو شکل دیتے ہیں۔	Urdu (Standard)	South Asia	SACOR_09
Farmers wake up early to tend to crops.	کسان فصلوں کی دیکھ بھال کے لیے جلدی اٹھتے ہیں۔	Urdu (Standard)	South Asia	SACOR_09
Education opens doors to opportunities.	تعلیم مواقع کے دروازے کھولتی ہے۔	Urdu (Standard)	South Asia	SACOR_02
The wedding ceremony lasted three days.	شادی کی تقریب تین دن تک چلی۔	Urdu (Standard)	South Asia	SACOR_02
Elderly people share wisdom and stories.	بزرگ لوگ حکمت اور کہانیاں بانٹتے ہیں۔	Urdu (Standard)	South Asia	SACOR_09
The school organized a science fair.	اسکول نے سائنس میلہ منظم کیا۔	Urdu (Standard)	South Asia	SACOR_09
Agriculture remains the primary source of income.	زراعت آمدنی کا بنیادی ذریعہ رہتی ہے۔	Urdu (Standard)	South Asia	SACOR_03
Parents sacrifice their own needs for children.	والدین بچوں کے لیے اپنی ضرورتیں قربان کرتے ہیں۔	Urdu (Standard)	South Asia	SACOR_02
The professor wrote equations on the blackboard.	پروفیسر نے تختے پر مساوات لکھیں۔	Urdu (Standard)	South Asia	SACOR_01
Doctors recommend drinking plenty of water.	ڈاکٹر زیادہ پانی پینے کی صلاح دیتے ہیں۔	Urdu (Standard)	South Asia	SACOR_08
Cricket is a popular sport.	کرکٹ ایک مقبول کھیل ہے۔	Urdu (Standard)	South Asia	SACOR_07
Respecting elders is an important value.	بزرگوں کا احترام ایک اہم قدر ہے۔	Urdu (Standard)	South Asia	SACOR_01
Train journeys offer scenic views.	ریل کے سفر مناظر کے نظارے پیش کرتے ہیں۔	Urdu (Standard)	South Asia	SACOR_06
She received a scholarship to study medicine.	اسے طب کی تعلیم کے لیے اسکالرشپ ملی۔	Urdu (Standard)	South Asia	SACOR_10
Learning a new language requires practice.	نئی زبان سیکھنے کے لیے مشق کی ضرورت ہے۔	Urdu (Standard)	South Asia	SACOR_06
Pollution in cities has become a serious problem.	شہروں میں آلودگی ایک سنجیدہ مسئلہ بن گئی ہے۔	Urdu (Standard)	South Asia	SACOR_06
Clear communication prevents misunderstandings.	صاف رابطہ غلط فہمیوں کو روکتا ہے۔	Urdu (Standard)	South Asia	SACOR_09
The forest is home to many wild animals.	جنگل بہت سے جنگلی جانوروں کا گھر ہے۔	Urdu (Standard)	South Asia	SACOR_08
Doctors work long hours to treat patients.	ڈاکٹر مریضوں کا علاج کرنے کے لیے لمبے گھنٹے کام کرتے ہیں۔	Urdu (Standard)	South Asia	SACOR_01
Spices add flavor to traditional dishes.	مصالحے روایتی کھانوں میں ذائقہ بڑھاتے ہیں۔	Urdu (Standard)	South Asia	SACOR_05
People travel long distances to visit religious sites.	لوگ مذہبی مقامات دیکھنے کے لیے لمبی دوریاں طے کرتے ہیں۔	Urdu (Standard)	South Asia	SACOR_03
My grandmother told me stories.	میری دادی نے مجھے کہانیاں سنائیں۔	Urdu (Standard)	South Asia	SACOR_06
The market was crowded with people.	بازار لوگوں سے بھرا ہوا تھا۔	Urdu (Standard)	South Asia	SACOR_04
Online shopping has become popular.	آن لائن خریداری مقبول ہو گئی ہے۔	Urdu (Standard)	South Asia	SACOR_08
We decided to visit the old temple.	ہم نے پرانے مندر کا دورہ کرنے کا فیصلہ کیا۔	Urdu (Standard)	South Asia	SACOR_08
Children were playing cricket in the street.	بچے سڑک پر کرکٹ کھیل رہے تھے۔	Urdu (Standard)	South Asia	SACOR_07
She cooked delicious biryani for the family.	اس نے خاندان کے لیے مزیدار بریانی پکائی۔	Urdu (Standard)	South Asia	SACOR_10
Tea is served to guests as a gesture of hospitality.	مہمانوں کو مہمان نوازی کی نشانی کے طور پر چائے پیش کی جاتی ہے۔	Urdu (Standard)	South Asia	SACOR_07
Children learn best when they are interested.	بچے بہترین سیکھتے ہیں جب وہ دلچسپی رکھتے ہیں۔	Urdu (Standard)	South Asia	SACOR_08
Smartphones have changed how people communicate.	اسمارٹ فونوں نے لوگوں کے رابطے کے طریقے کو تبدیل کر دیا ہے۔	Urdu (Standard)	South Asia	SACOR_04
After finishing his work, he sat down.	اپنا کام مکمل کرنے کے بعد، وہ بیٹھ گیا۔	Urdu (Standard)	South Asia	SACOR_03
Handicrafts showcase artistic traditions.	دستی کاریاں فنکارانہ روایات دکھاتی ہیں۔	Urdu (Standard)	South Asia	SACOR_06
Farmers planted rice in the flooded fields.	کسانوں نے پانی والے کھیتوں میں چاول بوئے۔	Urdu (Standard)	South Asia	SACOR_05
The internet connects people across continents.	انٹرنیٹ براعظموں میں لوگوں کو جوڑتا ہے۔	Urdu (Standard)	South Asia	SACOR_10
The bus arrived late.	بس دیر سے پہنچی۔	Urdu (Standard)	South Asia	SACOR_07
Cooking together brings family members closer.	مل کر کھانا پکانا خاندان کے ممبروں کو قریب لاتا ہے۔	Urdu (Standard)	South Asia	SACOR_07
Reading books improves vocabulary.	کتابیں پڑھنا ذخیرہ الفاظ بہتر بناتا ہے۔	Urdu (Standard)	South Asia	SACOR_01
Storytelling preserves culture and knowledge.	کہانی سنانا ثقافت اور علم کو محفوظ رکھتا ہے۔	Urdu (Standard)	South Asia	SACOR_08
Students gathered in the library.	طلباء لائبریری میں جمع ہوئے۔	Urdu (Standard)	South Asia	SACOR_01
People travel long distances to visit religious sites.	لوگ مذہبی مقامات دیکھنے کے لیے لمبی دوریاں طے کرتے ہیں۔	Urdu (Standard)	South Asia	SACOR_03
She cooked delicious biryani for the family.	اس نے خاندان کے لیے مزیدار بریانی پکائی۔	Urdu (Standard)	South Asia	SACOR_09
Cooking together brings family members closer.	مل کر کھانا پکانا خاندان کے ممبروں کو قریب لاتا ہے۔	Urdu (Standard)	South Asia	SACOR_08
Education opens doors to opportunities.	تعلیم مواقع کے دروازے کھولتی ہے۔	Urdu (Standard)	South Asia	SACOR_04
The internet connects people across continents.	انٹرنیٹ براعظموں میں لوگوں کو جوڑتا ہے۔	Urdu (Standard)	South Asia	SACOR_08
Tea is served to guests as a gesture of hospitality.	مہمانوں کو مہمان نوازی کی نشانی کے طور پر چائے پیش کی جاتی ہے۔	Urdu (Standard)	South Asia	SACOR_03
We decided to visit the old temple.	ہم نے پرانے مندر کا دورہ کرنے کا فیصلہ کیا۔	Urdu (Standard)	South Asia	SACOR_04
She walked slowly through the garden.	وہ باغ میں آہستہ آہستہ چلی۔	Urdu (Standard)	South Asia	SACOR_09
Learning a new language requires practice.	نئی زبان سیکھنے کے لیے مشق کی ضرورت ہے۔	Urdu (Standard)	South Asia	SACOR_01
Clear communication prevents misunderstandings.	صاف رابطہ غلط فہمیوں کو روکتا ہے۔	Urdu (Standard)	South Asia	SACOR_06
Traditional music is important for our heritage.	روایتی موسیقی ہماری وراثت کے لیے اہم ہے۔	Urdu (Standard)	South Asia	SACOR_08
Tourism brings revenue to regions with historical sites.	سیاحت تاریخی مقامات والے علاقوں میں آمدنی لاتی ہے۔	Urdu (Standard)	South Asia	SACOR_02
Storytelling preserves culture and knowledge.	کہانی سنانا ثقافت اور علم کو محفوظ رکھتا ہے۔	Urdu (Standard)	South Asia	SACOR_03
Farmers wake up early to tend to crops.	کسان فصلوں کی دیکھ بھال کے لیے جلدی اٹھتے ہیں۔	Urdu (Standard)	South Asia	SACOR_02
My grandmother told me stories.	میری دادی نے مجھے کہانیاں سنائیں۔	Urdu (Standard)	South Asia	SACOR_07
The professor wrote equations on the blackboard.	پروفیسر نے تختے پر مساوات لکھیں۔	Urdu (Standard)	South Asia	SACOR_07
Handicrafts showcase artistic traditions.	دستی کاریاں فنکارانہ روایات دکھاتی ہیں۔	Urdu (Standard)	South Asia	SACOR_03
Elderly people share wisdom and stories.	بزرگ لوگ حکمت اور کہانیاں بانٹتے ہیں۔	Urdu (Standard)	South Asia	SACOR_10
Reading books improves vocabulary.	کتابیں پڑھنا ذخیرہ الفاظ بہتر بناتا ہے۔	Urdu (Standard)	South Asia	SACOR_07
Cricket is a popular sport.	کرکٹ ایک مقبول کھیل ہے۔	Urdu (Standard)	South Asia	SACOR_07
Doctors work long hours to treat patients.	ڈاکٹر مریضوں کا علاج کرنے کے لیے لمبے گھنٹے کام کرتے ہیں۔	Urdu (Standard)	South Asia	SACOR_09
People celebrate festivals with great joy.	لوگ بہت خوشی سے تہوار مناتے ہیں۔	Urdu (Standard)	South Asia	SACOR_03
Digital payments have made transactions faster.	ڈیجیٹل ادائیگیوں نے معاملات تیز کر دیے ہیں۔	Urdu (Standard)	South Asia	SACOR_08
Family members support each other during difficult times.	خاندان کے ممبر مشکل وقتوں میں ایک دوسرے کی مدد کرتے ہیں۔	Urdu (Standard)	South Asia	SACOR_04
The teacher explained the lesson patiently.	استاد نے صبر سے سبق سمجھایا۔	Urdu (Standard)	South Asia	SACOR_05
Smartphones have changed how people communicate.	اسمارٹ فونوں نے لوگوں کے رابطے کے طریقے کو تبدیل کر دیا ہے۔	Urdu (Standard)	South Asia	SACOR_03
Parents sacrifice their own needs for children.	والدین بچوں کے لیے اپنی ضرورتیں قربان کرتے ہیں۔	Urdu (Standard)	South Asia	SACOR_09
The forest is home to many wild animals.	جنگل بہت سے جنگلی جانوروں کا گھر ہے۔	Urdu (Standard)	South Asia	SACOR_10
The wedding ceremony lasted three days.	شادی کی تقریب تین دن تک چلی۔	Urdu (Standard)	South Asia	SACOR_01
Sports teach teamwork and discipline.	کھیل ٹیم ورک اور نظم و ضبط سکھاتے ہیں۔	Urdu (Standard)	South Asia	SACOR_05
Pollution in cities has become a serious problem.	شہروں میں آلودگی ایک سنجیدہ مسئلہ بن گئی ہے۔	Urdu (Standard)	South Asia	SACOR_03
Farmers planted rice in the flooded fields.	کسانوں نے پانی والے کھیتوں میں چاول بوئے۔	Urdu (Standard)	South Asia	SACOR_07
Doctors recommend drinking plenty of water.	ڈاکٹر زیادہ پانی پینے کی صلاح دیتے ہیں۔	Urdu (Standard)	South Asia	SACOR_09
Online shopping has become popular.	آن لائن خریداری مقبول ہو گئی ہے۔	Urdu (Standard)	South Asia	SACOR_06
After finishing his work, he sat down.	اپنا کام مکمل کرنے کے بعد، وہ بیٹھ گیا۔	Urdu (Standard)	South Asia	SACOR_05
Birds were chirping in the trees.	پرندے درختوں میں چہچہا رہے تھے۔	Urdu (Standard)	South Asia	SACOR_05
Spices add flavor to traditional dishes.	مصالحے روایتی کھانوں میں ذائقہ بڑھاتے ہیں۔	Urdu (Standard)	South Asia	SACOR_07
The school organized a science fair.	اسکول نے سائنس میلہ منظم کیا۔	Urdu (Standard)	South Asia	SACOR_01
Small businesses create employment opportunities.	چھوٹے کاروبار روزگار کے مواقع پیدا کرتے ہیں۔	Urdu (Standard)	South Asia	SACOR_07
Respecting elders is an important value.	بزرگوں کا احترام ایک اہم قدر ہے۔	Urdu (Standard)	South Asia	SACOR_09
I woke up early this morning.	میں آج صبح جلدی اٹھا۔	Urdu (Standard)	South Asia	SACOR_09
She received a scholarship to study medicine.	اسے طب کی تعلیم کے لیے اسکالرشپ ملی۔	Urdu (Standard)	South Asia	SACOR_10
The bus arrived late.	بس دیر سے پہنچی۔	Urdu (Standard)	South Asia	SACOR_06
Agriculture remains the primary source of income.	زراعت آمدنی کا بنیادی ذریعہ رہتی ہے۔	Urdu (Standard)	South Asia	SACOR_09
The river flows peacefully through the valley.	دریا وادی میں پرامن طریقے سے بہتا ہے۔	Urdu (Standard)	South Asia	SACOR_10
Students gathered in the library.	طلباء لائبریری میں جمع ہوئے۔	Urdu (Standard)	South Asia	SACOR_10
The market was crowded with people.	بازار لوگوں سے بھرا ہوا تھا۔	Urdu (Standard)	South Asia	SACOR_04
Children learn best when they are interested.	بچے بہترین سیکھتے ہیں جب وہ دلچسپی رکھتے ہیں۔	Urdu (Standard)	South Asia	SACOR_03
Children were playing cricket in the street.	بچے سڑک پر کرکٹ کھیل رہے تھے۔	Urdu (Standard)	South Asia	SACOR_02
Regular exercise helps maintain good health.	منظم ورزش اچھی صحت برقرار رکھنے میں مدد کرتی ہے۔	Urdu (Standard)	South Asia	SACOR_10
Train journeys offer scenic views.	ریل کے سفر مناظر کے نظارے پیش کرتے ہیں۔	Urdu (Standard)	South Asia	SACOR_02
Teachers shape young minds.	استاد نوجوان ذہنوں کو شکل دیتے ہیں۔	Urdu (Standard)	South Asia	SACOR_04
Eating fresh fruits provides essential vitamins.	تازہ پھل کھانا ضروری وٹامن فراہم کرتا ہے۔	Urdu (Standard)	South Asia	SACOR_04
People celebrate festivals with great joy.	لوگ بہت خوشی سے تہوار مناتے ہیں۔	Urdu (Standard)	South Asia	SACOR_01
Students gathered in the library.	طلباء لائبریری میں جمع ہوئے۔	Urdu (Standard)	South Asia	SACOR_05
Train journeys offer scenic views.	ریل کے سفر مناظر کے نظارے پیش کرتے ہیں۔	Urdu (Standard)	South Asia	SACOR_05
Family members support each other during difficult times.	خاندان کے ممبر مشکل وقتوں میں ایک دوسرے کی مدد کرتے ہیں۔	Urdu (Standard)	South Asia	SACOR_03
Sports teach teamwork and discipline.	کھیل ٹیم ورک اور نظم و ضبط سکھاتے ہیں۔	Urdu (Standard)	South Asia	SACOR_02
Teachers shape young minds.	استاد نوجوان ذہنوں کو شکل دیتے ہیں۔	Urdu (Standard)	South Asia	SACOR_08
Smartphones have changed how people communicate.	اسمارٹ فونوں نے لوگوں کے رابطے کے طریقے کو تبدیل کر دیا ہے۔	Urdu (Standard)	South Asia	SACOR_10
Learning a new language requires practice.	نئی زبان سیکھنے کے لیے مشق کی ضرورت ہے۔	Urdu (Standard)	South Asia	SACOR_06
My grandmother told me stories.	میری دادی نے مجھے کہانیاں سنائیں۔	Urdu (Standard)	South Asia	SACOR_04
Spices add flavor to traditional dishes.	مصالحے روایتی کھانوں میں ذائقہ بڑھاتے ہیں۔	Urdu (Standard)	South Asia	SACOR_05
Farmers wake up early to tend to crops.	کسان فصلوں کی دیکھ بھال کے لیے جلدی اٹھتے ہیں۔	Urdu (Standard)	South Asia	SACOR_09
Small businesses create employment opportunities.	چھوٹے کاروبار روزگار کے مواقع پیدا کرتے ہیں۔	Urdu (Standard)	South Asia	SACOR_06
Birds were chirping in the trees.	پرندے درختوں میں چہچہا رہے تھے۔	Urdu (Standard)	South Asia	SACOR_07
Reading books improves vocabulary.	کتابیں پڑھنا ذخیرہ الفاظ بہتر بناتا ہے۔	Urdu (Standard)	South Asia	SACOR_05
Pollution in cities has become a serious problem.	شہروں میں آلودگی ایک سنجیدہ مسئلہ بن گئی ہے۔	Urdu (Standard)	South Asia	SACOR_06
After finishing his work, he sat down.	اپنا کام مکمل کرنے کے بعد، وہ بیٹھ گیا۔	Urdu (Standard)	South Asia	SACOR_01
Elderly people share wisdom and stories.	بزرگ لوگ حکمت اور کہانیاں بانٹتے ہیں۔	Urdu (Standard)	South Asia	SACOR_05
The teacher explained the lesson patiently.	استاد نے صبر سے سبق سمجھایا۔	Urdu (Standard)	South Asia	SACOR_05
The forest is home to many wild animals.	جنگل بہت سے جنگلی جانوروں کا گھر ہے۔	Urdu (Standard)	South Asia	SACOR_07
Education opens doors to opportunities.	تعلیم مواقع کے دروازے کھولتی ہے۔	Urdu (Standard)	South Asia	SACOR_03
Tea is served to guests as a gesture of hospitality.	مہمانوں کو مہمان نوازی کی نشانی کے طور پر چائے پیش کی جاتی ہے۔	Urdu (Standard)	South Asia	SACOR_05
Regular exercise helps maintain good health.	منظم ورزش اچھی صحت برقرار رکھنے میں مدد کرتی ہے۔	Urdu (Standard)	South Asia	SACOR_01
Clear communication prevents misunderstandings.	صاف رابطہ غلط فہمیوں کو روکتا ہے۔	Urdu (Standard)	South Asia	SACOR_05
I woke up early this morning.	میں آج صبح جلدی اٹھا۔	Urdu (Standard)	South Asia	SACOR_05
We decided to visit the old temple.	ہم نے پرانے مندر کا دورہ کرنے کا فیصلہ کیا۔	Urdu (Standard)	South Asia	SACOR_02
Storytelling preserves culture and knowledge.	کہانی سنانا ثقافت اور علم کو محفوظ رکھتا ہے۔	Urdu (Standard)	South Asia	SACOR_07
The market was crowded with people.	بازار لوگوں سے بھرا ہوا تھا۔	Urdu (Standard)	South Asia	SACOR_04
Farmers planted rice in the flooded fields.	کسانوں نے پانی والے کھیتوں میں چاول بوئے۔	Urdu (Standard)	South Asia	SACOR_02
Children were playing cricket in the street.	بچے سڑک پر کرکٹ کھیل رہے تھے۔	Urdu (Standard)	South Asia	SACOR_07
The river flows peacefully through the valley.	دریا وادی میں پرامن طریقے سے بہتا ہے۔	Urdu (Standard)	South Asia	SACOR_07
Handicrafts showcase artistic traditions.	دستی کاریاں فنکارانہ روایات دکھاتی ہیں۔	Urdu (Standard)	South Asia	SACOR_05
The school organized a science fair.	اسکول نے سائنس میلہ منظم کیا۔	Urdu (Standard)	South Asia	SACOR_02
The wedding ceremony lasted three days.	شادی کی تقریب تین دن تک چلی۔	Urdu (Standard)	South Asia	SACOR_08
Children learn best when they are interested.	بچے بہترین سیکھتے ہیں جب وہ دلچسپی رکھتے ہیں۔	Urdu (Standard)	South Asia	SACOR_01
Respecting elders is an important value.	بزرگوں کا احترام ایک اہم قدر ہے۔	Urdu (Standard)	South Asia	SACOR_01
She cooked delicious biryani for the family.	اس نے خاندان کے لیے مزیدار بریانی پکائی۔	Urdu (Standard)	South Asia	SACOR_01
She walked slowly through the garden.	وہ باغ میں آہستہ آہستہ چلی۔	Urdu (Standard)	South Asia	SACOR_04
Eating fresh fruits provides essential vitamins.	تازہ پھل کھانا ضروری وٹامن فراہم کرتا ہے۔	Urdu (Standard)	South Asia	SACOR_04
Online shopping has become popular.	آن لائن خریداری مقبول ہو گئی ہے۔	Urdu (Standard)	South Asia	SACOR_08
Cooking together brings family members closer.	مل کر کھانا پکانا خاندان کے ممبروں کو قریب لاتا ہے۔	Urdu (Standard)	South Asia	SACOR_10
Tourism brings revenue to regions with historical sites.	سیاحت تاریخی مقامات والے علاقوں میں آمدنی لاتی ہے۔	Urdu (Standard)	South Asia	SACOR_01
The professor wrote equations on the blackboard.	پروفیسر نے تختے پر مساوات لکھیں۔	Urdu (Standard)	South Asia	SACOR_05
The bus arrived late.	بس دیر سے پہنچی۔	Urdu (Standard)	South Asia	SACOR_08
She received a scholarship to study medicine.	اسے طب کی تعلیم کے لیے اسکالرشپ ملی۔	Urdu (Standard)	South Asia	SACOR_05
The internet connects people across continents.	انٹرنیٹ براعظموں میں لوگوں کو جوڑتا ہے۔	Urdu (Standard)	South Asia	SACOR_03
Doctors work long hours to treat patients.	ڈاکٹر مریضوں کا علاج کرنے کے لیے لمبے گھنٹے کام کرتے ہیں۔	Urdu (Standard)	South Asia	SACOR_02
Agriculture remains the primary source of income.	زراعت آمدنی کا بنیادی ذریعہ رہتی ہے۔	Urdu (Standard)	South Asia	SACOR_03
Traditional music is important for our heritage.	روایتی موسیقی ہماری وراثت کے لیے اہم ہے۔	Urdu (Standard)	South Asia	SACOR_01
People travel long distances to visit religious sites.	لوگ مذہبی مقامات دیکھنے کے لیے لمبی دوریاں طے کرتے ہیں۔	Urdu (Standard)	South Asia	SACOR_07
Digital payments have made transactions faster.	ڈیجیٹل ادائیگیوں نے معاملات تیز کر دیے ہیں۔	Urdu (Standard)	South Asia	SACOR_07
Doctors recommend drinking plenty of water.	ڈاکٹر زیادہ پانی پینے کی صلاح دیتے ہیں۔	Urdu (Standard)	South Asia	SACOR_01
Parents sacrifice their own needs for children.	والدین بچوں کے لیے اپنی ضرورتیں قربان کرتے ہیں۔	Urdu (Standard)	South Asia	SACOR_06
Cricket is a popular sport.	کرکٹ ایک مقبول کھیل ہے۔	Urdu (Standard)	South Asia	SACOR_09
Train journeys offer scenic views.	ریل کے سفر مناظر کے نظارے پیش کرتے ہیں۔	Urdu (Standard)	South Asia	SACOR_01
Cricket is a popular sport.	کرکٹ ایک مقبول کھیل ہے۔	Urdu (Standard)	South Asia	SACOR_09
Spices add flavor to traditional dishes.	مصالحے روایتی کھانوں میں ذائقہ بڑھاتے ہیں۔	Urdu (Standard)	South Asia	SACOR_06
Eating fresh fruits provides essential vitamins.	تازہ پھل کھانا ضروری وٹامن فراہم کرتا ہے۔	Urdu (Standard)	South Asia	SACOR_07
Regular exercise helps maintain good health.	منظم ورزش اچھی صحت برقرار رکھنے میں مدد کرتی ہے۔	Urdu (Standard)	South Asia	SACOR_10
The bus arrived late.	بس دیر سے پہنچی۔	Urdu (Standard)	South Asia	SACOR_01
Small businesses create employment opportunities.	چھوٹے کاروبار روزگار کے مواقع پیدا کرتے ہیں۔	Urdu (Standard)	South Asia	SACOR_03
Elderly people share wisdom and stories.	بزرگ لوگ حکمت اور کہانیاں بانٹتے ہیں۔	Urdu (Standard)	South Asia	SACOR_09
The school organized a science fair.	اسکول نے سائنس میلہ منظم کیا۔	Urdu (Standard)	South Asia	SACOR_10
People celebrate festivals with great joy.	لوگ بہت خوشی سے تہوار مناتے ہیں۔	Urdu (Standard)	South Asia	SACOR_02
Learning a new language requires practice.	نئی زبان سیکھنے کے لیے مشق کی ضرورت ہے۔	Urdu (Standard)	South Asia	SACOR_08
Cooking together brings family members closer.	مل کر کھانا پکانا خاندان کے ممبروں کو قریب لاتا ہے۔	Urdu (Standard)	South Asia	SACOR_01
The river flows peacefully through the valley.	دریا وادی میں پرامن طریقے سے بہتا ہے۔	Urdu (Standard)	South Asia	SACOR_09
Agriculture remains the primary source of income.	زراعت آمدنی کا بنیادی ذریعہ رہتی ہے۔	Urdu (Standard)	South Asia	SACOR_09
People travel long distances to visit religious sites.	لوگ مذہبی مقامات دیکھنے کے لیے لمبی دوریاں طے کرتے ہیں۔	Urdu (Standard)	South Asia	SACOR_09
Birds were chirping in the trees.	پرندے درختوں میں چہچہا رہے تھے۔	Urdu (Standard)	South Asia	SACOR_01
Handicrafts showcase artistic traditions.	دستی کاریاں فنکارانہ روایات دکھاتی ہیں۔	Urdu (Standard)	South Asia	SACOR_08
Digital payments have made transactions faster.	ڈیجیٹل ادائیگیوں نے معاملات تیز کر دیے ہیں۔	Urdu (Standard)	South Asia	SACOR_03
Doctors work long hours to treat patients.	ڈاکٹر مریضوں کا علاج کرنے کے لیے لمبے گھنٹے کام کرتے ہیں۔	Urdu (Standard)	South Asia	SACOR_05
Tea is served to guests as a gesture of hospitality.	مہمانوں کو مہمان نوازی کی نشانی کے طور پر چائے پیش کی جاتی ہے۔	Urdu (Standard)	South Asia	SACOR_03
She cooked delicious biryani for the family.	اس نے خاندان کے لیے مزیدار بریانی پکائی۔	Urdu (Standard)	South Asia	SACOR_01
The wedding ceremony lasted three days.	شادی کی تقریب تین دن تک چلی۔	Urdu (Standard)	South Asia	SACOR_08
Family members support each other during difficult times.	خاندان کے ممبر مشکل وقتوں میں ایک دوسرے کی مدد کرتے ہیں۔	Urdu (Standard)	South Asia	SACOR_06
Teachers shape young minds.	استاد نوجوان ذہنوں کو شکل دیتے ہیں۔	Urdu (Standard)	South Asia	SACOR_04
Children learn best when they are interested.	بچے بہترین سیکھتے ہیں جب وہ دلچسپی رکھتے ہیں۔	Urdu (Standard)	South Asia	SACOR_01
Farmers wake up early to tend to crops.	کسان فصلوں کی دیکھ بھال کے لیے جلدی اٹھتے ہیں۔	Urdu (Standard)	South Asia	SACOR_09
The market was crowded with people.	بازار لوگوں سے بھرا ہوا تھا۔	Urdu (Standard)	South Asia	SACOR_08
Online shopping has become popular.	آن لائن خریداری مقبول ہو گئی ہے۔	Urdu (Standard)	South Asia	SACOR_08
Parents sacrifice their own needs for children.	والدین بچوں کے لیے اپنی ضرورتیں قربان کرتے ہیں۔	Urdu (Standard)	South Asia	SACOR_03
Children were playing cricket in the street.	بچے سڑک پر کرکٹ کھیل رہے تھے۔	Urdu (Standard)	South Asia	SACOR_03
Traditional music is important for our heritage.	روایتی موسیقی ہماری وراثت کے لیے اہم ہے۔	Urdu (Standard)	South Asia	SACOR_07
I woke up early this morning.	میں آج صبح جلدی اٹھا۔	Urdu (Standard)	South Asia	SACOR_10
She received a scholarship to study medicine.	اسے طب کی تعلیم کے لیے اسکالرشپ ملی۔	Urdu (Standard)	South Asia	SACOR_07
The internet connects people across continents.	انٹرنیٹ براعظموں میں لوگوں کو جوڑتا ہے۔	Urdu (Standard)	South Asia	SACOR_07
Respecting elders is an important value.	بزرگوں کا احترام ایک اہم قدر ہے۔	Urdu (Standard)	South Asia	SACOR_08
Farmers planted rice in the flooded fields.	کسانوں نے پانی والے کھیتوں میں چاول بوئے۔	Urdu (Standard)	South Asia	SACOR_04
The professor wrote equations on the blackboard.	پروفیسر نے تختے پر مساوات لکھیں۔	Urdu (Standard)	South Asia	SACOR_05
Smartphones have changed how people communicate.	اسمارٹ فونوں نے لوگوں کے رابطے کے طریقے کو تبدیل کر دیا ہے۔	Urdu (Standard)	South Asia	SACOR_10
Students gathered in the library.	طلباء لائبریری میں جمع ہوئے۔	Urdu (Standard)	South Asia	SACOR_06
Clear communication prevents misunderstandings.	صاف رابطہ غلط فہمیوں کو روکتا ہے۔	Urdu (Standard)	South Asia	SACOR_09
The forest is home to many wild animals.	جنگل بہت سے جنگلی جانوروں کا گھر ہے۔	Urdu (Standard)	South Asia	SACOR_07
The teacher explained the lesson patiently.	استاد نے صبر سے سبق سمجھایا۔	Urdu (Standard)	South Asia	SACOR_01
She walked slowly through the garden.	وہ باغ میں آہستہ آہستہ چلی۔	Urdu (Standard)	South Asia	SACOR_02
We decided to visit the old temple.	ہم نے پرانے مندر کا دورہ کرنے کا فیصلہ کیا۔	Urdu (Standard)	South Asia	SACOR_06
Pollution in cities has become a serious problem.	شہروں میں آلودگی ایک سنجیدہ مسئلہ بن گئی ہے۔	Urdu (Standard)	South Asia	SACOR_01
Doctors recommend drinking plenty of water.	ڈاکٹر زیادہ پانی پینے کی صلاح دیتے ہیں۔	Urdu (Standard)	South Asia	SACOR_01
After finishing his work, he sat down.	اپنا کام مکمل کرنے کے بعد، وہ بیٹھ گیا۔	Urdu (Standard)	South Asia	SACOR_09
My grandmother told me stories.	میری دادی نے مجھے کہانیاں سنائیں۔	Urdu (Standard)	South Asia	SACOR_06
Tourism brings revenue to regions with historical sites.	سیاحت تاریخی مقامات والے علاقوں میں آمدنی لاتی ہے۔	Urdu (Standard)	South Asia	SACOR_09
Sports teach teamwork and discipline.	کھیل ٹیم ورک اور نظم و ضبط سکھاتے ہیں۔	Urdu (Standard)	South Asia	SACOR_06
Education opens doors to opportunities.	تعلیم مواقع کے دروازے کھولتی ہے۔	Urdu (Standard)	South Asia	SACOR_05
Reading books improves vocabulary.	کتابیں پڑھنا ذخیرہ الفاظ بہتر بناتا ہے۔	Urdu (Standard)	South Asia	SACOR_10
Storytelling preserves culture and knowledge.	کہانی سنانا ثقافت اور علم کو محفوظ رکھتا ہے۔	Urdu (Standard)	South Asia	SACOR_02
She walked slowly through the garden.	وہ باغ میں آہستہ آہستہ چلی۔	Urdu (Standard)	South Asia	SACOR_05
Storytelling preserves culture and knowledge.	کہانی سنانا ثقافت اور علم کو محفوظ رکھتا ہے۔	Urdu (Standard)	South Asia	SACOR_07
Agriculture remains the primary source of income.	زراعت آمدنی کا بنیادی ذریعہ رہتی ہے۔	Urdu (Standard)	South Asia	SACOR_06
Regular exercise helps maintain good health.	منظم ورزش اچھی صحت برقرار رکھنے میں مدد کرتی ہے۔	Urdu (Standard)	South Asia	SACOR_02
Farmers wake up early to tend to crops.	کسان فصلوں کی دیکھ بھال کے لیے جلدی اٹھتے ہیں۔	Urdu (Standard)	South Asia	SACOR_07
We decided to visit the old temple.	ہم نے پرانے مندر کا دورہ کرنے کا فیصلہ کیا۔	Urdu (Standard)	South Asia	SACOR_08
Sports teach teamwork and discipline.	کھیل ٹیم ورک اور نظم و ضبط سکھاتے ہیں۔	Urdu (Standard)	South Asia	SACOR_10
Tea is served to guests as a gesture of hospitality.	مہمانوں کو مہمان نوازی کی نشانی کے طور پر چائے پیش کی جاتی ہے۔	Urdu (Standard)	South Asia	SACOR_03
Parents sacrifice their own needs for children.	والدین بچوں کے لیے اپنی ضرورتیں قربان کرتے ہیں۔	Urdu (Standard)	South Asia	SACOR_02
Train journeys offer scenic views.	ریل کے سفر مناظر کے نظارے پیش کرتے ہیں۔	Urdu (Standard)	South Asia	SACOR_03
Online shopping has become popular.	آن لائن خریداری مقبول ہو گئی ہے۔	Urdu (Standard)	South Asia	SACOR_08
The wedding ceremony lasted three days.	شادی کی تقریب تین دن تک چلی۔	Urdu (Standard)	South Asia	SACOR_02
Birds were chirping in the trees.	پرندے درختوں میں چہچہا رہے تھے۔	Urdu (Standard)	South Asia	SACOR_10
The forest is home to many wild animals.	جنگل بہت سے جنگلی جانوروں کا گھر ہے۔	Urdu (Standard)	South Asia	SACOR_06
Handicrafts showcase artistic traditions.	دستی کاریاں فنکارانہ روایات دکھاتی ہیں۔	Urdu (Standard)	South Asia	SACOR_03
The market was crowded with people.	بازار لوگوں سے بھرا ہوا تھا۔	Urdu (Standard)	South Asia	SACOR_07
Digital payments have made transactions faster.	ڈیجیٹل ادائیگیوں نے معاملات تیز کر دیے ہیں۔	Urdu (Standard)	South Asia	SACOR_02
Cooking together brings family members closer.	مل کر کھانا پکانا خاندان کے ممبروں کو قریب لاتا ہے۔	Urdu (Standard)	South Asia	SACOR_08
Respecting elders is an important value.	بزرگوں کا احترام ایک اہم قدر ہے۔	Urdu (Standard)	South Asia	SACOR_02
Learning a new language requires practice.	نئی زبان سیکھنے کے لیے مشق کی ضرورت ہے۔	Urdu (Standard)	South Asia	SACOR_09
She cooked delicious biryani for the family.	اس نے خاندان کے لیے مزیدار بریانی پکائی۔	Urdu (Standard)	South Asia	SACOR_07
The teacher explained the lesson patiently.	استاد نے صبر سے سبق سمجھایا۔	Urdu (Standard)	South Asia	SACOR_08
The professor wrote equations on the blackboard.	پروفیسر نے تختے پر مساوات لکھیں۔	Urdu (Standard)	South Asia	SACOR_01
I woke up early this morning.	میں آج صبح جلدی اٹھا۔	Urdu (Standard)	South Asia	SACOR_10
The school organized a science fair.	اسکول نے سائنس میلہ منظم کیا۔	Urdu (Standard)	South Asia	SACOR_07
Spices add flavor to traditional dishes.	مصالحے روایتی کھانوں میں ذائقہ بڑھاتے ہیں۔	Urdu (Standard)	South Asia	SACOR_09
Pollution in cities has become a serious problem.	شہروں میں آلودگی ایک سنجیدہ مسئلہ بن گئی ہے۔	Urdu (Standard)	South Asia	SACOR_04
Reading books improves vocabulary.	کتابیں پڑھنا ذخیرہ الفاظ بہتر بناتا ہے۔	Urdu (Standard)	South Asia	SACOR_08
Doctors work long hours to treat patients.	ڈاکٹر مریضوں کا علاج کرنے کے لیے لمبے گھنٹے کام کرتے ہیں۔	Urdu (Standard)	South Asia	SACOR_03
Farmers planted rice in the flooded fields.	کسانوں نے پانی والے کھیتوں میں چاول بوئے۔	Urdu (Standard)	South Asia	SACOR_01
Children were playing cricket in the street.	بچے سڑک پر کرکٹ کھیل رہے تھے۔	Urdu (Standard)	South Asia	SACOR_02
Eating fresh fruits provides essential vitamins.	تازہ پھل کھانا ضروری وٹامن فراہم کرتا ہے۔	Urdu (Standard)	South Asia	SACOR_07
Small businesses create employment opportunities.	چھوٹے کاروبار روزگار کے مواقع پیدا کرتے ہیں۔	Urdu (Standard)	South Asia	SACOR_05
Family members support each other during difficult times.	خاندان کے ممبر مشکل وقتوں میں ایک دوسرے کی مدد کرتے ہیں۔	Urdu (Standard)	South Asia	SACOR_09
The bus arrived late.	بس دیر سے پہنچی۔	Urdu (Standard)	South Asia	SACOR_06
Tourism brings revenue to regions with historical sites.	سیاحت تاریخی مقامات والے علاقوں میں آمدنی لاتی ہے۔	Urdu (Standard)	South Asia	SACOR_05
Traditional music is important for our heritage.	روایتی موسیقی ہماری وراثت کے لیے اہم ہے۔	Urdu (Standard)	South Asia	SACOR_08
Smartphones have changed how people communicate.	اسمارٹ فونوں نے لوگوں کے رابطے کے طریقے کو تبدیل کر دیا ہے۔	Urdu (Standard)	South Asia	SACOR_02
The internet connects people across continents.	انٹرنیٹ براعظموں میں لوگوں کو جوڑتا ہے۔	Urdu (Standard)	South Asia	SACOR_04
Elderly people share wisdom and stories.	بزرگ لوگ حکمت اور کہانیاں بانٹتے ہیں۔	Urdu (Standard)	South Asia	SACOR_04
Students gathered in the library.	طلباء لائبریری میں جمع ہوئے۔	Urdu (Standard)	South Asia	SACOR_03
Doctors recommend drinking plenty of water.	ڈاکٹر زیادہ پانی پینے کی صلاح دیتے ہیں۔	Urdu (Standard)	South Asia	SACOR_06
Teachers shape young minds.	استاد نوجوان ذہنوں کو شکل دیتے ہیں۔	Urdu (Standard)	South Asia	SACOR_09
Cricket is a popular sport.	کرکٹ ایک مقبول کھیل ہے۔	Urdu (Standard)	South Asia	SACOR_02
People celebrate festivals with great joy.	لوگ بہت خوشی سے تہوار مناتے ہیں۔	Urdu (Standard)	South Asia	SACOR_10
Clear communication prevents misunderstandings.	صاف رابطہ غلط فہمیوں کو روکتا ہے۔	Urdu (Standard)	South Asia	SACOR_07
The river flows peacefully through the valley.	دریا وادی میں پرامن طریقے سے بہتا ہے۔	Urdu (Standard)	South Asia	SACOR_04
She received a scholarship to study medicine.	اسے طب کی تعلیم کے لیے اسکالرشپ ملی۔	Urdu (Standard)	South Asia	SACOR_05
Education opens doors to opportunities.	تعلیم مواقع کے دروازے کھولتی ہے۔	Urdu (Standard)	South Asia	SACOR_09
People travel long distances to visit religious sites.	لوگ مذہبی مقامات دیکھنے کے لیے لمبی دوریاں طے کرتے ہیں۔	Urdu (Standard)	South Asia	SACOR_02
After finishing his work, he sat down.	اپنا کام مکمل کرنے کے بعد، وہ بیٹھ گیا۔	Urdu (Standard)	South Asia	SACOR_04
My grandmother told me stories.	میری دادی نے مجھے کہانیاں سنائیں۔	Urdu (Standard)	South Asia	SACOR_01
Children learn best when they are interested.	بچے بہترین سیکھتے ہیں جب وہ دلچسپی رکھتے ہیں۔	Urdu (Standard)	South Asia	SACOR_01
Family members support each other during difficult times.	خاندان کے ممبر مشکل وقتوں میں ایک دوسرے کی مدد کرتے ہیں۔	Urdu (Standard)	South Asia	SACOR_05
She cooked delicious biryani for the family.	اس نے خاندان کے لیے مزیدار بریانی پکائی۔	Urdu (Standard)	South Asia	SACOR_04
Birds were chirping in the trees.	پرندے درختوں میں چہچہا رہے تھے۔	Urdu (Standard)	South Asia	SACOR_07
Cooking together brings family members closer.	مل کر کھانا پکانا خاندان کے ممبروں کو قریب لاتا ہے۔	Urdu (Standard)	South Asia	SACOR_03
Respecting elders is an important value.	بزرگوں کا احترام ایک اہم قدر ہے۔	Urdu (Standard)	South Asia	SACOR_06
Small businesses create employment opportunities.	چھوٹے کاروبار روزگار کے مواقع پیدا کرتے ہیں۔	Urdu (Standard)	South Asia	SACOR_07
Cricket is a popular sport.	کرکٹ ایک مقبول کھیل ہے۔	Urdu (Standard)	South Asia	SACOR_10
Spices add flavor to traditional dishes.	مصالحے روایتی کھانوں میں ذائقہ بڑھاتے ہیں۔	Urdu (Standard)	South Asia	SACOR_02
The forest is home to many wild animals.	جنگل بہت سے جنگلی جانوروں کا گھر ہے۔	Urdu (Standard)	South Asia	SACOR_06
She received a scholarship to study medicine.	اسے طب کی تعلیم کے لیے اسکالرشپ ملی۔	Urdu (Standard)	South Asia	SACOR_04
Smartphones have changed how people communicate.	اسمارٹ فونوں نے لوگوں کے رابطے کے طریقے کو تبدیل کر دیا ہے۔	Urdu (Standard)	South Asia	SACOR_10
Traditional music is important for our heritage.	روایتی موسیقی ہماری وراثت کے لیے اہم ہے۔	Urdu (Standard)	South Asia	SACOR_04
Regular exercise helps maintain good health.	منظم ورزش اچھی صحت برقرار رکھنے میں مدد کرتی ہے۔	Urdu (Standard)	South Asia	SACOR_01
The professor wrote equations on the blackboard.	پروفیسر نے تختے پر مساوات لکھیں۔	Urdu (Standard)	South Asia	SACOR_06
Sports teach teamwork and discipline.	کھیل ٹیم ورک اور نظم و ضبط سکھاتے ہیں۔	Urdu (Standard)	South Asia	SACOR_09
Clear communication prevents misunderstandings.	صاف رابطہ غلط فہمیوں کو روکتا ہے۔	Urdu (Standard)	South Asia	SACOR_02
She walked slowly through the garden.	وہ باغ میں آہستہ آہستہ چلی۔	Urdu (Standard)	South Asia	SACOR_09
Doctors work long hours to treat patients.	ڈاکٹر مریضوں کا علاج کرنے کے لیے لمبے گھنٹے کام کرتے ہیں۔	Urdu (Standard)	South Asia	SACOR_08
Elderly people share wisdom and stories.	بزرگ لوگ حکمت اور کہانیاں بانٹتے ہیں۔	Urdu (Standard)	South Asia	SACOR_07
The teacher explained the lesson patiently.	استاد نے صبر سے سبق سمجھایا۔	Urdu (Standard)	South Asia	SACOR_03
The school organized a science fair.	اسکول نے سائنس میلہ منظم کیا۔	Urdu (Standard)	South Asia	SACOR_05
Eating fresh fruits provides essential vitamins.	تازہ پھل کھانا ضروری وٹامن فراہم کرتا ہے۔	Urdu (Standard)	South Asia	SACOR_01
Reading books improves vocabulary.	کتابیں پڑھنا ذخیرہ الفاظ بہتر بناتا ہے۔	Urdu (Standard)	South Asia	SACOR_05
Children were playing cricket in the street.	بچے سڑک پر کرکٹ کھیل رہے تھے۔	Urdu (Standard)	South Asia	SACOR_07
After finishing his work, he sat down.	اپنا کام مکمل کرنے کے بعد، وہ بیٹھ گیا۔	Urdu (Standard)	South Asia	SACOR_07
Education opens doors to opportunities.	تعلیم مواقع کے دروازے کھولتی ہے۔	Urdu (Standard)	South Asia	SACOR_02
The internet connects people across continents.	انٹرنیٹ براعظموں میں لوگوں کو جوڑتا ہے۔	Urdu (Standard)	South Asia	SACOR_01
Pollution in cities has become a serious problem.	شہروں میں آلودگی ایک سنجیدہ مسئلہ بن گئی ہے۔	Urdu (Standard)	South Asia	SACOR_02
Handicrafts showcase artistic traditions.	دستی کاریاں فنکارانہ روایات دکھاتی ہیں۔	Urdu (Standard)	South Asia	SACOR_01
Tourism brings revenue to regions with historical sites.	سیاحت تاریخی مقامات والے علاقوں میں آمدنی لاتی ہے۔	Urdu (Standard)	South Asia	SACOR_07
Tea is served to guests as a gesture of hospitality.	مہمانوں کو مہمان نوازی کی نشانی کے طور پر چائے پیش کی جاتی ہے۔	Urdu (Standard)	South Asia	SACOR_02
Teachers shape young minds.	استاد نوجوان ذہنوں کو شکل دیتے ہیں۔	Urdu (Standard)	South Asia	SACOR_10
Train journeys offer scenic views.	ریل کے سفر مناظر کے نظارے پیش کرتے ہیں۔	Urdu (Standard)	South Asia	SACOR_06
Storytelling preserves culture and knowledge.	کہانی سنانا ثقافت اور علم کو محفوظ رکھتا ہے۔	Urdu (Standard)	South Asia	SACOR_09
My grandmother told me stories.	میری دادی نے مجھے کہانیاں سنائیں۔	Urdu (Standard)	South Asia	SACOR_02
Doctors recommend drinking plenty of water.	ڈاکٹر زیادہ پانی پینے کی صلاح دیتے ہیں۔	Urdu (Standard)	South Asia	SACOR_07
I woke up early this morning.	میں آج صبح جلدی اٹھا۔	Urdu (Standard)	South Asia	SACOR_02
Children learn best when they are interested.	بچے بہترین سیکھتے ہیں جب وہ دلچسپی رکھتے ہیں۔	Urdu (Standard)	South Asia	SACOR_09
Farmers planted rice in the flooded fields.	کسانوں نے پانی والے کھیتوں میں چاول بوئے۔	Urdu (Standard)	South Asia	SACOR_10
The market was crowded with people.	بازار لوگوں سے بھرا ہوا تھا۔	Urdu (Standard)	South Asia	SACOR_04
People celebrate festivals with great joy.	لوگ بہت خوشی سے تہوار مناتے ہیں۔	Urdu (Standard)	South Asia	SACOR_03
Learning a new language requires practice.	نئی زبان سیکھنے کے لیے مشق کی ضرورت ہے۔	Urdu (Standard)	South Asia	SACOR_10
Online shopping has become popular.	آن لائن خریداری مقبول ہو گئی ہے۔	Urdu (Standard)	South Asia	SACOR_09
Digital payments have made transactions faster.	ڈیجیٹل ادائیگیوں نے معاملات تیز کر دیے ہیں۔	Urdu (Standard)	South Asia	SACOR_07
We decided to visit the old temple.	ہم نے پرانے مندر کا دورہ کرنے کا فیصلہ کیا۔	Urdu (Standard)	South Asia	SACOR_06
Agriculture remains the primary source of income.	زراعت آمدنی کا بنیادی ذریعہ رہتی ہے۔	Urdu (Standard)	South Asia	SACOR_04
The bus arrived late.	بس دیر سے پہنچی۔	Urdu (Standard)	South Asia	SACOR_07
Parents sacrifice their own needs for children.	والدین بچوں کے لیے اپنی ضرورتیں قربان کرتے ہیں۔	Urdu (Standard)	South Asia	SACOR_07
Students gathered in the library.	طلباء لائبریری میں جمع ہوئے۔	Urdu (Standard)	South Asia	SACOR_02
The wedding ceremony lasted three days.	شادی کی تقریب تین دن تک چلی۔	Urdu (Standard)	South Asia	SACOR_05
Farmers wake up early to tend to crops.	کسان فصلوں کی دیکھ بھال کے لیے جلدی اٹھتے ہیں۔	Urdu (Standard)	South Asia	SACOR_06
The river flows peacefully through the valley.	دریا وادی میں پرامن طریقے سے بہتا ہے۔	Urdu (Standard)	South Asia	SACOR_01
People travel long distances to visit religious sites.	لوگ مذہبی مقامات دیکھنے کے لیے لمبی دوریاں طے کرتے ہیں۔	Urdu (Standard)	South Asia	SACOR_02
Tea is served to guests as a gesture of hospitality.	مہمانوں کو مہمان نوازی کی نشانی کے طور پر چائے پیش کی جاتی ہے۔	Urdu (Standard)	South Asia	SACOR_09
Doctors work long hours to treat patients.	ڈاکٹر مریضوں کا علاج کرنے کے لیے لمبے گھنٹے کام کرتے ہیں۔	Urdu (Standard)	South Asia	SACOR_02
Respecting elders is an important value.	بزرگوں کا احترام ایک اہم قدر ہے۔	Urdu (Standard)	South Asia	SACOR_09
Children learn best when they are interested.	بچے بہترین سیکھتے ہیں جب وہ دلچسپی رکھتے ہیں۔	Urdu (Standard)	South Asia	SACOR_08
We decided to visit the old temple.	ہم نے پرانے مندر کا دورہ کرنے کا فیصلہ کیا۔	Urdu (Standard)	South Asia	SACOR_09
Farmers planted rice in the flooded fields.	کسانوں نے پانی والے کھیتوں میں چاول بوئے۔	Urdu (Standard)	South Asia	SACOR_06
Small businesses create employment opportunities.	چھوٹے کاروبار روزگار کے مواقع پیدا کرتے ہیں۔	Urdu (Standard)	South Asia	SACOR_01
Regular exercise helps maintain good health.	منظم ورزش اچھی صحت برقرار رکھنے میں مدد کرتی ہے۔	Urdu (Standard)	South Asia	SACOR_04
People celebrate festivals with great joy.	لوگ بہت خوشی سے تہوار مناتے ہیں۔	Urdu (Standard)	South Asia	SACOR_08
After finishing his work, he sat down.	اپنا کام مکمل کرنے کے بعد، وہ بیٹھ گیا۔	Urdu (Standard)	South Asia	SACOR_05
Children were playing cricket in the street.	بچے سڑک پر کرکٹ کھیل رہے تھے۔	Urdu (Standard)	South Asia	SACOR_04
The market was crowded with people.	بازار لوگوں سے بھرا ہوا تھا۔	Urdu (Standard)	South Asia	SACOR_07
The teacher explained the lesson patiently.	استاد نے صبر سے سبق سمجھایا۔	Urdu (Standard)	South Asia	SACOR_02
The forest is home to many wild animals.	جنگل بہت سے جنگلی جانوروں کا گھر ہے۔	Urdu (Standard)	South Asia	SACOR_03
Parents sacrifice their own needs for children.	والدین بچوں کے لیے اپنی ضرورتیں قربان کرتے ہیں۔	Urdu (Standard)	South Asia	SACOR_06
The wedding ceremony lasted three days.	شادی کی تقریب تین دن تک چلی۔	Urdu (Standard)	South Asia	SACOR_02
My grandmother told me stories.	میری دادی نے مجھے کہانیاں سنائیں۔	Urdu (Standard)	South Asia	SACOR_05
The bus arrived late.	بس دیر سے پہنچی۔	Urdu (Standard)	South Asia	SACOR_03
Birds were chirping in the trees.	پرندے درختوں میں چہچہا رہے تھے۔	Urdu (Standard)	South Asia	SACOR_07
Tourism brings revenue to regions with historical sites.	سیاحت تاریخی مقامات والے علاقوں میں آمدنی لاتی ہے۔	Urdu (Standard)	South Asia	SACOR_02
Handicrafts showcase artistic traditions.	دستی کاریاں فنکارانہ روایات دکھاتی ہیں۔	Urdu (Standard)	South Asia	SACOR_09
Teachers shape young minds.	استاد نوجوان ذہنوں کو شکل دیتے ہیں۔	Urdu (Standard)	South Asia	SACOR_10
Education opens doors to opportunities.	تعلیم مواقع کے دروازے کھولتی ہے۔	Urdu (Standard)	South Asia	SACOR_02
Learning a new language requires practice.	نئی زبان سیکھنے کے لیے مشق کی ضرورت ہے۔	Urdu (Standard)	South Asia	SACOR_03
The school organized a science fair.	اسکول نے سائنس میلہ منظم کیا۔	Urdu (Standard)	South Asia	SACOR_05
I woke up early this morning.	میں آج صبح جلدی اٹھا۔	Urdu (Standard)	South Asia	SACOR_02
She cooked delicious biryani for the family.	اس نے خاندان کے لیے مزیدار بریانی پکائی۔	Urdu (Standard)	South Asia	SACOR_06
She received a scholarship to study medicine.	اسے طب کی تعلیم کے لیے اسکالرشپ ملی۔	Urdu (Standard)	South Asia	SACOR_03
She walked slowly through the garden.	وہ باغ میں آہستہ آہستہ چلی۔	Urdu (Standard)	South Asia	SACOR_02
Elderly people share wisdom and stories.	بزرگ لوگ حکمت اور کہانیاں بانٹتے ہیں۔	Urdu (Standard)	South Asia	SACOR_03
Agriculture remains the primary source of income.	زراعت آمدنی کا بنیادی ذریعہ رہتی ہے۔	Urdu (Standard)	South Asia	SACOR_02
The internet connects people across continents.	انٹرنیٹ براعظموں میں لوگوں کو جوڑتا ہے۔	Urdu (Standard)	South Asia	SACOR_10
Family members support each other during difficult times.	خاندان کے ممبر مشکل وقتوں میں ایک دوسرے کی مدد کرتے ہیں۔	Urdu (Standard)	South Asia	SACOR_04
Doctors recommend drinking plenty of water.	ڈاکٹر زیادہ پانی پینے کی صلاح دیتے ہیں۔	Urdu (Standard)	South Asia	SACOR_04
Cricket is a popular sport.	کرکٹ ایک مقبول کھیل ہے۔	Urdu (Standard)	South Asia	SACOR_09
The professor wrote equations on the blackboard.	پروفیسر نے تختے پر مساوات لکھیں۔	Urdu (Standard)	South Asia	SACOR_08
Digital payments have made transactions faster.	ڈیجیٹل ادائیگیوں نے معاملات تیز کر دیے ہیں۔	Urdu (Standard)	South Asia	SACOR_04
Eating fresh fruits provides essential vitamins.	تازہ پھل کھانا ضروری وٹامن فراہم کرتا ہے۔	Urdu (Standard)	South Asia	SACOR_01
Smartphones have changed how people communicate.	اسمارٹ فونوں نے لوگوں کے رابطے کے طریقے کو تبدیل کر دیا ہے۔	Urdu (Standard)	South Asia	SACOR_01
Storytelling preserves culture and knowledge.	کہانی سنانا ثقافت اور علم کو محفوظ رکھتا ہے۔	Urdu (Standard)	South Asia	SACOR_07
Clear communication prevents misunderstandings.	صاف رابطہ غلط فہمیوں کو روکتا ہے۔	Urdu (Standard)	South Asia	SACOR_01
Train journeys offer scenic views.	ریل کے سفر مناظر کے نظارے پیش کرتے ہیں۔	Urdu (Standard)	South Asia	SACOR_04
Farmers wake up early to tend to crops.	کسان فصلوں کی دیکھ بھال کے لیے جلدی اٹھتے ہیں۔	Urdu (Standard)	South Asia	SACOR_03
Pollution in cities has become a serious problem.	شہروں میں آلودگی ایک سنجیدہ مسئلہ بن گئی ہے۔	Urdu (Standard)	South Asia	SACOR_09
People travel long distances to visit religious sites.	لوگ مذہبی مقامات دیکھنے کے لیے لمبی دوریاں طے کرتے ہیں۔	Urdu (Standard)	South Asia	SACOR_10
Cooking together brings family members closer.	مل کر کھانا پکانا خاندان کے ممبروں کو قریب لاتا ہے۔	Urdu (Standard)	South Asia	SACOR_08
Sports teach teamwork and discipline.	کھیل ٹیم ورک اور نظم و ضبط سکھاتے ہیں۔	Urdu (Standard)	South Asia	SACOR_10
Traditional music is important for our heritage.	روایتی موسیقی ہماری وراثت کے لیے اہم ہے۔	Urdu (Standard)	South Asia	SACOR_06
The river flows peacefully through the valley.	دریا وادی میں پرامن طریقے سے بہتا ہے۔	Urdu (Standard)	South Asia	SACOR_08
Spices add flavor to traditional dishes.	مصالحے روایتی کھانوں میں ذائقہ بڑھاتے ہیں۔	Urdu (Standard)	South Asia	SACOR_04
Reading books improves vocabulary.	کتابیں پڑھنا ذخیرہ الفاظ بہتر بناتا ہے۔	Urdu (Standard)	South Asia	SACOR_08
Online shopping has become popular.	آن لائن خریداری مقبول ہو گئی ہے۔	Urdu (Standard)	South Asia	SACOR_08
Students gathered in the library.	طلباء لائبریری میں جمع ہوئے۔	Urdu (Standard)	South Asia	SACOR_06
The teacher explained the lesson patiently.	استاد نے صبر سے سبق سمجھایا۔	Urdu (Standard)	South Asia	SACOR_07
I woke up early this morning.	میں آج صبح جلدی اٹھا۔	Urdu (Standard)	South Asia	SACOR_05
After finishing his work, he sat down.	اپنا کام مکمل کرنے کے بعد، وہ بیٹھ گیا۔	Urdu (Standard)	South Asia	SACOR_02
The forest is home to many wild animals.	جنگل بہت سے جنگلی جانوروں کا گھر ہے۔	Urdu (Standard)	South Asia	SACOR_01
Tourism brings revenue to regions with historical sites.	سیاحت تاریخی مقامات والے علاقوں میں آمدنی لاتی ہے۔	Urdu (Standard)	South Asia	SACOR_09
She received a scholarship to study medicine.	اسے طب کی تعلیم کے لیے اسکالرشپ ملی۔	Urdu (Standard)	South Asia	SACOR_10
The bus arrived late.	بس دیر سے پہنچی۔	Urdu (Standard)	South Asia	SACOR_05
Reading books improves vocabulary.	کتابیں پڑھنا ذخیرہ الفاظ بہتر بناتا ہے۔	Urdu (Standard)	South Asia	SACOR_06
Smartphones have changed how people communicate.	اسمارٹ فونوں نے لوگوں کے رابطے کے طریقے کو تبدیل کر دیا ہے۔	Urdu (Standard)	South Asia	SACOR_03
Handicrafts showcase artistic traditions.	دستی کاریاں فنکارانہ روایات دکھاتی ہیں۔	Urdu (Standard)	South Asia	SACOR_01
She cooked delicious biryani for the family.	اس نے خاندان کے لیے مزیدار بریانی پکائی۔	Urdu (Standard)	South Asia	SACOR_08
People travel long distances to visit religious sites.	لوگ مذہبی مقامات دیکھنے کے لیے لمبی دوریاں طے کرتے ہیں۔	Urdu (Standard)	South Asia	SACOR_03
People celebrate festivals with great joy.	لوگ بہت خوشی سے تہوار مناتے ہیں۔	Urdu (Standard)	South Asia	SACOR_06
Traditional music is important for our heritage.	روایتی موسیقی ہماری وراثت کے لیے اہم ہے۔	Urdu (Standard)	South Asia	SACOR_10
The river flows peacefully through the valley.	دریا وادی میں پرامن طریقے سے بہتا ہے۔	Urdu (Standard)	South Asia	SACOR_05
Teachers shape young minds.	استاد نوجوان ذہنوں کو شکل دیتے ہیں۔	Urdu (Standard)	South Asia	SACOR_01
Elderly people share wisdom and stories.	بزرگ لوگ حکمت اور کہانیاں بانٹتے ہیں۔	Urdu (Standard)	South Asia	SACOR_04
Birds were chirping in the trees.	پرندے درختوں میں چہچہا رہے تھے۔	Urdu (Standard)	South Asia	SACOR_08
Learning a new language requires practice.	نئی زبان سیکھنے کے لیے مشق کی ضرورت ہے۔	Urdu (Standard)	South Asia	SACOR_07
Small businesses create employment opportunities.	چھوٹے کاروبار روزگار کے مواقع پیدا کرتے ہیں۔	Urdu (Standard)	South Asia	SACOR_05
Cooking together brings family members closer.	مل کر کھانا پکانا خاندان کے ممبروں کو قریب لاتا ہے۔	Urdu (Standard)	South Asia	SACOR_10
She walked slowly through the garden.	وہ باغ میں آہستہ آہستہ چلی۔	Urdu (Standard)	South Asia	SACOR_05
Children learn best when they are interested.	بچے بہترین سیکھتے ہیں جب وہ دلچسپی رکھتے ہیں۔	Urdu (Standard)	South Asia	SACOR_02
Spices add flavor to traditional dishes.	مصالحے روایتی کھانوں میں ذائقہ بڑھاتے ہیں۔	Urdu (Standard)	South Asia	SACOR_04
Tea is served to guests as a gesture of hospitality.	مہمانوں کو مہمان نوازی کی نشانی کے طور پر چائے پیش کی جاتی ہے۔	Urdu (Standard)	South Asia	SACOR_04
Children were playing cricket in the street.	بچے سڑک پر کرکٹ کھیل رہے تھے۔	Urdu (Standard)	South Asia	SACOR_01
Education opens doors to opportunities.	تعلیم مواقع کے دروازے کھولتی ہے۔	Urdu (Standard)	South Asia	SACOR_10
Online shopping has become popular.	آن لائن خریداری مقبول ہو گئی ہے۔	Urdu (Standard)	South Asia	SACOR_09
Pollution in cities has become a serious problem.	شہروں میں آلودگی ایک سنجیدہ مسئلہ بن گئی ہے۔	Urdu (Standard)	South Asia	SACOR_05
The internet connects people across continents.	انٹرنیٹ براعظموں میں لوگوں کو جوڑتا ہے۔	Urdu (Standard)	South Asia	SACOR_06
Train journeys offer scenic views.	ریل کے سفر مناظر کے نظارے پیش کرتے ہیں۔	Urdu (Standard)	South Asia	SACOR_06
Storytelling preserves culture and knowledge.	کہانی سنانا ثقافت اور علم کو محفوظ رکھتا ہے۔	Urdu (Standard)	South Asia	SACOR_03
Cricket is a popular sport.	کرکٹ ایک مقبول کھیل ہے۔	Urdu (Standard)	South Asia	SACOR_03
The wedding ceremony lasted three days.	شادی کی تقریب تین دن تک چلی۔	Urdu (Standard)	South Asia	SACOR_06
Students gathered in the library.	طلباء لائبریری میں جمع ہوئے۔	Urdu (Standard)	South Asia	SACOR_06
We decided to visit the old temple.	ہم نے پرانے مندر کا دورہ کرنے کا فیصلہ کیا۔	Urdu (Standard)	South Asia	SACOR_05
Parents sacrifice their own needs for children.	والدین بچوں کے لیے اپنی ضرورتیں قربان کرتے ہیں۔	Urdu (Standard)	South Asia	SACOR_10
Respecting elders is an important value.	بزرگوں کا احترام ایک اہم قدر ہے۔	Urdu (Standard)	South Asia	SACOR_05
Regular exercise helps maintain good health.	منظم ورزش اچھی صحت برقرار رکھنے میں مدد کرتی ہے۔	Urdu (Standard)	South Asia	SACOR_03
The professor wrote equations on the blackboard.	پروفیسر نے تختے پر مساوات لکھیں۔	Urdu (Standard)	South Asia	SACOR_03
My grandmother told me stories.	میری دادی نے مجھے کہانیاں سنائیں۔	Urdu (Standard)	South Asia	SACOR_09
Sports teach teamwork and discipline.	کھیل ٹیم ورک اور نظم و ضبط سکھاتے ہیں۔	Urdu (Standard)	South Asia	SACOR_06
Farmers wake up early to tend to crops.	کسان فصلوں کی دیکھ بھال کے لیے جلدی اٹھتے ہیں۔	Urdu (Standard)	South Asia	SACOR_02
Agriculture remains the primary source of income.	زراعت آمدنی کا بنیادی ذریعہ رہتی ہے۔	Urdu (Standard)	South Asia	SACOR_05
Clear communication prevents misunderstandings.	صاف رابطہ غلط فہمیوں کو روکتا ہے۔	Urdu (Standard)	South Asia	SACOR_02
Eating fresh fruits provides essential vitamins.	تازہ پھل کھانا ضروری وٹامن فراہم کرتا ہے۔	Urdu (Standard)	South Asia	SACOR_04
Digital payments have made transactions faster.	ڈیجیٹل ادائیگیوں نے معاملات تیز کر دیے ہیں۔	Urdu (Standard)	South Asia	SACOR_07
Doctors recommend drinking plenty of water.	ڈاکٹر زیادہ پانی پینے کی صلاح دیتے ہیں۔	Urdu (Standard)	South Asia	SACOR_04
The market was crowded with people.	بازار لوگوں سے بھرا ہوا تھا۔	Urdu (Standard)	South Asia	SACOR_03
The school organized a science fair.	اسکول نے سائنس میلہ منظم کیا۔	Urdu (Standard)	South Asia	SACOR_06
Family members support each other during difficult times.	خاندان کے ممبر مشکل وقتوں میں ایک دوسرے کی مدد کرتے ہیں۔	Urdu (Standard)	South Asia	SACOR_06
Doctors work long hours to treat patients.	ڈاکٹر مریضوں کا علاج کرنے کے لیے لمبے گھنٹے کام کرتے ہیں۔	Urdu (Standard)	South Asia	SACOR_09
Farmers planted rice in the flooded fields.	کسانوں نے پانی والے کھیتوں میں چاول بوئے۔	Urdu (Standard)	South Asia	SACOR_07
We decided to visit the old temple.	ہم نے پرانے مندر کا دورہ کرنے کا فیصلہ کیا۔	Urdu (Standard)	South Asia	SACOR_02
Education opens doors to opportunities.	تعلیم مواقع کے دروازے کھولتی ہے۔	Urdu (Standard)	South Asia	SACOR_04
Elderly people share wisdom and stories.	بزرگ لوگ حکمت اور کہانیاں بانٹتے ہیں۔	Urdu (Standard)	South Asia	SACOR_04
Spices add flavor to traditional dishes.	مصالحے روایتی کھانوں میں ذائقہ بڑھاتے ہیں۔	Urdu (Standard)	South Asia	SACOR_04
Train journeys offer scenic views.	ریل کے سفر مناظر کے نظارے پیش کرتے ہیں۔	Urdu (Standard)	South Asia	SACOR_04
Eating fresh fruits provides essential vitamins.	تازہ پھل کھانا ضروری وٹامن فراہم کرتا ہے۔	Urdu (Standard)	South Asia	SACOR_01
Cooking together brings family members closer.	مل کر کھانا پکانا خاندان کے ممبروں کو قریب لاتا ہے۔	Urdu (Standard)	South Asia	SACOR_06
Storytelling preserves culture and knowledge.	کہانی سنانا ثقافت اور علم کو محفوظ رکھتا ہے۔	Urdu (Standard)	South Asia	SACOR_07
Farmers planted rice in the flooded fields.	کسانوں نے پانی والے کھیتوں میں چاول بوئے۔	Urdu (Standard)	South Asia	SACOR_02
Traditional music is important for our heritage.	روایتی موسیقی ہماری وراثت کے لیے اہم ہے۔	Urdu (Standard)	South Asia	SACOR_04
The river flows peacefully through the valley.	دریا وادی میں پرامن طریقے سے بہتا ہے۔	Urdu (Standard)	South Asia	SACOR_02
Online shopping has become popular.	آن لائن خریداری مقبول ہو گئی ہے۔	Urdu (Standard)	South Asia	SACOR_02
Agriculture remains the primary source of income.	زراعت آمدنی کا بنیادی ذریعہ رہتی ہے۔	Urdu (Standard)	South Asia	SACOR_02
The internet connects people across continents.	انٹرنیٹ براعظموں میں لوگوں کو جوڑتا ہے۔	Urdu (Standard)	South Asia	SACOR_04
Small businesses create employment opportunities.	چھوٹے کاروبار روزگار کے مواقع پیدا کرتے ہیں۔	Urdu (Standard)	South Asia	SACOR_08
Smartphones have changed how people communicate.	اسمارٹ فونوں نے لوگوں کے رابطے کے طریقے کو تبدیل کر دیا ہے۔	Urdu (Standard)	South Asia	SACOR_03
Respecting elders is an important value.	بزرگوں کا احترام ایک اہم قدر ہے۔	Urdu (Standard)	South Asia	SACOR_04
Handicrafts showcase artistic traditions.	دستی کاریاں فنکارانہ روایات دکھاتی ہیں۔	Urdu (Standard)	South Asia	SACOR_07
I woke up early this morning.	میں آج صبح جلدی اٹھا۔	Urdu (Standard)	South Asia	SACOR_08
People travel long distances to visit religious sites.	لوگ مذہبی مقامات دیکھنے کے لیے لمبی دوریاں طے کرتے ہیں۔	Urdu (Standard)	South Asia	SACOR_10
Family members support each other during difficult times.	خاندان کے ممبر مشکل وقتوں میں ایک دوسرے کی مدد کرتے ہیں۔	Urdu (Standard)	South Asia	SACOR_01
She received a scholarship to study medicine.	اسے طب کی تعلیم کے لیے اسکالرشپ ملی۔	Urdu (Standard)	South Asia	SACOR_09
The wedding ceremony lasted three days.	شادی کی تقریب تین دن تک چلی۔	Urdu (Standard)	South Asia	SACOR_03
People celebrate festivals with great joy.	لوگ بہت خوشی سے تہوار مناتے ہیں۔	Urdu (Standard)	South Asia	SACOR_02
The school organized a science fair.	اسکول نے سائنس میلہ منظم کیا۔	Urdu (Standard)	South Asia	SACOR_04
The forest is home to many wild animals.	جنگل بہت سے جنگلی جانوروں کا گھر ہے۔	Urdu (Standard)	South Asia	SACOR_06
Learning a new language requires practice.	نئی زبان سیکھنے کے لیے مشق کی ضرورت ہے۔	Urdu (Standard)	South Asia	SACOR_03
Birds were chirping in the trees.	پرندے درختوں میں چہچہا رہے تھے۔	Urdu (Standard)	South Asia	SACOR_03
Tourism brings revenue to regions with historical sites.	سیاحت تاریخی مقامات والے علاقوں میں آمدنی لاتی ہے۔	Urdu (Standard)	South Asia	SACOR_02
She cooked delicious biryani for the family.	اس نے خاندان کے لیے مزیدار بریانی پکائی۔	Urdu (Standard)	South Asia	SACOR_02
Cricket is a popular sport.	کرکٹ ایک مقبول کھیل ہے۔	Urdu (Standard)	South Asia	SACOR_02
After finishing his work, he sat down.	اپنا کام مکمل کرنے کے بعد، وہ بیٹھ گیا۔	Urdu (Standard)	South Asia	SACOR_02
Teachers shape young minds.	استاد نوجوان ذہنوں کو شکل دیتے ہیں۔	Urdu (Standard)	South Asia	SACOR_09
Clear communication prevents misunderstandings.	صاف رابطہ غلط فہمیوں کو روکتا ہے۔	Urdu (Standard)	South Asia	SACOR_10
My grandmother told me stories.	میری دادی نے مجھے کہانیاں سنائیں۔	Urdu (Standard)	South Asia	SACOR_01
Parents sacrifice their own needs for children.	والدین بچوں کے لیے اپنی ضرورتیں قربان کرتے ہیں۔	Urdu (Standard)	South Asia	SACOR_10
Farmers wake up early to tend to crops.	کسان فصلوں کی دیکھ بھال کے لیے جلدی اٹھتے ہیں۔	Urdu (Standard)	South Asia	SACOR_09
Children learn best when they are interested.	بچے بہترین سیکھتے ہیں جب وہ دلچسپی رکھتے ہیں۔	Urdu (Standard)	South Asia	SACOR_04
Doctors work long hours to treat patients.	ڈاکٹر مریضوں کا علاج کرنے کے لیے لمبے گھنٹے کام کرتے ہیں۔	Urdu (Standard)	South Asia	SACOR_01
She walked slowly through the garden.	وہ باغ میں آہستہ آہستہ چلی۔	Urdu (Standard)	South Asia	SACOR_09
Children were playing cricket in the street.	بچے سڑک پر کرکٹ کھیل رہے تھے۔	Urdu (Standard)	South Asia	SACOR_08
The bus arrived late.	بس دیر سے پہنچی۔	Urdu (Standard)	South Asia	SACOR_10
Pollution in cities has become a serious problem.	شہروں میں آلودگی ایک سنجیدہ مسئلہ بن گئی ہے۔	Urdu (Standard)	South Asia	SACOR_10
Students gathered in the library.	طلباء لائبریری میں جمع ہوئے۔	Urdu (Standard)	South Asia	SACOR_04
The teacher explained the lesson patiently.	استاد نے صبر سے سبق سمجھایا۔	Urdu (Standard)	South Asia	SACOR_04
The market was crowded with people.	بازار لوگوں سے بھرا ہوا تھا۔	Urdu (Standard)	South Asia	SACOR_04
Reading books improves vocabulary.	کتابیں پڑھنا ذخیرہ الفاظ بہتر بناتا ہے۔	Urdu (Standard)	South Asia	SACOR_01
Regular exercise helps maintain good health.	منظم ورزش اچھی صحت برقرار رکھنے میں مدد کرتی ہے۔	Urdu (Standard)	South Asia	SACOR_10
Sports teach teamwork and discipline.	کھیل ٹیم ورک اور نظم و ضبط سکھاتے ہیں۔	Urdu (Standard)	South Asia	SACOR_02
Doctors recommend drinking plenty of water.	ڈاکٹر زیادہ پانی پینے کی صلاح دیتے ہیں۔	Urdu (Standard)	South Asia	SACOR_04
The professor wrote equations on the blackboard.	پروفیسر نے تختے پر مساوات لکھیں۔	Urdu (Standard)	South Asia	SACOR_09
Tea is served to guests as a gesture of hospitality.	مہمانوں کو مہمان نوازی کی نشانی کے طور پر چائے پیش کی جاتی ہے۔	Urdu (Standard)	South Asia	SACOR_10
Digital payments have made transactions faster.	ڈیجیٹل ادائیگیوں نے معاملات تیز کر دیے ہیں۔	Urdu (Standard)	South Asia	SACOR_02
The school organized a science fair.	اسکول نے سائنس میلہ منظم کیا۔	Urdu (Standard)	South Asia	SACOR_10
People travel long distances to visit religious sites.	لوگ مذہبی مقامات دیکھنے کے لیے لمبی دوریاں طے کرتے ہیں۔	Urdu (Standard)	South Asia	SACOR_09
Tourism brings revenue to regions with historical sites.	سیاحت تاریخی مقامات والے علاقوں میں آمدنی لاتی ہے۔	Urdu (Standard)	South Asia	SACOR_07
Children were playing cricket in the street.	بچے سڑک پر کرکٹ کھیل رہے تھے۔	Urdu (Standard)	South Asia	SACOR_01
Tea is served to guests as a gesture of hospitality.	مہمانوں کو مہمان نوازی کی نشانی کے طور پر چائے پیش کی جاتی ہے۔	Urdu (Standard)	South Asia	SACOR_03
Cooking together brings family members closer.	مل کر کھانا پکانا خاندان کے ممبروں کو قریب لاتا ہے۔	Urdu (Standard)	South Asia	SACOR_01
Elderly people share wisdom and stories.	بزرگ لوگ حکمت اور کہانیاں بانٹتے ہیں۔	Urdu (Standard)	South Asia	SACOR_09
Sports teach teamwork and discipline.	کھیل ٹیم ورک اور نظم و ضبط سکھاتے ہیں۔	Urdu (Standard)	South Asia	SACOR_03
Children learn best when they are interested.	بچے بہترین سیکھتے ہیں جب وہ دلچسپی رکھتے ہیں۔	Urdu (Standard)	South Asia	SACOR_09
Smartphones have changed how people communicate.	اسمارٹ فونوں نے لوگوں کے رابطے کے طریقے کو تبدیل کر دیا ہے۔	Urdu (Standard)	South Asia	SACOR_10
We decided to visit the old temple.	ہم نے پرانے مندر کا دورہ کرنے کا فیصلہ کیا۔	Urdu (Standard)	South Asia	SACOR_07
The internet connects people across continents.	انٹرنیٹ براعظموں میں لوگوں کو جوڑتا ہے۔	Urdu (Standard)	South Asia	SACOR_09
She received a scholarship to study medicine.	اسے طب کی تعلیم کے لیے اسکالرشپ ملی۔	Urdu (Standard)	South Asia	SACOR_02
Pollution in cities has become a serious problem.	شہروں میں آلودگی ایک سنجیدہ مسئلہ بن گئی ہے۔	Urdu (Standard)	South Asia	SACOR_09
Doctors recommend drinking plenty of water.	ڈاکٹر زیادہ پانی پینے کی صلاح دیتے ہیں۔	Urdu (Standard)	South Asia	SACOR_02
Traditional music is important for our heritage.	روایتی موسیقی ہماری وراثت کے لیے اہم ہے۔	Urdu (Standard)	South Asia	SACOR_05
Respecting elders is an important value.	بزرگوں کا احترام ایک اہم قدر ہے۔	Urdu (Standard)	South Asia	SACOR_04
The forest is home to many wild animals.	جنگل بہت سے جنگلی جانوروں کا گھر ہے۔	Urdu (Standard)	South Asia	SACOR_04
Farmers wake up early to tend to crops.	کسان فصلوں کی دیکھ بھال کے لیے جلدی اٹھتے ہیں۔	Urdu (Standard)	South Asia	SACOR_06
Storytelling preserves culture and knowledge.	کہانی سنانا ثقافت اور علم کو محفوظ رکھتا ہے۔	Urdu (Standard)	South Asia	SACOR_09
Learning a new language requires practice.	نئی زبان سیکھنے کے لیے مشق کی ضرورت ہے۔	Urdu (Standard)	South Asia	SACOR_07
Online shopping has become popular.	آن لائن خریداری مقبول ہو گئی ہے۔	Urdu (Standard)	South Asia	SACOR_03
The market was crowded with people.	بازار لوگوں سے بھرا ہوا تھا۔	Urdu (Standard)	South Asia	SACOR_09
The bus arrived late.	بس دیر سے پہنچی۔	Urdu (Standard)	South Asia	SACOR_04
Doctors work long hours to treat patients.	ڈاکٹر مریضوں کا علاج کرنے کے لیے لمبے گھنٹے کام کرتے ہیں۔	Urdu (Standard)	South Asia	SACOR_06
She walked slowly through the garden.	وہ باغ میں آہستہ آہستہ چلی۔	Urdu (Standard)	South Asia	SACOR_09
Students gathered in the library.	طلباء لائبریری میں جمع ہوئے۔	Urdu (Standard)	South Asia	SACOR_09
Reading books improves vocabulary.	کتابیں پڑھنا ذخیرہ الفاظ بہتر بناتا ہے۔	Urdu (Standard)	South Asia	SACOR_01
The wedding ceremony lasted three days.	شادی کی تقریب تین دن تک چلی۔	Urdu (Standard)	South Asia	SACOR_06
Clear communication prevents misunderstandings.	صاف رابطہ غلط فہمیوں کو روکتا ہے۔	Urdu (Standard)	South Asia	SACOR_09
The professor wrote equations on the blackboard.	پروفیسر نے تختے پر مساوات لکھیں۔	Urdu (Standard)	South Asia	SACOR_09
Handicrafts showcase artistic traditions.	دستی کاریاں فنکارانہ روایات دکھاتی ہیں۔	Urdu (Standard)	South Asia	SACOR_08
Education opens doors to opportunities.	تعلیم مواقع کے دروازے کھولتی ہے۔	Urdu (Standard)	South Asia	SACOR_08
Regular exercise helps maintain good health.	منظم ورزش اچھی صحت برقرار رکھنے میں مدد کرتی ہے۔	Urdu (Standard)	South Asia	SACOR_10
I woke up early this morning.	میں آج صبح جلدی اٹھا۔	Urdu (Standard)	South Asia	SACOR_07
She cooked delicious biryani for the family.	اس نے خاندان کے لیے مزیدار بریانی پکائی۔	Urdu (Standard)	South Asia	SACOR_09
My grandmother told me stories.	میری دادی نے مجھے کہانیاں سنائیں۔	Urdu (Standard)	South Asia	SACOR_01
Farmers planted rice in the flooded fields.	کسانوں نے پانی والے کھیتوں میں چاول بوئے۔	Urdu (Standard)	South Asia	SACOR_08
The river flows peacefully through the valley.	دریا وادی میں پرامن طریقے سے بہتا ہے۔	Urdu (Standard)	South Asia	SACOR_07
Small businesses create employment opportunities.	چھوٹے کاروبار روزگار کے مواقع پیدا کرتے ہیں۔	Urdu (Standard)	South Asia	SACOR_09
Cricket is a popular sport.	کرکٹ ایک مقبول کھیل ہے۔	Urdu (Standard)	South Asia	SACOR_08
Parents sacrifice their own needs for children.	والدین بچوں کے لیے اپنی ضرورتیں قربان کرتے ہیں۔	Urdu (Standard)	South Asia	SACOR_10
Agriculture remains the primary source of income.	زراعت آمدنی کا بنیادی ذریعہ رہتی ہے۔	Urdu (Standard)	South Asia	SACOR_01
Digital payments have made transactions faster.	ڈیجیٹل ادائیگیوں نے معاملات تیز کر دیے ہیں۔	Urdu (Standard)	South Asia	SACOR_03
People celebrate festivals with great joy.	لوگ بہت خوشی سے تہوار مناتے ہیں۔	Urdu (Standard)	South Asia	SACOR_05
Family members support each other during difficult times.	خاندان کے ممبر مشکل وقتوں میں ایک دوسرے کی مدد کرتے ہیں۔	Urdu (Standard)	South Asia	SACOR_05
Train journeys offer scenic views.	ریل کے سفر مناظر کے نظارے پیش کرتے ہیں۔	Urdu (Standard)	South Asia	SACOR_07
The teacher explained the lesson patiently.	استاد نے صبر سے سبق سمجھایا۔	Urdu (Standard)	South Asia	SACOR_05
Spices add flavor to traditional dishes.	مصالحے روایتی کھانوں میں ذائقہ بڑھاتے ہیں۔	Urdu (Standard)	South Asia	SACOR_05
Teachers shape young minds.	استاد نوجوان ذہنوں کو شکل دیتے ہیں۔	Urdu (Standard)	South Asia	SACOR_03
Birds were chirping in the trees.	پرندے درختوں میں چہچہا رہے تھے۔	Urdu (Standard)	South Asia	SACOR_04
After finishing his work, he sat down.	اپنا کام مکمل کرنے کے بعد، وہ بیٹھ گیا۔	Urdu (Standard)	South Asia	SACOR_06
Eating fresh fruits provides essential vitamins.	تازہ پھل کھانا ضروری وٹامن فراہم کرتا ہے۔	Urdu (Standard)	South Asia	SACOR_10
Pollution in cities has become a serious problem.	شہروں میں آلودگی ایک سنجیدہ مسئلہ بن گئی ہے۔	Urdu (Standard)	South Asia	SACOR_09
The market was crowded with people.	بازار لوگوں سے بھرا ہوا تھا۔	Urdu (Standard)	South Asia	SACOR_07
We decided to visit the old temple.	ہم نے پرانے مندر کا دورہ کرنے کا فیصلہ کیا۔	Urdu (Standard)	South Asia	SACOR_05
Reading books improves vocabulary.	کتابیں پڑھنا ذخیرہ الفاظ بہتر بناتا ہے۔	Urdu (Standard)	South Asia	SACOR_09
Smartphones have changed how people communicate.	اسمارٹ فونوں نے لوگوں کے رابطے کے طریقے کو تبدیل کر دیا ہے۔	Urdu (Standard)	South Asia	SACOR_05
People celebrate festivals with great joy.	لوگ بہت خوشی سے تہوار مناتے ہیں۔	Urdu (Standard)	South Asia	SACOR_01
Birds were chirping in the trees.	پرندے درختوں میں چہچہا رہے تھے۔	Urdu (Standard)	South Asia	SACOR_10
Learning a new language requires practice.	نئی زبان سیکھنے کے لیے مشق کی ضرورت ہے۔	Urdu (Standard)	South Asia	SACOR_03
Tourism brings revenue to regions with historical sites.	سیاحت تاریخی مقامات والے علاقوں میں آمدنی لاتی ہے۔	Urdu (Standard)	South Asia	SACOR_08
Digital payments have made transactions faster.	ڈیجیٹل ادائیگیوں نے معاملات تیز کر دیے ہیں۔	Urdu (Standard)	South Asia	SACOR_01
The teacher explained the lesson patiently.	استاد نے صبر سے سبق سمجھایا۔	Urdu (Standard)	South Asia	SACOR_03
She cooked delicious biryani for the family.	اس نے خاندان کے لیے مزیدار بریانی پکائی۔	Urdu (Standard)	South Asia	SACOR_10
Teachers shape young minds.	استاد نوجوان ذہنوں کو شکل دیتے ہیں۔	Urdu (Standard)	South Asia	SACOR_01
She walked slowly through the garden.	وہ باغ میں آہستہ آہستہ چلی۔	Urdu (Standard)	South Asia	SACOR_08
Elderly people share wisdom and stories.	بزرگ لوگ حکمت اور کہانیاں بانٹتے ہیں۔	Urdu (Standard)	South Asia	SACOR_06
Respecting elders is an important value.	بزرگوں کا احترام ایک اہم قدر ہے۔	Urdu (Standard)	South Asia	SACOR_05
The school organized a science fair.	اسکول نے سائنس میلہ منظم کیا۔	Urdu (Standard)	South Asia	SACOR_03
People travel long distances to visit religious sites.	لوگ مذہبی مقامات دیکھنے کے لیے لمبی دوریاں طے کرتے ہیں۔	Urdu (Standard)	South Asia	SACOR_03
The wedding ceremony lasted three days.	شادی کی تقریب تین دن تک چلی۔	Urdu (Standard)	South Asia	SACOR_05
My grandmother told me stories.	میری دادی نے مجھے کہانیاں سنائیں۔	Urdu (Standard)	South Asia	SACOR_09
Eating fresh fruits provides essential vitamins.	تازہ پھل کھانا ضروری وٹامن فراہم کرتا ہے۔	Urdu (Standard)	South Asia	SACOR_10
Agriculture remains the primary source of income.	زراعت آمدنی کا بنیادی ذریعہ رہتی ہے۔	Urdu (Standard)	South Asia	SACOR_09
Regular exercise helps maintain good health.	منظم ورزش اچھی صحت برقرار رکھنے میں مدد کرتی ہے۔	Urdu (Standard)	South Asia	SACOR_01
She received a scholarship to study medicine.	اسے طب کی تعلیم کے لیے اسکالرشپ ملی۔	Urdu (Standard)	South Asia	SACOR_02
Handicrafts showcase artistic traditions.	دستی کاریاں فنکارانہ روایات دکھاتی ہیں۔	Urdu (Standard)	South Asia	SACOR_05
Farmers wake up early to tend to crops.	کسان فصلوں کی دیکھ بھال کے لیے جلدی اٹھتے ہیں۔	Urdu (Standard)	South Asia	SACOR_08
Spices add flavor to traditional dishes.	مصالحے روایتی کھانوں میں ذائقہ بڑھاتے ہیں۔	Urdu (Standard)	South Asia	SACOR_07
I woke up early this morning.	میں آج صبح جلدی اٹھا۔	Urdu (Standard)	South Asia	SACOR_09
Cricket is a popular sport.	کرکٹ ایک مقبول کھیل ہے۔	Urdu (Standard)	South Asia	SACOR_10
Small businesses create employment opportunities.	چھوٹے کاروبار روزگار کے مواقع پیدا کرتے ہیں۔	Urdu (Standard)	South Asia	SACOR_09
The internet connects people across continents.	انٹرنیٹ براعظموں میں لوگوں کو جوڑتا ہے۔	Urdu (Standard)	South Asia	SACOR_04
Doctors recommend drinking plenty of water.	ڈاکٹر زیادہ پانی پینے کی صلاح دیتے ہیں۔	Urdu (Standard)	South Asia	SACOR_07
The river flows peacefully through the valley.	دریا وادی میں پرامن طریقے سے بہتا ہے۔	Urdu (Standard)	South Asia	SACOR_04
Education opens doors to opportunities.	تعلیم مواقع کے دروازے کھولتی ہے۔	Urdu (Standard)	South Asia	SACOR_10
Traditional music is important for our heritage.	روایتی موسیقی ہماری وراثت کے لیے اہم ہے۔	Urdu (Standard)	South Asia	SACOR_02
Family members support each other during difficult times.	خاندان کے ممبر مشکل وقتوں میں ایک دوسرے کی مدد کرتے ہیں۔	Urdu (Standard)	South Asia	SACOR_06
Clear communication prevents misunderstandings.	صاف رابطہ غلط فہمیوں کو روکتا ہے۔	Urdu (Standard)	South Asia	SACOR_10
Tea is served to guests as a gesture of hospitality.	مہمانوں کو مہمان نوازی کی نشانی کے طور پر چائے پیش کی جاتی ہے۔	Urdu (Standard)	South Asia	SACOR_07
Students gathered in the library.	طلباء لائبریری میں جمع ہوئے۔	Urdu (Standard)	South Asia	SACOR_06
After finishing his work, he sat down.	اپنا کام مکمل کرنے کے بعد، وہ بیٹھ گیا۔	Urdu (Standard)	South Asia	SACOR_09
Children learn best when they are interested.	بچے بہترین سیکھتے ہیں جب وہ دلچسپی رکھتے ہیں۔	Urdu (Standard)	South Asia	SACOR_07
Parents sacrifice their own needs for children.	والدین بچوں کے لیے اپنی ضرورتیں قربان کرتے ہیں۔	Urdu (Standard)	South Asia	SACOR_07
Storytelling preserves culture and knowledge.	کہانی سنانا ثقافت اور علم کو محفوظ رکھتا ہے۔	Urdu (Standard)	South Asia	SACOR_09
The professor wrote equations on the blackboard.	پروفیسر نے تختے پر مساوات لکھیں۔	Urdu (Standard)	South Asia	SACOR_02
The bus arrived late.	بس دیر سے پہنچی۔	Urdu (Standard)	South Asia	SACOR_05
Children were playing cricket in the street.	بچے سڑک پر کرکٹ کھیل رہے تھے۔	Urdu (Standard)	South Asia	SACOR_01
Farmers planted rice in the flooded fields.	کسانوں نے پانی والے کھیتوں میں چاول بوئے۔	Urdu (Standard)	South Asia	SACOR_04
Train journeys offer scenic views.	ریل کے سفر مناظر کے نظارے پیش کرتے ہیں۔	Urdu (Standard)	South Asia	SACOR_05
Cooking together brings family members closer.	مل کر کھانا پکانا خاندان کے ممبروں کو قریب لاتا ہے۔	Urdu (Standard)	South Asia	SACOR_09
Doctors work long hours to treat patients.	ڈاکٹر مریضوں کا علاج کرنے کے لیے لمبے گھنٹے کام کرتے ہیں۔	Urdu (Standard)	South Asia	SACOR_05
Sports teach teamwork and discipline.	کھیل ٹیم ورک اور نظم و ضبط سکھاتے ہیں۔	Urdu (Standard)	South Asia	SACOR_06
Online shopping has become popular.	آن لائن خریداری مقبول ہو گئی ہے۔	Urdu (Standard)	South Asia	SACOR_05
The forest is home to many wild animals.	جنگل بہت سے جنگلی جانوروں کا گھر ہے۔	Urdu (Standard)	South Asia	SACOR_06
Children were playing cricket in the street.	بچے سڑک پر کرکٹ کھیل رہے تھے۔	Urdu (Standard)	South Asia	SACOR_04
Eating fresh fruits provides essential vitamins.	تازہ پھل کھانا ضروری وٹامن فراہم کرتا ہے۔	Urdu (Standard)	South Asia	SACOR_07
She received a scholarship to study medicine.	اسے طب کی تعلیم کے لیے اسکالرشپ ملی۔	Urdu (Standard)	South Asia	SACOR_08
The market was crowded with people.	بازار لوگوں سے بھرا ہوا تھا۔	Urdu (Standard)	South Asia	SACOR_10
Reading books improves vocabulary.	کتابیں پڑھنا ذخیرہ الفاظ بہتر بناتا ہے۔	Urdu (Standard)	South Asia	SACOR_04
Children learn best when they are interested.	بچے بہترین سیکھتے ہیں جب وہ دلچسپی رکھتے ہیں۔	Urdu (Standard)	South Asia	SACOR_03
Elderly people share wisdom and stories.	بزرگ لوگ حکمت اور کہانیاں بانٹتے ہیں۔	Urdu (Standard)	South Asia	SACOR_07
Traditional music is important for our heritage.	روایتی موسیقی ہماری وراثت کے لیے اہم ہے۔	Urdu (Standard)	South Asia	SACOR_04
My grandmother told me stories.	میری دادی نے مجھے کہانیاں سنائیں۔	Urdu (Standard)	South Asia	SACOR_04
Tea is served to guests as a gesture of hospitality.	مہمانوں کو مہمان نوازی کی نشانی کے طور پر چائے پیش کی جاتی ہے۔	Urdu (Standard)	South Asia	SACOR_05
Respecting elders is an important value.	بزرگوں کا احترام ایک اہم قدر ہے۔	Urdu (Standard)	South Asia	SACOR_06
Clear communication prevents misunderstandings.	صاف رابطہ غلط فہمیوں کو روکتا ہے۔	Urdu (Standard)	South Asia	SACOR_08
The river flows peacefully through the valley.	دریا وادی میں پرامن طریقے سے بہتا ہے۔	Urdu (Standard)	South Asia	SACOR_01
Agriculture remains the primary source of income.	زراعت آمدنی کا بنیادی ذریعہ رہتی ہے۔	Urdu (Standard)	South Asia	SACOR_09
Farmers wake up early to tend to crops.	کسان فصلوں کی دیکھ بھال کے لیے جلدی اٹھتے ہیں۔	Urdu (Standard)	South Asia	SACOR_02
Pollution in cities has become a serious problem.	شہروں میں آلودگی ایک سنجیدہ مسئلہ بن گئی ہے۔	Urdu (Standard)	South Asia	SACOR_02
Doctors work long hours to treat patients.	ڈاکٹر مریضوں کا علاج کرنے کے لیے لمبے گھنٹے کام کرتے ہیں۔	Urdu (Standard)	South Asia	SACOR_08
We decided to visit the old temple.	ہم نے پرانے مندر کا دورہ کرنے کا فیصلہ کیا۔	Urdu (Standard)	South Asia	SACOR_06
Smartphones have changed how people communicate.	اسمارٹ فونوں نے لوگوں کے رابطے کے طریقے کو تبدیل کر دیا ہے۔	Urdu (Standard)	South Asia	SACOR_10
Train journeys offer scenic views.	ریل کے سفر مناظر کے نظارے پیش کرتے ہیں۔	Urdu (Standard)	South Asia	SACOR_07
Regular exercise helps maintain good health.	منظم ورزش اچھی صحت برقرار رکھنے میں مدد کرتی ہے۔	Urdu (Standard)	South Asia	SACOR_07
Teachers shape young minds.	استاد نوجوان ذہنوں کو شکل دیتے ہیں۔	Urdu (Standard)	South Asia	SACOR_02
The forest is home to many wild animals.	جنگل بہت سے جنگلی جانوروں کا گھر ہے۔	Urdu (Standard)	South Asia	SACOR_05
Farmers planted rice in the flooded fields.	کسانوں نے پانی والے کھیتوں میں چاول بوئے۔	Urdu (Standard)	South Asia	SACOR_05
She cooked delicious biryani for the family.	اس نے خاندان کے لیے مزیدار بریانی پکائی۔	Urdu (Standard)	South Asia	SACOR_07
People travel long distances to visit religious sites.	لوگ مذہبی مقامات دیکھنے کے لیے لمبی دوریاں طے کرتے ہیں۔	Urdu (Standard)	South Asia	SACOR_07
Storytelling preserves culture and knowledge.	کہانی سنانا ثقافت اور علم کو محفوظ رکھتا ہے۔	Urdu (Standard)	South Asia	SACOR_06
The teacher explained the lesson patiently.	استاد نے صبر سے سبق سمجھایا۔	Urdu (Standard)	South Asia	SACOR_09
Cooking together brings family members closer.	مل کر کھانا پکانا خاندان کے ممبروں کو قریب لاتا ہے۔	Urdu (Standard)	South Asia	SACOR_05
Education opens doors to opportunities.	تعلیم مواقع کے دروازے کھولتی ہے۔	Urdu (Standard)	South Asia	SACOR_10
Small businesses create employment opportunities.	چھوٹے کاروبار روزگار کے مواقع پیدا کرتے ہیں۔	Urdu (Standard)	South Asia	SACOR_01
People celebrate festivals with great joy.	لوگ بہت خوشی سے تہوار مناتے ہیں۔	Urdu (Standard)	South Asia	SACOR_09
Digital payments have made transactions faster.	ڈیجیٹل ادائیگیوں نے معاملات تیز کر دیے ہیں۔	Urdu (Standard)	South Asia	SACOR_10
After finishing his work, he sat down.	اپنا کام مکمل کرنے کے بعد، وہ بیٹھ گیا۔	Urdu (Standard)	South Asia	SACOR_06
Students gathered in the library.	طلباء لائبریری میں جمع ہوئے۔	Urdu (Standard)	South Asia	SACOR_08
The bus arrived late.	بس دیر سے پہنچی۔	Urdu (Standard)	South Asia	SACOR_02
Spices add flavor to traditional dishes.	مصالحے روایتی کھانوں میں ذائقہ بڑھاتے ہیں۔	Urdu (Standard)	South Asia	SACOR_01
The school organized a science fair.	اسکول نے سائنس میلہ منظم کیا۔	Urdu (Standard)	South Asia	SACOR_08
The internet connects people across continents.	انٹرنیٹ براعظموں میں لوگوں کو جوڑتا ہے۔	Urdu (Standard)	South Asia	SACOR_01
She walked slowly through the garden.	وہ باغ میں آہستہ آہستہ چلی۔	Urdu (Standard)	South Asia	SACOR_07
Tourism brings revenue to regions with historical sites.	سیاحت تاریخی مقامات والے علاقوں میں آمدنی لاتی ہے۔	Urdu (Standard)	South Asia	SACOR_02
Family members support each other during difficult times.	خاندان کے ممبر مشکل وقتوں میں ایک دوسرے کی مدد کرتے ہیں۔	Urdu (Standard)	South Asia	SACOR_02
Sports teach teamwork and discipline.	کھیل ٹیم ورک اور نظم و ضبط سکھاتے ہیں۔	Urdu (Standard)	South Asia	SACOR_05
Birds were chirping in the trees.	پرندے درختوں میں چہچہا رہے تھے۔	Urdu (Standard)	South Asia	SACOR_01
Parents sacrifice their own needs for children.	والدین بچوں کے لیے اپنی ضرورتیں قربان کرتے ہیں۔	Urdu (Standard)	South Asia	SACOR_03
Online shopping has become popular.	آن لائن خریداری مقبول ہو گئی ہے۔	Urdu (Standard)	South Asia	SACOR_03
Cricket is a popular sport.	کرکٹ ایک مقبول کھیل ہے۔	Urdu (Standard)	South Asia	SACOR_04
The professor wrote equations on the blackboard.	پروفیسر نے تختے پر مساوات لکھیں۔	Urdu (Standard)	South Asia	SACOR_06
Handicrafts showcase artistic traditions.	دستی کاریاں فنکارانہ روایات دکھاتی ہیں۔	Urdu (Standard)	South Asia	SACOR_10
The wedding ceremony lasted three days.	شادی کی تقریب تین دن تک چلی۔	Urdu (Standard)	South Asia	SACOR_07
I woke up early this morning.	میں آج صبح جلدی اٹھا۔	Urdu (Standard)	South Asia	SACOR_01
Doctors recommend drinking plenty of water.	ڈاکٹر زیادہ پانی پینے کی صلاح دیتے ہیں۔	Urdu (Standard)	South Asia	SACOR_07
Learning a new language requires practice.	نئی زبان سیکھنے کے لیے مشق کی ضرورت ہے۔	Urdu (Standard)	South Asia	SACOR_06
She cooked delicious biryani for the family.	اس نے خاندان کے لیے مزیدار بریانی پکائی۔	Urdu (Standard)	South Asia	SACOR_09
Storytelling preserves culture and knowledge.	کہانی سنانا ثقافت اور علم کو محفوظ رکھتا ہے۔	Urdu (Standard)	South Asia	SACOR_06
Traditional music is important for our heritage.	روایتی موسیقی ہماری وراثت کے لیے اہم ہے۔	Urdu (Standard)	South Asia	SACOR_06
Parents sacrifice their own needs for children.	والدین بچوں کے لیے اپنی ضرورتیں قربان کرتے ہیں۔	Urdu (Standard)	South Asia	SACOR_03
The river flows peacefully through the valley.	دریا وادی میں پرامن طریقے سے بہتا ہے۔	Urdu (Standard)	South Asia	SACOR_03
Family members support each other during difficult times.	خاندان کے ممبر مشکل وقتوں میں ایک دوسرے کی مدد کرتے ہیں۔	Urdu (Standard)	South Asia	SACOR_10
Online shopping has become popular.	آن لائن خریداری مقبول ہو گئی ہے۔	Urdu (Standard)	South Asia	SACOR_06
The school organized a science fair.	اسکول نے سائنس میلہ منظم کیا۔	Urdu (Standard)	South Asia	SACOR_01
Spices add flavor to traditional dishes.	مصالحے روایتی کھانوں میں ذائقہ بڑھاتے ہیں۔	Urdu (Standard)	South Asia	SACOR_10
Cooking together brings family members closer.	مل کر کھانا پکانا خاندان کے ممبروں کو قریب لاتا ہے۔	Urdu (Standard)	South Asia	SACOR_05
People celebrate festivals with great joy.	لوگ بہت خوشی سے تہوار مناتے ہیں۔	Urdu (Standard)	South Asia	SACOR_05
Handicrafts showcase artistic traditions.	دستی کاریاں فنکارانہ روایات دکھاتی ہیں۔	Urdu (Standard)	South Asia	SACOR_04
The internet connects people across continents.	انٹرنیٹ براعظموں میں لوگوں کو جوڑتا ہے۔	Urdu (Standard)	South Asia	SACOR_07
Education opens doors to opportunities.	تعلیم مواقع کے دروازے کھولتی ہے۔	Urdu (Standard)	South Asia	SACOR_01
Respecting elders is an important value.	بزرگوں کا احترام ایک اہم قدر ہے۔	Urdu (Standard)	South Asia	SACOR_05
People travel long distances to visit religious sites.	لوگ مذہبی مقامات دیکھنے کے لیے لمبی دوریاں طے کرتے ہیں۔	Urdu (Standard)	South Asia	SACOR_09
Eating fresh fruits provides essential vitamins.	تازہ پھل کھانا ضروری وٹامن فراہم کرتا ہے۔	Urdu (Standard)	South Asia	SACOR_09
The teacher explained the lesson patiently.	استاد نے صبر سے سبق سمجھایا۔	Urdu (Standard)	South Asia	SACOR_05
The professor wrote equations on the blackboard.	پروفیسر نے تختے پر مساوات لکھیں۔	Urdu (Standard)	South Asia	SACOR_09
Smartphones have changed how people communicate.	اسمارٹ فونوں نے لوگوں کے رابطے کے طریقے کو تبدیل کر دیا ہے۔	Urdu (Standard)	South Asia	SACOR_07
Children were playing cricket in the street.	بچے سڑک پر کرکٹ کھیل رہے تھے۔	Urdu (Standard)	South Asia	SACOR_02
Small businesses create employment opportunities.	چھوٹے کاروبار روزگار کے مواقع پیدا کرتے ہیں۔	Urdu (Standard)	South Asia	SACOR_09
Students gathered in the library.	طلباء لائبریری میں جمع ہوئے۔	Urdu (Standard)	South Asia	SACOR_02
After finishing his work, he sat down.	اپنا کام مکمل کرنے کے بعد، وہ بیٹھ گیا۔	Urdu (Standard)	South Asia	SACOR_08
Doctors work long hours to treat patients.	ڈاکٹر مریضوں کا علاج کرنے کے لیے لمبے گھنٹے کام کرتے ہیں۔	Urdu (Standard)	South Asia	SACOR_05
Farmers wake up early to tend to crops.	کسان فصلوں کی دیکھ بھال کے لیے جلدی اٹھتے ہیں۔	Urdu (Standard)	South Asia	SACOR_06
The forest is home to many wild animals.	جنگل بہت سے جنگلی جانوروں کا گھر ہے۔	Urdu (Standard)	South Asia	SACOR_08
I woke up early this morning.	میں آج صبح جلدی اٹھا۔	Urdu (Standard)	South Asia	SACOR_06
Doctors recommend drinking plenty of water.	ڈاکٹر زیادہ پانی پینے کی صلاح دیتے ہیں۔	Urdu (Standard)	South Asia	SACOR_08
The market was crowded with people.	بازار لوگوں سے بھرا ہوا تھا۔	Urdu (Standard)	South Asia	SACOR_07
Agriculture remains the primary source of income.	زراعت آمدنی کا بنیادی ذریعہ رہتی ہے۔	Urdu (Standard)	South Asia	SACOR_09
Reading books improves vocabulary.	کتابیں پڑھنا ذخیرہ الفاظ بہتر بناتا ہے۔	Urdu (Standard)	South Asia	SACOR_03
Tea is served to guests as a gesture of hospitality.	مہمانوں کو مہمان نوازی کی نشانی کے طور پر چائے پیش کی جاتی ہے۔	Urdu (Standard)	South Asia	SACOR_07
Cricket is a popular sport.	کرکٹ ایک مقبول کھیل ہے۔	Urdu (Standard)	South Asia	SACOR_04
Children learn best when they are interested.	بچے بہترین سیکھتے ہیں جب وہ دلچسپی رکھتے ہیں۔	Urdu (Standard)	South Asia	SACOR_07
Elderly people share wisdom and stories.	بزرگ لوگ حکمت اور کہانیاں بانٹتے ہیں۔	Urdu (Standard)	South Asia	SACOR_10
Learning a new language requires practice.	نئی زبان سیکھنے کے لیے مشق کی ضرورت ہے۔	Urdu (Standard)	South Asia	SACOR_01
Sports teach teamwork and discipline.	کھیل ٹیم ورک اور نظم و ضبط سکھاتے ہیں۔	Urdu (Standard)	South Asia	SACOR_01
Regular exercise helps maintain good health.	منظم ورزش اچھی صحت برقرار رکھنے میں مدد کرتی ہے۔	Urdu (Standard)	South Asia	SACOR_09
Birds were chirping in the trees.	پرندے درختوں میں چہچہا رہے تھے۔	Urdu (Standard)	South Asia	SACOR_10
Digital payments have made transactions faster.	ڈیجیٹل ادائیگیوں نے معاملات تیز کر دیے ہیں۔	Urdu (Standard)	South Asia	SACOR_08
We decided to visit the old temple.	ہم نے پرانے مندر کا دورہ کرنے کا فیصلہ کیا۔	Urdu (Standard)	South Asia	SACOR_04
My grandmother told me stories.	میری دادی نے مجھے کہانیاں سنائیں۔	Urdu (Standard)	South Asia	SACOR_01
Pollution in cities has become a serious problem.	شہروں میں آلودگی ایک سنجیدہ مسئلہ بن گئی ہے۔	Urdu (Standard)	South Asia	SACOR_04
She received a scholarship to study medicine.	اسے طب کی تعلیم کے لیے اسکالرشپ ملی۔	Urdu (Standard)	South Asia	SACOR_07
Tourism brings revenue to regions with historical sites.	سیاحت تاریخی مقامات والے علاقوں میں آمدنی لاتی ہے۔	Urdu (Standard)	South Asia	SACOR_06
Teachers shape young minds.	استاد نوجوان ذہنوں کو شکل دیتے ہیں۔	Urdu (Standard)	South Asia	SACOR_10
The bus arrived late.	بس دیر سے پہنچی۔	Urdu (Standard)	South Asia	SACOR_01
Clear communication prevents misunderstandings.	صاف رابطہ غلط فہمیوں کو روکتا ہے۔	Urdu (Standard)	South Asia	SACOR_08
She walked slowly through the garden.	وہ باغ میں آہستہ آہستہ چلی۔	Urdu (Standard)	South Asia	SACOR_08
The wedding ceremony lasted three days.	شادی کی تقریب تین دن تک چلی۔	Urdu (Standard)	South Asia	SACOR_05
Train journeys offer scenic views.	ریل کے سفر مناظر کے نظارے پیش کرتے ہیں۔	Urdu (Standard)	South Asia	SACOR_07
Farmers planted rice in the flooded fields.	کسانوں نے پانی والے کھیتوں میں چاول بوئے۔	Urdu (Standard)	South Asia	SACOR_08
I woke up early this morning.	میں آج صبح جلدی اٹھا۔	Urdu (Standard)	South Asia	SACOR_05
Storytelling preserves culture and knowledge.	کہانی سنانا ثقافت اور علم کو محفوظ رکھتا ہے۔	Urdu (Standard)	South Asia	SACOR_04
The bus arrived late.	بس دیر سے پہنچی۔	Urdu (Standard)	South Asia	SACOR_04
Children learn best when they are interested.	بچے بہترین سیکھتے ہیں جب وہ دلچسپی رکھتے ہیں۔	Urdu (Standard)	South Asia	SACOR_05
The internet connects people across continents.	انٹرنیٹ براعظموں میں لوگوں کو جوڑتا ہے۔	Urdu (Standard)	South Asia	SACOR_01
Cooking together brings family members closer.	مل کر کھانا پکانا خاندان کے ممبروں کو قریب لاتا ہے۔	Urdu (Standard)	South Asia	SACOR_10
Doctors work long hours to treat patients.	ڈاکٹر مریضوں کا علاج کرنے کے لیے لمبے گھنٹے کام کرتے ہیں۔	Urdu (Standard)	South Asia	SACOR_08
People celebrate festivals with great joy.	لوگ بہت خوشی سے تہوار مناتے ہیں۔	Urdu (Standard)	South Asia	SACOR_01
Clear communication prevents misunderstandings.	صاف رابطہ غلط فہمیوں کو روکتا ہے۔	Urdu (Standard)	South Asia	SACOR_06
Small businesses create employment opportunities.	چھوٹے کاروبار روزگار کے مواقع پیدا کرتے ہیں۔	Urdu (Standard)	South Asia	SACOR_06
Respecting elders is an important value.	بزرگوں کا احترام ایک اہم قدر ہے۔	Urdu (Standard)	South Asia	SACOR_06
After finishing his work, he sat down.	اپنا کام مکمل کرنے کے بعد، وہ بیٹھ گیا۔	Urdu (Standard)	South Asia	SACOR_01
Sports teach teamwork and discipline.	کھیل ٹیم ورک اور نظم و ضبط سکھاتے ہیں۔	Urdu (Standard)	South Asia	SACOR_02
My grandmother told me stories.	میری دادی نے مجھے کہانیاں سنائیں۔	Urdu (Standard)	South Asia	SACOR_04
Spices add flavor to traditional dishes.	مصالحے روایتی کھانوں میں ذائقہ بڑھاتے ہیں۔	Urdu (Standard)	South Asia	SACOR_04
She cooked delicious biryani for the family.	اس نے خاندان کے لیے مزیدار بریانی پکائی۔	Urdu (Standard)	South Asia	SACOR_04
She received a scholarship to study medicine.	اسے طب کی تعلیم کے لیے اسکالرشپ ملی۔	Urdu (Standard)	South Asia	SACOR_05
The wedding ceremony lasted three days.	شادی کی تقریب تین دن تک چلی۔	Urdu (Standard)	South Asia	SACOR_04
Smartphones have changed how people communicate.	اسمارٹ فونوں نے لوگوں کے رابطے کے طریقے کو تبدیل کر دیا ہے۔	Urdu (Standard)	South Asia	SACOR_02
Education opens doors to opportunities.	تعلیم مواقع کے دروازے کھولتی ہے۔	Urdu (Standard)	South Asia	SACOR_08
The river flows peacefully through the valley.	دریا وادی میں پرامن طریقے سے بہتا ہے۔	Urdu (Standard)	South Asia	SACOR_03
Teachers shape young minds.	استاد نوجوان ذہنوں کو شکل دیتے ہیں۔	Urdu (Standard)	South Asia	SACOR_08
She walked slowly through the garden.	وہ باغ میں آہستہ آہستہ چلی۔	Urdu (Standard)	South Asia	SACOR_05
Students gathered in the library.	طلباء لائبریری میں جمع ہوئے۔	Urdu (Standard)	South Asia	SACOR_10
Tourism brings revenue to regions with historical sites.	سیاحت تاریخی مقامات والے علاقوں میں آمدنی لاتی ہے۔	Urdu (Standard)	South Asia	SACOR_07
Birds were chirping in the trees.	پرندے درختوں میں چہچہا رہے تھے۔	Urdu (Standard)	South Asia	SACOR_04
The market was crowded with people.	بازار لوگوں سے بھرا ہوا تھا۔	Urdu (Standard)	South Asia	SACOR_02
Tea is served to guests as a gesture of hospitality.	مہمانوں کو مہمان نوازی کی نشانی کے طور پر چائے پیش کی جاتی ہے۔	Urdu (Standard)	South Asia	SACOR_09
Reading books improves vocabulary.	کتابیں پڑھنا ذخیرہ الفاظ بہتر بناتا ہے۔	Urdu (Standard)	South Asia	SACOR_09
The school organized a science fair.	اسکول نے سائنس میلہ منظم کیا۔	Urdu (Standard)	South Asia	SACOR_06
Pollution in cities has become a serious problem.	شہروں میں آلودگی ایک سنجیدہ مسئلہ بن گئی ہے۔	Urdu (Standard)	South Asia	SACOR_04
Handicrafts showcase artistic traditions.	دستی کاریاں فنکارانہ روایات دکھاتی ہیں۔	Urdu (Standard)	South Asia	SACOR_05
We decided to visit the old temple.	ہم نے پرانے مندر کا دورہ کرنے کا فیصلہ کیا۔	Urdu (Standard)	South Asia	SACOR_01
Parents sacrifice their own needs for children.	والدین بچوں کے لیے اپنی ضرورتیں قربان کرتے ہیں۔	Urdu (Standard)	South Asia	SACOR_03
Train journeys offer scenic views.	ریل کے سفر مناظر کے نظارے پیش کرتے ہیں۔	Urdu (Standard)	South Asia	SACOR_07
Agriculture remains the primary source of income.	زراعت آمدنی کا بنیادی ذریعہ رہتی ہے۔	Urdu (Standard)	South Asia	SACOR_02
Online shopping has become popular.	آن لائن خریداری مقبول ہو گئی ہے۔	Urdu (Standard)	South Asia	SACOR_01
Learning a new language requires practice.	نئی زبان سیکھنے کے لیے مشق کی ضرورت ہے۔	Urdu (Standard)	South Asia	SACOR_02
Farmers planted rice in the flooded fields.	کسانوں نے پانی والے کھیتوں میں چاول بوئے۔	Urdu (Standard)	South Asia	SACOR_06
Regular exercise helps maintain good health.	منظم ورزش اچھی صحت برقرار رکھنے میں مدد کرتی ہے۔	Urdu (Standard)	South Asia	SACOR_09
Farmers wake up early to tend to crops.	کسان فصلوں کی دیکھ بھال کے لیے جلدی اٹھتے ہیں۔	Urdu (Standard)	South Asia	SACOR_06
Traditional music is important for our heritage.	روایتی موسیقی ہماری وراثت کے لیے اہم ہے۔	Urdu (Standard)	South Asia	SACOR_03
Digital payments have made transactions faster.	ڈیجیٹل ادائیگیوں نے معاملات تیز کر دیے ہیں۔	Urdu (Standard)	South Asia	SACOR_07
People travel long distances to visit religious sites.	لوگ مذہبی مقامات دیکھنے کے لیے لمبی دوریاں طے کرتے ہیں۔	Urdu (Standard)	South Asia	SACOR_04
Family members support each other during difficult times.	خاندان کے ممبر مشکل وقتوں میں ایک دوسرے کی مدد کرتے ہیں۔	Urdu (Standard)	South Asia	SACOR_03
Doctors recommend drinking plenty of water.	ڈاکٹر زیادہ پانی پینے کی صلاح دیتے ہیں۔	Urdu (Standard)	South Asia	SACOR_04
Eating fresh fruits provides essential vitamins.	تازہ پھل کھانا ضروری وٹامن فراہم کرتا ہے۔	Urdu (Standard)	South Asia	SACOR_02
Children were playing cricket in the street.	بچے سڑک پر کرکٹ کھیل رہے تھے۔	Urdu (Standard)	South Asia	SACOR_01
The forest is home to many wild animals.	جنگل بہت سے جنگلی جانوروں کا گھر ہے۔	Urdu (Standard)	South Asia	SACOR_08
Elderly people share wisdom and stories.	بزرگ لوگ حکمت اور کہانیاں بانٹتے ہیں۔	Urdu (Standard)	South Asia	SACOR_09
The professor wrote equations on the blackboard.	پروفیسر نے تختے پر مساوات لکھیں۔	Urdu (Standard)	South Asia	SACOR_06
Cricket is a popular sport.	کرکٹ ایک مقبول کھیل ہے۔	Urdu (Standard)	South Asia	SACOR_08
The teacher explained the lesson patiently.	استاد نے صبر سے سبق سمجھایا۔	Urdu (Standard)	South Asia	SACOR_08
The bus arrived late.	بس دیر سے پہنچی۔	Urdu (Standard)	South Asia	SACOR_09
Family members support each other during difficult times.	خاندان کے ممبر مشکل وقتوں میں ایک دوسرے کی مدد کرتے ہیں۔	Urdu (Standard)	South Asia	SACOR_09
Children were playing cricket in the street.	بچے سڑک پر کرکٹ کھیل رہے تھے۔	Urdu (Standard)	South Asia	SACOR_05
After finishing his work, he sat down.	اپنا کام مکمل کرنے کے بعد، وہ بیٹھ گیا۔	Urdu (Standard)	South Asia	SACOR_07
Spices add flavor to traditional dishes.	مصالحے روایتی کھانوں میں ذائقہ بڑھاتے ہیں۔	Urdu (Standard)	South Asia	SACOR_03
I woke up early this morning.	میں آج صبح جلدی اٹھا۔	Urdu (Standard)	South Asia	SACOR_01
Tourism brings revenue to regions with historical sites.	سیاحت تاریخی مقامات والے علاقوں میں آمدنی لاتی ہے۔	Urdu (Standard)	South Asia	SACOR_06
Reading books improves vocabulary.	کتابیں پڑھنا ذخیرہ الفاظ بہتر بناتا ہے۔	Urdu (Standard)	South Asia	SACOR_05
Agriculture remains the primary source of income.	زراعت آمدنی کا بنیادی ذریعہ رہتی ہے۔	Urdu (Standard)	South Asia	SACOR_03
Farmers planted rice in the flooded fields.	کسانوں نے پانی والے کھیتوں میں چاول بوئے۔	Urdu (Standard)	South Asia	SACOR_01
People travel long distances to visit religious sites.	لوگ مذہبی مقامات دیکھنے کے لیے لمبی دوریاں طے کرتے ہیں۔	Urdu (Standard)	South Asia	SACOR_02
The teacher explained the lesson patiently.	استاد نے صبر سے سبق سمجھایا۔	Urdu (Standard)	South Asia	SACOR_02
We decided to visit the old temple.	ہم نے پرانے مندر کا دورہ کرنے کا فیصلہ کیا۔	Urdu (Standard)	South Asia	SACOR_09
Smartphones have changed how people communicate.	اسمارٹ فونوں نے لوگوں کے رابطے کے طریقے کو تبدیل کر دیا ہے۔	Urdu (Standard)	South Asia	SACOR_07
Education opens doors to opportunities.	تعلیم مواقع کے دروازے کھولتی ہے۔	Urdu (Standard)	South Asia	SACOR_07
People celebrate festivals with great joy.	لوگ بہت خوشی سے تہوار مناتے ہیں۔	Urdu (Standard)	South Asia	SACOR_09
Teachers shape young minds.	استاد نوجوان ذہنوں کو شکل دیتے ہیں۔	Urdu (Standard)	South Asia	SACOR_03
Farmers wake up early to tend to crops.	کسان فصلوں کی دیکھ بھال کے لیے جلدی اٹھتے ہیں۔	Urdu (Standard)	South Asia	SACOR_08
Children learn best when they are interested.	بچے بہترین سیکھتے ہیں جب وہ دلچسپی رکھتے ہیں۔	Urdu (Standard)	South Asia	SACOR_03
My grandmother told me stories.	میری دادی نے مجھے کہانیاں سنائیں۔	Urdu (Standard)	South Asia	SACOR_07
Sports teach teamwork and discipline.	کھیل ٹیم ورک اور نظم و ضبط سکھاتے ہیں۔	Urdu (Standard)	South Asia	SACOR_04
The school organized a science fair.	اسکول نے سائنس میلہ منظم کیا۔	Urdu (Standard)	South Asia	SACOR_05
Digital payments have made transactions faster.	ڈیجیٹل ادائیگیوں نے معاملات تیز کر دیے ہیں۔	Urdu (Standard)	South Asia	SACOR_01
Cricket is a popular sport.	کرکٹ ایک مقبول کھیل ہے۔	Urdu (Standard)	South Asia	SACOR_02
Doctors work long hours to treat patients.	ڈاکٹر مریضوں کا علاج کرنے کے لیے لمبے گھنٹے کام کرتے ہیں۔	Urdu (Standard)	South Asia	SACOR_09
Train journeys offer scenic views.	ریل کے سفر مناظر کے نظارے پیش کرتے ہیں۔	Urdu (Standard)	South Asia	SACOR_09
She cooked delicious biryani for the family.	اس نے خاندان کے لیے مزیدار بریانی پکائی۔	Urdu (Standard)	South Asia	SACOR_02
The professor wrote equations on the blackboard.	پروفیسر نے تختے پر مساوات لکھیں۔	Urdu (Standard)	South Asia	SACOR_05
Pollution in cities has become a serious problem.	شہروں میں آلودگی ایک سنجیدہ مسئلہ بن گئی ہے۔	Urdu (Standard)	South Asia	SACOR_10
Parents sacrifice their own needs for children.	والدین بچوں کے لیے اپنی ضرورتیں قربان کرتے ہیں۔	Urdu (Standard)	South Asia	SACOR_08
Handicrafts showcase artistic traditions.	دستی کاریاں فنکارانہ روایات دکھاتی ہیں۔	Urdu (Standard)	South Asia	SACOR_08
Students gathered in the library.	طلباء لائبریری میں جمع ہوئے۔	Urdu (Standard)	South Asia	SACOR_05
She received a scholarship to study medicine.	اسے طب کی تعلیم کے لیے اسکالرشپ ملی۔	Urdu (Standard)	South Asia	SACOR_02
Clear communication prevents misunderstandings.	صاف رابطہ غلط فہمیوں کو روکتا ہے۔	Urdu (Standard)	South Asia	SACOR_09
Elderly people share wisdom and stories.	بزرگ لوگ حکمت اور کہانیاں بانٹتے ہیں۔	Urdu (Standard)	South Asia	SACOR_02
Traditional music is important for our heritage.	روایتی موسیقی ہماری وراثت کے لیے اہم ہے۔	Urdu (Standard)	South Asia	SACOR_09
Doctors recommend drinking plenty of water.	ڈاکٹر زیادہ پانی پینے کی صلاح دیتے ہیں۔	Urdu (Standard)	South Asia	SACOR_03
Birds were chirping in the trees.	پرندے درختوں میں چہچہا رہے تھے۔	Urdu (Standard)	South Asia	SACOR_08
Learning a new language requires practice.	نئی زبان سیکھنے کے لیے مشق کی ضرورت ہے۔	Urdu (Standard)	South Asia	SACOR_02
Regular exercise helps maintain good health.	منظم ورزش اچھی صحت برقرار رکھنے میں مدد کرتی ہے۔	Urdu (Standard)	South Asia	SACOR_06
Small businesses create employment opportunities.	چھوٹے کاروبار روزگار کے مواقع پیدا کرتے ہیں۔	Urdu (Standard)	South Asia	SACOR_02
Cooking together brings family members closer.	مل کر کھانا پکانا خاندان کے ممبروں کو قریب لاتا ہے۔	Urdu (Standard)	South Asia	SACOR_04
The forest is home to many wild animals.	جنگل بہت سے جنگلی جانوروں کا گھر ہے۔	Urdu (Standard)	South Asia	SACOR_02
Respecting elders is an important value.	بزرگوں کا احترام ایک اہم قدر ہے۔	Urdu (Standard)	South Asia	SACOR_10
Eating fresh fruits provides essential vitamins.	تازہ پھل کھانا ضروری وٹامن فراہم کرتا ہے۔	Urdu (Standard)	South Asia	SACOR_05
She walked slowly through the garden.	وہ باغ میں آہستہ آہستہ چلی۔	Urdu (Standard)	South Asia	SACOR_09
The wedding ceremony lasted three days.	شادی کی تقریب تین دن تک چلی۔	Urdu (Standard)	South Asia	SACOR_03
The market was crowded with people.	بازار لوگوں سے بھرا ہوا تھا۔	Urdu (Standard)	South Asia	SACOR_09
Storytelling preserves culture and knowledge.	کہانی سنانا ثقافت اور علم کو محفوظ رکھتا ہے۔	Urdu (Standard)	South Asia	SACOR_09
Tea is served to guests as a gesture of hospitality.	مہمانوں کو مہمان نوازی کی نشانی کے طور پر چائے پیش کی جاتی ہے۔	Urdu (Standard)	South Asia	SACOR_03
Online shopping has become popular.	آن لائن خریداری مقبول ہو گئی ہے۔	Urdu (Standard)	South Asia	SACOR_08
The river flows peacefully through the valley.	دریا وادی میں پرامن طریقے سے بہتا ہے۔	Urdu (Standard)	South Asia	SACOR_07
The internet connects people across continents.	انٹرنیٹ براعظموں میں لوگوں کو جوڑتا ہے۔	Urdu (Standard)	South Asia	SACOR_04
People celebrate festivals with great joy.	لوگ بہت خوشی سے تہوار مناتے ہیں۔	Urdu (Standard)	South Asia	SACOR_05
Smartphones have changed how people communicate.	اسمارٹ فونوں نے لوگوں کے رابطے کے طریقے کو تبدیل کر دیا ہے۔	Urdu (Standard)	South Asia	SACOR_04
Storytelling preserves culture and knowledge.	کہانی سنانا ثقافت اور علم کو محفوظ رکھتا ہے۔	Urdu (Standard)	South Asia	SACOR_10
She received a scholarship to study medicine.	اسے طب کی تعلیم کے لیے اسکالرشپ ملی۔	Urdu (Standard)	South Asia	SACOR_05
Children were playing cricket in the street.	بچے سڑک پر کرکٹ کھیل رہے تھے۔	Urdu (Standard)	South Asia	SACOR_07
I woke up early this morning.	میں آج صبح جلدی اٹھا۔	Urdu (Standard)	South Asia	SACOR_04
Doctors recommend drinking plenty of water.	ڈاکٹر زیادہ پانی پینے کی صلاح دیتے ہیں۔	Urdu (Standard)	South Asia	SACOR_06
Sports teach teamwork and discipline.	کھیل ٹیم ورک اور نظم و ضبط سکھاتے ہیں۔	Urdu (Standard)	South Asia	SACOR_08
Tourism brings revenue to regions with historical sites.	سیاحت تاریخی مقامات والے علاقوں میں آمدنی لاتی ہے۔	Urdu (Standard)	South Asia	SACOR_02
Family members support each other during difficult times.	خاندان کے ممبر مشکل وقتوں میں ایک دوسرے کی مدد کرتے ہیں۔	Urdu (Standard)	South Asia	SACOR_09
She cooked delicious biryani for the family.	اس نے خاندان کے لیے مزیدار بریانی پکائی۔	Urdu (Standard)	South Asia	SACOR_09
We decided to visit the old temple.	ہم نے پرانے مندر کا دورہ کرنے کا فیصلہ کیا۔	Urdu (Standard)	South Asia	SACOR_07
The river flows peacefully through the valley.	دریا وادی میں پرامن طریقے سے بہتا ہے۔	Urdu (Standard)	South Asia	SACOR_09
Parents sacrifice their own needs for children.	والدین بچوں کے لیے اپنی ضرورتیں قربان کرتے ہیں۔	Urdu (Standard)	South Asia	SACOR_04
The school organized a science fair.	اسکول نے سائنس میلہ منظم کیا۔	Urdu (Standard)	South Asia	SACOR_06
The professor wrote equations on the blackboard.	پروفیسر نے تختے پر مساوات لکھیں۔	Urdu (Standard)	South Asia	SACOR_05
My grandmother told me stories.	میری دادی نے مجھے کہانیاں سنائیں۔	Urdu (Standard)	South Asia	SACOR_08
Eating fresh fruits provides essential vitamins.	تازہ پھل کھانا ضروری وٹامن فراہم کرتا ہے۔	Urdu (Standard)	South Asia	SACOR_04
The bus arrived late.	بس دیر سے پہنچی۔	Urdu (Standard)	South Asia	SACOR_08
Spices add flavor to traditional dishes.	مصالحے روایتی کھانوں میں ذائقہ بڑھاتے ہیں۔	Urdu (Standard)	South Asia	SACOR_05
Cricket is a popular sport.	کرکٹ ایک مقبول کھیل ہے۔	Urdu (Standard)	South Asia	SACOR_06
Online shopping has become popular.	آن لائن خریداری مقبول ہو گئی ہے۔	Urdu (Standard)	South Asia	SACOR_08
After finishing his work, he sat down.	اپنا کام مکمل کرنے کے بعد، وہ بیٹھ گیا۔	Urdu (Standard)	South Asia	SACOR_02
Traditional music is important for our heritage.	روایتی موسیقی ہماری وراثت کے لیے اہم ہے۔	Urdu (Standard)	South Asia	SACOR_05
People travel long distances to visit religious sites.	لوگ مذہبی مقامات دیکھنے کے لیے لمبی دوریاں طے کرتے ہیں۔	Urdu (Standard)	South Asia	SACOR_08
The internet connects people across continents.	انٹرنیٹ براعظموں میں لوگوں کو جوڑتا ہے۔	Urdu (Standard)	South Asia	SACOR_03
Farmers wake up early to tend to crops.	کسان فصلوں کی دیکھ بھال کے لیے جلدی اٹھتے ہیں۔	Urdu (Standard)	South Asia	SACOR_08
Train journeys offer scenic views.	ریل کے سفر مناظر کے نظارے پیش کرتے ہیں۔	Urdu (Standard)	South Asia	SACOR_05
Tea is served to guests as a gesture of hospitality.	مہمانوں کو مہمان نوازی کی نشانی کے طور پر چائے پیش کی جاتی ہے۔	Urdu (Standard)	South Asia	SACOR_08
Cooking together brings family members closer.	مل کر کھانا پکانا خاندان کے ممبروں کو قریب لاتا ہے۔	Urdu (Standard)	South Asia	SACOR_10
Pollution in cities has become a serious problem.	شہروں میں آلودگی ایک سنجیدہ مسئلہ بن گئی ہے۔	Urdu (Standard)	South Asia	SACOR_04
Regular exercise helps maintain good health.	منظم ورزش اچھی صحت برقرار رکھنے میں مدد کرتی ہے۔	Urdu (Standard)	South Asia	SACOR_02
The forest is home to many wild animals.	جنگل بہت سے جنگلی جانوروں کا گھر ہے۔	Urdu (Standard)	South Asia	SACOR_10
Digital payments have made transactions faster.	ڈیجیٹل ادائیگیوں نے معاملات تیز کر دیے ہیں۔	Urdu (Standard)	South Asia	SACOR_09
Doctors work long hours to treat patients.	ڈاکٹر مریضوں کا علاج کرنے کے لیے لمبے گھنٹے کام کرتے ہیں۔	Urdu (Standard)	South Asia	SACOR_01
Students gathered in the library.	طلباء لائبریری میں جمع ہوئے۔	Urdu (Standard)	South Asia	SACOR_08
Learning a new language requires practice.	نئی زبان سیکھنے کے لیے مشق کی ضرورت ہے۔	Urdu (Standard)	South Asia	SACOR_02
Agriculture remains the primary source of income.	زراعت آمدنی کا بنیادی ذریعہ رہتی ہے۔	Urdu (Standard)	South Asia	SACOR_03
Birds were chirping in the trees.	پرندے درختوں میں چہچہا رہے تھے۔	Urdu (Standard)	South Asia	SACOR_04
Respecting elders is an important value.	بزرگوں کا احترام ایک اہم قدر ہے۔	Urdu (Standard)	South Asia	SACOR_04
Teachers shape young minds.	استاد نوجوان ذہنوں کو شکل دیتے ہیں۔	Urdu (Standard)	South Asia	SACOR_07
Clear communication prevents misunderstandings.	صاف رابطہ غلط فہمیوں کو روکتا ہے۔	Urdu (Standard)	South Asia	SACOR_08
Elderly people share wisdom and stories.	بزرگ لوگ حکمت اور کہانیاں بانٹتے ہیں۔	Urdu (Standard)	South Asia	SACOR_09
Education opens doors to opportunities.	تعلیم مواقع کے دروازے کھولتی ہے۔	Urdu (Standard)	South Asia	SACOR_02
Handicrafts showcase artistic traditions.	دستی کاریاں فنکارانہ روایات دکھاتی ہیں۔	Urdu (Standard)	South Asia	SACOR_03
The teacher explained the lesson patiently.	استاد نے صبر سے سبق سمجھایا۔	Urdu (Standard)	South Asia	SACOR_02
Children learn best when they are interested.	بچے بہترین سیکھتے ہیں جب وہ دلچسپی رکھتے ہیں۔	Urdu (Standard)	South Asia	SACOR_06
The wedding ceremony lasted three days.	شادی کی تقریب تین دن تک چلی۔	Urdu (Standard)	South Asia	SACOR_06
Reading books improves vocabulary.	کتابیں پڑھنا ذخیرہ الفاظ بہتر بناتا ہے۔	Urdu (Standard)	South Asia	SACOR_05
Farmers planted rice in the flooded fields.	کسانوں نے پانی والے کھیتوں میں چاول بوئے۔	Urdu (Standard)	South Asia	SACOR_03
Small businesses create employment opportunities.	چھوٹے کاروبار روزگار کے مواقع پیدا کرتے ہیں۔	Urdu (Standard)	South Asia	SACOR_04
She walked slowly through the garden.	وہ باغ میں آہستہ آہستہ چلی۔	Urdu (Standard)	South Asia	SACOR_08
The market was crowded with people.	بازار لوگوں سے بھرا ہوا تھا۔	Urdu (Standard)	South Asia	SACOR_04
Respecting elders is an important value.	بزرگوں کا احترام ایک اہم قدر ہے۔	Urdu (Standard)	South Asia	SACOR_10
Traditional music is important for our heritage.	روایتی موسیقی ہماری وراثت کے لیے اہم ہے۔	Urdu (Standard)	South Asia	SACOR_10
Children were playing cricket in the street.	بچے سڑک پر کرکٹ کھیل رہے تھے۔	Urdu (Standard)	South Asia	SACOR_08
Farmers planted rice in the flooded fields.	کسانوں نے پانی والے کھیتوں میں چاول بوئے۔	Urdu (Standard)	South Asia	SACOR_08
The forest is home to many wild animals.	جنگل بہت سے جنگلی جانوروں کا گھر ہے۔	Urdu (Standard)	South Asia	SACOR_01
Teachers shape young minds.	استاد نوجوان ذہنوں کو شکل دیتے ہیں۔	Urdu (Standard)	South Asia	SACOR_05
Small businesses create employment opportunities.	چھوٹے کاروبار روزگار کے مواقع پیدا کرتے ہیں۔	Urdu (Standard)	South Asia	SACOR_02
Children learn best when they are interested.	بچے بہترین سیکھتے ہیں جب وہ دلچسپی رکھتے ہیں۔	Urdu (Standard)	South Asia	SACOR_05
Online shopping has become popular.	آن لائن خریداری مقبول ہو گئی ہے۔	Urdu (Standard)	South Asia	SACOR_06
Sports teach teamwork and discipline.	کھیل ٹیم ورک اور نظم و ضبط سکھاتے ہیں۔	Urdu (Standard)	South Asia	SACOR_09
Cricket is a popular sport.	کرکٹ ایک مقبول کھیل ہے۔	Urdu (Standard)	South Asia	SACOR_09
The teacher explained the lesson patiently.	استاد نے صبر سے سبق سمجھایا۔	Urdu (Standard)	South Asia	SACOR_07
Farmers wake up early to tend to crops.	کسان فصلوں کی دیکھ بھال کے لیے جلدی اٹھتے ہیں۔	Urdu (Standard)	South Asia	SACOR_02
The professor wrote equations on the blackboard.	پروفیسر نے تختے پر مساوات لکھیں۔	Urdu (Standard)	South Asia	SACOR_04
After finishing his work, he sat down.	اپنا کام مکمل کرنے کے بعد، وہ بیٹھ گیا۔	Urdu (Standard)	South Asia	SACOR_07
My grandmother told me stories.	میری دادی نے مجھے کہانیاں سنائیں۔	Urdu (Standard)	South Asia	SACOR_05
People celebrate festivals with great joy.	لوگ بہت خوشی سے تہوار مناتے ہیں۔	Urdu (Standard)	South Asia	SACOR_04
The internet connects people across continents.	انٹرنیٹ براعظموں میں لوگوں کو جوڑتا ہے۔	Urdu (Standard)	South Asia	SACOR_03
The river flows peacefully through the valley.	دریا وادی میں پرامن طریقے سے بہتا ہے۔	Urdu (Standard)	South Asia	SACOR_04
Birds were chirping in the trees.	پرندے درختوں میں چہچہا رہے تھے۔	Urdu (Standard)	South Asia	SACOR_06
Spices add flavor to traditional dishes.	مصالحے روایتی کھانوں میں ذائقہ بڑھاتے ہیں۔	Urdu (Standard)	South Asia	SACOR_10
The bus arrived late.	بس دیر سے پہنچی۔	Urdu (Standard)	South Asia	SACOR_01
Learning a new language requires practice.	نئی زبان سیکھنے کے لیے مشق کی ضرورت ہے۔	Urdu (Standard)	South Asia	SACOR_07
Regular exercise helps maintain good health.	منظم ورزش اچھی صحت برقرار رکھنے میں مدد کرتی ہے۔	Urdu (Standard)	South Asia	SACOR_04
Pollution in cities has become a serious problem.	شہروں میں آلودگی ایک سنجیدہ مسئلہ بن گئی ہے۔	Urdu (Standard)	South Asia	SACOR_03
Clear communication prevents misunderstandings.	صاف رابطہ غلط فہمیوں کو روکتا ہے۔	Urdu (Standard)	South Asia	SACOR_09
Family members support each other during difficult times.	خاندان کے ممبر مشکل وقتوں میں ایک دوسرے کی مدد کرتے ہیں۔	Urdu (Standard)	South Asia	SACOR_08
Education opens doors to opportunities.	تعلیم مواقع کے دروازے کھولتی ہے۔	Urdu (Standard)	South Asia	SACOR_08
She received a scholarship to study medicine.	اسے طب کی تعلیم کے لیے اسکالرشپ ملی۔	Urdu (Standard)	South Asia	SACOR_06
Tourism brings revenue to regions with historical sites.	سیاحت تاریخی مقامات والے علاقوں میں آمدنی لاتی ہے۔	Urdu (Standard)	South Asia	SACOR_06
Handicrafts showcase artistic traditions.	دستی کاریاں فنکارانہ روایات دکھاتی ہیں۔	Urdu (Standard)	South Asia	SACOR_05
Eating fresh fruits provides essential vitamins.	تازہ پھل کھانا ضروری وٹامن فراہم کرتا ہے۔	Urdu (Standard)	South Asia	SACOR_09
The wedding ceremony lasted three days.	شادی کی تقریب تین دن تک چلی۔	Urdu (Standard)	South Asia	SACOR_05
Elderly people share wisdom and stories.	بزرگ لوگ حکمت اور کہانیاں بانٹتے ہیں۔	Urdu (Standard)	South Asia	SACOR_01
Students gathered in the library.	طلباء لائبریری میں جمع ہوئے۔	Urdu (Standard)	South Asia	SACOR_01
Storytelling preserves culture and knowledge.	کہانی سنانا ثقافت اور علم کو محفوظ رکھتا ہے۔	Urdu (Standard)	South Asia	SACOR_05
Cooking together brings family members closer.	مل کر کھانا پکانا خاندان کے ممبروں کو قریب لاتا ہے۔	Urdu (Standard)	South Asia	SACOR_03
Train journeys offer scenic views.	ریل کے سفر مناظر کے نظارے پیش کرتے ہیں۔	Urdu (Standard)	South Asia	SACOR_02
I woke up early this morning.	میں آج صبح جلدی اٹھا۔	Urdu (Standard)	South Asia	SACOR_01
Doctors work long hours to treat patients.	ڈاکٹر مریضوں کا علاج کرنے کے لیے لمبے گھنٹے کام کرتے ہیں۔	Urdu (Standard)	South Asia	SACOR_10
Doctors recommend drinking plenty of water.	ڈاکٹر زیادہ پانی پینے کی صلاح دیتے ہیں۔	Urdu (Standard)	South Asia	SACOR_10
She cooked delicious biryani for the family.	اس نے خاندان کے لیے مزیدار بریانی پکائی۔	Urdu (Standard)	South Asia	SACOR_08
Tea is served to guests as a gesture of hospitality.	مہمانوں کو مہمان نوازی کی نشانی کے طور پر چائے پیش کی جاتی ہے۔	Urdu (Standard)	South Asia	SACOR_10
The market was crowded with people.	بازار لوگوں سے بھرا ہوا تھا۔	Urdu (Standard)	South Asia	SACOR_09
Agriculture remains the primary source of income.	زراعت آمدنی کا بنیادی ذریعہ رہتی ہے۔	Urdu (Standard)	South Asia	SACOR_09
She walked slowly through the garden.	وہ باغ میں آہستہ آہستہ چلی۔	Urdu (Standard)	South Asia	SACOR_06
We decided to visit the old temple.	ہم نے پرانے مندر کا دورہ کرنے کا فیصلہ کیا۔	Urdu (Standard)	South Asia	SACOR_08
People travel long distances to visit religious sites.	لوگ مذہبی مقامات دیکھنے کے لیے لمبی دوریاں طے کرتے ہیں۔	Urdu (Standard)	South Asia	SACOR_07
Smartphones have changed how people communicate.	اسمارٹ فونوں نے لوگوں کے رابطے کے طریقے کو تبدیل کر دیا ہے۔	Urdu (Standard)	South Asia	SACOR_01
Parents sacrifice their own needs for children.	والدین بچوں کے لیے اپنی ضرورتیں قربان کرتے ہیں۔	Urdu (Standard)	South Asia	SACOR_02
Digital payments have made transactions faster.	ڈیجیٹل ادائیگیوں نے معاملات تیز کر دیے ہیں۔	Urdu (Standard)	South Asia	SACOR_10
Reading books improves vocabulary.	کتابیں پڑھنا ذخیرہ الفاظ بہتر بناتا ہے۔	Urdu (Standard)	South Asia	SACOR_07
The school organized a science fair.	اسکول نے سائنس میلہ منظم کیا۔	Urdu (Standard)	South Asia	SACOR_07
We decided to visit the old temple.	ہم نے پرانے مندر کا دورہ کرنے کا فیصلہ کیا۔	Urdu (Standard)	South Asia	SACOR_07
Spices add flavor to traditional dishes.	مصالحے روایتی کھانوں میں ذائقہ بڑھاتے ہیں۔	Urdu (Standard)	South Asia	SACOR_08
Small businesses create employment opportunities.	چھوٹے کاروبار روزگار کے مواقع پیدا کرتے ہیں۔	Urdu (Standard)	South Asia	SACOR_10
Eating fresh fruits provides essential vitamins.	تازہ پھل کھانا ضروری وٹامن فراہم کرتا ہے۔	Urdu (Standard)	South Asia	SACOR_04
Doctors work long hours to treat patients.	ڈاکٹر مریضوں کا علاج کرنے کے لیے لمبے گھنٹے کام کرتے ہیں۔	Urdu (Standard)	South Asia	SACOR_10
People travel long distances to visit religious sites.	لوگ مذہبی مقامات دیکھنے کے لیے لمبی دوریاں طے کرتے ہیں۔	Urdu (Standard)	South Asia	SACOR_10
She walked slowly through the garden.	وہ باغ میں آہستہ آہستہ چلی۔	Urdu (Standard)	South Asia	SACOR_03
The school organized a science fair.	اسکول نے سائنس میلہ منظم کیا۔	Urdu (Standard)	South Asia	SACOR_08
The professor wrote equations on the blackboard.	پروفیسر نے تختے پر مساوات لکھیں۔	Urdu (Standard)	South Asia	SACOR_09
Smartphones have changed how people communicate.	اسمارٹ فونوں نے لوگوں کے رابطے کے طریقے کو تبدیل کر دیا ہے۔	Urdu (Standard)	South Asia	SACOR_04
Regular exercise helps maintain good health.	منظم ورزش اچھی صحت برقرار رکھنے میں مدد کرتی ہے۔	Urdu (Standard)	South Asia	SACOR_07
Digital payments have made transactions faster.	ڈیجیٹل ادائیگیوں نے معاملات تیز کر دیے ہیں۔	Urdu (Standard)	South Asia	SACOR_01
Family members support each other during difficult times.	خاندان کے ممبر مشکل وقتوں میں ایک دوسرے کی مدد کرتے ہیں۔	Urdu (Standard)	South Asia	SACOR_08
Elderly people share wisdom and stories.	بزرگ لوگ حکمت اور کہانیاں بانٹتے ہیں۔	Urdu (Standard)	South Asia	SACOR_10
Respecting elders is an important value.	بزرگوں کا احترام ایک اہم قدر ہے۔	Urdu (Standard)	South Asia	SACOR_09
She cooked delicious biryani for the family.	اس نے خاندان کے لیے مزیدار بریانی پکائی۔	Urdu (Standard)	South Asia	SACOR_10
Education opens doors to opportunities.	تعلیم مواقع کے دروازے کھولتی ہے۔	Urdu (Standard)	South Asia	SACOR_01
She received a scholarship to study medicine.	اسے طب کی تعلیم کے لیے اسکالرشپ ملی۔	Urdu (Standard)	South Asia	SACOR_10
Teachers shape young minds.	استاد نوجوان ذہنوں کو شکل دیتے ہیں۔	Urdu (Standard)	South Asia	SACOR_08
Pollution in cities has become a serious problem.	شہروں میں آلودگی ایک سنجیدہ مسئلہ بن گئی ہے۔	Urdu (Standard)	South Asia	SACOR_09
Children learn best when they are interested.	بچے بہترین سیکھتے ہیں جب وہ دلچسپی رکھتے ہیں۔	Urdu (Standard)	South Asia	SACOR_10
The market was crowded with people.	بازار لوگوں سے بھرا ہوا تھا۔	Urdu (Standard)	South Asia	SACOR_03
The forest is home to many wild animals.	جنگل بہت سے جنگلی جانوروں کا گھر ہے۔	Urdu (Standard)	South Asia	SACOR_01
Children were playing cricket in the street.	بچے سڑک پر کرکٹ کھیل رہے تھے۔	Urdu (Standard)	South Asia	SACOR_08
I woke up early this morning.	میں آج صبح جلدی اٹھا۔	Urdu (Standard)	South Asia	SACOR_10
Reading books improves vocabulary.	کتابیں پڑھنا ذخیرہ الفاظ بہتر بناتا ہے۔	Urdu (Standard)	South Asia	SACOR_09
Handicrafts showcase artistic traditions.	دستی کاریاں فنکارانہ روایات دکھاتی ہیں۔	Urdu (Standard)	South Asia	SACOR_04
The teacher explained the lesson patiently.	استاد نے صبر سے سبق سمجھایا۔	Urdu (Standard)	South Asia	SACOR_04
Clear communication prevents misunderstandings.	صاف رابطہ غلط فہمیوں کو روکتا ہے۔	Urdu (Standard)	South Asia	SACOR_09
Doctors recommend drinking plenty of water.	ڈاکٹر زیادہ پانی پینے کی صلاح دیتے ہیں۔	Urdu (Standard)	South Asia	SACOR_02
Birds were chirping in the trees.	پرندے درختوں میں چہچہا رہے تھے۔	Urdu (Standard)	South Asia	SACOR_01
Storytelling preserves culture and knowledge.	کہانی سنانا ثقافت اور علم کو محفوظ رکھتا ہے۔	Urdu (Standard)	South Asia	SACOR_02
The river flows peacefully through the valley.	دریا وادی میں پرامن طریقے سے بہتا ہے۔	Urdu (Standard)	South Asia	SACOR_04
Cooking together brings family members closer.	مل کر کھانا پکانا خاندان کے ممبروں کو قریب لاتا ہے۔	Urdu (Standard)	South Asia	SACOR_07
People celebrate festivals with great joy.	لوگ بہت خوشی سے تہوار مناتے ہیں۔	Urdu (Standard)	South Asia	SACOR_03
Sports teach teamwork and discipline.	کھیل ٹیم ورک اور نظم و ضبط سکھاتے ہیں۔	Urdu (Standard)	South Asia	SACOR_05
Parents sacrifice their own needs for children.	والدین بچوں کے لیے اپنی ضرورتیں قربان کرتے ہیں۔	Urdu (Standard)	South Asia	SACOR_01
The wedding ceremony lasted three days.	شادی کی تقریب تین دن تک چلی۔	Urdu (Standard)	South Asia	SACOR_09
Train journeys offer scenic views.	ریل کے سفر مناظر کے نظارے پیش کرتے ہیں۔	Urdu (Standard)	South Asia	SACOR_04
Tea is served to guests as a gesture of hospitality.	مہمانوں کو مہمان نوازی کی نشانی کے طور پر چائے پیش کی جاتی ہے۔	Urdu (Standard)	South Asia	SACOR_02
My grandmother told me stories.	میری دادی نے مجھے کہانیاں سنائیں۔	Urdu (Standard)	South Asia	SACOR_10
Online shopping has become popular.	آن لائن خریداری مقبول ہو گئی ہے۔	Urdu (Standard)	South Asia	SACOR_06
Students gathered in the library.	طلباء لائبریری میں جمع ہوئے۔	Urdu (Standard)	South Asia	SACOR_03
Tourism brings revenue to regions with historical sites.	سیاحت تاریخی مقامات والے علاقوں میں آمدنی لاتی ہے۔	Urdu (Standard)	South Asia	SACOR_07
Farmers planted rice in the flooded fields.	کسانوں نے پانی والے کھیتوں میں چاول بوئے۔	Urdu (Standard)	South Asia	SACOR_05
The internet connects people across continents.	انٹرنیٹ براعظموں میں لوگوں کو جوڑتا ہے۔	Urdu (Standard)	South Asia	SACOR_07
Farmers wake up early to tend to crops.	کسان فصلوں کی دیکھ بھال کے لیے جلدی اٹھتے ہیں۔	Urdu (Standard)	South Asia	SACOR_08
Cricket is a popular sport.	کرکٹ ایک مقبول کھیل ہے۔	Urdu (Standard)	South Asia	SACOR_05
Learning a new language requires practice.	نئی زبان سیکھنے کے لیے مشق کی ضرورت ہے۔	Urdu (Standard)	South Asia	SACOR_05
Traditional music is important for our heritage.	روایتی موسیقی ہماری وراثت کے لیے اہم ہے۔	Urdu (Standard)	South Asia	SACOR_06
After finishing his work, he sat down.	اپنا کام مکمل کرنے کے بعد، وہ بیٹھ گیا۔	Urdu (Standard)	South Asia	SACOR_07
Agriculture remains the primary source of income.	زراعت آمدنی کا بنیادی ذریعہ رہتی ہے۔	Urdu (Standard)	South Asia	SACOR_04
The bus arrived late.	بس دیر سے پہنچی۔	Urdu (Standard)	South Asia	SACOR_03
Sports teach teamwork and discipline.	کھیل ٹیم ورک اور نظم و ضبط سکھاتے ہیں۔	Urdu (Standard)	South Asia	SACOR_03
Children learn best when they are interested.	بچے بہترین سیکھتے ہیں جب وہ دلچسپی رکھتے ہیں۔	Urdu (Standard)	South Asia	SACOR_06
Smartphones have changed how people communicate.	اسمارٹ فونوں نے لوگوں کے رابطے کے طریقے کو تبدیل کر دیا ہے۔	Urdu (Standard)	South Asia	SACOR_01
Doctors recommend drinking plenty of water.	ڈاکٹر زیادہ پانی پینے کی صلاح دیتے ہیں۔	Urdu (Standard)	South Asia	SACOR_06
Storytelling preserves culture and knowledge.	کہانی سنانا ثقافت اور علم کو محفوظ رکھتا ہے۔	Urdu (Standard)	South Asia	SACOR_05
Birds were chirping in the trees.	پرندے درختوں میں چہچہا رہے تھے۔	Urdu (Standard)	South Asia	SACOR_07
Regular exercise helps maintain good health.	منظم ورزش اچھی صحت برقرار رکھنے میں مدد کرتی ہے۔	Urdu (Standard)	South Asia	SACOR_08
Students gathered in the library.	طلباء لائبریری میں جمع ہوئے۔	Urdu (Standard)	South Asia	SACOR_09
She walked slowly through the garden.	وہ باغ میں آہستہ آہستہ چلی۔	Urdu (Standard)	South Asia	SACOR_09
Eating fresh fruits provides essential vitamins.	تازہ پھل کھانا ضروری وٹامن فراہم کرتا ہے۔	Urdu (Standard)	South Asia	SACOR_05
Handicrafts showcase artistic traditions.	دستی کاریاں فنکارانہ روایات دکھاتی ہیں۔	Urdu (Standard)	South Asia	SACOR_09
The wedding ceremony lasted three days.	شادی کی تقریب تین دن تک چلی۔	Urdu (Standard)	South Asia	SACOR_09
Traditional music is important for our heritage.	روایتی موسیقی ہماری وراثت کے لیے اہم ہے۔	Urdu (Standard)	South Asia	SACOR_01
Pollution in cities has become a serious problem.	شہروں میں آلودگی ایک سنجیدہ مسئلہ بن گئی ہے۔	Urdu (Standard)	South Asia	SACOR_06
Online shopping has become popular.	آن لائن خریداری مقبول ہو گئی ہے۔	Urdu (Standard)	South Asia	SACOR_10
We decided to visit the old temple.	ہم نے پرانے مندر کا دورہ کرنے کا فیصلہ کیا۔	Urdu (Standard)	South Asia	SACOR_06
Reading books improves vocabulary.	کتابیں پڑھنا ذخیرہ الفاظ بہتر بناتا ہے۔	Urdu (Standard)	South Asia	SACOR_05
The forest is home to many wild animals.	جنگل بہت سے جنگلی جانوروں کا گھر ہے۔	Urdu (Standard)	South Asia	SACOR_08
Train journeys offer scenic views.	ریل کے سفر مناظر کے نظارے پیش کرتے ہیں۔	Urdu (Standard)	South Asia	SACOR_05
Respecting elders is an important value.	بزرگوں کا احترام ایک اہم قدر ہے۔	Urdu (Standard)	South Asia	SACOR_03
Doctors work long hours to treat patients.	ڈاکٹر مریضوں کا علاج کرنے کے لیے لمبے گھنٹے کام کرتے ہیں۔	Urdu (Standard)	South Asia	SACOR_01
Cricket is a popular sport.	کرکٹ ایک مقبول کھیل ہے۔	Urdu (Standard)	South Asia	SACOR_01
Clear communication prevents misunderstandings.	صاف رابطہ غلط فہمیوں کو روکتا ہے۔	Urdu (Standard)	South Asia	SACOR_03
She cooked delicious biryani for the family.	اس نے خاندان کے لیے مزیدار بریانی پکائی۔	Urdu (Standard)	South Asia	SACOR_09
Children were playing cricket in the street.	بچے سڑک پر کرکٹ کھیل رہے تھے۔	Urdu (Standard)	South Asia	SACOR_10
Agriculture remains the primary source of income.	زراعت آمدنی کا بنیادی ذریعہ رہتی ہے۔	Urdu (Standard)	South Asia	SACOR_03
Spices add flavor to traditional dishes.	مصالحے روایتی کھانوں میں ذائقہ بڑھاتے ہیں۔	Urdu (Standard)	South Asia	SACOR_04
Tea is served to guests as a gesture of hospitality.	مہمانوں کو مہمان نوازی کی نشانی کے طور پر چائے پیش کی جاتی ہے۔	Urdu (Standard)	South Asia	SACOR_05
Cooking together brings family members closer.	مل کر کھانا پکانا خاندان کے ممبروں کو قریب لاتا ہے۔	Urdu (Standard)	South Asia	SACOR_04
Tourism brings revenue to regions with historical sites.	سیاحت تاریخی مقامات والے علاقوں میں آمدنی لاتی ہے۔	Urdu (Standard)	South Asia	SACOR_08
Elderly people share wisdom and stories.	بزرگ لوگ حکمت اور کہانیاں بانٹتے ہیں۔	Urdu (Standard)	South Asia	SACOR_02
The market was crowded with people.	بازار لوگوں سے بھرا ہوا تھا۔	Urdu (Standard)	South Asia	SACOR_05
My grandmother told me stories.	میری دادی نے مجھے کہانیاں سنائیں۔	Urdu (Standard)	South Asia	SACOR_03
The river flows peacefully through the valley.	دریا وادی میں پرامن طریقے سے بہتا ہے۔	Urdu (Standard)	South Asia	SACOR_05
Parents sacrifice their own needs for children.	والدین بچوں کے لیے اپنی ضرورتیں قربان کرتے ہیں۔	Urdu (Standard)	South Asia	SACOR_04
Teachers shape young minds.	استاد نوجوان ذہنوں کو شکل دیتے ہیں۔	Urdu (Standard)	South Asia	SACOR_09
The professor wrote equations on the blackboard.	پروفیسر نے تختے پر مساوات لکھیں۔	Urdu (Standard)	South Asia	SACOR_09
People celebrate festivals with great joy.	لوگ بہت خوشی سے تہوار مناتے ہیں۔	Urdu (Standard)	South Asia	SACOR_01
Digital payments have made transactions faster.	ڈیجیٹل ادائیگیوں نے معاملات تیز کر دیے ہیں۔	Urdu (Standard)	South Asia	SACOR_02
Family members support each other during difficult times.	خاندان کے ممبر مشکل وقتوں میں ایک دوسرے کی مدد کرتے ہیں۔	Urdu (Standard)	South Asia	SACOR_04
Education opens doors to opportunities.	تعلیم مواقع کے دروازے کھولتی ہے۔	Urdu (Standard)	South Asia	SACOR_08
People travel long distances to visit religious sites.	لوگ مذہبی مقامات دیکھنے کے لیے لمبی دوریاں طے کرتے ہیں۔	Urdu (Standard)	South Asia	SACOR_03
Farmers planted rice in the flooded fields.	کسانوں نے پانی والے کھیتوں میں چاول بوئے۔	Urdu (Standard)	South Asia	SACOR_05
After finishing his work, he sat down.	اپنا کام مکمل کرنے کے بعد، وہ بیٹھ گیا۔	Urdu (Standard)	South Asia	SACOR_10
She received a scholarship to study medicine.	اسے طب کی تعلیم کے لیے اسکالرشپ ملی۔	Urdu (Standard)	South Asia	SACOR_03
The school organized a science fair.	اسکول نے سائنس میلہ منظم کیا۔	Urdu (Standard)	South Asia	SACOR_09
The bus arrived late.	بس دیر سے پہنچی۔	Urdu (Standard)	South Asia	SACOR_09
The teacher explained the lesson patiently.	استاد نے صبر سے سبق سمجھایا۔	Urdu (Standard)	South Asia	SACOR_05
Learning a new language requires practice.	نئی زبان سیکھنے کے لیے مشق کی ضرورت ہے۔	Urdu (Standard)	South Asia	SACOR_01
Farmers wake up early to tend to crops.	کسان فصلوں کی دیکھ بھال کے لیے جلدی اٹھتے ہیں۔	Urdu (Standard)	South Asia	SACOR_10
Small businesses create employment opportunities.	چھوٹے کاروبار روزگار کے مواقع پیدا کرتے ہیں۔	Urdu (Standard)	South Asia	SACOR_07
The internet connects people across continents.	انٹرنیٹ براعظموں میں لوگوں کو جوڑتا ہے۔	Urdu (Standard)	South Asia	SACOR_10
I woke up early this morning.	میں آج صبح جلدی اٹھا۔	Urdu (Standard)	South Asia	SACOR_07
Education opens doors to opportunities.	تعلیم مواقع کے دروازے کھولتی ہے۔	Urdu (Standard)	South Asia	SACOR_06
The teacher explained the lesson patiently.	استاد نے صبر سے سبق سمجھایا۔	Urdu (Standard)	South Asia	SACOR_08
Children were playing cricket in the street.	بچے سڑک پر کرکٹ کھیل رہے تھے۔	Urdu (Standard)	South Asia	SACOR_04
The wedding ceremony lasted three days.	شادی کی تقریب تین دن تک چلی۔	Urdu (Standard)	South Asia	SACOR_09
People celebrate festivals with great joy.	لوگ بہت خوشی سے تہوار مناتے ہیں۔	Urdu (Standard)	South Asia	SACOR_06
Birds were chirping in the trees.	پرندے درختوں میں چہچہا رہے تھے۔	Urdu (Standard)	South Asia	SACOR_04
Doctors work long hours to treat patients.	ڈاکٹر مریضوں کا علاج کرنے کے لیے لمبے گھنٹے کام کرتے ہیں۔	Urdu (Standard)	South Asia	SACOR_08
Regular exercise helps maintain good health.	منظم ورزش اچھی صحت برقرار رکھنے میں مدد کرتی ہے۔	Urdu (Standard)	South Asia	SACOR_06
Small businesses create employment opportunities.	چھوٹے کاروبار روزگار کے مواقع پیدا کرتے ہیں۔	Urdu (Standard)	South Asia	SACOR_02
Farmers wake up early to tend to crops.	کسان فصلوں کی دیکھ بھال کے لیے جلدی اٹھتے ہیں۔	Urdu (Standard)	South Asia	SACOR_03
Tourism brings revenue to regions with historical sites.	سیاحت تاریخی مقامات والے علاقوں میں آمدنی لاتی ہے۔	Urdu (Standard)	South Asia	SACOR_03
She received a scholarship to study medicine.	اسے طب کی تعلیم کے لیے اسکالرشپ ملی۔	Urdu (Standard)	South Asia	SACOR_01
Clear communication prevents misunderstandings.	صاف رابطہ غلط فہمیوں کو روکتا ہے۔	Urdu (Standard)	South Asia	SACOR_08
Respecting elders is an important value.	بزرگوں کا احترام ایک اہم قدر ہے۔	Urdu (Standard)	South Asia	SACOR_03
The forest is home to many wild animals.	جنگل بہت سے جنگلی جانوروں کا گھر ہے۔	Urdu (Standard)	South Asia	SACOR_02
The internet connects people across continents.	انٹرنیٹ براعظموں میں لوگوں کو جوڑتا ہے۔	Urdu (Standard)	South Asia	SACOR_06
Tea is served to guests as a gesture of hospitality.	مہمانوں کو مہمان نوازی کی نشانی کے طور پر چائے پیش کی جاتی ہے۔	Urdu (Standard)	South Asia	SACOR_10
Children learn best when they are interested.	بچے بہترین سیکھتے ہیں جب وہ دلچسپی رکھتے ہیں۔	Urdu (Standard)	South Asia	SACOR_09
Doctors recommend drinking plenty of water.	ڈاکٹر زیادہ پانی پینے کی صلاح دیتے ہیں۔	Urdu (Standard)	South Asia	SACOR_01
Eating fresh fruits provides essential vitamins.	تازہ پھل کھانا ضروری وٹامن فراہم کرتا ہے۔	Urdu (Standard)	South Asia	SACOR_06
Sports teach teamwork and discipline.	کھیل ٹیم ورک اور نظم و ضبط سکھاتے ہیں۔	Urdu (Standard)	South Asia	SACOR_07
Digital payments have made transactions faster.	ڈیجیٹل ادائیگیوں نے معاملات تیز کر دیے ہیں۔	Urdu (Standard)	South Asia	SACOR_01
Handicrafts showcase artistic traditions.	دستی کاریاں فنکارانہ روایات دکھاتی ہیں۔	Urdu (Standard)	South Asia	SACOR_03
She walked slowly through the garden.	وہ باغ میں آہستہ آہستہ چلی۔	Urdu (Standard)	South Asia	SACOR_03
I woke up early this morning.	میں آج صبح جلدی اٹھا۔	Urdu (Standard)	South Asia	SACOR_03
After finishing his work, he sat down.	اپنا کام مکمل کرنے کے بعد، وہ بیٹھ گیا۔	Urdu (Standard)	South Asia	SACOR_05
The professor wrote equations on the blackboard.	پروفیسر نے تختے پر مساوات لکھیں۔	Urdu (Standard)	South Asia	SACOR_08
The river flows peacefully through the valley.	دریا وادی میں پرامن طریقے سے بہتا ہے۔	Urdu (Standard)	South Asia	SACOR_01
Students gathered in the library.	طلباء لائبریری میں جمع ہوئے۔	Urdu (Standard)	South Asia	SACOR_04
Online shopping has become popular.	آن لائن خریداری مقبول ہو گئی ہے۔	Urdu (Standard)	South Asia	SACOR_03
Smartphones have changed how people communicate.	اسمارٹ فونوں نے لوگوں کے رابطے کے طریقے کو تبدیل کر دیا ہے۔	Urdu (Standard)	South Asia	SACOR_02
Learning a new language requires practice.	نئی زبان سیکھنے کے لیے مشق کی ضرورت ہے۔	Urdu (Standard)	South Asia	SACOR_04
Farmers planted rice in the flooded fields.	کسانوں نے پانی والے کھیتوں میں چاول بوئے۔	Urdu (Standard)	South Asia	SACOR_04
The bus arrived late.	بس دیر سے پہنچی۔	Urdu (Standard)	South Asia	SACOR_08
Train journeys offer scenic views.	ریل کے سفر مناظر کے نظارے پیش کرتے ہیں۔	Urdu (Standard)	South Asia	SACOR_09
Reading books improves vocabulary.	کتابیں پڑھنا ذخیرہ الفاظ بہتر بناتا ہے۔	Urdu (Standard)	South Asia	SACOR_01
We decided to visit the old temple.	ہم نے پرانے مندر کا دورہ کرنے کا فیصلہ کیا۔	Urdu (Standard)	South Asia	SACOR_01
Agriculture remains the primary source of income.	زراعت آمدنی کا بنیادی ذریعہ رہتی ہے۔	Urdu (Standard)	South Asia	SACOR_07
Family members support each other during difficult times.	خاندان کے ممبر مشکل وقتوں میں ایک دوسرے کی مدد کرتے ہیں۔	Urdu (Standard)	South Asia	SACOR_09
Storytelling preserves culture and knowledge.	کہانی سنانا ثقافت اور علم کو محفوظ رکھتا ہے۔	Urdu (Standard)	South Asia	SACOR_05
She cooked delicious biryani for the family.	اس نے خاندان کے لیے مزیدار بریانی پکائی۔	Urdu (Standard)	South Asia	SACOR_01
My grandmother told me stories.	میری دادی نے مجھے کہانیاں سنائیں۔	Urdu (Standard)	South Asia	SACOR_10
The market was crowded with people.	بازار لوگوں سے بھرا ہوا تھا۔	Urdu (Standard)	South Asia	SACOR_07
Cooking together brings family members closer.	مل کر کھانا پکانا خاندان کے ممبروں کو قریب لاتا ہے۔	Urdu (Standard)	South Asia	SACOR_05
Spices add flavor to traditional dishes.	مصالحے روایتی کھانوں میں ذائقہ بڑھاتے ہیں۔	Urdu (Standard)	South Asia	SACOR_03
Pollution in cities has become a serious problem.	شہروں میں آلودگی ایک سنجیدہ مسئلہ بن گئی ہے۔	Urdu (Standard)	South Asia	SACOR_10
Teachers shape young minds.	استاد نوجوان ذہنوں کو شکل دیتے ہیں۔	Urdu (Standard)	South Asia	SACOR_04
Traditional music is important for our heritage.	روایتی موسیقی ہماری وراثت کے لیے اہم ہے۔	Urdu (Standard)	South Asia	SACOR_09
The school organized a science fair.	اسکول نے سائنس میلہ منظم کیا۔	Urdu (Standard)	South Asia	SACOR_06
Elderly people share wisdom and stories.	بزرگ لوگ حکمت اور کہانیاں بانٹتے ہیں۔	Urdu (Standard)	South Asia	SACOR_06
Cricket is a popular sport.	کرکٹ ایک مقبول کھیل ہے۔	Urdu (Standard)	South Asia	SACOR_06
Parents sacrifice their own needs for children.	والدین بچوں کے لیے اپنی ضرورتیں قربان کرتے ہیں۔	Urdu (Standard)	South Asia	SACOR_01
People travel long distances to visit religious sites.	لوگ مذہبی مقامات دیکھنے کے لیے لمبی دوریاں طے کرتے ہیں۔	Urdu (Standard)	South Asia	SACOR_08
Children were playing cricket in the street.	بچے سڑک پر کرکٹ کھیل رہے تھے۔	Urdu (Standard)	South Asia	SACOR_10
Cricket is a popular sport.	کرکٹ ایک مقبول کھیل ہے۔	Urdu (Standard)	South Asia	SACOR_04
Elderly people share wisdom and stories.	بزرگ لوگ حکمت اور کہانیاں بانٹتے ہیں۔	Urdu (Standard)	South Asia	SACOR_03
She received a scholarship to study medicine.	اسے طب کی تعلیم کے لیے اسکالرشپ ملی۔	Urdu (Standard)	South Asia	SACOR_01
People celebrate festivals with great joy.	لوگ بہت خوشی سے تہوار مناتے ہیں۔	Urdu (Standard)	South Asia	SACOR_01
Farmers planted rice in the flooded fields.	کسانوں نے پانی والے کھیتوں میں چاول بوئے۔	Urdu (Standard)	South Asia	SACOR_09
After finishing his work, he sat down.	اپنا کام مکمل کرنے کے بعد، وہ بیٹھ گیا۔	Urdu (Standard)	South Asia	SACOR_03
Tourism brings revenue to regions with historical sites.	سیاحت تاریخی مقامات والے علاقوں میں آمدنی لاتی ہے۔	Urdu (Standard)	South Asia	SACOR_03
Agriculture remains the primary source of income.	زراعت آمدنی کا بنیادی ذریعہ رہتی ہے۔	Urdu (Standard)	South Asia	SACOR_05
Eating fresh fruits provides essential vitamins.	تازہ پھل کھانا ضروری وٹامن فراہم کرتا ہے۔	Urdu (Standard)	South Asia	SACOR_05
Learning a new language requires practice.	نئی زبان سیکھنے کے لیے مشق کی ضرورت ہے۔	Urdu (Standard)	South Asia	SACOR_10
The wedding ceremony lasted three days.	شادی کی تقریب تین دن تک چلی۔	Urdu (Standard)	South Asia	SACOR_02
We decided to visit the old temple.	ہم نے پرانے مندر کا دورہ کرنے کا فیصلہ کیا۔	Urdu (Standard)	South Asia	SACOR_04
Pollution in cities has become a serious problem.	شہروں میں آلودگی ایک سنجیدہ مسئلہ بن گئی ہے۔	Urdu (Standard)	South Asia	SACOR_01
Traditional music is important for our heritage.	روایتی موسیقی ہماری وراثت کے لیے اہم ہے۔	Urdu (Standard)	South Asia	SACOR_07
Students gathered in the library.	طلباء لائبریری میں جمع ہوئے۔	Urdu (Standard)	South Asia	SACOR_02
The internet connects people across continents.	انٹرنیٹ براعظموں میں لوگوں کو جوڑتا ہے۔	Urdu (Standard)	South Asia	SACOR_01
Tea is served to guests as a gesture of hospitality.	مہمانوں کو مہمان نوازی کی نشانی کے طور پر چائے پیش کی جاتی ہے۔	Urdu (Standard)	South Asia	SACOR_09
Doctors work long hours to treat patients.	ڈاکٹر مریضوں کا علاج کرنے کے لیے لمبے گھنٹے کام کرتے ہیں۔	Urdu (Standard)	South Asia	SACOR_06
Reading books improves vocabulary.	کتابیں پڑھنا ذخیرہ الفاظ بہتر بناتا ہے۔	Urdu (Standard)	South Asia	SACOR_06
The forest is home to many wild animals.	جنگل بہت سے جنگلی جانوروں کا گھر ہے۔	Urdu (Standard)	South Asia	SACOR_08
Family members support each other during difficult times.	خاندان کے ممبر مشکل وقتوں میں ایک دوسرے کی مدد کرتے ہیں۔	Urdu (Standard)	South Asia	SACOR_01
Digital payments have made transactions faster.	ڈیجیٹل ادائیگیوں نے معاملات تیز کر دیے ہیں۔	Urdu (Standard)	South Asia	SACOR_05
Small businesses create employment opportunities.	چھوٹے کاروبار روزگار کے مواقع پیدا کرتے ہیں۔	Urdu (Standard)	South Asia	SACOR_02
The professor wrote equations on the blackboard.	پروفیسر نے تختے پر مساوات لکھیں۔	Urdu (Standard)	South Asia	SACOR_10
Parents sacrifice their own needs for children.	والدین بچوں کے لیے اپنی ضرورتیں قربان کرتے ہیں۔	Urdu (Standard)	South Asia	SACOR_04
Birds were chirping in the trees.	پرندے درختوں میں چہچہا رہے تھے۔	Urdu (Standard)	South Asia	SACOR_07
Spices add flavor to traditional dishes.	مصالحے روایتی کھانوں میں ذائقہ بڑھاتے ہیں۔	Urdu (Standard)	South Asia	SACOR_05
Education opens doors to opportunities.	تعلیم مواقع کے دروازے کھولتی ہے۔	Urdu (Standard)	South Asia	SACOR_01
Sports teach teamwork and discipline.	کھیل ٹیم ورک اور نظم و ضبط سکھاتے ہیں۔	Urdu (Standard)	South Asia	SACOR_07
Clear communication prevents misunderstandings.	صاف رابطہ غلط فہمیوں کو روکتا ہے۔	Urdu (Standard)	South Asia	SACOR_05
She walked slowly through the garden.	وہ باغ میں آہستہ آہستہ چلی۔	Urdu (Standard)	South Asia	SACOR_02
Train journeys offer scenic views.	ریل کے سفر مناظر کے نظارے پیش کرتے ہیں۔	Urdu (Standard)	South Asia	SACOR_06
The teacher explained the lesson patiently.	استاد نے صبر سے سبق سمجھایا۔	Urdu (Standard)	South Asia	SACOR_02
She cooked delicious biryani for the family.	اس نے خاندان کے لیے مزیدار بریانی پکائی۔	Urdu (Standard)	South Asia	SACOR_02
Teachers shape young minds.	استاد نوجوان ذہنوں کو شکل دیتے ہیں۔	Urdu (Standard)	South Asia	SACOR_09
The bus arrived late.	بس دیر سے پہنچی۔	Urdu (Standard)	South Asia	SACOR_03
The river flows peacefully through the valley.	دریا وادی میں پرامن طریقے سے بہتا ہے۔	Urdu (Standard)	South Asia	SACOR_03
The market was crowded with people.	بازار لوگوں سے بھرا ہوا تھا۔	Urdu (Standard)	South Asia	SACOR_03
Handicrafts showcase artistic traditions.	دستی کاریاں فنکارانہ روایات دکھاتی ہیں۔	Urdu (Standard)	South Asia	SACOR_05
People travel long distances to visit religious sites.	لوگ مذہبی مقامات دیکھنے کے لیے لمبی دوریاں طے کرتے ہیں۔	Urdu (Standard)	South Asia	SACOR_02
Children learn best when they are interested.	بچے بہترین سیکھتے ہیں جب وہ دلچسپی رکھتے ہیں۔	Urdu (Standard)	South Asia	SACOR_04
My grandmother told me stories.	میری دادی نے مجھے کہانیاں سنائیں۔	Urdu (Standard)	South Asia	SACOR_03
Smartphones have changed how people communicate.	اسمارٹ فونوں نے لوگوں کے رابطے کے طریقے کو تبدیل کر دیا ہے۔	Urdu (Standard)	South Asia	SACOR_10
Storytelling preserves culture and knowledge.	کہانی سنانا ثقافت اور علم کو محفوظ رکھتا ہے۔	Urdu (Standard)	South Asia	SACOR_06
I woke up early this morning.	میں آج صبح جلدی اٹھا۔	Urdu (Standard)	South Asia	SACOR_01
Online shopping has become popular.	آن لائن خریداری مقبول ہو گئی ہے۔	Urdu (Standard)	South Asia	SACOR_02
Cooking together brings family members closer.	مل کر کھانا پکانا خاندان کے ممبروں کو قریب لاتا ہے۔	Urdu (Standard)	South Asia	SACOR_01
Doctors recommend drinking plenty of water.	ڈاکٹر زیادہ پانی پینے کی صلاح دیتے ہیں۔	Urdu (Standard)	South Asia	SACOR_03
Regular exercise helps maintain good health.	منظم ورزش اچھی صحت برقرار رکھنے میں مدد کرتی ہے۔	Urdu (Standard)	South Asia	SACOR_04
The school organized a science fair.	اسکول نے سائنس میلہ منظم کیا۔	Urdu (Standard)	South Asia	SACOR_03
Farmers wake up early to tend to crops.	کسان فصلوں کی دیکھ بھال کے لیے جلدی اٹھتے ہیں۔	Urdu (Standard)	South Asia	SACOR_04
Respecting elders is an important value.	بزرگوں کا احترام ایک اہم قدر ہے۔	Urdu (Standard)	South Asia	SACOR_03
Children were playing cricket in the street.	بچے سڑک پر کرکٹ کھیل رہے تھے۔	Urdu (Standard)	South Asia	SACOR_02
Train journeys offer scenic views.	ریل کے سفر مناظر کے نظارے پیش کرتے ہیں۔	Urdu (Standard)	South Asia	SACOR_04
Online shopping has become popular.	آن لائن خریداری مقبول ہو گئی ہے۔	Urdu (Standard)	South Asia	SACOR_10
Parents sacrifice their own needs for children.	والدین بچوں کے لیے اپنی ضرورتیں قربان کرتے ہیں۔	Urdu (Standard)	South Asia	SACOR_10
People travel long distances to visit religious sites.	لوگ مذہبی مقامات دیکھنے کے لیے لمبی دوریاں طے کرتے ہیں۔	Urdu (Standard)	South Asia	SACOR_03
Handicrafts showcase artistic traditions.	دستی کاریاں فنکارانہ روایات دکھاتی ہیں۔	Urdu (Standard)	South Asia	SACOR_09
Tourism brings revenue to regions with historical sites.	سیاحت تاریخی مقامات والے علاقوں میں آمدنی لاتی ہے۔	Urdu (Standard)	South Asia	SACOR_06
The bus arrived late.	بس دیر سے پہنچی۔	Urdu (Standard)	South Asia	SACOR_09
Learning a new language requires practice.	نئی زبان سیکھنے کے لیے مشق کی ضرورت ہے۔	Urdu (Standard)	South Asia	SACOR_02
The wedding ceremony lasted three days.	شادی کی تقریب تین دن تک چلی۔	Urdu (Standard)	South Asia	SACOR_05
Regular exercise helps maintain good health.	منظم ورزش اچھی صحت برقرار رکھنے میں مدد کرتی ہے۔	Urdu (Standard)	South Asia	SACOR_03
Agriculture remains the primary source of income.	زراعت آمدنی کا بنیادی ذریعہ رہتی ہے۔	Urdu (Standard)	South Asia	SACOR_08
Eating fresh fruits provides essential vitamins.	تازہ پھل کھانا ضروری وٹامن فراہم کرتا ہے۔	Urdu (Standard)	South Asia	SACOR_04
Smartphones have changed how people communicate.	اسمارٹ فونوں نے لوگوں کے رابطے کے طریقے کو تبدیل کر دیا ہے۔	Urdu (Standard)	South Asia	SACOR_06
Birds were chirping in the trees.	پرندے درختوں میں چہچہا رہے تھے۔	Urdu (Standard)	South Asia	SACOR_01
The professor wrote equations on the blackboard.	پروفیسر نے تختے پر مساوات لکھیں۔	Urdu (Standard)	South Asia	SACOR_03
She received a scholarship to study medicine.	اسے طب کی تعلیم کے لیے اسکالرشپ ملی۔	Urdu (Standard)	South Asia	SACOR_03
Small businesses create employment opportunities.	چھوٹے کاروبار روزگار کے مواقع پیدا کرتے ہیں۔	Urdu (Standard)	South Asia	SACOR_02
Traditional music is important for our heritage.	روایتی موسیقی ہماری وراثت کے لیے اہم ہے۔	Urdu (Standard)	South Asia	SACOR_05
Farmers wake up early to tend to crops.	کسان فصلوں کی دیکھ بھال کے لیے جلدی اٹھتے ہیں۔	Urdu (Standard)	South Asia	SACOR_10
Cricket is a popular sport.	کرکٹ ایک مقبول کھیل ہے۔	Urdu (Standard)	South Asia	SACOR_02
Storytelling preserves culture and knowledge.	کہانی سنانا ثقافت اور علم کو محفوظ رکھتا ہے۔	Urdu (Standard)	South Asia	SACOR_07
Doctors recommend drinking plenty of water.	ڈاکٹر زیادہ پانی پینے کی صلاح دیتے ہیں۔	Urdu (Standard)	South Asia	SACOR_02
Students gathered in the library.	طلباء لائبریری میں جمع ہوئے۔	Urdu (Standard)	South Asia	SACOR_01
After finishing his work, he sat down.	اپنا کام مکمل کرنے کے بعد، وہ بیٹھ گیا۔	Urdu (Standard)	South Asia	SACOR_02
Tea is served to guests as a gesture of hospitality.	مہمانوں کو مہمان نوازی کی نشانی کے طور پر چائے پیش کی جاتی ہے۔	Urdu (Standard)	South Asia	SACOR_10
My grandmother told me stories.	میری دادی نے مجھے کہانیاں سنائیں۔	Urdu (Standard)	South Asia	SACOR_10
Children learn best when they are interested.	بچے بہترین سیکھتے ہیں جب وہ دلچسپی رکھتے ہیں۔	Urdu (Standard)	South Asia	SACOR_06
Sports teach teamwork and discipline.	کھیل ٹیم ورک اور نظم و ضبط سکھاتے ہیں۔	Urdu (Standard)	South Asia	SACOR_04
Clear communication prevents misunderstandings.	صاف رابطہ غلط فہمیوں کو روکتا ہے۔	Urdu (Standard)	South Asia	SACOR_03
The forest is home to many wild animals.	جنگل بہت سے جنگلی جانوروں کا گھر ہے۔	Urdu (Standard)	South Asia	SACOR_02
Reading books improves vocabulary.	کتابیں پڑھنا ذخیرہ الفاظ بہتر بناتا ہے۔	Urdu (Standard)	South Asia	SACOR_01
Cooking together brings family members closer.	مل کر کھانا پکانا خاندان کے ممبروں کو قریب لاتا ہے۔	Urdu (Standard)	South Asia	SACOR_06
I woke up early this morning.	میں آج صبح جلدی اٹھا۔	Urdu (Standard)	South Asia	SACOR_10
Doctors work long hours to treat patients.	ڈاکٹر مریضوں کا علاج کرنے کے لیے لمبے گھنٹے کام کرتے ہیں۔	Urdu (Standard)	South Asia	SACOR_08
She walked slowly through the garden.	وہ باغ میں آہستہ آہستہ چلی۔	Urdu (Standard)	South Asia	SACOR_09
Elderly people share wisdom and stories.	بزرگ لوگ حکمت اور کہانیاں بانٹتے ہیں۔	Urdu (Standard)	South Asia	SACOR_05
Respecting elders is an important value.	بزرگوں کا احترام ایک اہم قدر ہے۔	Urdu (Standard)	South Asia	SACOR_03
She cooked delicious biryani for the family.	اس نے خاندان کے لیے مزیدار بریانی پکائی۔	Urdu (Standard)	South Asia	SACOR_09
Family members support each other during difficult times.	خاندان کے ممبر مشکل وقتوں میں ایک دوسرے کی مدد کرتے ہیں۔	Urdu (Standard)	South Asia	SACOR_02
The school organized a science fair.	اسکول نے سائنس میلہ منظم کیا۔	Urdu (Standard)	South Asia	SACOR_05
Digital payments have made transactions faster.	ڈیجیٹل ادائیگیوں نے معاملات تیز کر دیے ہیں۔	Urdu (Standard)	South Asia	SACOR_04
People celebrate festivals with great joy.	لوگ بہت خوشی سے تہوار مناتے ہیں۔	Urdu (Standard)	South Asia	SACOR_06
Pollution in cities has become a serious problem.	شہروں میں آلودگی ایک سنجیدہ مسئلہ بن گئی ہے۔	Urdu (Standard)	South Asia	SACOR_02
The market was crowded with people.	بازار لوگوں سے بھرا ہوا تھا۔	Urdu (Standard)	South Asia	SACOR_10
We decided to visit the old temple.	ہم نے پرانے مندر کا دورہ کرنے کا فیصلہ کیا۔	Urdu (Standard)	South Asia	SACOR_05
The internet connects people across continents.	انٹرنیٹ براعظموں میں لوگوں کو جوڑتا ہے۔	Urdu (Standard)	South Asia	SACOR_02
The teacher explained the lesson patiently.	استاد نے صبر سے سبق سمجھایا۔	Urdu (Standard)	South Asia	SACOR_10
The river flows peacefully through the valley.	دریا وادی میں پرامن طریقے سے بہتا ہے۔	Urdu (Standard)	South Asia	SACOR_10
Education opens doors to opportunities.	تعلیم مواقع کے دروازے کھولتی ہے۔	Urdu (Standard)	South Asia	SACOR_08
Farmers planted rice in the flooded fields.	کسانوں نے پانی والے کھیتوں میں چاول بوئے۔	Urdu (Standard)	South Asia	SACOR_10
Spices add flavor to traditional dishes.	مصالحے روایتی کھانوں میں ذائقہ بڑھاتے ہیں۔	Urdu (Standard)	South Asia	SACOR_09
Teachers shape young minds.	استاد نوجوان ذہنوں کو شکل دیتے ہیں۔	Urdu (Standard)	South Asia	SACOR_02
The market was crowded with people.	بازار لوگوں سے بھرا ہوا تھا۔	Urdu (Standard)	South Asia	SACOR_08
Pollution in cities has become a serious problem.	شہروں میں آلودگی ایک سنجیدہ مسئلہ بن گئی ہے۔	Urdu (Standard)	South Asia	SACOR_07
Parents sacrifice their own needs for children.	والدین بچوں کے لیے اپنی ضرورتیں قربان کرتے ہیں۔	Urdu (Standard)	South Asia	SACOR_04
People celebrate festivals with great joy.	لوگ بہت خوشی سے تہوار مناتے ہیں۔	Urdu (Standard)	South Asia	SACOR_01
Online shopping has become popular.	آن لائن خریداری مقبول ہو گئی ہے۔	Urdu (Standard)	South Asia	SACOR_02
The river flows peacefully through the valley.	دریا وادی میں پرامن طریقے سے بہتا ہے۔	Urdu (Standard)	South Asia	SACOR_10
Elderly people share wisdom and stories.	بزرگ لوگ حکمت اور کہانیاں بانٹتے ہیں۔	Urdu (Standard)	South Asia	SACOR_02
Learning a new language requires practice.	نئی زبان سیکھنے کے لیے مشق کی ضرورت ہے۔	Urdu (Standard)	South Asia	SACOR_02
The professor wrote equations on the blackboard.	پروفیسر نے تختے پر مساوات لکھیں۔	Urdu (Standard)	South Asia	SACOR_06
Cricket is a popular sport.	کرکٹ ایک مقبول کھیل ہے۔	Urdu (Standard)	South Asia	SACOR_05
Regular exercise helps maintain good health.	منظم ورزش اچھی صحت برقرار رکھنے میں مدد کرتی ہے۔	Urdu (Standard)	South Asia	SACOR_04
Spices add flavor to traditional dishes.	مصالحے روایتی کھانوں میں ذائقہ بڑھاتے ہیں۔	Urdu (Standard)	South Asia	SACOR_02
We decided to visit the old temple.	ہم نے پرانے مندر کا دورہ کرنے کا فیصلہ کیا۔	Urdu (Standard)	South Asia	SACOR_07
Farmers planted rice in the flooded fields.	کسانوں نے پانی والے کھیتوں میں چاول بوئے۔	Urdu (Standard)	South Asia	SACOR_08
Cooking together brings family members closer.	مل کر کھانا پکانا خاندان کے ممبروں کو قریب لاتا ہے۔	Urdu (Standard)	South Asia	SACOR_01
Education opens doors to opportunities.	تعلیم مواقع کے دروازے کھولتی ہے۔	Urdu (Standard)	South Asia	SACOR_02
Respecting elders is an important value.	بزرگوں کا احترام ایک اہم قدر ہے۔	Urdu (Standard)	South Asia	SACOR_05
People travel long distances to visit religious sites.	لوگ مذہبی مقامات دیکھنے کے لیے لمبی دوریاں طے کرتے ہیں۔	Urdu (Standard)	South Asia	SACOR_02
She walked slowly through the garden.	وہ باغ میں آہستہ آہستہ چلی۔	Urdu (Standard)	South Asia	SACOR_01
I woke up early this morning.	میں آج صبح جلدی اٹھا۔	Urdu (Standard)	South Asia	SACOR_05
Teachers shape young minds.	استاد نوجوان ذہنوں کو شکل دیتے ہیں۔	Urdu (Standard)	South Asia	SACOR_09
My grandmother told me stories.	میری دادی نے مجھے کہانیاں سنائیں۔	Urdu (Standard)	South Asia	SACOR_09
Eating fresh fruits provides essential vitamins.	تازہ پھل کھانا ضروری وٹامن فراہم کرتا ہے۔	Urdu (Standard)	South Asia	SACOR_03
After finishing his work, he sat down.	اپنا کام مکمل کرنے کے بعد، وہ بیٹھ گیا۔	Urdu (Standard)	South Asia	SACOR_01
Family members support each other during difficult times.	خاندان کے ممبر مشکل وقتوں میں ایک دوسرے کی مدد کرتے ہیں۔	Urdu (Standard)	South Asia	SACOR_07
Smartphones have changed how people communicate.	اسمارٹ فونوں نے لوگوں کے رابطے کے طریقے کو تبدیل کر دیا ہے۔	Urdu (Standard)	South Asia	SACOR_05
Reading books improves vocabulary.	کتابیں پڑھنا ذخیرہ الفاظ بہتر بناتا ہے۔	Urdu (Standard)	South Asia	SACOR_06
Tourism brings revenue to regions with historical sites.	سیاحت تاریخی مقامات والے علاقوں میں آمدنی لاتی ہے۔	Urdu (Standard)	South Asia	SACOR_07
The teacher explained the lesson patiently.	استاد نے صبر سے سبق سمجھایا۔	Urdu (Standard)	South Asia	SACOR_03
Agriculture remains the primary source of income.	زراعت آمدنی کا بنیادی ذریعہ رہتی ہے۔	Urdu (Standard)	South Asia	SACOR_01
Digital payments have made transactions faster.	ڈیجیٹل ادائیگیوں نے معاملات تیز کر دیے ہیں۔	Urdu (Standard)	South Asia	SACOR_01
Handicrafts showcase artistic traditions.	دستی کاریاں فنکارانہ روایات دکھاتی ہیں۔	Urdu (Standard)	South Asia	SACOR_10
Children were playing cricket in the street.	بچے سڑک پر کرکٹ کھیل رہے تھے۔	Urdu (Standard)	South Asia	SACOR_09
Doctors work long hours to treat patients.	ڈاکٹر مریضوں کا علاج کرنے کے لیے لمبے گھنٹے کام کرتے ہیں۔	Urdu (Standard)	South Asia	SACOR_04
Clear communication prevents misunderstandings.	صاف رابطہ غلط فہمیوں کو روکتا ہے۔	Urdu (Standard)	South Asia	SACOR_03
Tea is served to guests as a gesture of hospitality.	مہمانوں کو مہمان نوازی کی نشانی کے طور پر چائے پیش کی جاتی ہے۔	Urdu (Standard)	South Asia	SACOR_08
Storytelling preserves culture and knowledge.	کہانی سنانا ثقافت اور علم کو محفوظ رکھتا ہے۔	Urdu (Standard)	South Asia	SACOR_04
She cooked delicious biryani for the family.	اس نے خاندان کے لیے مزیدار بریانی پکائی۔	Urdu (Standard)	South Asia	SACOR_07
She received a scholarship to study medicine.	اسے طب کی تعلیم کے لیے اسکالرشپ ملی۔	Urdu (Standard)	South Asia	SACOR_06
Small businesses create employment opportunities.	چھوٹے کاروبار روزگار کے مواقع پیدا کرتے ہیں۔	Urdu (Standard)	South Asia	SACOR_03
Train journeys offer scenic views.	ریل کے سفر مناظر کے نظارے پیش کرتے ہیں۔	Urdu (Standard)	South Asia	SACOR_10
Birds were chirping in the trees.	پرندے درختوں میں چہچہا رہے تھے۔	Urdu (Standard)	South Asia	SACOR_04
Sports teach teamwork and discipline.	کھیل ٹیم ورک اور نظم و ضبط سکھاتے ہیں۔	Urdu (Standard)	South Asia	SACOR_10
Farmers wake up early to tend to crops.	کسان فصلوں کی دیکھ بھال کے لیے جلدی اٹھتے ہیں۔	Urdu (Standard)	South Asia	SACOR_08
Doctors recommend drinking plenty of water.	ڈاکٹر زیادہ پانی پینے کی صلاح دیتے ہیں۔	Urdu (Standard)	South Asia	SACOR_03
The school organized a science fair.	اسکول نے سائنس میلہ منظم کیا۔	Urdu (Standard)	South Asia	SACOR_06
The forest is home to many wild animals.	جنگل بہت سے جنگلی جانوروں کا گھر ہے۔	Urdu (Standard)	South Asia	SACOR_03
Traditional music is important for our heritage.	روایتی موسیقی ہماری وراثت کے لیے اہم ہے۔	Urdu (Standard)	South Asia	SACOR_01
Students gathered in the library.	طلباء لائبریری میں جمع ہوئے۔	Urdu (Standard)	South Asia	SACOR_06
Children learn best when they are interested.	بچے بہترین سیکھتے ہیں جب وہ دلچسپی رکھتے ہیں۔	Urdu (Standard)	South Asia	SACOR_07
The internet connects people across continents.	انٹرنیٹ براعظموں میں لوگوں کو جوڑتا ہے۔	Urdu (Standard)	South Asia	SACOR_06
The bus arrived late.	بس دیر سے پہنچی۔	Urdu (Standard)	South Asia	SACOR_07
The wedding ceremony lasted three days.	شادی کی تقریب تین دن تک چلی۔	Urdu (Standard)	South Asia	SACOR_08
The internet connects people across continents.	انٹرنیٹ براعظموں میں لوگوں کو جوڑتا ہے۔	Urdu (Standard)	South Asia	SACOR_10
My grandmother told me stories.	میری دادی نے مجھے کہانیاں سنائیں۔	Urdu (Standard)	South Asia	SACOR_02
Smartphones have changed how people communicate.	اسمارٹ فونوں نے لوگوں کے رابطے کے طریقے کو تبدیل کر دیا ہے۔	Urdu (Standard)	South Asia	SACOR_07
The bus arrived late.	بس دیر سے پہنچی۔	Urdu (Standard)	South Asia	SACOR_08
The wedding ceremony lasted three days.	شادی کی تقریب تین دن تک چلی۔	Urdu (Standard)	South Asia	SACOR_02
The river flows peacefully through the valley.	دریا وادی میں پرامن طریقے سے بہتا ہے۔	Urdu (Standard)	South Asia	SACOR_03
Small businesses create employment opportunities.	چھوٹے کاروبار روزگار کے مواقع پیدا کرتے ہیں۔	Urdu (Standard)	South Asia	SACOR_08
Birds were chirping in the trees.	پرندے درختوں میں چہچہا رہے تھے۔	Urdu (Standard)	South Asia	SACOR_10
Farmers wake up early to tend to crops.	کسان فصلوں کی دیکھ بھال کے لیے جلدی اٹھتے ہیں۔	Urdu (Standard)	South Asia	SACOR_05
Cooking together brings family members closer.	مل کر کھانا پکانا خاندان کے ممبروں کو قریب لاتا ہے۔	Urdu (Standard)	South Asia	SACOR_05
Doctors work long hours to treat patients.	ڈاکٹر مریضوں کا علاج کرنے کے لیے لمبے گھنٹے کام کرتے ہیں۔	Urdu (Standard)	South Asia	SACOR_01
Respecting elders is an important value.	بزرگوں کا احترام ایک اہم قدر ہے۔	Urdu (Standard)	South Asia	SACOR_02
We decided to visit the old temple.	ہم نے پرانے مندر کا دورہ کرنے کا فیصلہ کیا۔	Urdu (Standard)	South Asia	SACOR_04
She received a scholarship to study medicine.	اسے طب کی تعلیم کے لیے اسکالرشپ ملی۔	Urdu (Standard)	South Asia	SACOR_01
Regular exercise helps maintain good health.	منظم ورزش اچھی صحت برقرار رکھنے میں مدد کرتی ہے۔	Urdu (Standard)	South Asia	SACOR_06
Online shopping has become popular.	آن لائن خریداری مقبول ہو گئی ہے۔	Urdu (Standard)	South Asia	SACOR_10
Farmers planted rice in the flooded fields.	کسانوں نے پانی والے کھیتوں میں چاول بوئے۔	Urdu (Standard)	South Asia	SACOR_08
Students gathered in the library.	طلباء لائبریری میں جمع ہوئے۔	Urdu (Standard)	South Asia	SACOR_03
The professor wrote equations on the blackboard.	پروفیسر نے تختے پر مساوات لکھیں۔	Urdu (Standard)	South Asia	SACOR_06
People celebrate festivals with great joy.	لوگ بہت خوشی سے تہوار مناتے ہیں۔	Urdu (Standard)	South Asia	SACOR_04
Handicrafts showcase artistic traditions.	دستی کاریاں فنکارانہ روایات دکھاتی ہیں۔	Urdu (Standard)	South Asia	SACOR_04
The forest is home to many wild animals.	جنگل بہت سے جنگلی جانوروں کا گھر ہے۔	Urdu (Standard)	South Asia	SACOR_03
She cooked delicious biryani for the family.	اس نے خاندان کے لیے مزیدار بریانی پکائی۔	Urdu (Standard)	South Asia	SACOR_05
Cricket is a popular sport.	کرکٹ ایک مقبول کھیل ہے۔	Urdu (Standard)	South Asia	SACOR_10
Learning a new language requires practice.	نئی زبان سیکھنے کے لیے مشق کی ضرورت ہے۔	Urdu (Standard)	South Asia	SACOR_08
Agriculture remains the primary source of income.	زراعت آمدنی کا بنیادی ذریعہ رہتی ہے۔	Urdu (Standard)	South Asia	SACOR_01
Eating fresh fruits provides essential vitamins.	تازہ پھل کھانا ضروری وٹامن فراہم کرتا ہے۔	Urdu (Standard)	South Asia	SACOR_08
Family members support each other during difficult times.	خاندان کے ممبر مشکل وقتوں میں ایک دوسرے کی مدد کرتے ہیں۔	Urdu (Standard)	South Asia	SACOR_04
Train journeys offer scenic views.	ریل کے سفر مناظر کے نظارے پیش کرتے ہیں۔	Urdu (Standard)	South Asia	SACOR_01
I woke up early this morning.	میں آج صبح جلدی اٹھا۔	Urdu (Standard)	South Asia	SACOR_07
Pollution in cities has become a serious problem.	شہروں میں آلودگی ایک سنجیدہ مسئلہ بن گئی ہے۔	Urdu (Standard)	South Asia	SACOR_09
Elderly people share wisdom and stories.	بزرگ لوگ حکمت اور کہانیاں بانٹتے ہیں۔	Urdu (Standard)	South Asia	SACOR_07
Sports teach teamwork and discipline.	کھیل ٹیم ورک اور نظم و ضبط سکھاتے ہیں۔	Urdu (Standard)	South Asia	SACOR_09
Reading books improves vocabulary.	کتابیں پڑھنا ذخیرہ الفاظ بہتر بناتا ہے۔	Urdu (Standard)	South Asia	SACOR_09
Children learn best when they are interested.	بچے بہترین سیکھتے ہیں جب وہ دلچسپی رکھتے ہیں۔	Urdu (Standard)	South Asia	SACOR_08
Storytelling preserves culture and knowledge.	کہانی سنانا ثقافت اور علم کو محفوظ رکھتا ہے۔	Urdu (Standard)	South Asia	SACOR_09
Doctors recommend drinking plenty of water.	ڈاکٹر زیادہ پانی پینے کی صلاح دیتے ہیں۔	Urdu (Standard)	South Asia	SACOR_07
Parents sacrifice their own needs for children.	والدین بچوں کے لیے اپنی ضرورتیں قربان کرتے ہیں۔	Urdu (Standard)	South Asia	SACOR_02
Traditional music is important for our heritage.	روایتی موسیقی ہماری وراثت کے لیے اہم ہے۔	Urdu (Standard)	South Asia	SACOR_10
Teachers shape young minds.	استاد نوجوان ذہنوں کو شکل دیتے ہیں۔	Urdu (Standard)	South Asia	SACOR_03
Spices add flavor to traditional dishes.	مصالحے روایتی کھانوں میں ذائقہ بڑھاتے ہیں۔	Urdu (Standard)	South Asia	SACOR_01
Clear communication prevents misunderstandings.	صاف رابطہ غلط فہمیوں کو روکتا ہے۔	Urdu (Standard)	South Asia	SACOR_03
Tea is served to guests as a gesture of hospitality.	مہمانوں کو مہمان نوازی کی نشانی کے طور پر چائے پیش کی جاتی ہے۔	Urdu (Standard)	South Asia	SACOR_03
Education opens doors to opportunities.	تعلیم مواقع کے دروازے کھولتی ہے۔	Urdu (Standard)	South Asia	SACOR_09
The market was crowded with people.	بازار لوگوں سے بھرا ہوا تھا۔	Urdu (Standard)	South Asia	SACOR_06
People travel long distances to visit religious sites.	لوگ مذہبی مقامات دیکھنے کے لیے لمبی دوریاں طے کرتے ہیں۔	Urdu (Standard)	South Asia	SACOR_05
After finishing his work, he sat down.	اپنا کام مکمل کرنے کے بعد، وہ بیٹھ گیا۔	Urdu (Standard)	South Asia	SACOR_01
She walked slowly through the garden.	وہ باغ میں آہستہ آہستہ چلی۔	Urdu (Standard)	South Asia	SACOR_05
The teacher explained the lesson patiently.	استاد نے صبر سے سبق سمجھایا۔	Urdu (Standard)	South Asia	SACOR_01
Digital payments have made transactions faster.	ڈیجیٹل ادائیگیوں نے معاملات تیز کر دیے ہیں۔	Urdu (Standard)	South Asia	SACOR_03
Tourism brings revenue to regions with historical sites.	سیاحت تاریخی مقامات والے علاقوں میں آمدنی لاتی ہے۔	Urdu (Standard)	South Asia	SACOR_07
The school organized a science fair.	اسکول نے سائنس میلہ منظم کیا۔	Urdu (Standard)	South Asia	SACOR_02
Children were playing cricket in the street.	بچے سڑک پر کرکٹ کھیل رہے تھے۔	Urdu (Standard)	South Asia	SACOR_07
The river flows peacefully through the valley.	دریا وادی میں پرامن طریقے سے بہتا ہے۔	Urdu (Standard)	South Asia	SACOR_07
The wedding ceremony lasted three days.	شادی کی تقریب تین دن تک چلی۔	Urdu (Standard)	South Asia	SACOR_09
Online shopping has become popular.	آن لائن خریداری مقبول ہو گئی ہے۔	Urdu (Standard)	South Asia	SACOR_05
Tea is served to guests as a gesture of hospitality.	مہمانوں کو مہمان نوازی کی نشانی کے طور پر چائے پیش کی جاتی ہے۔	Urdu (Standard)	South Asia	SACOR_06
Children learn best when they are interested.	بچے بہترین سیکھتے ہیں جب وہ دلچسپی رکھتے ہیں۔	Urdu (Standard)	South Asia	SACOR_01
The internet connects people across continents.	انٹرنیٹ براعظموں میں لوگوں کو جوڑتا ہے۔	Urdu (Standard)	South Asia	SACOR_02
My grandmother told me stories.	میری دادی نے مجھے کہانیاں سنائیں۔	Urdu (Standard)	South Asia	SACOR_06
Pollution in cities has become a serious problem.	شہروں میں آلودگی ایک سنجیدہ مسئلہ بن گئی ہے۔	Urdu (Standard)	South Asia	SACOR_07
Farmers planted rice in the flooded fields.	کسانوں نے پانی والے کھیتوں میں چاول بوئے۔	Urdu (Standard)	South Asia	SACOR_03
After finishing his work, he sat down.	اپنا کام مکمل کرنے کے بعد، وہ بیٹھ گیا۔	Urdu (Standard)	South Asia	SACOR_03
People celebrate festivals with great joy.	لوگ بہت خوشی سے تہوار مناتے ہیں۔	Urdu (Standard)	South Asia	SACOR_06
Students gathered in the library.	طلباء لائبریری میں جمع ہوئے۔	Urdu (Standard)	South Asia	SACOR_09
Spices add flavor to traditional dishes.	مصالحے روایتی کھانوں میں ذائقہ بڑھاتے ہیں۔	Urdu (Standard)	South Asia	SACOR_05
Teachers shape young minds.	استاد نوجوان ذہنوں کو شکل دیتے ہیں۔	Urdu (Standard)	South Asia	SACOR_09
Farmers wake up early to tend to crops.	کسان فصلوں کی دیکھ بھال کے لیے جلدی اٹھتے ہیں۔	Urdu (Standard)	South Asia	SACOR_02
I woke up early this morning.	میں آج صبح جلدی اٹھا۔	Urdu (Standard)	South Asia	SACOR_10
Parents sacrifice their own needs for children.	والدین بچوں کے لیے اپنی ضرورتیں قربان کرتے ہیں۔	Urdu (Standard)	South Asia	SACOR_01
Cooking together brings family members closer.	مل کر کھانا پکانا خاندان کے ممبروں کو قریب لاتا ہے۔	Urdu (Standard)	South Asia	SACOR_07
She walked slowly through the garden.	وہ باغ میں آہستہ آہستہ چلی۔	Urdu (Standard)	South Asia	SACOR_01
She received a scholarship to study medicine.	اسے طب کی تعلیم کے لیے اسکالرشپ ملی۔	Urdu (Standard)	South Asia	SACOR_05
Agriculture remains the primary source of income.	زراعت آمدنی کا بنیادی ذریعہ رہتی ہے۔	Urdu (Standard)	South Asia	SACOR_06
People travel long distances to visit religious sites.	لوگ مذہبی مقامات دیکھنے کے لیے لمبی دوریاں طے کرتے ہیں۔	Urdu (Standard)	South Asia	SACOR_10
Small businesses create employment opportunities.	چھوٹے کاروبار روزگار کے مواقع پیدا کرتے ہیں۔	Urdu (Standard)	South Asia	SACOR_09
Children were playing cricket in the street.	بچے سڑک پر کرکٹ کھیل رہے تھے۔	Urdu (Standard)	South Asia	SACOR_03
Reading books improves vocabulary.	کتابیں پڑھنا ذخیرہ الفاظ بہتر بناتا ہے۔	Urdu (Standard)	South Asia	SACOR_08
The teacher explained the lesson patiently.	استاد نے صبر سے سبق سمجھایا۔	Urdu (Standard)	South Asia	SACOR_09
Regular exercise helps maintain good health.	منظم ورزش اچھی صحت برقرار رکھنے میں مدد کرتی ہے۔	Urdu (Standard)	South Asia	SACOR_02
Eating fresh fruits provides essential vitamins.	تازہ پھل کھانا ضروری وٹامن فراہم کرتا ہے۔	Urdu (Standard)	South Asia	SACOR_05
Clear communication prevents misunderstandings.	صاف رابطہ غلط فہمیوں کو روکتا ہے۔	Urdu (Standard)	South Asia	SACOR_08
Doctors work long hours to treat patients.	ڈاکٹر مریضوں کا علاج کرنے کے لیے لمبے گھنٹے کام کرتے ہیں۔	Urdu (Standard)	South Asia	SACOR_01
Learning a new language requires practice.	نئی زبان سیکھنے کے لیے مشق کی ضرورت ہے۔	Urdu (Standard)	South Asia	SACOR_06
Handicrafts showcase artistic traditions.	دستی کاریاں فنکارانہ روایات دکھاتی ہیں۔	Urdu (Standard)	South Asia	SACOR_07
Train journeys offer scenic views.	ریل کے سفر مناظر کے نظارے پیش کرتے ہیں۔	Urdu (Standard)	South Asia	SACOR_05
Doctors recommend drinking plenty of water.	ڈاکٹر زیادہ پانی پینے کی صلاح دیتے ہیں۔	Urdu (Standard)	South Asia	SACOR_10
Sports teach teamwork and discipline.	کھیل ٹیم ورک اور نظم و ضبط سکھاتے ہیں۔	Urdu (Standard)	South Asia	SACOR_08
Respecting elders is an important value.	بزرگوں کا احترام ایک اہم قدر ہے۔	Urdu (Standard)	South Asia	SACOR_02
Education opens doors to opportunities.	تعلیم مواقع کے دروازے کھولتی ہے۔	Urdu (Standard)	South Asia	SACOR_08
Birds were chirping in the trees.	پرندے درختوں میں چہچہا رہے تھے۔	Urdu (Standard)	South Asia	SACOR_03
Smartphones have changed how people communicate.	اسمارٹ فونوں نے لوگوں کے رابطے کے طریقے کو تبدیل کر دیا ہے۔	Urdu (Standard)	South Asia	SACOR_10
Elderly people share wisdom and stories.	بزرگ لوگ حکمت اور کہانیاں بانٹتے ہیں۔	Urdu (Standard)	South Asia	SACOR_02
The bus arrived late.	بس دیر سے پہنچی۔	Urdu (Standard)	South Asia	SACOR_03
Traditional music is important for our heritage.	روایتی موسیقی ہماری وراثت کے لیے اہم ہے۔	Urdu (Standard)	South Asia	SACOR_07
Storytelling preserves culture and knowledge.	کہانی سنانا ثقافت اور علم کو محفوظ رکھتا ہے۔	Urdu (Standard)	South Asia	SACOR_10
The school organized a science fair.	اسکول نے سائنس میلہ منظم کیا۔	Urdu (Standard)	South Asia	SACOR_09
Family members support each other during difficult times.	خاندان کے ممبر مشکل وقتوں میں ایک دوسرے کی مدد کرتے ہیں۔	Urdu (Standard)	South Asia	SACOR_02
We decided to visit the old temple.	ہم نے پرانے مندر کا دورہ کرنے کا فیصلہ کیا۔	Urdu (Standard)	South Asia	SACOR_06
The market was crowded with people.	بازار لوگوں سے بھرا ہوا تھا۔	Urdu (Standard)	South Asia	SACOR_04
The forest is home to many wild animals.	جنگل بہت سے جنگلی جانوروں کا گھر ہے۔	Urdu (Standard)	South Asia	SACOR_04
Cricket is a popular sport.	کرکٹ ایک مقبول کھیل ہے۔	Urdu (Standard)	South Asia	SACOR_05
Digital payments have made transactions faster.	ڈیجیٹل ادائیگیوں نے معاملات تیز کر دیے ہیں۔	Urdu (Standard)	South Asia	SACOR_06
The professor wrote equations on the blackboard.	پروفیسر نے تختے پر مساوات لکھیں۔	Urdu (Standard)	South Asia	SACOR_04
Tourism brings revenue to regions with historical sites.	سیاحت تاریخی مقامات والے علاقوں میں آمدنی لاتی ہے۔	Urdu (Standard)	South Asia	SACOR_04
She cooked delicious biryani for the family.	اس نے خاندان کے لیے مزیدار بریانی پکائی۔	Urdu (Standard)	South Asia	SACOR_09
Cricket is a popular sport.	کرکٹ ایک مقبول کھیل ہے۔	Urdu (Standard)	South Asia	SACOR_05
Farmers planted rice in the flooded fields.	کسانوں نے پانی والے کھیتوں میں چاول بوئے۔	Urdu (Standard)	South Asia	SACOR_04
She walked slowly through the garden.	وہ باغ میں آہستہ آہستہ چلی۔	Urdu (Standard)	South Asia	SACOR_01
Sports teach teamwork and discipline.	کھیل ٹیم ورک اور نظم و ضبط سکھاتے ہیں۔	Urdu (Standard)	South Asia	SACOR_10
Traditional music is important for our heritage.	روایتی موسیقی ہماری وراثت کے لیے اہم ہے۔	Urdu (Standard)	South Asia	SACOR_03
I woke up early this morning.	میں آج صبح جلدی اٹھا۔	Urdu (Standard)	South Asia	SACOR_07
Smartphones have changed how people communicate.	اسمارٹ فونوں نے لوگوں کے رابطے کے طریقے کو تبدیل کر دیا ہے۔	Urdu (Standard)	South Asia	SACOR_10
Children were playing cricket in the street.	بچے سڑک پر کرکٹ کھیل رہے تھے۔	Urdu (Standard)	South Asia	SACOR_08
After finishing his work, he sat down.	اپنا کام مکمل کرنے کے بعد، وہ بیٹھ گیا۔	Urdu (Standard)	South Asia	SACOR_09
The bus arrived late.	بس دیر سے پہنچی۔	Urdu (Standard)	South Asia	SACOR_09
We decided to visit the old temple.	ہم نے پرانے مندر کا دورہ کرنے کا فیصلہ کیا۔	Urdu (Standard)	South Asia	SACOR_04
Regular exercise helps maintain good health.	منظم ورزش اچھی صحت برقرار رکھنے میں مدد کرتی ہے۔	Urdu (Standard)	South Asia	SACOR_04
Doctors recommend drinking plenty of water.	ڈاکٹر زیادہ پانی پینے کی صلاح دیتے ہیں۔	Urdu (Standard)	South Asia	SACOR_02
Respecting elders is an important value.	بزرگوں کا احترام ایک اہم قدر ہے۔	Urdu (Standard)	South Asia	SACOR_01
Storytelling preserves culture and knowledge.	کہانی سنانا ثقافت اور علم کو محفوظ رکھتا ہے۔	Urdu (Standard)	South Asia	SACOR_03
Small businesses create employment opportunities.	چھوٹے کاروبار روزگار کے مواقع پیدا کرتے ہیں۔	Urdu (Standard)	South Asia	SACOR_01
People travel long distances to visit religious sites.	لوگ مذہبی مقامات دیکھنے کے لیے لمبی دوریاں طے کرتے ہیں۔	Urdu (Standard)	South Asia	SACOR_09
Elderly people share wisdom and stories.	بزرگ لوگ حکمت اور کہانیاں بانٹتے ہیں۔	Urdu (Standard)	South Asia	SACOR_06
The wedding ceremony lasted three days.	شادی کی تقریب تین دن تک چلی۔	Urdu (Standard)	South Asia	SACOR_03
Tea is served to guests as a gesture of hospitality.	مہمانوں کو مہمان نوازی کی نشانی کے طور پر چائے پیش کی جاتی ہے۔	Urdu (Standard)	South Asia	SACOR_01
Cooking together brings family members closer.	مل کر کھانا پکانا خاندان کے ممبروں کو قریب لاتا ہے۔	Urdu (Standard)	South Asia	SACOR_06
Reading books improves vocabulary.	کتابیں پڑھنا ذخیرہ الفاظ بہتر بناتا ہے۔	Urdu (Standard)	South Asia	SACOR_07
The professor wrote equations on the blackboard.	پروفیسر نے تختے پر مساوات لکھیں۔	Urdu (Standard)	South Asia	SACOR_05
Education opens doors to opportunities.	تعلیم مواقع کے دروازے کھولتی ہے۔	Urdu (Standard)	South Asia	SACOR_06
Students gathered in the library.	طلباء لائبریری میں جمع ہوئے۔	Urdu (Standard)	South Asia	SACOR_10
Clear communication prevents misunderstandings.	صاف رابطہ غلط فہمیوں کو روکتا ہے۔	Urdu (Standard)	South Asia	SACOR_09
Parents sacrifice their own needs for children.	والدین بچوں کے لیے اپنی ضرورتیں قربان کرتے ہیں۔	Urdu (Standard)	South Asia	SACOR_01
Teachers shape young minds.	استاد نوجوان ذہنوں کو شکل دیتے ہیں۔	Urdu (Standard)	South Asia	SACOR_04
Spices add flavor to traditional dishes.	مصالحے روایتی کھانوں میں ذائقہ بڑھاتے ہیں۔	Urdu (Standard)	South Asia	SACOR_05
The market was crowded with people.	بازار لوگوں سے بھرا ہوا تھا۔	Urdu (Standard)	South Asia	SACOR_05
The teacher explained the lesson patiently.	استاد نے صبر سے سبق سمجھایا۔	Urdu (Standard)	South Asia	SACOR_01
Handicrafts showcase artistic traditions.	دستی کاریاں فنکارانہ روایات دکھاتی ہیں۔	Urdu (Standard)	South Asia	SACOR_06
Agriculture remains the primary source of income.	زراعت آمدنی کا بنیادی ذریعہ رہتی ہے۔	Urdu (Standard)	South Asia	SACOR_09
Online shopping has become popular.	آن لائن خریداری مقبول ہو گئی ہے۔	Urdu (Standard)	South Asia	SACOR_06
Birds were chirping in the trees.	پرندے درختوں میں چہچہا رہے تھے۔	Urdu (Standard)	South Asia	SACOR_07
Learning a new language requires practice.	نئی زبان سیکھنے کے لیے مشق کی ضرورت ہے۔	Urdu (Standard)	South Asia	SACOR_06
The internet connects people across continents.	انٹرنیٹ براعظموں میں لوگوں کو جوڑتا ہے۔	Urdu (Standard)	South Asia	SACOR_10
Family members support each other during difficult times.	خاندان کے ممبر مشکل وقتوں میں ایک دوسرے کی مدد کرتے ہیں۔	Urdu (Standard)	South Asia	SACOR_06
Doctors work long hours to treat patients.	ڈاکٹر مریضوں کا علاج کرنے کے لیے لمبے گھنٹے کام کرتے ہیں۔	Urdu (Standard)	South Asia	SACOR_02
Pollution in cities has become a serious problem.	شہروں میں آلودگی ایک سنجیدہ مسئلہ بن گئی ہے۔	Urdu (Standard)	South Asia	SACOR_10
The forest is home to many wild animals.	جنگل بہت سے جنگلی جانوروں کا گھر ہے۔	Urdu (Standard)	South Asia	SACOR_08
Digital payments have made transactions faster.	ڈیجیٹل ادائیگیوں نے معاملات تیز کر دیے ہیں۔	Urdu (Standard)	South Asia	SACOR_05
My grandmother told me stories.	میری دادی نے مجھے کہانیاں سنائیں۔	Urdu (Standard)	South Asia	SACOR_04
She received a scholarship to study medicine.	اسے طب کی تعلیم کے لیے اسکالرشپ ملی۔	Urdu (Standard)	South Asia	SACOR_10
She cooked delicious biryani for the family.	اس نے خاندان کے لیے مزیدار بریانی پکائی۔	Urdu (Standard)	South Asia	SACOR_06
Farmers wake up early to tend to crops.	کسان فصلوں کی دیکھ بھال کے لیے جلدی اٹھتے ہیں۔	Urdu (Standard)	South Asia	SACOR_01
The school organized a science fair.	اسکول نے سائنس میلہ منظم کیا۔	Urdu (Standard)	South Asia	SACOR_05
Train journeys offer scenic views.	ریل کے سفر مناظر کے نظارے پیش کرتے ہیں۔	Urdu (Standard)	South Asia	SACOR_05
People celebrate festivals with great joy.	لوگ بہت خوشی سے تہوار مناتے ہیں۔	Urdu (Standard)	South Asia	SACOR_05
Eating fresh fruits provides essential vitamins.	تازہ پھل کھانا ضروری وٹامن فراہم کرتا ہے۔	Urdu (Standard)	South Asia	SACOR_10
Children learn best when they are interested.	بچے بہترین سیکھتے ہیں جب وہ دلچسپی رکھتے ہیں۔	Urdu (Standard)	South Asia	SACOR_03
Tourism brings revenue to regions with historical sites.	سیاحت تاریخی مقامات والے علاقوں میں آمدنی لاتی ہے۔	Urdu (Standard)	South Asia	SACOR_01
The river flows peacefully through the valley.	دریا وادی میں پرامن طریقے سے بہتا ہے۔	Urdu (Standard)	South Asia	SACOR_10
Smartphones have changed how people communicate.	اسمارٹ فونوں نے لوگوں کے رابطے کے طریقے کو تبدیل کر دیا ہے۔	Urdu (Standard)	South Asia	SACOR_06
The school organized a science fair.	اسکول نے سائنس میلہ منظم کیا۔	Urdu (Standard)	South Asia	SACOR_05
My grandmother told me stories.	میری دادی نے مجھے کہانیاں سنائیں۔	Urdu (Standard)	South Asia	SACOR_06
Farmers wake up early to tend to crops.	کسان فصلوں کی دیکھ بھال کے لیے جلدی اٹھتے ہیں۔	Urdu (Standard)	South Asia	SACOR_06
Cricket is a popular sport.	کرکٹ ایک مقبول کھیل ہے۔	Urdu (Standard)	South Asia	SACOR_05
Reading books improves vocabulary.	کتابیں پڑھنا ذخیرہ الفاظ بہتر بناتا ہے۔	Urdu (Standard)	South Asia	SACOR_10
Small businesses create employment opportunities.	چھوٹے کاروبار روزگار کے مواقع پیدا کرتے ہیں۔	Urdu (Standard)	South Asia	SACOR_02
I woke up early this morning.	میں آج صبح جلدی اٹھا۔	Urdu (Standard)	South Asia	SACOR_03
We decided to visit the old temple.	ہم نے پرانے مندر کا دورہ کرنے کا فیصلہ کیا۔	Urdu (Standard)	South Asia	SACOR_09
Online shopping has become popular.	آن لائن خریداری مقبول ہو گئی ہے۔	Urdu (Standard)	South Asia	SACOR_04
Regular exercise helps maintain good health.	منظم ورزش اچھی صحت برقرار رکھنے میں مدد کرتی ہے۔	Urdu (Standard)	South Asia	SACOR_02
Clear communication prevents misunderstandings.	صاف رابطہ غلط فہمیوں کو روکتا ہے۔	Urdu (Standard)	South Asia	SACOR_02
The river flows peacefully through the valley.	دریا وادی میں پرامن طریقے سے بہتا ہے۔	Urdu (Standard)	South Asia	SACOR_08
She received a scholarship to study medicine.	اسے طب کی تعلیم کے لیے اسکالرشپ ملی۔	Urdu (Standard)	South Asia	SACOR_10
Train journeys offer scenic views.	ریل کے سفر مناظر کے نظارے پیش کرتے ہیں۔	Urdu (Standard)	South Asia	SACOR_05
Doctors work long hours to treat patients.	ڈاکٹر مریضوں کا علاج کرنے کے لیے لمبے گھنٹے کام کرتے ہیں۔	Urdu (Standard)	South Asia	SACOR_10
The forest is home to many wild animals.	جنگل بہت سے جنگلی جانوروں کا گھر ہے۔	Urdu (Standard)	South Asia	SACOR_05
Sports teach teamwork and discipline.	کھیل ٹیم ورک اور نظم و ضبط سکھاتے ہیں۔	Urdu (Standard)	South Asia	SACOR_05
She cooked delicious biryani for the family.	اس نے خاندان کے لیے مزیدار بریانی پکائی۔	Urdu (Standard)	South Asia	SACOR_03
Children learn best when they are interested.	بچے بہترین سیکھتے ہیں جب وہ دلچسپی رکھتے ہیں۔	Urdu (Standard)	South Asia	SACOR_03
Digital payments have made transactions faster.	ڈیجیٹل ادائیگیوں نے معاملات تیز کر دیے ہیں۔	Urdu (Standard)	South Asia	SACOR_09
Handicrafts showcase artistic traditions.	دستی کاریاں فنکارانہ روایات دکھاتی ہیں۔	Urdu (Standard)	South Asia	SACOR_04
Traditional music is important for our heritage.	روایتی موسیقی ہماری وراثت کے لیے اہم ہے۔	Urdu (Standard)	South Asia	SACOR_03
The wedding ceremony lasted three days.	شادی کی تقریب تین دن تک چلی۔	Urdu (Standard)	South Asia	SACOR_10
People celebrate festivals with great joy.	لوگ بہت خوشی سے تہوار مناتے ہیں۔	Urdu (Standard)	South Asia	SACOR_10
The professor wrote equations on the blackboard.	پروفیسر نے تختے پر مساوات لکھیں۔	Urdu (Standard)	South Asia	SACOR_06
Pollution in cities has become a serious problem.	شہروں میں آلودگی ایک سنجیدہ مسئلہ بن گئی ہے۔	Urdu (Standard)	South Asia	SACOR_09
Children were playing cricket in the street.	بچے سڑک پر کرکٹ کھیل رہے تھے۔	Urdu (Standard)	South Asia	SACOR_08
She walked slowly through the garden.	وہ باغ میں آہستہ آہستہ چلی۔	Urdu (Standard)	South Asia	SACOR_05
Teachers shape young minds.	استاد نوجوان ذہنوں کو شکل دیتے ہیں۔	Urdu (Standard)	South Asia	SACOR_03
Students gathered in the library.	طلباء لائبریری میں جمع ہوئے۔	Urdu (Standard)	South Asia	SACOR_08
Family members support each other during difficult times.	خاندان کے ممبر مشکل وقتوں میں ایک دوسرے کی مدد کرتے ہیں۔	Urdu (Standard)	South Asia	SACOR_10
Farmers planted rice in the flooded fields.	کسانوں نے پانی والے کھیتوں میں چاول بوئے۔	Urdu (Standard)	South Asia	SACOR_07
Tourism brings revenue to regions with historical sites.	سیاحت تاریخی مقامات والے علاقوں میں آمدنی لاتی ہے۔	Urdu (Standard)	South Asia	SACOR_04
The market was crowded with people.	بازار لوگوں سے بھرا ہوا تھا۔	Urdu (Standard)	South Asia	SACOR_01
After finishing his work, he sat down.	اپنا کام مکمل کرنے کے بعد، وہ بیٹھ گیا۔	Urdu (Standard)	South Asia	SACOR_05
Parents sacrifice their own needs for children.	والدین بچوں کے لیے اپنی ضرورتیں قربان کرتے ہیں۔	Urdu (Standard)	South Asia	SACOR_10
The internet connects people across continents.	انٹرنیٹ براعظموں میں لوگوں کو جوڑتا ہے۔	Urdu (Standard)	South Asia	SACOR_06
Doctors recommend drinking plenty of water.	ڈاکٹر زیادہ پانی پینے کی صلاح دیتے ہیں۔	Urdu (Standard)	South Asia	SACOR_06
Elderly people share wisdom and stories.	بزرگ لوگ حکمت اور کہانیاں بانٹتے ہیں۔	Urdu (Standard)	South Asia	SACOR_01
Learning a new language requires practice.	نئی زبان سیکھنے کے لیے مشق کی ضرورت ہے۔	Urdu (Standard)	South Asia	SACOR_10
Storytelling preserves culture and knowledge.	کہانی سنانا ثقافت اور علم کو محفوظ رکھتا ہے۔	Urdu (Standard)	South Asia	SACOR_05
Agriculture remains the primary source of income.	زراعت آمدنی کا بنیادی ذریعہ رہتی ہے۔	Urdu (Standard)	South Asia	SACOR_08
The bus arrived late.	بس دیر سے پہنچی۔	Urdu (Standard)	South Asia	SACOR_09
Respecting elders is an important value.	بزرگوں کا احترام ایک اہم قدر ہے۔	Urdu (Standard)	South Asia	SACOR_07
Birds were chirping in the trees.	پرندے درختوں میں چہچہا رہے تھے۔	Urdu (Standard)	South Asia	SACOR_05
Spices add flavor to traditional dishes.	مصالحے روایتی کھانوں میں ذائقہ بڑھاتے ہیں۔	Urdu (Standard)	South Asia	SACOR_02
People travel long distances to visit religious sites.	لوگ مذہبی مقامات دیکھنے کے لیے لمبی دوریاں طے کرتے ہیں۔	Urdu (Standard)	South Asia	SACOR_07
Tea is served to guests as a gesture of hospitality.	مہمانوں کو مہمان نوازی کی نشانی کے طور پر چائے پیش کی جاتی ہے۔	Urdu (Standard)	South Asia	SACOR_04
Cooking together brings family members closer.	مل کر کھانا پکانا خاندان کے ممبروں کو قریب لاتا ہے۔	Urdu (Standard)	South Asia	SACOR_09
Education opens doors to opportunities.	تعلیم مواقع کے دروازے کھولتی ہے۔	Urdu (Standard)	South Asia	SACOR_09
The teacher explained the lesson patiently.	استاد نے صبر سے سبق سمجھایا۔	Urdu (Standard)	South Asia	SACOR_03
Eating fresh fruits provides essential vitamins.	تازہ پھل کھانا ضروری وٹامن فراہم کرتا ہے۔	Urdu (Standard)	South Asia	SACOR_09
Tea is served to guests as a gesture of hospitality.	مہمانوں کو مہمان نوازی کی نشانی کے طور پر چائے پیش کی جاتی ہے۔	Urdu (Standard)	South Asia	SACOR_02
Farmers planted rice in the flooded fields.	کسانوں نے پانی والے کھیتوں میں چاول بوئے۔	Urdu (Standard)	South Asia	SACOR_01
The river flows peacefully through the valley.	دریا وادی میں پرامن طریقے سے بہتا ہے۔	Urdu (Standard)	South Asia	SACOR_06
Farmers wake up early to tend to crops.	کسان فصلوں کی دیکھ بھال کے لیے جلدی اٹھتے ہیں۔	Urdu (Standard)	South Asia	SACOR_10
The forest is home to many wild animals.	جنگل بہت سے جنگلی جانوروں کا گھر ہے۔	Urdu (Standard)	South Asia	SACOR_03
Clear communication prevents misunderstandings.	صاف رابطہ غلط فہمیوں کو روکتا ہے۔	Urdu (Standard)	South Asia	SACOR_06
Eating fresh fruits provides essential vitamins.	تازہ پھل کھانا ضروری وٹامن فراہم کرتا ہے۔	Urdu (Standard)	South Asia	SACOR_02
Children learn best when they are interested.	بچے بہترین سیکھتے ہیں جب وہ دلچسپی رکھتے ہیں۔	Urdu (Standard)	South Asia	SACOR_03
The market was crowded with people.	بازار لوگوں سے بھرا ہوا تھا۔	Urdu (Standard)	South Asia	SACOR_02
Teachers shape young minds.	استاد نوجوان ذہنوں کو شکل دیتے ہیں۔	Urdu (Standard)	South Asia	SACOR_02
Digital payments have made transactions faster.	ڈیجیٹل ادائیگیوں نے معاملات تیز کر دیے ہیں۔	Urdu (Standard)	South Asia	SACOR_09
Agriculture remains the primary source of income.	زراعت آمدنی کا بنیادی ذریعہ رہتی ہے۔	Urdu (Standard)	South Asia	SACOR_10
Tourism brings revenue to regions with historical sites.	سیاحت تاریخی مقامات والے علاقوں میں آمدنی لاتی ہے۔	Urdu (Standard)	South Asia	SACOR_05
Respecting elders is an important value.	بزرگوں کا احترام ایک اہم قدر ہے۔	Urdu (Standard)	South Asia	SACOR_07
Parents sacrifice their own needs for children.	والدین بچوں کے لیے اپنی ضرورتیں قربان کرتے ہیں۔	Urdu (Standard)	South Asia	SACOR_03
Smartphones have changed how people communicate.	اسمارٹ فونوں نے لوگوں کے رابطے کے طریقے کو تبدیل کر دیا ہے۔	Urdu (Standard)	South Asia	SACOR_04
The internet connects people across continents.	انٹرنیٹ براعظموں میں لوگوں کو جوڑتا ہے۔	Urdu (Standard)	South Asia	SACOR_02
She received a scholarship to study medicine.	اسے طب کی تعلیم کے لیے اسکالرشپ ملی۔	Urdu (Standard)	South Asia	SACOR_02
She cooked delicious biryani for the family.	اس نے خاندان کے لیے مزیدار بریانی پکائی۔	Urdu (Standard)	South Asia	SACOR_07
She walked slowly through the garden.	وہ باغ میں آہستہ آہستہ چلی۔	Urdu (Standard)	South Asia	SACOR_07
Small businesses create employment opportunities.	چھوٹے کاروبار روزگار کے مواقع پیدا کرتے ہیں۔	Urdu (Standard)	South Asia	SACOR_06
Education opens doors to opportunities.	تعلیم مواقع کے دروازے کھولتی ہے۔	Urdu (Standard)	South Asia	SACOR_06
Learning a new language requires practice.	نئی زبان سیکھنے کے لیے مشق کی ضرورت ہے۔	Urdu (Standard)	South Asia	SACOR_07
Doctors recommend drinking plenty of water.	ڈاکٹر زیادہ پانی پینے کی صلاح دیتے ہیں۔	Urdu (Standard)	South Asia	SACOR_04
Handicrafts showcase artistic traditions.	دستی کاریاں فنکارانہ روایات دکھاتی ہیں۔	Urdu (Standard)	South Asia	SACOR_07
People travel long distances to visit religious sites.	لوگ مذہبی مقامات دیکھنے کے لیے لمبی دوریاں طے کرتے ہیں۔	Urdu (Standard)	South Asia	SACOR_04
The bus arrived late.	بس دیر سے پہنچی۔	Urdu (Standard)	South Asia	SACOR_01
Train journeys offer scenic views.	ریل کے سفر مناظر کے نظارے پیش کرتے ہیں۔	Urdu (Standard)	South Asia	SACOR_01
Storytelling preserves culture and knowledge.	کہانی سنانا ثقافت اور علم کو محفوظ رکھتا ہے۔	Urdu (Standard)	South Asia	SACOR_05
Birds were chirping in the trees.	پرندے درختوں میں چہچہا رہے تھے۔	Urdu (Standard)	South Asia	SACOR_04
Sports teach teamwork and discipline.	کھیل ٹیم ورک اور نظم و ضبط سکھاتے ہیں۔	Urdu (Standard)	South Asia	SACOR_04
Online shopping has become popular.	آن لائن خریداری مقبول ہو گئی ہے۔	Urdu (Standard)	South Asia	SACOR_06
Cooking together brings family members closer.	مل کر کھانا پکانا خاندان کے ممبروں کو قریب لاتا ہے۔	Urdu (Standard)	South Asia	SACOR_10
The teacher explained the lesson patiently.	استاد نے صبر سے سبق سمجھایا۔	Urdu (Standard)	South Asia	SACOR_01
My grandmother told me stories.	میری دادی نے مجھے کہانیاں سنائیں۔	Urdu (Standard)	South Asia	SACOR_02
Traditional music is important for our heritage.	روایتی موسیقی ہماری وراثت کے لیے اہم ہے۔	Urdu (Standard)	South Asia	SACOR_06
Family members support each other during difficult times.	خاندان کے ممبر مشکل وقتوں میں ایک دوسرے کی مدد کرتے ہیں۔	Urdu (Standard)	South Asia	SACOR_07
People celebrate festivals with great joy.	لوگ بہت خوشی سے تہوار مناتے ہیں۔	Urdu (Standard)	South Asia	SACOR_05
Children were playing cricket in the street.	بچے سڑک پر کرکٹ کھیل رہے تھے۔	Urdu (Standard)	South Asia	SACOR_01
Cricket is a popular sport.	کرکٹ ایک مقبول کھیل ہے۔	Urdu (Standard)	South Asia	SACOR_08
Reading books improves vocabulary.	کتابیں پڑھنا ذخیرہ الفاظ بہتر بناتا ہے۔	Urdu (Standard)	South Asia	SACOR_06
Students gathered in the library.	طلباء لائبریری میں جمع ہوئے۔	Urdu (Standard)	South Asia	SACOR_06
The wedding ceremony lasted three days.	شادی کی تقریب تین دن تک چلی۔	Urdu (Standard)	South Asia	SACOR_07
Pollution in cities has become a serious problem.	شہروں میں آلودگی ایک سنجیدہ مسئلہ بن گئی ہے۔	Urdu (Standard)	South Asia	SACOR_10
After finishing his work, he sat down.	اپنا کام مکمل کرنے کے بعد، وہ بیٹھ گیا۔	Urdu (Standard)	South Asia	SACOR_05
Spices add flavor to traditional dishes.	مصالحے روایتی کھانوں میں ذائقہ بڑھاتے ہیں۔	Urdu (Standard)	South Asia	SACOR_02
The school organized a science fair.	اسکول نے سائنس میلہ منظم کیا۔	Urdu (Standard)	South Asia	SACOR_05
Regular exercise helps maintain good health.	منظم ورزش اچھی صحت برقرار رکھنے میں مدد کرتی ہے۔	Urdu (Standard)	South Asia	SACOR_07
Elderly people share wisdom and stories.	بزرگ لوگ حکمت اور کہانیاں بانٹتے ہیں۔	Urdu (Standard)	South Asia	SACOR_08
The professor wrote equations on the blackboard.	پروفیسر نے تختے پر مساوات لکھیں۔	Urdu (Standard)	South Asia	SACOR_04
Doctors work long hours to treat patients.	ڈاکٹر مریضوں کا علاج کرنے کے لیے لمبے گھنٹے کام کرتے ہیں۔	Urdu (Standard)	South Asia	SACOR_06
We decided to visit the old temple.	ہم نے پرانے مندر کا دورہ کرنے کا فیصلہ کیا۔	Urdu (Standard)	South Asia	SACOR_10
I woke up early this morning.	میں آج صبح جلدی اٹھا۔	Urdu (Standard)	South Asia	SACOR_03
Farmers wake up early to tend to crops.	کسان فصلوں کی دیکھ بھال کے لیے جلدی اٹھتے ہیں۔	Urdu (Standard)	South Asia	SACOR_09
Education opens doors to opportunities.	تعلیم مواقع کے دروازے کھولتی ہے۔	Urdu (Standard)	South Asia	SACOR_04
Tourism brings revenue to regions with historical sites.	سیاحت تاریخی مقامات والے علاقوں میں آمدنی لاتی ہے۔	Urdu (Standard)	South Asia	SACOR_10
The internet connects people across continents.	انٹرنیٹ براعظموں میں لوگوں کو جوڑتا ہے۔	Urdu (Standard)	South Asia	SACOR_07
The forest is home to many wild animals.	جنگل بہت سے جنگلی جانوروں کا گھر ہے۔	Urdu (Standard)	South Asia	SACOR_03
She cooked delicious biryani for the family.	اس نے خاندان کے لیے مزیدار بریانی پکائی۔	Urdu (Standard)	South Asia	SACOR_06
Small businesses create employment opportunities.	چھوٹے کاروبار روزگار کے مواقع پیدا کرتے ہیں۔	Urdu (Standard)	South Asia	SACOR_08
Spices add flavor to traditional dishes.	مصالحے روایتی کھانوں میں ذائقہ بڑھاتے ہیں۔	Urdu (Standard)	South Asia	SACOR_08
Teachers shape young minds.	استاد نوجوان ذہنوں کو شکل دیتے ہیں۔	Urdu (Standard)	South Asia	SACOR_05
Handicrafts showcase artistic traditions.	دستی کاریاں فنکارانہ روایات دکھاتی ہیں۔	Urdu (Standard)	South Asia	SACOR_02
My grandmother told me stories.	میری دادی نے مجھے کہانیاں سنائیں۔	Urdu (Standard)	South Asia	SACOR_07
Tea is served to guests as a gesture of hospitality.	مہمانوں کو مہمان نوازی کی نشانی کے طور پر چائے پیش کی جاتی ہے۔	Urdu (Standard)	South Asia	SACOR_02
Students gathered in the library.	طلباء لائبریری میں جمع ہوئے۔	Urdu (Standard)	South Asia	SACOR_07
The river flows peacefully through the valley.	دریا وادی میں پرامن طریقے سے بہتا ہے۔	Urdu (Standard)	South Asia	SACOR_06
Digital payments have made transactions faster.	ڈیجیٹل ادائیگیوں نے معاملات تیز کر دیے ہیں۔	Urdu (Standard)	South Asia	SACOR_07
People celebrate festivals with great joy.	لوگ بہت خوشی سے تہوار مناتے ہیں۔	Urdu (Standard)	South Asia	SACOR_07
Doctors work long hours to treat patients.	ڈاکٹر مریضوں کا علاج کرنے کے لیے لمبے گھنٹے کام کرتے ہیں۔	Urdu (Standard)	South Asia	SACOR_06
Pollution in cities has become a serious problem.	شہروں میں آلودگی ایک سنجیدہ مسئلہ بن گئی ہے۔	Urdu (Standard)	South Asia	SACOR_08
I woke up early this morning.	میں آج صبح جلدی اٹھا۔	Urdu (Standard)	South Asia	SACOR_07
She received a scholarship to study medicine.	اسے طب کی تعلیم کے لیے اسکالرشپ ملی۔	Urdu (Standard)	South Asia	SACOR_05
The wedding ceremony lasted three days.	شادی کی تقریب تین دن تک چلی۔	Urdu (Standard)	South Asia	SACOR_01
Respecting elders is an important value.	بزرگوں کا احترام ایک اہم قدر ہے۔	Urdu (Standard)	South Asia	SACOR_07
Online shopping has become popular.	آن لائن خریداری مقبول ہو گئی ہے۔	Urdu (Standard)	South Asia	SACOR_04
Train journeys offer scenic views.	ریل کے سفر مناظر کے نظارے پیش کرتے ہیں۔	Urdu (Standard)	South Asia	SACOR_04
The teacher explained the lesson patiently.	استاد نے صبر سے سبق سمجھایا۔	Urdu (Standard)	South Asia	SACOR_07
People travel long distances to visit religious sites.	لوگ مذہبی مقامات دیکھنے کے لیے لمبی دوریاں طے کرتے ہیں۔	Urdu (Standard)	South Asia	SACOR_06
Cooking together brings family members closer.	مل کر کھانا پکانا خاندان کے ممبروں کو قریب لاتا ہے۔	Urdu (Standard)	South Asia	SACOR_06
Eating fresh fruits provides essential vitamins.	تازہ پھل کھانا ضروری وٹامن فراہم کرتا ہے۔	Urdu (Standard)	South Asia	SACOR_09
Family members support each other during difficult times.	خاندان کے ممبر مشکل وقتوں میں ایک دوسرے کی مدد کرتے ہیں۔	Urdu (Standard)	South Asia	SACOR_07
The market was crowded with people.	بازار لوگوں سے بھرا ہوا تھا۔	Urdu (Standard)	South Asia	SACOR_02
Clear communication prevents misunderstandings.	صاف رابطہ غلط فہمیوں کو روکتا ہے۔	Urdu (Standard)	South Asia	SACOR_08
Doctors recommend drinking plenty of water.	ڈاکٹر زیادہ پانی پینے کی صلاح دیتے ہیں۔	Urdu (Standard)	South Asia	SACOR_02
Cricket is a popular sport.	کرکٹ ایک مقبول کھیل ہے۔	Urdu (Standard)	South Asia	SACOR_02
Storytelling preserves culture and knowledge.	کہانی سنانا ثقافت اور علم کو محفوظ رکھتا ہے۔	Urdu (Standard)	South Asia	SACOR_01
We decided to visit the old temple.	ہم نے پرانے مندر کا دورہ کرنے کا فیصلہ کیا۔	Urdu (Standard)	South Asia	SACOR_07
The school organized a science fair.	اسکول نے سائنس میلہ منظم کیا۔	Urdu (Standard)	South Asia	SACOR_10
Reading books improves vocabulary.	کتابیں پڑھنا ذخیرہ الفاظ بہتر بناتا ہے۔	Urdu (Standard)	South Asia	SACOR_07
Elderly people share wisdom and stories.	بزرگ لوگ حکمت اور کہانیاں بانٹتے ہیں۔	Urdu (Standard)	South Asia	SACOR_08
Farmers planted rice in the flooded fields.	کسانوں نے پانی والے کھیتوں میں چاول بوئے۔	Urdu (Standard)	South Asia	SACOR_10
Children were playing cricket in the street.	بچے سڑک پر کرکٹ کھیل رہے تھے۔	Urdu (Standard)	South Asia	SACOR_07
Agriculture remains the primary source of income.	زراعت آمدنی کا بنیادی ذریعہ رہتی ہے۔	Urdu (Standard)	South Asia	SACOR_10
Sports teach teamwork and discipline.	کھیل ٹیم ورک اور نظم و ضبط سکھاتے ہیں۔	Urdu (Standard)	South Asia	SACOR_04
Regular exercise helps maintain good health.	منظم ورزش اچھی صحت برقرار رکھنے میں مدد کرتی ہے۔	Urdu (Standard)	South Asia	SACOR_10
Birds were chirping in the trees.	پرندے درختوں میں چہچہا رہے تھے۔	Urdu (Standard)	South Asia	SACOR_03
Learning a new language requires practice.	نئی زبان سیکھنے کے لیے مشق کی ضرورت ہے۔	Urdu (Standard)	South Asia	SACOR_05
She walked slowly through the garden.	وہ باغ میں آہستہ آہستہ چلی۔	Urdu (Standard)	South Asia	SACOR_10
Children learn best when they are interested.	بچے بہترین سیکھتے ہیں جب وہ دلچسپی رکھتے ہیں۔	Urdu (Standard)	South Asia	SACOR_07
The professor wrote equations on the blackboard.	پروفیسر نے تختے پر مساوات لکھیں۔	Urdu (Standard)	South Asia	SACOR_03
After finishing his work, he sat down.	اپنا کام مکمل کرنے کے بعد، وہ بیٹھ گیا۔	Urdu (Standard)	South Asia	SACOR_04
The bus arrived late.	بس دیر سے پہنچی۔	Urdu (Standard)	South Asia	SACOR_05
Parents sacrifice their own needs for children.	والدین بچوں کے لیے اپنی ضرورتیں قربان کرتے ہیں۔	Urdu (Standard)	South Asia	SACOR_05
Traditional music is important for our heritage.	روایتی موسیقی ہماری وراثت کے لیے اہم ہے۔	Urdu (Standard)	South Asia	SACOR_04
Smartphones have changed how people communicate.	اسمارٹ فونوں نے لوگوں کے رابطے کے طریقے کو تبدیل کر دیا ہے۔	Urdu (Standard)	South Asia	SACOR_07
Cooking together brings family members closer.	مل کر کھانا پکانا خاندان کے ممبروں کو قریب لاتا ہے۔	Urdu (Standard)	South Asia	SACOR_10
Parents sacrifice their own needs for children.	والدین بچوں کے لیے اپنی ضرورتیں قربان کرتے ہیں۔	Urdu (Standard)	South Asia	SACOR_03
Respecting elders is an important value.	بزرگوں کا احترام ایک اہم قدر ہے۔	Urdu (Standard)	South Asia	SACOR_09
Farmers wake up early to tend to crops.	کسان فصلوں کی دیکھ بھال کے لیے جلدی اٹھتے ہیں۔	Urdu (Standard)	South Asia	SACOR_06
She received a scholarship to study medicine.	اسے طب کی تعلیم کے لیے اسکالرشپ ملی۔	Urdu (Standard)	South Asia	SACOR_02
Doctors work long hours to treat patients.	ڈاکٹر مریضوں کا علاج کرنے کے لیے لمبے گھنٹے کام کرتے ہیں۔	Urdu (Standard)	South Asia	SACOR_06
We decided to visit the old temple.	ہم نے پرانے مندر کا دورہ کرنے کا فیصلہ کیا۔	Urdu (Standard)	South Asia	SACOR_07
The internet connects people across continents.	انٹرنیٹ براعظموں میں لوگوں کو جوڑتا ہے۔	Urdu (Standard)	South Asia	SACOR_03
The professor wrote equations on the blackboard.	پروفیسر نے تختے پر مساوات لکھیں۔	Urdu (Standard)	South Asia	SACOR_09
Train journeys offer scenic views.	ریل کے سفر مناظر کے نظارے پیش کرتے ہیں۔	Urdu (Standard)	South Asia	SACOR_04
Birds were chirping in the trees.	پرندے درختوں میں چہچہا رہے تھے۔	Urdu (Standard)	South Asia	SACOR_08
Doctors recommend drinking plenty of water.	ڈاکٹر زیادہ پانی پینے کی صلاح دیتے ہیں۔	Urdu (Standard)	South Asia	SACOR_10
Teachers shape young minds.	استاد نوجوان ذہنوں کو شکل دیتے ہیں۔	Urdu (Standard)	South Asia	SACOR_05
Traditional music is important for our heritage.	روایتی موسیقی ہماری وراثت کے لیے اہم ہے۔	Urdu (Standard)	South Asia	SACOR_08
Small businesses create employment opportunities.	چھوٹے کاروبار روزگار کے مواقع پیدا کرتے ہیں۔	Urdu (Standard)	South Asia	SACOR_08
Handicrafts showcase artistic traditions.	دستی کاریاں فنکارانہ روایات دکھاتی ہیں۔	Urdu (Standard)	South Asia	SACOR_05
Regular exercise helps maintain good health.	منظم ورزش اچھی صحت برقرار رکھنے میں مدد کرتی ہے۔	Urdu (Standard)	South Asia	SACOR_02
Students gathered in the library.	طلباء لائبریری میں جمع ہوئے۔	Urdu (Standard)	South Asia	SACOR_08
She cooked delicious biryani for the family.	اس نے خاندان کے لیے مزیدار بریانی پکائی۔	Urdu (Standard)	South Asia	SACOR_04
She walked slowly through the garden.	وہ باغ میں آہستہ آہستہ چلی۔	Urdu (Standard)	South Asia	SACOR_04
The wedding ceremony lasted three days.	شادی کی تقریب تین دن تک چلی۔	Urdu (Standard)	South Asia	SACOR_04
Children were playing cricket in the street.	بچے سڑک پر کرکٹ کھیل رہے تھے۔	Urdu (Standard)	South Asia	SACOR_07
Eating fresh fruits provides essential vitamins.	تازہ پھل کھانا ضروری وٹامن فراہم کرتا ہے۔	Urdu (Standard)	South Asia	SACOR_01
Family members support each other during difficult times.	خاندان کے ممبر مشکل وقتوں میں ایک دوسرے کی مدد کرتے ہیں۔	Urdu (Standard)	South Asia	SACOR_02
The school organized a science fair.	اسکول نے سائنس میلہ منظم کیا۔	Urdu (Standard)	South Asia	SACOR_01
Tea is served to guests as a gesture of hospitality.	مہمانوں کو مہمان نوازی کی نشانی کے طور پر چائے پیش کی جاتی ہے۔	Urdu (Standard)	South Asia	SACOR_08
The bus arrived late.	بس دیر سے پہنچی۔	Urdu (Standard)	South Asia	SACOR_09
Clear communication prevents misunderstandings.	صاف رابطہ غلط فہمیوں کو روکتا ہے۔	Urdu (Standard)	South Asia	SACOR_07
Farmers planted rice in the flooded fields.	کسانوں نے پانی والے کھیتوں میں چاول بوئے۔	Urdu (Standard)	South Asia	SACOR_08
My grandmother told me stories.	میری دادی نے مجھے کہانیاں سنائیں۔	Urdu (Standard)	South Asia	SACOR_07
Spices add flavor to traditional dishes.	مصالحے روایتی کھانوں میں ذائقہ بڑھاتے ہیں۔	Urdu (Standard)	South Asia	SACOR_01
People celebrate festivals with great joy.	لوگ بہت خوشی سے تہوار مناتے ہیں۔	Urdu (Standard)	South Asia	SACOR_06
After finishing his work, he sat down.	اپنا کام مکمل کرنے کے بعد، وہ بیٹھ گیا۔	Urdu (Standard)	South Asia	SACOR_04
Online shopping has become popular.	آن لائن خریداری مقبول ہو گئی ہے۔	Urdu (Standard)	South Asia	SACOR_05
People travel long distances to visit religious sites.	لوگ مذہبی مقامات دیکھنے کے لیے لمبی دوریاں طے کرتے ہیں۔	Urdu (Standard)	South Asia	SACOR_06
Elderly people share wisdom and stories.	بزرگ لوگ حکمت اور کہانیاں بانٹتے ہیں۔	Urdu (Standard)	South Asia	SACOR_01
Sports teach teamwork and discipline.	کھیل ٹیم ورک اور نظم و ضبط سکھاتے ہیں۔	Urdu (Standard)	South Asia	SACOR_04
Cricket is a popular sport.	کرکٹ ایک مقبول کھیل ہے۔	Urdu (Standard)	South Asia	SACOR_06
Education opens doors to opportunities.	تعلیم مواقع کے دروازے کھولتی ہے۔	Urdu (Standard)	South Asia	SACOR_09
The forest is home to many wild animals.	جنگل بہت سے جنگلی جانوروں کا گھر ہے۔	Urdu (Standard)	South Asia	SACOR_02
The market was crowded with people.	بازار لوگوں سے بھرا ہوا تھا۔	Urdu (Standard)	South Asia	SACOR_07
Storytelling preserves culture and knowledge.	کہانی سنانا ثقافت اور علم کو محفوظ رکھتا ہے۔	Urdu (Standard)	South Asia	SACOR_06
Children learn best when they are interested.	بچے بہترین سیکھتے ہیں جب وہ دلچسپی رکھتے ہیں۔	Urdu (Standard)	South Asia	SACOR_05
The teacher explained the lesson patiently.	استاد نے صبر سے سبق سمجھایا۔	Urdu (Standard)	South Asia	SACOR_10
Reading books improves vocabulary.	کتابیں پڑھنا ذخیرہ الفاظ بہتر بناتا ہے۔	Urdu (Standard)	South Asia	SACOR_09
Learning a new language requires practice.	نئی زبان سیکھنے کے لیے مشق کی ضرورت ہے۔	Urdu (Standard)	South Asia	SACOR_01
Digital payments have made transactions faster.	ڈیجیٹل ادائیگیوں نے معاملات تیز کر دیے ہیں۔	Urdu (Standard)	South Asia	SACOR_07
Tourism brings revenue to regions with historical sites.	سیاحت تاریخی مقامات والے علاقوں میں آمدنی لاتی ہے۔	Urdu (Standard)	South Asia	SACOR_02
Agriculture remains the primary source of income.	زراعت آمدنی کا بنیادی ذریعہ رہتی ہے۔	Urdu (Standard)	South Asia	SACOR_09
I woke up early this morning.	میں آج صبح جلدی اٹھا۔	Urdu (Standard)	South Asia	SACOR_05
Smartphones have changed how people communicate.	اسمارٹ فونوں نے لوگوں کے رابطے کے طریقے کو تبدیل کر دیا ہے۔	Urdu (Standard)	South Asia	SACOR_07
The river flows peacefully through the valley.	دریا وادی میں پرامن طریقے سے بہتا ہے۔	Urdu (Standard)	South Asia	SACOR_05
Pollution in cities has become a serious problem.	شہروں میں آلودگی ایک سنجیدہ مسئلہ بن گئی ہے۔	Urdu (Standard)	South Asia	SACOR_09
Reading books improves vocabulary.	کتابیں پڑھنا ذخیرہ الفاظ بہتر بناتا ہے۔	Urdu (Standard)	South Asia	SACOR_08
After finishing his work, he sat down.	اپنا کام مکمل کرنے کے بعد، وہ بیٹھ گیا۔	Urdu (Standard)	South Asia	SACOR_07
Education opens doors to opportunities.	تعلیم مواقع کے دروازے کھولتی ہے۔	Urdu (Standard)	South Asia	SACOR_01
Doctors recommend drinking plenty of water.	ڈاکٹر زیادہ پانی پینے کی صلاح دیتے ہیں۔	Urdu (Standard)	South Asia	SACOR_09
The school organized a science fair.	اسکول نے سائنس میلہ منظم کیا۔	Urdu (Standard)	South Asia	SACOR_06
She walked slowly through the garden.	وہ باغ میں آہستہ آہستہ چلی۔	Urdu (Standard)	South Asia	SACOR_08
We decided to visit the old temple.	ہم نے پرانے مندر کا دورہ کرنے کا فیصلہ کیا۔	Urdu (Standard)	South Asia	SACOR_07
Cricket is a popular sport.	کرکٹ ایک مقبول کھیل ہے۔	Urdu (Standard)	South Asia	SACOR_05
Spices add flavor to traditional dishes.	مصالحے روایتی کھانوں میں ذائقہ بڑھاتے ہیں۔	Urdu (Standard)	South Asia	SACOR_07
Birds were chirping in the trees.	پرندے درختوں میں چہچہا رہے تھے۔	Urdu (Standard)	South Asia	SACOR_01
Pollution in cities has become a serious problem.	شہروں میں آلودگی ایک سنجیدہ مسئلہ بن گئی ہے۔	Urdu (Standard)	South Asia	SACOR_04
Teachers shape young minds.	استاد نوجوان ذہنوں کو شکل دیتے ہیں۔	Urdu (Standard)	South Asia	SACOR_07
People travel long distances to visit religious sites.	لوگ مذہبی مقامات دیکھنے کے لیے لمبی دوریاں طے کرتے ہیں۔	Urdu (Standard)	South Asia	SACOR_04
Regular exercise helps maintain good health.	منظم ورزش اچھی صحت برقرار رکھنے میں مدد کرتی ہے۔	Urdu (Standard)	South Asia	SACOR_03
Farmers planted rice in the flooded fields.	کسانوں نے پانی والے کھیتوں میں چاول بوئے۔	Urdu (Standard)	South Asia	SACOR_05
My grandmother told me stories.	میری دادی نے مجھے کہانیاں سنائیں۔	Urdu (Standard)	South Asia	SACOR_03
Tourism brings revenue to regions with historical sites.	سیاحت تاریخی مقامات والے علاقوں میں آمدنی لاتی ہے۔	Urdu (Standard)	South Asia	SACOR_09
Children learn best when they are interested.	بچے بہترین سیکھتے ہیں جب وہ دلچسپی رکھتے ہیں۔	Urdu (Standard)	South Asia	SACOR_07
She received a scholarship to study medicine.	اسے طب کی تعلیم کے لیے اسکالرشپ ملی۔	Urdu (Standard)	South Asia	SACOR_07
Agriculture remains the primary source of income.	زراعت آمدنی کا بنیادی ذریعہ رہتی ہے۔	Urdu (Standard)	South Asia	SACOR_03
The market was crowded with people.	بازار لوگوں سے بھرا ہوا تھا۔	Urdu (Standard)	South Asia	SACOR_03
The river flows peacefully through the valley.	دریا وادی میں پرامن طریقے سے بہتا ہے۔	Urdu (Standard)	South Asia	SACOR_08
Parents sacrifice their own needs for children.	والدین بچوں کے لیے اپنی ضرورتیں قربان کرتے ہیں۔	Urdu (Standard)	South Asia	SACOR_02
Eating fresh fruits provides essential vitamins.	تازہ پھل کھانا ضروری وٹامن فراہم کرتا ہے۔	Urdu (Standard)	South Asia	SACOR_10
The wedding ceremony lasted three days.	شادی کی تقریب تین دن تک چلی۔	Urdu (Standard)	South Asia	SACOR_03
Respecting elders is an important value.	بزرگوں کا احترام ایک اہم قدر ہے۔	Urdu (Standard)	South Asia	SACOR_02
She cooked delicious biryani for the family.	اس نے خاندان کے لیے مزیدار بریانی پکائی۔	Urdu (Standard)	South Asia	SACOR_08
Elderly people share wisdom and stories.	بزرگ لوگ حکمت اور کہانیاں بانٹتے ہیں۔	Urdu (Standard)	South Asia	SACOR_04
The internet connects people across continents.	انٹرنیٹ براعظموں میں لوگوں کو جوڑتا ہے۔	Urdu (Standard)	South Asia	SACOR_07
Traditional music is important for our heritage.	روایتی موسیقی ہماری وراثت کے لیے اہم ہے۔	Urdu (Standard)	South Asia	SACOR_07
Train journeys offer scenic views.	ریل کے سفر مناظر کے نظارے پیش کرتے ہیں۔	Urdu (Standard)	South Asia	SACOR_06
Learning a new language requires practice.	نئی زبان سیکھنے کے لیے مشق کی ضرورت ہے۔	Urdu (Standard)	South Asia	SACOR_07
Farmers wake up early to tend to crops.	کسان فصلوں کی دیکھ بھال کے لیے جلدی اٹھتے ہیں۔	Urdu (Standard)	South Asia	SACOR_07
Clear communication prevents misunderstandings.	صاف رابطہ غلط فہمیوں کو روکتا ہے۔	Urdu (Standard)	South Asia	SACOR_08
The forest is home to many wild animals.	جنگل بہت سے جنگلی جانوروں کا گھر ہے۔	Urdu (Standard)	South Asia	SACOR_04
Cooking together brings family members closer.	مل کر کھانا پکانا خاندان کے ممبروں کو قریب لاتا ہے۔	Urdu (Standard)	South Asia	SACOR_10
Digital payments have made transactions faster.	ڈیجیٹل ادائیگیوں نے معاملات تیز کر دیے ہیں۔	Urdu (Standard)	South Asia	SACOR_01
Family members support each other during difficult times.	خاندان کے ممبر مشکل وقتوں میں ایک دوسرے کی مدد کرتے ہیں۔	Urdu (Standard)	South Asia	SACOR_07
Handicrafts showcase artistic traditions.	دستی کاریاں فنکارانہ روایات دکھاتی ہیں۔	Urdu (Standard)	South Asia	SACOR_01
Storytelling preserves culture and knowledge.	کہانی سنانا ثقافت اور علم کو محفوظ رکھتا ہے۔	Urdu (Standard)	South Asia	SACOR_08
Small businesses create employment opportunities.	چھوٹے کاروبار روزگار کے مواقع پیدا کرتے ہیں۔	Urdu (Standard)	South Asia	SACOR_03
The teacher explained the lesson patiently.	استاد نے صبر سے سبق سمجھایا۔	Urdu (Standard)	South Asia	SACOR_08
Sports teach teamwork and discipline.	کھیل ٹیم ورک اور نظم و ضبط سکھاتے ہیں۔	Urdu (Standard)	South Asia	SACOR_08
I woke up early this morning.	میں آج صبح جلدی اٹھا۔	Urdu (Standard)	South Asia	SACOR_03
Tea is served to guests as a gesture of hospitality.	مہمانوں کو مہمان نوازی کی نشانی کے طور پر چائے پیش کی جاتی ہے۔	Urdu (Standard)	South Asia	SACOR_04
People celebrate festivals with great joy.	لوگ بہت خوشی سے تہوار مناتے ہیں۔	Urdu (Standard)	South Asia	SACOR_07
Online shopping has become popular.	آن لائن خریداری مقبول ہو گئی ہے۔	Urdu (Standard)	South Asia	SACOR_06
Doctors work long hours to treat patients.	ڈاکٹر مریضوں کا علاج کرنے کے لیے لمبے گھنٹے کام کرتے ہیں۔	Urdu (Standard)	South Asia	SACOR_08
Smartphones have changed how people communicate.	اسمارٹ فونوں نے لوگوں کے رابطے کے طریقے کو تبدیل کر دیا ہے۔	Urdu (Standard)	South Asia	SACOR_07
Students gathered in the library.	طلباء لائبریری میں جمع ہوئے۔	Urdu (Standard)	South Asia	SACOR_02
The bus arrived late.	بس دیر سے پہنچی۔	Urdu (Standard)	South Asia	SACOR_05
The professor wrote equations on the blackboard.	پروفیسر نے تختے پر مساوات لکھیں۔	Urdu (Standard)	South Asia	SACOR_08
Children were playing cricket in the street.	بچے سڑک پر کرکٹ کھیل رہے تھے۔	Urdu (Standard)	South Asia	SACOR_07
Spices add flavor to traditional dishes.	مصالحے روایتی کھانوں میں ذائقہ بڑھاتے ہیں۔	Urdu (Standard)	South Asia	SACOR_07
Family members support each other during difficult times.	خاندان کے ممبر مشکل وقتوں میں ایک دوسرے کی مدد کرتے ہیں۔	Urdu (Standard)	South Asia	SACOR_06
Farmers wake up early to tend to crops.	کسان فصلوں کی دیکھ بھال کے لیے جلدی اٹھتے ہیں۔	Urdu (Standard)	South Asia	SACOR_08
Agriculture remains the primary source of income.	زراعت آمدنی کا بنیادی ذریعہ رہتی ہے۔	Urdu (Standard)	South Asia	SACOR_02
She walked slowly through the garden.	وہ باغ میں آہستہ آہستہ چلی۔	Urdu (Standard)	South Asia	SACOR_07
Learning a new language requires practice.	نئی زبان سیکھنے کے لیے مشق کی ضرورت ہے۔	Urdu (Standard)	South Asia	SACOR_05
Clear communication prevents misunderstandings.	صاف رابطہ غلط فہمیوں کو روکتا ہے۔	Urdu (Standard)	South Asia	SACOR_01
Children were playing cricket in the street.	بچے سڑک پر کرکٹ کھیل رہے تھے۔	Urdu (Standard)	South Asia	SACOR_03
Cricket is a popular sport.	کرکٹ ایک مقبول کھیل ہے۔	Urdu (Standard)	South Asia	SACOR_03
She cooked delicious biryani for the family.	اس نے خاندان کے لیے مزیدار بریانی پکائی۔	Urdu (Standard)	South Asia	SACOR_07
People celebrate festivals with great joy.	لوگ بہت خوشی سے تہوار مناتے ہیں۔	Urdu (Standard)	South Asia	SACOR_02
The river flows peacefully through the valley.	دریا وادی میں پرامن طریقے سے بہتا ہے۔	Urdu (Standard)	South Asia	SACOR_03
My grandmother told me stories.	میری دادی نے مجھے کہانیاں سنائیں۔	Urdu (Standard)	South Asia	SACOR_04
Respecting elders is an important value.	بزرگوں کا احترام ایک اہم قدر ہے۔	Urdu (Standard)	South Asia	SACOR_05
Doctors recommend drinking plenty of water.	ڈاکٹر زیادہ پانی پینے کی صلاح دیتے ہیں۔	Urdu (Standard)	South Asia	SACOR_10
People travel long distances to visit religious sites.	لوگ مذہبی مقامات دیکھنے کے لیے لمبی دوریاں طے کرتے ہیں۔	Urdu (Standard)	South Asia	SACOR_05
Tourism brings revenue to regions with historical sites.	سیاحت تاریخی مقامات والے علاقوں میں آمدنی لاتی ہے۔	Urdu (Standard)	South Asia	SACOR_06
I woke up early this morning.	میں آج صبح جلدی اٹھا۔	Urdu (Standard)	South Asia	SACOR_08
The wedding ceremony lasted three days.	شادی کی تقریب تین دن تک چلی۔	Urdu (Standard)	South Asia	SACOR_03
After finishing his work, he sat down.	اپنا کام مکمل کرنے کے بعد، وہ بیٹھ گیا۔	Urdu (Standard)	South Asia	SACOR_05
Doctors work long hours to treat patients.	ڈاکٹر مریضوں کا علاج کرنے کے لیے لمبے گھنٹے کام کرتے ہیں۔	Urdu (Standard)	South Asia	SACOR_05
Sports teach teamwork and discipline.	کھیل ٹیم ورک اور نظم و ضبط سکھاتے ہیں۔	Urdu (Standard)	South Asia	SACOR_10
We decided to visit the old temple.	ہم نے پرانے مندر کا دورہ کرنے کا فیصلہ کیا۔	Urdu (Standard)	South Asia	SACOR_02
Storytelling preserves culture and knowledge.	کہانی سنانا ثقافت اور علم کو محفوظ رکھتا ہے۔	Urdu (Standard)	South Asia	SACOR_08
Traditional music is important for our heritage.	روایتی موسیقی ہماری وراثت کے لیے اہم ہے۔	Urdu (Standard)	South Asia	SACOR_07
Handicrafts showcase artistic traditions.	دستی کاریاں فنکارانہ روایات دکھاتی ہیں۔	Urdu (Standard)	South Asia	SACOR_05
Farmers planted rice in the flooded fields.	کسانوں نے پانی والے کھیتوں میں چاول بوئے۔	Urdu (Standard)	South Asia	SACOR_09
Digital payments have made transactions faster.	ڈیجیٹل ادائیگیوں نے معاملات تیز کر دیے ہیں۔	Urdu (Standard)	South Asia	SACOR_03
Online shopping has become popular.	آن لائن خریداری مقبول ہو گئی ہے۔	Urdu (Standard)	South Asia	SACOR_07
Regular exercise helps maintain good health.	منظم ورزش اچھی صحت برقرار رکھنے میں مدد کرتی ہے۔	Urdu (Standard)	South Asia	SACOR_02
Small businesses create employment opportunities.	چھوٹے کاروبار روزگار کے مواقع پیدا کرتے ہیں۔	Urdu (Standard)	South Asia	SACOR_05
Elderly people share wisdom and stories.	بزرگ لوگ حکمت اور کہانیاں بانٹتے ہیں۔	Urdu (Standard)	South Asia	SACOR_09
Birds were chirping in the trees.	پرندے درختوں میں چہچہا رہے تھے۔	Urdu (Standard)	South Asia	SACOR_02
The bus arrived late.	بس دیر سے پہنچی۔	Urdu (Standard)	South Asia	SACOR_01
Parents sacrifice their own needs for children.	والدین بچوں کے لیے اپنی ضرورتیں قربان کرتے ہیں۔	Urdu (Standard)	South Asia	SACOR_10
Teachers shape young minds.	استاد نوجوان ذہنوں کو شکل دیتے ہیں۔	Urdu (Standard)	South Asia	SACOR_10
The school organized a science fair.	اسکول نے سائنس میلہ منظم کیا۔	Urdu (Standard)	South Asia	SACOR_06
Train journeys offer scenic views.	ریل کے سفر مناظر کے نظارے پیش کرتے ہیں۔	Urdu (Standard)	South Asia	SACOR_08
Children learn best when they are interested.	بچے بہترین سیکھتے ہیں جب وہ دلچسپی رکھتے ہیں۔	Urdu (Standard)	South Asia	SACOR_09
The internet connects people across continents.	انٹرنیٹ براعظموں میں لوگوں کو جوڑتا ہے۔	Urdu (Standard)	South Asia	SACOR_02
She received a scholarship to study medicine.	اسے طب کی تعلیم کے لیے اسکالرشپ ملی۔	Urdu (Standard)	South Asia	SACOR_09
The professor wrote equations on the blackboard.	پروفیسر نے تختے پر مساوات لکھیں۔	Urdu (Standard)	South Asia	SACOR_04
Education opens doors to opportunities.	تعلیم مواقع کے دروازے کھولتی ہے۔	Urdu (Standard)	South Asia	SACOR_04
Pollution in cities has become a serious problem.	شہروں میں آلودگی ایک سنجیدہ مسئلہ بن گئی ہے۔	Urdu (Standard)	South Asia	SACOR_09
Smartphones have changed how people communicate.	اسمارٹ فونوں نے لوگوں کے رابطے کے طریقے کو تبدیل کر دیا ہے۔	Urdu (Standard)	South Asia	SACOR_01
The forest is home to many wild animals.	جنگل بہت سے جنگلی جانوروں کا گھر ہے۔	Urdu (Standard)	South Asia	SACOR_08
Students gathered in the library.	طلباء لائبریری میں جمع ہوئے۔	Urdu (Standard)	South Asia	SACOR_01
Reading books improves vocabulary.	کتابیں پڑھنا ذخیرہ الفاظ بہتر بناتا ہے۔	Urdu (Standard)	South Asia	SACOR_04
Eating fresh fruits provides essential vitamins.	تازہ پھل کھانا ضروری وٹامن فراہم کرتا ہے۔	Urdu (Standard)	South Asia	SACOR_04
Cooking together brings family members closer.	مل کر کھانا پکانا خاندان کے ممبروں کو قریب لاتا ہے۔	Urdu (Standard)	South Asia	SACOR_02
Tea is served to guests as a gesture of hospitality.	مہمانوں کو مہمان نوازی کی نشانی کے طور پر چائے پیش کی جاتی ہے۔	Urdu (Standard)	South Asia	SACOR_06
The market was crowded with people.	بازار لوگوں سے بھرا ہوا تھا۔	Urdu (Standard)	South Asia	SACOR_07
The teacher explained the lesson patiently.	استاد نے صبر سے سبق سمجھایا۔	Urdu (Standard)	South Asia	SACOR_07
Reading books improves vocabulary.	کتابیں پڑھنا ذخیرہ الفاظ بہتر بناتا ہے۔	Urdu (Standard)	South Asia	SACOR_08
Cricket is a popular sport.	کرکٹ ایک مقبول کھیل ہے۔	Urdu (Standard)	South Asia	SACOR_01
My grandmother told me stories.	میری دادی نے مجھے کہانیاں سنائیں۔	Urdu (Standard)	South Asia	SACOR_06
She received a scholarship to study medicine.	اسے طب کی تعلیم کے لیے اسکالرشپ ملی۔	Urdu (Standard)	South Asia	SACOR_04
Parents sacrifice their own needs for children.	والدین بچوں کے لیے اپنی ضرورتیں قربان کرتے ہیں۔	Urdu (Standard)	South Asia	SACOR_04
Agriculture remains the primary source of income.	زراعت آمدنی کا بنیادی ذریعہ رہتی ہے۔	Urdu (Standard)	South Asia	SACOR_01
Elderly people share wisdom and stories.	بزرگ لوگ حکمت اور کہانیاں بانٹتے ہیں۔	Urdu (Standard)	South Asia	SACOR_09
Doctors work long hours to treat patients.	ڈاکٹر مریضوں کا علاج کرنے کے لیے لمبے گھنٹے کام کرتے ہیں۔	Urdu (Standard)	South Asia	SACOR_06
Children were playing cricket in the street.	بچے سڑک پر کرکٹ کھیل رہے تھے۔	Urdu (Standard)	South Asia	SACOR_02
Pollution in cities has become a serious problem.	شہروں میں آلودگی ایک سنجیدہ مسئلہ بن گئی ہے۔	Urdu (Standard)	South Asia	SACOR_10
Respecting elders is an important value.	بزرگوں کا احترام ایک اہم قدر ہے۔	Urdu (Standard)	South Asia	SACOR_09
Traditional music is important for our heritage.	روایتی موسیقی ہماری وراثت کے لیے اہم ہے۔	Urdu (Standard)	South Asia	SACOR_04
Tourism brings revenue to regions with historical sites.	سیاحت تاریخی مقامات والے علاقوں میں آمدنی لاتی ہے۔	Urdu (Standard)	South Asia	SACOR_09
Small businesses create employment opportunities.	چھوٹے کاروبار روزگار کے مواقع پیدا کرتے ہیں۔	Urdu (Standard)	South Asia	SACOR_07
Learning a new language requires practice.	نئی زبان سیکھنے کے لیے مشق کی ضرورت ہے۔	Urdu (Standard)	South Asia	SACOR_01
Smartphones have changed how people communicate.	اسمارٹ فونوں نے لوگوں کے رابطے کے طریقے کو تبدیل کر دیا ہے۔	Urdu (Standard)	South Asia	SACOR_07
The river flows peacefully through the valley.	دریا وادی میں پرامن طریقے سے بہتا ہے۔	Urdu (Standard)	South Asia	SACOR_10
The wedding ceremony lasted three days.	شادی کی تقریب تین دن تک چلی۔	Urdu (Standard)	South Asia	SACOR_07
Spices add flavor to traditional dishes.	مصالحے روایتی کھانوں میں ذائقہ بڑھاتے ہیں۔	Urdu (Standard)	South Asia	SACOR_03
Doctors recommend drinking plenty of water.	ڈاکٹر زیادہ پانی پینے کی صلاح دیتے ہیں۔	Urdu (Standard)	South Asia	SACOR_05
People celebrate festivals with great joy.	لوگ بہت خوشی سے تہوار مناتے ہیں۔	Urdu (Standard)	South Asia	SACOR_10
Handicrafts showcase artistic traditions.	دستی کاریاں فنکارانہ روایات دکھاتی ہیں۔	Urdu (Standard)	South Asia	SACOR_09
Farmers planted rice in the flooded fields.	کسانوں نے پانی والے کھیتوں میں چاول بوئے۔	Urdu (Standard)	South Asia	SACOR_10
Children learn best when they are interested.	بچے بہترین سیکھتے ہیں جب وہ دلچسپی رکھتے ہیں۔	Urdu (Standard)	South Asia	SACOR_06
Regular exercise helps maintain good health.	منظم ورزش اچھی صحت برقرار رکھنے میں مدد کرتی ہے۔	Urdu (Standard)	South Asia	SACOR_07
People travel long distances to visit religious sites.	لوگ مذہبی مقامات دیکھنے کے لیے لمبی دوریاں طے کرتے ہیں۔	Urdu (Standard)	South Asia	SACOR_10
After finishing his work, he sat down.	اپنا کام مکمل کرنے کے بعد، وہ بیٹھ گیا۔	Urdu (Standard)	South Asia	SACOR_02
The teacher explained the lesson patiently.	استاد نے صبر سے سبق سمجھایا۔	Urdu (Standard)	South Asia	SACOR_02
The market was crowded with people.	بازار لوگوں سے بھرا ہوا تھا۔	Urdu (Standard)	South Asia	SACOR_01
The internet connects people across continents.	انٹرنیٹ براعظموں میں لوگوں کو جوڑتا ہے۔	Urdu (Standard)	South Asia	SACOR_04
Storytelling preserves culture and knowledge.	کہانی سنانا ثقافت اور علم کو محفوظ رکھتا ہے۔	Urdu (Standard)	South Asia	SACOR_01
Teachers shape young minds.	استاد نوجوان ذہنوں کو شکل دیتے ہیں۔	Urdu (Standard)	South Asia	SACOR_09
Education opens doors to opportunities.	تعلیم مواقع کے دروازے کھولتی ہے۔	Urdu (Standard)	South Asia	SACOR_10
The school organized a science fair.	اسکول نے سائنس میلہ منظم کیا۔	Urdu (Standard)	South Asia	SACOR_08
She cooked delicious biryani for the family.	اس نے خاندان کے لیے مزیدار بریانی پکائی۔	Urdu (Standard)	South Asia	SACOR_06
Clear communication prevents misunderstandings.	صاف رابطہ غلط فہمیوں کو روکتا ہے۔	Urdu (Standard)	South Asia	SACOR_09
Birds were chirping in the trees.	پرندے درختوں میں چہچہا رہے تھے۔	Urdu (Standard)	South Asia	SACOR_07
Family members support each other during difficult times.	خاندان کے ممبر مشکل وقتوں میں ایک دوسرے کی مدد کرتے ہیں۔	Urdu (Standard)	South Asia	SACOR_04
She walked slowly through the garden.	وہ باغ میں آہستہ آہستہ چلی۔	Urdu (Standard)	South Asia	SACOR_09
Cooking together brings family members closer.	مل کر کھانا پکانا خاندان کے ممبروں کو قریب لاتا ہے۔	Urdu (Standard)	South Asia	SACOR_01
We decided to visit the old temple.	ہم نے پرانے مندر کا دورہ کرنے کا فیصلہ کیا۔	Urdu (Standard)	South Asia	SACOR_05
The professor wrote equations on the blackboard.	پروفیسر نے تختے پر مساوات لکھیں۔	Urdu (Standard)	South Asia	SACOR_01
Students gathered in the library.	طلباء لائبریری میں جمع ہوئے۔	Urdu (Standard)	South Asia	SACOR_05
The bus arrived late.	بس دیر سے پہنچی۔	Urdu (Standard)	South Asia	SACOR_05
Sports teach teamwork and discipline.	کھیل ٹیم ورک اور نظم و ضبط سکھاتے ہیں۔	Urdu (Standard)	South Asia	SACOR_02
Farmers wake up early to tend to crops.	کسان فصلوں کی دیکھ بھال کے لیے جلدی اٹھتے ہیں۔	Urdu (Standard)	South Asia	SACOR_07
Train journeys offer scenic views.	ریل کے سفر مناظر کے نظارے پیش کرتے ہیں۔	Urdu (Standard)	South Asia	SACOR_02
Tea is served to guests as a gesture of hospitality.	مہمانوں کو مہمان نوازی کی نشانی کے طور پر چائے پیش کی جاتی ہے۔	Urdu (Standard)	South Asia	SACOR_07
Digital payments have made transactions faster.	ڈیجیٹل ادائیگیوں نے معاملات تیز کر دیے ہیں۔	Urdu (Standard)	South Asia	SACOR_07
Eating fresh fruits provides essential vitamins.	تازہ پھل کھانا ضروری وٹامن فراہم کرتا ہے۔	Urdu (Standard)	South Asia	SACOR_02
The forest is home to many wild animals.	جنگل بہت سے جنگلی جانوروں کا گھر ہے۔	Urdu (Standard)	South Asia	SACOR_04
I woke up early this morning.	میں آج صبح جلدی اٹھا۔	Urdu (Standard)	South Asia	SACOR_01
Online shopping has become popular.	آن لائن خریداری مقبول ہو گئی ہے۔	Urdu (Standard)	South Asia	SACOR_07
Tea is served to guests as a gesture of hospitality.	مہمانوں کو مہمان نوازی کی نشانی کے طور پر چائے پیش کی جاتی ہے۔	Urdu (Standard)	South Asia	SACOR_04
Tourism brings revenue to regions with historical sites.	سیاحت تاریخی مقامات والے علاقوں میں آمدنی لاتی ہے۔	Urdu (Standard)	South Asia	SACOR_06
Pollution in cities has become a serious problem.	شہروں میں آلودگی ایک سنجیدہ مسئلہ بن گئی ہے۔	Urdu (Standard)	South Asia	SACOR_05
We decided to visit the old temple.	ہم نے پرانے مندر کا دورہ کرنے کا فیصلہ کیا۔	Urdu (Standard)	South Asia	SACOR_09
I woke up early this morning.	میں آج صبح جلدی اٹھا۔	Urdu (Standard)	South Asia	SACOR_06
The bus arrived late.	بس دیر سے پہنچی۔	Urdu (Standard)	South Asia	SACOR_04
The professor wrote equations on the blackboard.	پروفیسر نے تختے پر مساوات لکھیں۔	Urdu (Standard)	South Asia	SACOR_10
Traditional music is important for our heritage.	روایتی موسیقی ہماری وراثت کے لیے اہم ہے۔	Urdu (Standard)	South Asia	SACOR_07
Clear communication prevents misunderstandings.	صاف رابطہ غلط فہمیوں کو روکتا ہے۔	Urdu (Standard)	South Asia	SACOR_02
Cricket is a popular sport.	کرکٹ ایک مقبول کھیل ہے۔	Urdu (Standard)	South Asia	SACOR_01
Children were playing cricket in the street.	بچے سڑک پر کرکٹ کھیل رہے تھے۔	Urdu (Standard)	South Asia	SACOR_05
The wedding ceremony lasted three days.	شادی کی تقریب تین دن تک چلی۔	Urdu (Standard)	South Asia	SACOR_09
The school organized a science fair.	اسکول نے سائنس میلہ منظم کیا۔	Urdu (Standard)	South Asia	SACOR_01
Spices add flavor to traditional dishes.	مصالحے روایتی کھانوں میں ذائقہ بڑھاتے ہیں۔	Urdu (Standard)	South Asia	SACOR_09
The market was crowded with people.	بازار لوگوں سے بھرا ہوا تھا۔	Urdu (Standard)	South Asia	SACOR_09
The internet connects people across continents.	انٹرنیٹ براعظموں میں لوگوں کو جوڑتا ہے۔	Urdu (Standard)	South Asia	SACOR_01
Eating fresh fruits provides essential vitamins.	تازہ پھل کھانا ضروری وٹامن فراہم کرتا ہے۔	Urdu (Standard)	South Asia	SACOR_06
Reading books improves vocabulary.	کتابیں پڑھنا ذخیرہ الفاظ بہتر بناتا ہے۔	Urdu (Standard)	South Asia	SACOR_08
She walked slowly through the garden.	وہ باغ میں آہستہ آہستہ چلی۔	Urdu (Standard)	South Asia	SACOR_05
Storytelling preserves culture and knowledge.	کہانی سنانا ثقافت اور علم کو محفوظ رکھتا ہے۔	Urdu (Standard)	South Asia	SACOR_10
Education opens doors to opportunities.	تعلیم مواقع کے دروازے کھولتی ہے۔	Urdu (Standard)	South Asia	SACOR_09
People travel long distances to visit religious sites.	لوگ مذہبی مقامات دیکھنے کے لیے لمبی دوریاں طے کرتے ہیں۔	Urdu (Standard)	South Asia	SACOR_08
She cooked delicious biryani for the family.	اس نے خاندان کے لیے مزیدار بریانی پکائی۔	Urdu (Standard)	South Asia	SACOR_06
Small businesses create employment opportunities.	چھوٹے کاروبار روزگار کے مواقع پیدا کرتے ہیں۔	Urdu (Standard)	South Asia	SACOR_09
Digital payments have made transactions faster.	ڈیجیٹل ادائیگیوں نے معاملات تیز کر دیے ہیں۔	Urdu (Standard)	South Asia	SACOR_05
Handicrafts showcase artistic traditions.	دستی کاریاں فنکارانہ روایات دکھاتی ہیں۔	Urdu (Standard)	South Asia	SACOR_01
The teacher explained the lesson patiently.	استاد نے صبر سے سبق سمجھایا۔	Urdu (Standard)	South Asia	SACOR_03
Smartphones have changed how people communicate.	اسمارٹ فونوں نے لوگوں کے رابطے کے طریقے کو تبدیل کر دیا ہے۔	Urdu (Standard)	South Asia	SACOR_05
Sports teach teamwork and discipline.	کھیل ٹیم ورک اور نظم و ضبط سکھاتے ہیں۔	Urdu (Standard)	South Asia	SACOR_10
Learning a new language requires practice.	نئی زبان سیکھنے کے لیے مشق کی ضرورت ہے۔	Urdu (Standard)	South Asia	SACOR_04
Cooking together brings family members closer.	مل کر کھانا پکانا خاندان کے ممبروں کو قریب لاتا ہے۔	Urdu (Standard)	South Asia	SACOR_09
Students gathered in the library.	طلباء لائبریری میں جمع ہوئے۔	Urdu (Standard)	South Asia	SACOR_08
Children learn best when they are interested.	بچے بہترین سیکھتے ہیں جب وہ دلچسپی رکھتے ہیں۔	Urdu (Standard)	South Asia	SACOR_02
Respecting elders is an important value.	بزرگوں کا احترام ایک اہم قدر ہے۔	Urdu (Standard)	South Asia	SACOR_04
Train journeys offer scenic views.	ریل کے سفر مناظر کے نظارے پیش کرتے ہیں۔	Urdu (Standard)	South Asia	SACOR_09
The river flows peacefully through the valley.	دریا وادی میں پرامن طریقے سے بہتا ہے۔	Urdu (Standard)	South Asia	SACOR_10
Farmers wake up early to tend to crops.	کسان فصلوں کی دیکھ بھال کے لیے جلدی اٹھتے ہیں۔	Urdu (Standard)	South Asia	SACOR_10
She received a scholarship to study medicine.	اسے طب کی تعلیم کے لیے اسکالرشپ ملی۔	Urdu (Standard)	South Asia	SACOR_03
After finishing his work, he sat down.	اپنا کام مکمل کرنے کے بعد، وہ بیٹھ گیا۔	Urdu (Standard)	South Asia	SACOR_08
Farmers planted rice in the flooded fields.	کسانوں نے پانی والے کھیتوں میں چاول بوئے۔	Urdu (Standard)	South Asia	SACOR_10
Doctors recommend drinking plenty of water.	ڈاکٹر زیادہ پانی پینے کی صلاح دیتے ہیں۔	Urdu (Standard)	South Asia	SACOR_04
Online shopping has become popular.	آن لائن خریداری مقبول ہو گئی ہے۔	Urdu (Standard)	South Asia	SACOR_06
Agriculture remains the primary source of income.	زراعت آمدنی کا بنیادی ذریعہ رہتی ہے۔	Urdu (Standard)	South Asia	SACOR_05
Family members support each other during difficult times.	خاندان کے ممبر مشکل وقتوں میں ایک دوسرے کی مدد کرتے ہیں۔	Urdu (Standard)	South Asia	SACOR_05
My grandmother told me stories.	میری دادی نے مجھے کہانیاں سنائیں۔	Urdu (Standard)	South Asia	SACOR_05
Teachers shape young minds.	استاد نوجوان ذہنوں کو شکل دیتے ہیں۔	Urdu (Standard)	South Asia	SACOR_06
Birds were chirping in the trees.	پرندے درختوں میں چہچہا رہے تھے۔	Urdu (Standard)	South Asia	SACOR_09
Parents sacrifice their own needs for children.	والدین بچوں کے لیے اپنی ضرورتیں قربان کرتے ہیں۔	Urdu (Standard)	South Asia	SACOR_10
Doctors work long hours to treat patients.	ڈاکٹر مریضوں کا علاج کرنے کے لیے لمبے گھنٹے کام کرتے ہیں۔	Urdu (Standard)	South Asia	SACOR_01
People celebrate festivals with great joy.	لوگ بہت خوشی سے تہوار مناتے ہیں۔	Urdu (Standard)	South Asia	SACOR_06
Regular exercise helps maintain good health.	منظم ورزش اچھی صحت برقرار رکھنے میں مدد کرتی ہے۔	Urdu (Standard)	South Asia	SACOR_08
The forest is home to many wild animals.	جنگل بہت سے جنگلی جانوروں کا گھر ہے۔	Urdu (Standard)	South Asia	SACOR_04
Elderly people share wisdom and stories.	بزرگ لوگ حکمت اور کہانیاں بانٹتے ہیں۔	Urdu (Standard)	South Asia	SACOR_01
Spices add flavor to traditional dishes.	مصالحے روایتی کھانوں میں ذائقہ بڑھاتے ہیں۔	Urdu (Standard)	South Asia	SACOR_02
Parents sacrifice their own needs for children.	والدین بچوں کے لیے اپنی ضرورتیں قربان کرتے ہیں۔	Urdu (Standard)	South Asia	SACOR_10
The wedding ceremony lasted three days.	شادی کی تقریب تین دن تک چلی۔	Urdu (Standard)	South Asia	SACOR_10
She cooked delicious biryani for the family.	اس نے خاندان کے لیے مزیدار بریانی پکائی۔	Urdu (Standard)	South Asia	SACOR_06
Clear communication prevents misunderstandings.	صاف رابطہ غلط فہمیوں کو روکتا ہے۔	Urdu (Standard)	South Asia	SACOR_03
Students gathered in the library.	طلباء لائبریری میں جمع ہوئے۔	Urdu (Standard)	South Asia	SACOR_07
Online shopping has become popular.	آن لائن خریداری مقبول ہو گئی ہے۔	Urdu (Standard)	South Asia	SACOR_02
Small businesses create employment opportunities.	چھوٹے کاروبار روزگار کے مواقع پیدا کرتے ہیں۔	Urdu (Standard)	South Asia	SACOR_05
The teacher explained the lesson patiently.	استاد نے صبر سے سبق سمجھایا۔	Urdu (Standard)	South Asia	SACOR_06
Doctors recommend drinking plenty of water.	ڈاکٹر زیادہ پانی پینے کی صلاح دیتے ہیں۔	Urdu (Standard)	South Asia	SACOR_08
Tourism brings revenue to regions with historical sites.	سیاحت تاریخی مقامات والے علاقوں میں آمدنی لاتی ہے۔	Urdu (Standard)	South Asia	SACOR_09
Elderly people share wisdom and stories.	بزرگ لوگ حکمت اور کہانیاں بانٹتے ہیں۔	Urdu (Standard)	South Asia	SACOR_03
Cricket is a popular sport.	کرکٹ ایک مقبول کھیل ہے۔	Urdu (Standard)	South Asia	SACOR_05
Smartphones have changed how people communicate.	اسمارٹ فونوں نے لوگوں کے رابطے کے طریقے کو تبدیل کر دیا ہے۔	Urdu (Standard)	South Asia	SACOR_06
The market was crowded with people.	بازار لوگوں سے بھرا ہوا تھا۔	Urdu (Standard)	South Asia	SACOR_07
Farmers wake up early to tend to crops.	کسان فصلوں کی دیکھ بھال کے لیے جلدی اٹھتے ہیں۔	Urdu (Standard)	South Asia	SACOR_07
Train journeys offer scenic views.	ریل کے سفر مناظر کے نظارے پیش کرتے ہیں۔	Urdu (Standard)	South Asia	SACOR_04
Tea is served to guests as a gesture of hospitality.	مہمانوں کو مہمان نوازی کی نشانی کے طور پر چائے پیش کی جاتی ہے۔	Urdu (Standard)	South Asia	SACOR_07
She received a scholarship to study medicine.	اسے طب کی تعلیم کے لیے اسکالرشپ ملی۔	Urdu (Standard)	South Asia	SACOR_04
Cooking together brings family members closer.	مل کر کھانا پکانا خاندان کے ممبروں کو قریب لاتا ہے۔	Urdu (Standard)	South Asia	SACOR_01
Birds were chirping in the trees.	پرندے درختوں میں چہچہا رہے تھے۔	Urdu (Standard)	South Asia	SACOR_06
The bus arrived late.	بس دیر سے پہنچی۔	Urdu (Standard)	South Asia	SACOR_02
Eating fresh fruits provides essential vitamins.	تازہ پھل کھانا ضروری وٹامن فراہم کرتا ہے۔	Urdu (Standard)	South Asia	SACOR_03
Farmers planted rice in the flooded fields.	کسانوں نے پانی والے کھیتوں میں چاول بوئے۔	Urdu (Standard)	South Asia	SACOR_09
The forest is home to many wild animals.	جنگل بہت سے جنگلی جانوروں کا گھر ہے۔	Urdu (Standard)	South Asia	SACOR_02
Children learn best when they are interested.	بچے بہترین سیکھتے ہیں جب وہ دلچسپی رکھتے ہیں۔	Urdu (Standard)	South Asia	SACOR_07
The school organized a science fair.	اسکول نے سائنس میلہ منظم کیا۔	Urdu (Standard)	South Asia	SACOR_04
We decided to visit the old temple.	ہم نے پرانے مندر کا دورہ کرنے کا فیصلہ کیا۔	Urdu (Standard)	South Asia	SACOR_08
Children were playing cricket in the street.	بچے سڑک پر کرکٹ کھیل رہے تھے۔	Urdu (Standard)	South Asia	SACOR_10
Teachers shape young minds.	استاد نوجوان ذہنوں کو شکل دیتے ہیں۔	Urdu (Standard)	South Asia	SACOR_10
Learning a new language requires practice.	نئی زبان سیکھنے کے لیے مشق کی ضرورت ہے۔	Urdu (Standard)	South Asia	SACOR_07
Digital payments have made transactions faster.	ڈیجیٹل ادائیگیوں نے معاملات تیز کر دیے ہیں۔	Urdu (Standard)	South Asia	SACOR_04
Education opens doors to opportunities.	تعلیم مواقع کے دروازے کھولتی ہے۔	Urdu (Standard)	South Asia	SACOR_02
Traditional music is important for our heritage.	روایتی موسیقی ہماری وراثت کے لیے اہم ہے۔	Urdu (Standard)	South Asia	SACOR_08
Handicrafts showcase artistic traditions.	دستی کاریاں فنکارانہ روایات دکھاتی ہیں۔	Urdu (Standard)	South Asia	SACOR_04
She walked slowly through the garden.	وہ باغ میں آہستہ آہستہ چلی۔	Urdu (Standard)	South Asia	SACOR_04
Respecting elders is an important value.	بزرگوں کا احترام ایک اہم قدر ہے۔	Urdu (Standard)	South Asia	SACOR_04
My grandmother told me stories.	میری دادی نے مجھے کہانیاں سنائیں۔	Urdu (Standard)	South Asia	SACOR_09
Sports teach teamwork and discipline.	کھیل ٹیم ورک اور نظم و ضبط سکھاتے ہیں۔	Urdu (Standard)	South Asia	SACOR_06
Agriculture remains the primary source of income.	زراعت آمدنی کا بنیادی ذریعہ رہتی ہے۔	Urdu (Standard)	South Asia	SACOR_07
Storytelling preserves culture and knowledge.	کہانی سنانا ثقافت اور علم کو محفوظ رکھتا ہے۔	Urdu (Standard)	South Asia	SACOR_09
Pollution in cities has become a serious problem.	شہروں میں آلودگی ایک سنجیدہ مسئلہ بن گئی ہے۔	Urdu (Standard)	South Asia	SACOR_04
I woke up early this morning.	میں آج صبح جلدی اٹھا۔	Urdu (Standard)	South Asia	SACOR_07
People travel long distances to visit religious sites.	لوگ مذہبی مقامات دیکھنے کے لیے لمبی دوریاں طے کرتے ہیں۔	Urdu (Standard)	South Asia	SACOR_10
The internet connects people across continents.	انٹرنیٹ براعظموں میں لوگوں کو جوڑتا ہے۔	Urdu (Standard)	South Asia	SACOR_06
Family members support each other during difficult times.	خاندان کے ممبر مشکل وقتوں میں ایک دوسرے کی مدد کرتے ہیں۔	Urdu (Standard)	South Asia	SACOR_08
The river flows peacefully through the valley.	دریا وادی میں پرامن طریقے سے بہتا ہے۔	Urdu (Standard)	South Asia	SACOR_01
The professor wrote equations on the blackboard.	پروفیسر نے تختے پر مساوات لکھیں۔	Urdu (Standard)	South Asia	SACOR_01
Regular exercise helps maintain good health.	منظم ورزش اچھی صحت برقرار رکھنے میں مدد کرتی ہے۔	Urdu (Standard)	South Asia	SACOR_02
People celebrate festivals with great joy.	لوگ بہت خوشی سے تہوار مناتے ہیں۔	Urdu (Standard)	South Asia	SACOR_06
After finishing his work, he sat down.	اپنا کام مکمل کرنے کے بعد، وہ بیٹھ گیا۔	Urdu (Standard)	South Asia	SACOR_01
Doctors work long hours to treat patients.	ڈاکٹر مریضوں کا علاج کرنے کے لیے لمبے گھنٹے کام کرتے ہیں۔	Urdu (Standard)	South Asia	SACOR_04
Reading books improves vocabulary.	کتابیں پڑھنا ذخیرہ الفاظ بہتر بناتا ہے۔	Urdu (Standard)	South Asia	SACOR_05
Farmers wake up early to tend to crops.	کسان فصلوں کی دیکھ بھال کے لیے جلدی اٹھتے ہیں۔	Urdu (Standard)	South Asia	SACOR_04
Eating fresh fruits provides essential vitamins.	تازہ پھل کھانا ضروری وٹامن فراہم کرتا ہے۔	Urdu (Standard)	South Asia	SACOR_02
I woke up early this morning.	میں آج صبح جلدی اٹھا۔	Urdu (Standard)	South Asia	SACOR_07
Farmers planted rice in the flooded fields.	کسانوں نے پانی والے کھیتوں میں چاول بوئے۔	Urdu (Standard)	South Asia	SACOR_03
She received a scholarship to study medicine.	اسے طب کی تعلیم کے لیے اسکالرشپ ملی۔	Urdu (Standard)	South Asia	SACOR_10
Regular exercise helps maintain good health.	منظم ورزش اچھی صحت برقرار رکھنے میں مدد کرتی ہے۔	Urdu (Standard)	South Asia	SACOR_03
The professor wrote equations on the blackboard.	پروفیسر نے تختے پر مساوات لکھیں۔	Urdu (Standard)	South Asia	SACOR_04
My grandmother told me stories.	میری دادی نے مجھے کہانیاں سنائیں۔	Urdu (Standard)	South Asia	SACOR_06
The market was crowded with people.	بازار لوگوں سے بھرا ہوا تھا۔	Urdu (Standard)	South Asia	SACOR_07
Reading books improves vocabulary.	کتابیں پڑھنا ذخیرہ الفاظ بہتر بناتا ہے۔	Urdu (Standard)	South Asia	SACOR_03
Students gathered in the library.	طلباء لائبریری میں جمع ہوئے۔	Urdu (Standard)	South Asia	SACOR_02
The internet connects people across continents.	انٹرنیٹ براعظموں میں لوگوں کو جوڑتا ہے۔	Urdu (Standard)	South Asia	SACOR_04
Online shopping has become popular.	آن لائن خریداری مقبول ہو گئی ہے۔	Urdu (Standard)	South Asia	SACOR_05
Spices add flavor to traditional dishes.	مصالحے روایتی کھانوں میں ذائقہ بڑھاتے ہیں۔	Urdu (Standard)	South Asia	SACOR_04
Parents sacrifice their own needs for children.	والدین بچوں کے لیے اپنی ضرورتیں قربان کرتے ہیں۔	Urdu (Standard)	South Asia	SACOR_04
People celebrate festivals with great joy.	لوگ بہت خوشی سے تہوار مناتے ہیں۔	Urdu (Standard)	South Asia	SACOR_06
Respecting elders is an important value.	بزرگوں کا احترام ایک اہم قدر ہے۔	Urdu (Standard)	South Asia	SACOR_08
Children learn best when they are interested.	بچے بہترین سیکھتے ہیں جب وہ دلچسپی رکھتے ہیں۔	Urdu (Standard)	South Asia	SACOR_02
Learning a new language requires practice.	نئی زبان سیکھنے کے لیے مشق کی ضرورت ہے۔	Urdu (Standard)	South Asia	SACOR_03
Pollution in cities has become a serious problem.	شہروں میں آلودگی ایک سنجیدہ مسئلہ بن گئی ہے۔	Urdu (Standard)	South Asia	SACOR_01
Tea is served to guests as a gesture of hospitality.	مہمانوں کو مہمان نوازی کی نشانی کے طور پر چائے پیش کی جاتی ہے۔	Urdu (Standard)	South Asia	SACOR_06
Teachers shape young minds.	استاد نوجوان ذہنوں کو شکل دیتے ہیں۔	Urdu (Standard)	South Asia	SACOR_08
Train journeys offer scenic views.	ریل کے سفر مناظر کے نظارے پیش کرتے ہیں۔	Urdu (Standard)	South Asia	SACOR_05
After finishing his work, he sat down.	اپنا کام مکمل کرنے کے بعد، وہ بیٹھ گیا۔	Urdu (Standard)	South Asia	SACOR_10
Sports teach teamwork and discipline.	کھیل ٹیم ورک اور نظم و ضبط سکھاتے ہیں۔	Urdu (Standard)	South Asia	SACOR_03
Tourism brings revenue to regions with historical sites.	سیاحت تاریخی مقامات والے علاقوں میں آمدنی لاتی ہے۔	Urdu (Standard)	South Asia	SACOR_02
Education opens doors to opportunities.	تعلیم مواقع کے دروازے کھولتی ہے۔	Urdu (Standard)	South Asia	SACOR_04
The river flows peacefully through the valley.	دریا وادی میں پرامن طریقے سے بہتا ہے۔	Urdu (Standard)	South Asia	SACOR_09
The bus arrived late.	بس دیر سے پہنچی۔	Urdu (Standard)	South Asia	SACOR_07
We decided to visit the old temple.	ہم نے پرانے مندر کا دورہ کرنے کا فیصلہ کیا۔	Urdu (Standard)	South Asia	SACOR_01
Cooking together brings family members closer.	مل کر کھانا پکانا خاندان کے ممبروں کو قریب لاتا ہے۔	Urdu (Standard)	South Asia	SACOR_07
Small businesses create employment opportunities.	چھوٹے کاروبار روزگار کے مواقع پیدا کرتے ہیں۔	Urdu (Standard)	South Asia	SACOR_09
Traditional music is important for our heritage.	روایتی موسیقی ہماری وراثت کے لیے اہم ہے۔	Urdu (Standard)	South Asia	SACOR_03
Elderly people share wisdom and stories.	بزرگ لوگ حکمت اور کہانیاں بانٹتے ہیں۔	Urdu (Standard)	South Asia	SACOR_09
Smartphones have changed how people communicate.	اسمارٹ فونوں نے لوگوں کے رابطے کے طریقے کو تبدیل کر دیا ہے۔	Urdu (Standard)	South Asia	SACOR_10
Storytelling preserves culture and knowledge.	کہانی سنانا ثقافت اور علم کو محفوظ رکھتا ہے۔	Urdu (Standard)	South Asia	SACOR_08
Agriculture remains the primary source of income.	زراعت آمدنی کا بنیادی ذریعہ رہتی ہے۔	Urdu (Standard)	South Asia	SACOR_03
Cricket is a popular sport.	کرکٹ ایک مقبول کھیل ہے۔	Urdu (Standard)	South Asia	SACOR_09
She walked slowly through the garden.	وہ باغ میں آہستہ آہستہ چلی۔	Urdu (Standard)	South Asia	SACOR_08
The wedding ceremony lasted three days.	شادی کی تقریب تین دن تک چلی۔	Urdu (Standard)	South Asia	SACOR_01
Digital payments have made transactions faster.	ڈیجیٹل ادائیگیوں نے معاملات تیز کر دیے ہیں۔	Urdu (Standard)	South Asia	SACOR_03
Birds were chirping in the trees.	پرندے درختوں میں چہچہا رہے تھے۔	Urdu (Standard)	South Asia	SACOR_05
Family members support each other during difficult times.	خاندان کے ممبر مشکل وقتوں میں ایک دوسرے کی مدد کرتے ہیں۔	Urdu (Standard)	South Asia	SACOR_06
Children were playing cricket in the street.	بچے سڑک پر کرکٹ کھیل رہے تھے۔	Urdu (Standard)	South Asia	SACOR_07
The school organized a science fair.	اسکول نے سائنس میلہ منظم کیا۔	Urdu (Standard)	South Asia	SACOR_05
Doctors work long hours to treat patients.	ڈاکٹر مریضوں کا علاج کرنے کے لیے لمبے گھنٹے کام کرتے ہیں۔	Urdu (Standard)	South Asia	SACOR_06
She cooked delicious biryani for the family.	اس نے خاندان کے لیے مزیدار بریانی پکائی۔	Urdu (Standard)	South Asia	SACOR_04
Doctors recommend drinking plenty of water.	ڈاکٹر زیادہ پانی پینے کی صلاح دیتے ہیں۔	Urdu (Standard)	South Asia	SACOR_02
People travel long distances to visit religious sites.	لوگ مذہبی مقامات دیکھنے کے لیے لمبی دوریاں طے کرتے ہیں۔	Urdu (Standard)	South Asia	SACOR_01
Clear communication prevents misunderstandings.	صاف رابطہ غلط فہمیوں کو روکتا ہے۔	Urdu (Standard)	South Asia	SACOR_08
The teacher explained the lesson patiently.	استاد نے صبر سے سبق سمجھایا۔	Urdu (Standard)	South Asia	SACOR_07
The forest is home to many wild animals.	جنگل بہت سے جنگلی جانوروں کا گھر ہے۔	Urdu (Standard)	South Asia	SACOR_10
Handicrafts showcase artistic traditions.	دستی کاریاں فنکارانہ روایات دکھاتی ہیں۔	Urdu (Standard)	South Asia	SACOR_01
Sports teach teamwork and discipline.	کھیل ٹیم ورک اور نظم و ضبط سکھاتے ہیں۔	Urdu (Standard)	South Asia	SACOR_08
She cooked delicious biryani for the family.	اس نے خاندان کے لیے مزیدار بریانی پکائی۔	Urdu (Standard)	South Asia	SACOR_01
The teacher explained the lesson patiently.	استاد نے صبر سے سبق سمجھایا۔	Urdu (Standard)	South Asia	SACOR_01
Pollution in cities has become a serious problem.	شہروں میں آلودگی ایک سنجیدہ مسئلہ بن گئی ہے۔	Urdu (Standard)	South Asia	SACOR_10
The river flows peacefully through the valley.	دریا وادی میں پرامن طریقے سے بہتا ہے۔	Urdu (Standard)	South Asia	SACOR_07
Clear communication prevents misunderstandings.	صاف رابطہ غلط فہمیوں کو روکتا ہے۔	Urdu (Standard)	South Asia	SACOR_01
Tourism brings revenue to regions with historical sites.	سیاحت تاریخی مقامات والے علاقوں میں آمدنی لاتی ہے۔	Urdu (Standard)	South Asia	SACOR_09
Tea is served to guests as a gesture of hospitality.	مہمانوں کو مہمان نوازی کی نشانی کے طور پر چائے پیش کی جاتی ہے۔	Urdu (Standard)	South Asia	SACOR_10
The school organized a science fair.	اسکول نے سائنس میلہ منظم کیا۔	Urdu (Standard)	South Asia	SACOR_07
The internet connects people across continents.	انٹرنیٹ براعظموں میں لوگوں کو جوڑتا ہے۔	Urdu (Standard)	South Asia	SACOR_08
After finishing his work, he sat down.	اپنا کام مکمل کرنے کے بعد، وہ بیٹھ گیا۔	Urdu (Standard)	South Asia	SACOR_05
The professor wrote equations on the blackboard.	پروفیسر نے تختے پر مساوات لکھیں۔	Urdu (Standard)	South Asia	SACOR_05
Farmers planted rice in the flooded fields.	کسانوں نے پانی والے کھیتوں میں چاول بوئے۔	Urdu (Standard)	South Asia	SACOR_04
The market was crowded with people.	بازار لوگوں سے بھرا ہوا تھا۔	Urdu (Standard)	South Asia	SACOR_06
Cricket is a popular sport.	کرکٹ ایک مقبول کھیل ہے۔	Urdu (Standard)	South Asia	SACOR_10
Children learn best when they are interested.	بچے بہترین سیکھتے ہیں جب وہ دلچسپی رکھتے ہیں۔	Urdu (Standard)	South Asia	SACOR_04
Traditional music is important for our heritage.	روایتی موسیقی ہماری وراثت کے لیے اہم ہے۔	Urdu (Standard)	South Asia	SACOR_05
Online shopping has become popular.	آن لائن خریداری مقبول ہو گئی ہے۔	Urdu (Standard)	South Asia	SACOR_06
Storytelling preserves culture and knowledge.	کہانی سنانا ثقافت اور علم کو محفوظ رکھتا ہے۔	Urdu (Standard)	South Asia	SACOR_08
People celebrate festivals with great joy.	لوگ بہت خوشی سے تہوار مناتے ہیں۔	Urdu (Standard)	South Asia	SACOR_02
The forest is home to many wild animals.	جنگل بہت سے جنگلی جانوروں کا گھر ہے۔	Urdu (Standard)	South Asia	SACOR_07
The bus arrived late.	بس دیر سے پہنچی۔	Urdu (Standard)	South Asia	SACOR_02
Birds were chirping in the trees.	پرندے درختوں میں چہچہا رہے تھے۔	Urdu (Standard)	South Asia	SACOR_06
Digital payments have made transactions faster.	ڈیجیٹل ادائیگیوں نے معاملات تیز کر دیے ہیں۔	Urdu (Standard)	South Asia	SACOR_07
Teachers shape young minds.	استاد نوجوان ذہنوں کو شکل دیتے ہیں۔	Urdu (Standard)	South Asia	SACOR_04
Doctors recommend drinking plenty of water.	ڈاکٹر زیادہ پانی پینے کی صلاح دیتے ہیں۔	Urdu (Standard)	South Asia	SACOR_04
Education opens doors to opportunities.	تعلیم مواقع کے دروازے کھولتی ہے۔	Urdu (Standard)	South Asia	SACOR_07
She walked slowly through the garden.	وہ باغ میں آہستہ آہستہ چلی۔	Urdu (Standard)	South Asia	SACOR_01
Train journeys offer scenic views.	ریل کے سفر مناظر کے نظارے پیش کرتے ہیں۔	Urdu (Standard)	South Asia	SACOR_07
I woke up early this morning.	میں آج صبح جلدی اٹھا۔	Urdu (Standard)	South Asia	SACOR_02
My grandmother told me stories.	میری دادی نے مجھے کہانیاں سنائیں۔	Urdu (Standard)	South Asia	SACOR_01
Learning a new language requires practice.	نئی زبان سیکھنے کے لیے مشق کی ضرورت ہے۔	Urdu (Standard)	South Asia	SACOR_02
Agriculture remains the primary source of income.	زراعت آمدنی کا بنیادی ذریعہ رہتی ہے۔	Urdu (Standard)	South Asia	SACOR_04
Small businesses create employment opportunities.	چھوٹے کاروبار روزگار کے مواقع پیدا کرتے ہیں۔	Urdu (Standard)	South Asia	SACOR_03
Handicrafts showcase artistic traditions.	دستی کاریاں فنکارانہ روایات دکھاتی ہیں۔	Urdu (Standard)	South Asia	SACOR_04
Doctors work long hours to treat patients.	ڈاکٹر مریضوں کا علاج کرنے کے لیے لمبے گھنٹے کام کرتے ہیں۔	Urdu (Standard)	South Asia	SACOR_02
Farmers wake up early to tend to crops.	کسان فصلوں کی دیکھ بھال کے لیے جلدی اٹھتے ہیں۔	Urdu (Standard)	South Asia	SACOR_03
Family members support each other during difficult times.	خاندان کے ممبر مشکل وقتوں میں ایک دوسرے کی مدد کرتے ہیں۔	Urdu (Standard)	South Asia	SACOR_04
Reading books improves vocabulary.	کتابیں پڑھنا ذخیرہ الفاظ بہتر بناتا ہے۔	Urdu (Standard)	South Asia	SACOR_01
Smartphones have changed how people communicate.	اسمارٹ فونوں نے لوگوں کے رابطے کے طریقے کو تبدیل کر دیا ہے۔	Urdu (Standard)	South Asia	SACOR_04
Elderly people share wisdom and stories.	بزرگ لوگ حکمت اور کہانیاں بانٹتے ہیں۔	Urdu (Standard)	South Asia	SACOR_07
Regular exercise helps maintain good health.	منظم ورزش اچھی صحت برقرار رکھنے میں مدد کرتی ہے۔	Urdu (Standard)	South Asia	SACOR_08
The wedding ceremony lasted three days.	شادی کی تقریب تین دن تک چلی۔	Urdu (Standard)	South Asia	SACOR_03
People travel long distances to visit religious sites.	لوگ مذہبی مقامات دیکھنے کے لیے لمبی دوریاں طے کرتے ہیں۔	Urdu (Standard)	South Asia	SACOR_07
We decided to visit the old temple.	ہم نے پرانے مندر کا دورہ کرنے کا فیصلہ کیا۔	Urdu (Standard)	South Asia	SACOR_09
She received a scholarship to study medicine.	اسے طب کی تعلیم کے لیے اسکالرشپ ملی۔	Urdu (Standard)	South Asia	SACOR_05
Eating fresh fruits provides essential vitamins.	تازہ پھل کھانا ضروری وٹامن فراہم کرتا ہے۔	Urdu (Standard)	South Asia	SACOR_08
Children were playing cricket in the street.	بچے سڑک پر کرکٹ کھیل رہے تھے۔	Urdu (Standard)	South Asia	SACOR_04
Parents sacrifice their own needs for children.	والدین بچوں کے لیے اپنی ضرورتیں قربان کرتے ہیں۔	Urdu (Standard)	South Asia	SACOR_01
Students gathered in the library.	طلباء لائبریری میں جمع ہوئے۔	Urdu (Standard)	South Asia	SACOR_09
Cooking together brings family members closer.	مل کر کھانا پکانا خاندان کے ممبروں کو قریب لاتا ہے۔	Urdu (Standard)	South Asia	SACOR_02
Spices add flavor to traditional dishes.	مصالحے روایتی کھانوں میں ذائقہ بڑھاتے ہیں۔	Urdu (Standard)	South Asia	SACOR_07
Respecting elders is an important value.	بزرگوں کا احترام ایک اہم قدر ہے۔	Urdu (Standard)	South Asia	SACOR_10
Sports teach teamwork and discipline.	کھیل ٹیم ورک اور نظم و ضبط سکھاتے ہیں۔	Urdu (Standard)	South Asia	SACOR_01
Storytelling preserves culture and knowledge.	کہانی سنانا ثقافت اور علم کو محفوظ رکھتا ہے۔	Urdu (Standard)	South Asia	SACOR_04
Small businesses create employment opportunities.	چھوٹے کاروبار روزگار کے مواقع پیدا کرتے ہیں۔	Urdu (Standard)	South Asia	SACOR_06
Eating fresh fruits provides essential vitamins.	تازہ پھل کھانا ضروری وٹامن فراہم کرتا ہے۔	Urdu (Standard)	South Asia	SACOR_01
The school organized a science fair.	اسکول نے سائنس میلہ منظم کیا۔	Urdu (Standard)	South Asia	SACOR_04
Traditional music is important for our heritage.	روایتی موسیقی ہماری وراثت کے لیے اہم ہے۔	Urdu (Standard)	South Asia	SACOR_05
Learning a new language requires practice.	نئی زبان سیکھنے کے لیے مشق کی ضرورت ہے۔	Urdu (Standard)	South Asia	SACOR_03
The internet connects people across continents.	انٹرنیٹ براعظموں میں لوگوں کو جوڑتا ہے۔	Urdu (Standard)	South Asia	SACOR_01
People travel long distances to visit religious sites.	لوگ مذہبی مقامات دیکھنے کے لیے لمبی دوریاں طے کرتے ہیں۔	Urdu (Standard)	South Asia	SACOR_07
Parents sacrifice their own needs for children.	والدین بچوں کے لیے اپنی ضرورتیں قربان کرتے ہیں۔	Urdu (Standard)	South Asia	SACOR_03
Children were playing cricket in the street.	بچے سڑک پر کرکٹ کھیل رہے تھے۔	Urdu (Standard)	South Asia	SACOR_09
Children learn best when they are interested.	بچے بہترین سیکھتے ہیں جب وہ دلچسپی رکھتے ہیں۔	Urdu (Standard)	South Asia	SACOR_10
The market was crowded with people.	بازار لوگوں سے بھرا ہوا تھا۔	Urdu (Standard)	South Asia	SACOR_06
The bus arrived late.	بس دیر سے پہنچی۔	Urdu (Standard)	South Asia	SACOR_09
The wedding ceremony lasted three days.	شادی کی تقریب تین دن تک چلی۔	Urdu (Standard)	South Asia	SACOR_01
Handicrafts showcase artistic traditions.	دستی کاریاں فنکارانہ روایات دکھاتی ہیں۔	Urdu (Standard)	South Asia	SACOR_05
The teacher explained the lesson patiently.	استاد نے صبر سے سبق سمجھایا۔	Urdu (Standard)	South Asia	SACOR_03
Digital payments have made transactions faster.	ڈیجیٹل ادائیگیوں نے معاملات تیز کر دیے ہیں۔	Urdu (Standard)	South Asia	SACOR_05
Spices add flavor to traditional dishes.	مصالحے روایتی کھانوں میں ذائقہ بڑھاتے ہیں۔	Urdu (Standard)	South Asia	SACOR_09
Reading books improves vocabulary.	کتابیں پڑھنا ذخیرہ الفاظ بہتر بناتا ہے۔	Urdu (Standard)	South Asia	SACOR_06
The forest is home to many wild animals.	جنگل بہت سے جنگلی جانوروں کا گھر ہے۔	Urdu (Standard)	South Asia	SACOR_02
Regular exercise helps maintain good health.	منظم ورزش اچھی صحت برقرار رکھنے میں مدد کرتی ہے۔	Urdu (Standard)	South Asia	SACOR_02
She walked slowly through the garden.	وہ باغ میں آہستہ آہستہ چلی۔	Urdu (Standard)	South Asia	SACOR_07
The professor wrote equations on the blackboard.	پروفیسر نے تختے پر مساوات لکھیں۔	Urdu (Standard)	South Asia	SACOR_09
Elderly people share wisdom and stories.	بزرگ لوگ حکمت اور کہانیاں بانٹتے ہیں۔	Urdu (Standard)	South Asia	SACOR_09
I woke up early this morning.	میں آج صبح جلدی اٹھا۔	Urdu (Standard)	South Asia	SACOR_04
She cooked delicious biryani for the family.	اس نے خاندان کے لیے مزیدار بریانی پکائی۔	Urdu (Standard)	South Asia	SACOR_10
She received a scholarship to study medicine.	اسے طب کی تعلیم کے لیے اسکالرشپ ملی۔	Urdu (Standard)	South Asia	SACOR_03
Smartphones have changed how people communicate.	اسمارٹ فونوں نے لوگوں کے رابطے کے طریقے کو تبدیل کر دیا ہے۔	Urdu (Standard)	South Asia	SACOR_02
Clear communication prevents misunderstandings.	صاف رابطہ غلط فہمیوں کو روکتا ہے۔	Urdu (Standard)	South Asia	SACOR_02
Teachers shape young minds.	استاد نوجوان ذہنوں کو شکل دیتے ہیں۔	Urdu (Standard)	South Asia	SACOR_05
Tea is served to guests as a gesture of hospitality.	مہمانوں کو مہمان نوازی کی نشانی کے طور پر چائے پیش کی جاتی ہے۔	Urdu (Standard)	South Asia	SACOR_04
We decided to visit the old temple.	ہم نے پرانے مندر کا دورہ کرنے کا فیصلہ کیا۔	Urdu (Standard)	South Asia	SACOR_07
People celebrate festivals with great joy.	لوگ بہت خوشی سے تہوار مناتے ہیں۔	Urdu (Standard)	South Asia	SACOR_08
Students gathered in the library.	طلباء لائبریری میں جمع ہوئے۔	Urdu (Standard)	South Asia	SACOR_09
The river flows peacefully through the valley.	دریا وادی میں پرامن طریقے سے بہتا ہے۔	Urdu (Standard)	South Asia	SACOR_06
Online shopping has become popular.	آن لائن خریداری مقبول ہو گئی ہے۔	Urdu (Standard)	South Asia	SACOR_09
Cooking together brings family members closer.	مل کر کھانا پکانا خاندان کے ممبروں کو قریب لاتا ہے۔	Urdu (Standard)	South Asia	SACOR_08
After finishing his work, he sat down.	اپنا کام مکمل کرنے کے بعد، وہ بیٹھ گیا۔	Urdu (Standard)	South Asia	SACOR_04
Farmers planted rice in the flooded fields.	کسانوں نے پانی والے کھیتوں میں چاول بوئے۔	Urdu (Standard)	South Asia	SACOR_04
Respecting elders is an important value.	بزرگوں کا احترام ایک اہم قدر ہے۔	Urdu (Standard)	South Asia	SACOR_05
Doctors recommend drinking plenty of water.	ڈاکٹر زیادہ پانی پینے کی صلاح دیتے ہیں۔	Urdu (Standard)	South Asia	SACOR_07
Family members support each other during difficult times.	خاندان کے ممبر مشکل وقتوں میں ایک دوسرے کی مدد کرتے ہیں۔	Urdu (Standard)	South Asia	SACOR_07
Birds were chirping in the trees.	پرندے درختوں میں چہچہا رہے تھے۔	Urdu (Standard)	South Asia	SACOR_08
Train journeys offer scenic views.	ریل کے سفر مناظر کے نظارے پیش کرتے ہیں۔	Urdu (Standard)	South Asia	SACOR_07
Doctors work long hours to treat patients.	ڈاکٹر مریضوں کا علاج کرنے کے لیے لمبے گھنٹے کام کرتے ہیں۔	Urdu (Standard)	South Asia	SACOR_07
Tourism brings revenue to regions with historical sites.	سیاحت تاریخی مقامات والے علاقوں میں آمدنی لاتی ہے۔	Urdu (Standard)	South Asia	SACOR_09
Cricket is a popular sport.	کرکٹ ایک مقبول کھیل ہے۔	Urdu (Standard)	South Asia	SACOR_03
Agriculture remains the primary source of income.	زراعت آمدنی کا بنیادی ذریعہ رہتی ہے۔	Urdu (Standard)	South Asia	SACOR_10
My grandmother told me stories.	میری دادی نے مجھے کہانیاں سنائیں۔	Urdu (Standard)	South Asia	SACOR_04
Education opens doors to opportunities.	تعلیم مواقع کے دروازے کھولتی ہے۔	Urdu (Standard)	South Asia	SACOR_01
Farmers wake up early to tend to crops.	کسان فصلوں کی دیکھ بھال کے لیے جلدی اٹھتے ہیں۔	Urdu (Standard)	South Asia	SACOR_01
Pollution in cities has become a serious problem.	شہروں میں آلودگی ایک سنجیدہ مسئلہ بن گئی ہے۔	Urdu (Standard)	South Asia	SACOR_08
Storytelling preserves culture and knowledge.	کہانی سنانا ثقافت اور علم کو محفوظ رکھتا ہے۔	Urdu (Standard)	South Asia	SACOR_04
Learning a new language requires practice.	نئی زبان سیکھنے کے لیے مشق کی ضرورت ہے۔	Urdu (Standard)	South Asia	SACOR_08
Digital payments have made transactions faster.	ڈیجیٹل ادائیگیوں نے معاملات تیز کر دیے ہیں۔	Urdu (Standard)	South Asia	SACOR_01
Handicrafts showcase artistic traditions.	دستی کاریاں فنکارانہ روایات دکھاتی ہیں۔	Urdu (Standard)	South Asia	SACOR_04
People travel long distances to visit religious sites.	لوگ مذہبی مقامات دیکھنے کے لیے لمبی دوریاں طے کرتے ہیں۔	Urdu (Standard)	South Asia	SACOR_09
Train journeys offer scenic views.	ریل کے سفر مناظر کے نظارے پیش کرتے ہیں۔	Urdu (Standard)	South Asia	SACOR_08
Traditional music is important for our heritage.	روایتی موسیقی ہماری وراثت کے لیے اہم ہے۔	Urdu (Standard)	South Asia	SACOR_08
Clear communication prevents misunderstandings.	صاف رابطہ غلط فہمیوں کو روکتا ہے۔	Urdu (Standard)	South Asia	SACOR_05
Sports teach teamwork and discipline.	کھیل ٹیم ورک اور نظم و ضبط سکھاتے ہیں۔	Urdu (Standard)	South Asia	SACOR_07
Small businesses create employment opportunities.	چھوٹے کاروبار روزگار کے مواقع پیدا کرتے ہیں۔	Urdu (Standard)	South Asia	SACOR_05
Children learn best when they are interested.	بچے بہترین سیکھتے ہیں جب وہ دلچسپی رکھتے ہیں۔	Urdu (Standard)	South Asia	SACOR_04
Online shopping has become popular.	آن لائن خریداری مقبول ہو گئی ہے۔	Urdu (Standard)	South Asia	SACOR_09
Students gathered in the library.	طلباء لائبریری میں جمع ہوئے۔	Urdu (Standard)	South Asia	SACOR_06
Farmers planted rice in the flooded fields.	کسانوں نے پانی والے کھیتوں میں چاول بوئے۔	Urdu (Standard)	South Asia	SACOR_01
We decided to visit the old temple.	ہم نے پرانے مندر کا دورہ کرنے کا فیصلہ کیا۔	Urdu (Standard)	South Asia	SACOR_09
Eating fresh fruits provides essential vitamins.	تازہ پھل کھانا ضروری وٹامن فراہم کرتا ہے۔	Urdu (Standard)	South Asia	SACOR_09
Smartphones have changed how people communicate.	اسمارٹ فونوں نے لوگوں کے رابطے کے طریقے کو تبدیل کر دیا ہے۔	Urdu (Standard)	South Asia	SACOR_03
People celebrate festivals with great joy.	لوگ بہت خوشی سے تہوار مناتے ہیں۔	Urdu (Standard)	South Asia	SACOR_06
Family members support each other during difficult times.	خاندان کے ممبر مشکل وقتوں میں ایک دوسرے کی مدد کرتے ہیں۔	Urdu (Standard)	South Asia	SACOR_08
The river flows peacefully through the valley.	دریا وادی میں پرامن طریقے سے بہتا ہے۔	Urdu (Standard)	South Asia	SACOR_01
My grandmother told me stories.	میری دادی نے مجھے کہانیاں سنائیں۔	Urdu (Standard)	South Asia	SACOR_05
Regular exercise helps maintain good health.	منظم ورزش اچھی صحت برقرار رکھنے میں مدد کرتی ہے۔	Urdu (Standard)	South Asia	SACOR_05
The bus arrived late.	بس دیر سے پہنچی۔	Urdu (Standard)	South Asia	SACOR_06
The market was crowded with people.	بازار لوگوں سے بھرا ہوا تھا۔	Urdu (Standard)	South Asia	SACOR_06
Tea is served to guests as a gesture of hospitality.	مہمانوں کو مہمان نوازی کی نشانی کے طور پر چائے پیش کی جاتی ہے۔	Urdu (Standard)	South Asia	SACOR_05
Elderly people share wisdom and stories.	بزرگ لوگ حکمت اور کہانیاں بانٹتے ہیں۔	Urdu (Standard)	South Asia	SACOR_03
The school organized a science fair.	اسکول نے سائنس میلہ منظم کیا۔	Urdu (Standard)	South Asia	SACOR_09
Education opens doors to opportunities.	تعلیم مواقع کے دروازے کھولتی ہے۔	Urdu (Standard)	South Asia	SACOR_04
I woke up early this morning.	میں آج صبح جلدی اٹھا۔	Urdu (Standard)	South Asia	SACOR_06
Doctors work long hours to treat patients.	ڈاکٹر مریضوں کا علاج کرنے کے لیے لمبے گھنٹے کام کرتے ہیں۔	Urdu (Standard)	South Asia	SACOR_09
Cooking together brings family members closer.	مل کر کھانا پکانا خاندان کے ممبروں کو قریب لاتا ہے۔	Urdu (Standard)	South Asia	SACOR_09
Children were playing cricket in the street.	بچے سڑک پر کرکٹ کھیل رہے تھے۔	Urdu (Standard)	South Asia	SACOR_08
The forest is home to many wild animals.	جنگل بہت سے جنگلی جانوروں کا گھر ہے۔	Urdu (Standard)	South Asia	SACOR_05
The teacher explained the lesson patiently.	استاد نے صبر سے سبق سمجھایا۔	Urdu (Standard)	South Asia	SACOR_03
She received a scholarship to study medicine.	اسے طب کی تعلیم کے لیے اسکالرشپ ملی۔	Urdu (Standard)	South Asia	SACOR_02
Teachers shape young minds.	استاد نوجوان ذہنوں کو شکل دیتے ہیں۔	Urdu (Standard)	South Asia	SACOR_01
Cricket is a popular sport.	کرکٹ ایک مقبول کھیل ہے۔	Urdu (Standard)	South Asia	SACOR_10
The internet connects people across continents.	انٹرنیٹ براعظموں میں لوگوں کو جوڑتا ہے۔	Urdu (Standard)	South Asia	SACOR_05
Parents sacrifice their own needs for children.	والدین بچوں کے لیے اپنی ضرورتیں قربان کرتے ہیں۔	Urdu (Standard)	South Asia	SACOR_04
Agriculture remains the primary source of income.	زراعت آمدنی کا بنیادی ذریعہ رہتی ہے۔	Urdu (Standard)	South Asia	SACOR_09
Farmers wake up early to tend to crops.	کسان فصلوں کی دیکھ بھال کے لیے جلدی اٹھتے ہیں۔	Urdu (Standard)	South Asia	SACOR_01
Pollution in cities has become a serious problem.	شہروں میں آلودگی ایک سنجیدہ مسئلہ بن گئی ہے۔	Urdu (Standard)	South Asia	SACOR_06
Respecting elders is an important value.	بزرگوں کا احترام ایک اہم قدر ہے۔	Urdu (Standard)	South Asia	SACOR_05
Doctors recommend drinking plenty of water.	ڈاکٹر زیادہ پانی پینے کی صلاح دیتے ہیں۔	Urdu (Standard)	South Asia	SACOR_08
She cooked delicious biryani for the family.	اس نے خاندان کے لیے مزیدار بریانی پکائی۔	Urdu (Standard)	South Asia	SACOR_10
After finishing his work, he sat down.	اپنا کام مکمل کرنے کے بعد، وہ بیٹھ گیا۔	Urdu (Standard)	South Asia	SACOR_05
She walked slowly through the garden.	وہ باغ میں آہستہ آہستہ چلی۔	Urdu (Standard)	South Asia	SACOR_09
The wedding ceremony lasted three days.	شادی کی تقریب تین دن تک چلی۔	Urdu (Standard)	South Asia	SACOR_10
Reading books improves vocabulary.	کتابیں پڑھنا ذخیرہ الفاظ بہتر بناتا ہے۔	Urdu (Standard)	South Asia	SACOR_09
The professor wrote equations on the blackboard.	پروفیسر نے تختے پر مساوات لکھیں۔	Urdu (Standard)	South Asia	SACOR_04
Tourism brings revenue to regions with historical sites.	سیاحت تاریخی مقامات والے علاقوں میں آمدنی لاتی ہے۔	Urdu (Standard)	South Asia	SACOR_01
Spices add flavor to traditional dishes.	مصالحے روایتی کھانوں میں ذائقہ بڑھاتے ہیں۔	Urdu (Standard)	South Asia	SACOR_02
Birds were chirping in the trees.	پرندے درختوں میں چہچہا رہے تھے۔	Urdu (Standard)	South Asia	SACOR_09
Birds were chirping in the trees.	پرندے درختوں میں چہچہا رہے تھے۔	Urdu (Standard)	South Asia	SACOR_07
Spices add flavor to traditional dishes.	مصالحے روایتی کھانوں میں ذائقہ بڑھاتے ہیں۔	Urdu (Standard)	South Asia	SACOR_01
The internet connects people across continents.	انٹرنیٹ براعظموں میں لوگوں کو جوڑتا ہے۔	Urdu (Standard)	South Asia	SACOR_09
Education opens doors to opportunities.	تعلیم مواقع کے دروازے کھولتی ہے۔	Urdu (Standard)	South Asia	SACOR_01
Online shopping has become popular.	آن لائن خریداری مقبول ہو گئی ہے۔	Urdu (Standard)	South Asia	SACOR_08
Reading books improves vocabulary.	کتابیں پڑھنا ذخیرہ الفاظ بہتر بناتا ہے۔	Urdu (Standard)	South Asia	SACOR_06
Clear communication prevents misunderstandings.	صاف رابطہ غلط فہمیوں کو روکتا ہے۔	Urdu (Standard)	South Asia	SACOR_04
Traditional music is important for our heritage.	روایتی موسیقی ہماری وراثت کے لیے اہم ہے۔	Urdu (Standard)	South Asia	SACOR_10
Respecting elders is an important value.	بزرگوں کا احترام ایک اہم قدر ہے۔	Urdu (Standard)	South Asia	SACOR_04
I woke up early this morning.	میں آج صبح جلدی اٹھا۔	Urdu (Standard)	South Asia	SACOR_10
Family members support each other during difficult times.	خاندان کے ممبر مشکل وقتوں میں ایک دوسرے کی مدد کرتے ہیں۔	Urdu (Standard)	South Asia	SACOR_09
Doctors work long hours to treat patients.	ڈاکٹر مریضوں کا علاج کرنے کے لیے لمبے گھنٹے کام کرتے ہیں۔	Urdu (Standard)	South Asia	SACOR_06
Tourism brings revenue to regions with historical sites.	سیاحت تاریخی مقامات والے علاقوں میں آمدنی لاتی ہے۔	Urdu (Standard)	South Asia	SACOR_07
Farmers planted rice in the flooded fields.	کسانوں نے پانی والے کھیتوں میں چاول بوئے۔	Urdu (Standard)	South Asia	SACOR_08
Regular exercise helps maintain good health.	منظم ورزش اچھی صحت برقرار رکھنے میں مدد کرتی ہے۔	Urdu (Standard)	South Asia	SACOR_07
Small businesses create employment opportunities.	چھوٹے کاروبار روزگار کے مواقع پیدا کرتے ہیں۔	Urdu (Standard)	South Asia	SACOR_01
Children were playing cricket in the street.	بچے سڑک پر کرکٹ کھیل رہے تھے۔	Urdu (Standard)	South Asia	SACOR_01
Farmers wake up early to tend to crops.	کسان فصلوں کی دیکھ بھال کے لیے جلدی اٹھتے ہیں۔	Urdu (Standard)	South Asia	SACOR_05
The forest is home to many wild animals.	جنگل بہت سے جنگلی جانوروں کا گھر ہے۔	Urdu (Standard)	South Asia	SACOR_03
The teacher explained the lesson patiently.	استاد نے صبر سے سبق سمجھایا۔	Urdu (Standard)	South Asia	SACOR_08
The bus arrived late.	بس دیر سے پہنچی۔	Urdu (Standard)	South Asia	SACOR_01
Smartphones have changed how people communicate.	اسمارٹ فونوں نے لوگوں کے رابطے کے طریقے کو تبدیل کر دیا ہے۔	Urdu (Standard)	South Asia	SACOR_10
Storytelling preserves culture and knowledge.	کہانی سنانا ثقافت اور علم کو محفوظ رکھتا ہے۔	Urdu (Standard)	South Asia	SACOR_09
Students gathered in the library.	طلباء لائبریری میں جمع ہوئے۔	Urdu (Standard)	South Asia	SACOR_04
After finishing his work, he sat down.	اپنا کام مکمل کرنے کے بعد، وہ بیٹھ گیا۔	Urdu (Standard)	South Asia	SACOR_10
Handicrafts showcase artistic traditions.	دستی کاریاں فنکارانہ روایات دکھاتی ہیں۔	Urdu (Standard)	South Asia	SACOR_07
She received a scholarship to study medicine.	اسے طب کی تعلیم کے لیے اسکالرشپ ملی۔	Urdu (Standard)	South Asia	SACOR_06
Sports teach teamwork and discipline.	کھیل ٹیم ورک اور نظم و ضبط سکھاتے ہیں۔	Urdu (Standard)	South Asia	SACOR_05
Learning a new language requires practice.	نئی زبان سیکھنے کے لیے مشق کی ضرورت ہے۔	Urdu (Standard)	South Asia	SACOR_09
People travel long distances to visit religious sites.	لوگ مذہبی مقامات دیکھنے کے لیے لمبی دوریاں طے کرتے ہیں۔	Urdu (Standard)	South Asia	SACOR_10
The market was crowded with people.	بازار لوگوں سے بھرا ہوا تھا۔	Urdu (Standard)	South Asia	SACOR_05
Digital payments have made transactions faster.	ڈیجیٹل ادائیگیوں نے معاملات تیز کر دیے ہیں۔	Urdu (Standard)	South Asia	SACOR_04
The school organized a science fair.	اسکول نے سائنس میلہ منظم کیا۔	Urdu (Standard)	South Asia	SACOR_04
Pollution in cities has become a serious problem.	شہروں میں آلودگی ایک سنجیدہ مسئلہ بن گئی ہے۔	Urdu (Standard)	South Asia	SACOR_09
She walked slowly through the garden.	وہ باغ میں آہستہ آہستہ چلی۔	Urdu (Standard)	South Asia	SACOR_01
People celebrate festivals with great joy.	لوگ بہت خوشی سے تہوار مناتے ہیں۔	Urdu (Standard)	South Asia	SACOR_06
Agriculture remains the primary source of income.	زراعت آمدنی کا بنیادی ذریعہ رہتی ہے۔	Urdu (Standard)	South Asia	SACOR_04
Tea is served to guests as a gesture of hospitality.	مہمانوں کو مہمان نوازی کی نشانی کے طور پر چائے پیش کی جاتی ہے۔	Urdu (Standard)	South Asia	SACOR_07
Children learn best when they are interested.	بچے بہترین سیکھتے ہیں جب وہ دلچسپی رکھتے ہیں۔	Urdu (Standard)	South Asia	SACOR_04
She cooked delicious biryani for the family.	اس نے خاندان کے لیے مزیدار بریانی پکائی۔	Urdu (Standard)	South Asia	SACOR_05
Cricket is a popular sport.	کرکٹ ایک مقبول کھیل ہے۔	Urdu (Standard)	South Asia	SACOR_08
The professor wrote equations on the blackboard.	پروفیسر نے تختے پر مساوات لکھیں۔	Urdu (Standard)	South Asia	SACOR_02
My grandmother told me stories.	میری دادی نے مجھے کہانیاں سنائیں۔	Urdu (Standard)	South Asia	SACOR_07
Teachers shape young minds.	استاد نوجوان ذہنوں کو شکل دیتے ہیں۔	Urdu (Standard)	South Asia	SACOR_08
Eating fresh fruits provides essential vitamins.	تازہ پھل کھانا ضروری وٹامن فراہم کرتا ہے۔	Urdu (Standard)	South Asia	SACOR_09
The river flows peacefully through the valley.	دریا وادی میں پرامن طریقے سے بہتا ہے۔	Urdu (Standard)	South Asia	SACOR_01
Elderly people share wisdom and stories.	بزرگ لوگ حکمت اور کہانیاں بانٹتے ہیں۔	Urdu (Standard)	South Asia	SACOR_05
Train journeys offer scenic views.	ریل کے سفر مناظر کے نظارے پیش کرتے ہیں۔	Urdu (Standard)	South Asia	SACOR_08
Doctors recommend drinking plenty of water.	ڈاکٹر زیادہ پانی پینے کی صلاح دیتے ہیں۔	Urdu (Standard)	South Asia	SACOR_09
We decided to visit the old temple.	ہم نے پرانے مندر کا دورہ کرنے کا فیصلہ کیا۔	Urdu (Standard)	South Asia	SACOR_01
Cooking together brings family members closer.	مل کر کھانا پکانا خاندان کے ممبروں کو قریب لاتا ہے۔	Urdu (Standard)	South Asia	SACOR_06
Parents sacrifice their own needs for children.	والدین بچوں کے لیے اپنی ضرورتیں قربان کرتے ہیں۔	Urdu (Standard)	South Asia	SACOR_05
The wedding ceremony lasted three days.	شادی کی تقریب تین دن تک چلی۔	Urdu (Standard)	South Asia	SACOR_05
The teacher explained the lesson patiently.	استاد نے صبر سے سبق سمجھایا۔	Urdu (Standard)	South Asia	SACOR_06
Farmers planted rice in the flooded fields.	کسانوں نے پانی والے کھیتوں میں چاول بوئے۔	Urdu (Standard)	South Asia	SACOR_03
Small businesses create employment opportunities.	چھوٹے کاروبار روزگار کے مواقع پیدا کرتے ہیں۔	Urdu (Standard)	South Asia	SACOR_10
Traditional music is important for our heritage.	روایتی موسیقی ہماری وراثت کے لیے اہم ہے۔	Urdu (Standard)	South Asia	SACOR_03
The bus arrived late.	بس دیر سے پہنچی۔	Urdu (Standard)	South Asia	SACOR_06
The professor wrote equations on the blackboard.	پروفیسر نے تختے پر مساوات لکھیں۔	Urdu (Standard)	South Asia	SACOR_09
The market was crowded with people.	بازار لوگوں سے بھرا ہوا تھا۔	Urdu (Standard)	South Asia	SACOR_03
I woke up early this morning.	میں آج صبح جلدی اٹھا۔	Urdu (Standard)	South Asia	SACOR_05
The river flows peacefully through the valley.	دریا وادی میں پرامن طریقے سے بہتا ہے۔	Urdu (Standard)	South Asia	SACOR_10
The forest is home to many wild animals.	جنگل بہت سے جنگلی جانوروں کا گھر ہے۔	Urdu (Standard)	South Asia	SACOR_02
Farmers wake up early to tend to crops.	کسان فصلوں کی دیکھ بھال کے لیے جلدی اٹھتے ہیں۔	Urdu (Standard)	South Asia	SACOR_05
We decided to visit the old temple.	ہم نے پرانے مندر کا دورہ کرنے کا فیصلہ کیا۔	Urdu (Standard)	South Asia	SACOR_09
Learning a new language requires practice.	نئی زبان سیکھنے کے لیے مشق کی ضرورت ہے۔	Urdu (Standard)	South Asia	SACOR_01
The internet connects people across continents.	انٹرنیٹ براعظموں میں لوگوں کو جوڑتا ہے۔	Urdu (Standard)	South Asia	SACOR_09
Parents sacrifice their own needs for children.	والدین بچوں کے لیے اپنی ضرورتیں قربان کرتے ہیں۔	Urdu (Standard)	South Asia	SACOR_08
She cooked delicious biryani for the family.	اس نے خاندان کے لیے مزیدار بریانی پکائی۔	Urdu (Standard)	South Asia	SACOR_05
My grandmother told me stories.	میری دادی نے مجھے کہانیاں سنائیں۔	Urdu (Standard)	South Asia	SACOR_06
Sports teach teamwork and discipline.	کھیل ٹیم ورک اور نظم و ضبط سکھاتے ہیں۔	Urdu (Standard)	South Asia	SACOR_10
Tea is served to guests as a gesture of hospitality.	مہمانوں کو مہمان نوازی کی نشانی کے طور پر چائے پیش کی جاتی ہے۔	Urdu (Standard)	South Asia	SACOR_03
Storytelling preserves culture and knowledge.	کہانی سنانا ثقافت اور علم کو محفوظ رکھتا ہے۔	Urdu (Standard)	South Asia	SACOR_02
Train journeys offer scenic views.	ریل کے سفر مناظر کے نظارے پیش کرتے ہیں۔	Urdu (Standard)	South Asia	SACOR_09
Doctors recommend drinking plenty of water.	ڈاکٹر زیادہ پانی پینے کی صلاح دیتے ہیں۔	Urdu (Standard)	South Asia	SACOR_10
She received a scholarship to study medicine.	اسے طب کی تعلیم کے لیے اسکالرشپ ملی۔	Urdu (Standard)	South Asia	SACOR_04
Smartphones have changed how people communicate.	اسمارٹ فونوں نے لوگوں کے رابطے کے طریقے کو تبدیل کر دیا ہے۔	Urdu (Standard)	South Asia	SACOR_02
Respecting elders is an important value.	بزرگوں کا احترام ایک اہم قدر ہے۔	Urdu (Standard)	South Asia	SACOR_01
Family members support each other during difficult times.	خاندان کے ممبر مشکل وقتوں میں ایک دوسرے کی مدد کرتے ہیں۔	Urdu (Standard)	South Asia	SACOR_06
Students gathered in the library.	طلباء لائبریری میں جمع ہوئے۔	Urdu (Standard)	South Asia	SACOR_09
People travel long distances to visit religious sites.	لوگ مذہبی مقامات دیکھنے کے لیے لمبی دوریاں طے کرتے ہیں۔	Urdu (Standard)	South Asia	SACOR_08
Online shopping has become popular.	آن لائن خریداری مقبول ہو گئی ہے۔	Urdu (Standard)	South Asia	SACOR_07
Eating fresh fruits provides essential vitamins.	تازہ پھل کھانا ضروری وٹامن فراہم کرتا ہے۔	Urdu (Standard)	South Asia	SACOR_09
The school organized a science fair.	اسکول نے سائنس میلہ منظم کیا۔	Urdu (Standard)	South Asia	SACOR_07
Cooking together brings family members closer.	مل کر کھانا پکانا خاندان کے ممبروں کو قریب لاتا ہے۔	Urdu (Standard)	South Asia	SACOR_10
Cricket is a popular sport.	کرکٹ ایک مقبول کھیل ہے۔	Urdu (Standard)	South Asia	SACOR_05
The wedding ceremony lasted three days.	شادی کی تقریب تین دن تک چلی۔	Urdu (Standard)	South Asia	SACOR_07
Pollution in cities has become a serious problem.	شہروں میں آلودگی ایک سنجیدہ مسئلہ بن گئی ہے۔	Urdu (Standard)	South Asia	SACOR_02
Tourism brings revenue to regions with historical sites.	سیاحت تاریخی مقامات والے علاقوں میں آمدنی لاتی ہے۔	Urdu (Standard)	South Asia	SACOR_09
Children learn best when they are interested.	بچے بہترین سیکھتے ہیں جب وہ دلچسپی رکھتے ہیں۔	Urdu (Standard)	South Asia	SACOR_05
Clear communication prevents misunderstandings.	صاف رابطہ غلط فہمیوں کو روکتا ہے۔	Urdu (Standard)	South Asia	SACOR_02
Spices add flavor to traditional dishes.	مصالحے روایتی کھانوں میں ذائقہ بڑھاتے ہیں۔	Urdu (Standard)	South Asia	SACOR_07
Doctors work long hours to treat patients.	ڈاکٹر مریضوں کا علاج کرنے کے لیے لمبے گھنٹے کام کرتے ہیں۔	Urdu (Standard)	South Asia	SACOR_06
People celebrate festivals with great joy.	لوگ بہت خوشی سے تہوار مناتے ہیں۔	Urdu (Standard)	South Asia	SACOR_08
Education opens doors to opportunities.	تعلیم مواقع کے دروازے کھولتی ہے۔	Urdu (Standard)	South Asia	SACOR_02
After finishing his work, he sat down.	اپنا کام مکمل کرنے کے بعد، وہ بیٹھ گیا۔	Urdu (Standard)	South Asia	SACOR_05
Elderly people share wisdom and stories.	بزرگ لوگ حکمت اور کہانیاں بانٹتے ہیں۔	Urdu (Standard)	South Asia	SACOR_02
Reading books improves vocabulary.	کتابیں پڑھنا ذخیرہ الفاظ بہتر بناتا ہے۔	Urdu (Standard)	South Asia	SACOR_08
Handicrafts showcase artistic traditions.	دستی کاریاں فنکارانہ روایات دکھاتی ہیں۔	Urdu (Standard)	South Asia	SACOR_09
Agriculture remains the primary source of income.	زراعت آمدنی کا بنیادی ذریعہ رہتی ہے۔	Urdu (Standard)	South Asia	SACOR_08
Children were playing cricket in the street.	بچے سڑک پر کرکٹ کھیل رہے تھے۔	Urdu (Standard)	South Asia	SACOR_05
Teachers shape young minds.	استاد نوجوان ذہنوں کو شکل دیتے ہیں۔	Urdu (Standard)	South Asia	SACOR_02
She walked slowly through the garden.	وہ باغ میں آہستہ آہستہ چلی۔	Urdu (Standard)	South Asia	SACOR_01
Digital payments have made transactions faster.	ڈیجیٹل ادائیگیوں نے معاملات تیز کر دیے ہیں۔	Urdu (Standard)	South Asia	SACOR_06
Regular exercise helps maintain good health.	منظم ورزش اچھی صحت برقرار رکھنے میں مدد کرتی ہے۔	Urdu (Standard)	South Asia	SACOR_07
Birds were chirping in the trees.	پرندے درختوں میں چہچہا رہے تھے۔	Urdu (Standard)	South Asia	SACOR_07
Clear communication prevents misunderstandings.	صاف رابطہ غلط فہمیوں کو روکتا ہے۔	Urdu (Standard)	South Asia	SACOR_04
The forest is home to many wild animals.	جنگل بہت سے جنگلی جانوروں کا گھر ہے۔	Urdu (Standard)	South Asia	SACOR_03
Handicrafts showcase artistic traditions.	دستی کاریاں فنکارانہ روایات دکھاتی ہیں۔	Urdu (Standard)	South Asia	SACOR_07
Sports teach teamwork and discipline.	کھیل ٹیم ورک اور نظم و ضبط سکھاتے ہیں۔	Urdu (Standard)	South Asia	SACOR_03
Farmers wake up early to tend to crops.	کسان فصلوں کی دیکھ بھال کے لیے جلدی اٹھتے ہیں۔	Urdu (Standard)	South Asia	SACOR_05
Parents sacrifice their own needs for children.	والدین بچوں کے لیے اپنی ضرورتیں قربان کرتے ہیں۔	Urdu (Standard)	South Asia	SACOR_07
Pollution in cities has become a serious problem.	شہروں میں آلودگی ایک سنجیدہ مسئلہ بن گئی ہے۔	Urdu (Standard)	South Asia	SACOR_04
Birds were chirping in the trees.	پرندے درختوں میں چہچہا رہے تھے۔	Urdu (Standard)	South Asia	SACOR_01
Tea is served to guests as a gesture of hospitality.	مہمانوں کو مہمان نوازی کی نشانی کے طور پر چائے پیش کی جاتی ہے۔	Urdu (Standard)	South Asia	SACOR_03
The professor wrote equations on the blackboard.	پروفیسر نے تختے پر مساوات لکھیں۔	Urdu (Standard)	South Asia	SACOR_06
Farmers planted rice in the flooded fields.	کسانوں نے پانی والے کھیتوں میں چاول بوئے۔	Urdu (Standard)	South Asia	SACOR_08
We decided to visit the old temple.	ہم نے پرانے مندر کا دورہ کرنے کا فیصلہ کیا۔	Urdu (Standard)	South Asia	SACOR_09
The teacher explained the lesson patiently.	استاد نے صبر سے سبق سمجھایا۔	Urdu (Standard)	South Asia	SACOR_07
Tourism brings revenue to regions with historical sites.	سیاحت تاریخی مقامات والے علاقوں میں آمدنی لاتی ہے۔	Urdu (Standard)	South Asia	SACOR_06
Reading books improves vocabulary.	کتابیں پڑھنا ذخیرہ الفاظ بہتر بناتا ہے۔	Urdu (Standard)	South Asia	SACOR_04
Cricket is a popular sport.	کرکٹ ایک مقبول کھیل ہے۔	Urdu (Standard)	South Asia	SACOR_06
My grandmother told me stories.	میری دادی نے مجھے کہانیاں سنائیں۔	Urdu (Standard)	South Asia	SACOR_08
Children were playing cricket in the street.	بچے سڑک پر کرکٹ کھیل رہے تھے۔	Urdu (Standard)	South Asia	SACOR_09
Small businesses create employment opportunities.	چھوٹے کاروبار روزگار کے مواقع پیدا کرتے ہیں۔	Urdu (Standard)	South Asia	SACOR_07
She cooked delicious biryani for the family.	اس نے خاندان کے لیے مزیدار بریانی پکائی۔	Urdu (Standard)	South Asia	SACOR_07
Agriculture remains the primary source of income.	زراعت آمدنی کا بنیادی ذریعہ رہتی ہے۔	Urdu (Standard)	South Asia	SACOR_07
Regular exercise helps maintain good health.	منظم ورزش اچھی صحت برقرار رکھنے میں مدد کرتی ہے۔	Urdu (Standard)	South Asia	SACOR_08
Cooking together brings family members closer.	مل کر کھانا پکانا خاندان کے ممبروں کو قریب لاتا ہے۔	Urdu (Standard)	South Asia	SACOR_04
Elderly people share wisdom and stories.	بزرگ لوگ حکمت اور کہانیاں بانٹتے ہیں۔	Urdu (Standard)	South Asia	SACOR_07
Students gathered in the library.	طلباء لائبریری میں جمع ہوئے۔	Urdu (Standard)	South Asia	SACOR_01
Digital payments have made transactions faster.	ڈیجیٹل ادائیگیوں نے معاملات تیز کر دیے ہیں۔	Urdu (Standard)	South Asia	SACOR_04
Education opens doors to opportunities.	تعلیم مواقع کے دروازے کھولتی ہے۔	Urdu (Standard)	South Asia	SACOR_03
The internet connects people across continents.	انٹرنیٹ براعظموں میں لوگوں کو جوڑتا ہے۔	Urdu (Standard)	South Asia	SACOR_02
Online shopping has become popular.	آن لائن خریداری مقبول ہو گئی ہے۔	Urdu (Standard)	South Asia	SACOR_02
She walked slowly through the garden.	وہ باغ میں آہستہ آہستہ چلی۔	Urdu (Standard)	South Asia	SACOR_03
She received a scholarship to study medicine.	اسے طب کی تعلیم کے لیے اسکالرشپ ملی۔	Urdu (Standard)	South Asia	SACOR_05
The school organized a science fair.	اسکول نے سائنس میلہ منظم کیا۔	Urdu (Standard)	South Asia	SACOR_06
I woke up early this morning.	میں آج صبح جلدی اٹھا۔	Urdu (Standard)	South Asia	SACOR_09
Eating fresh fruits provides essential vitamins.	تازہ پھل کھانا ضروری وٹامن فراہم کرتا ہے۔	Urdu (Standard)	South Asia	SACOR_07
Spices add flavor to traditional dishes.	مصالحے روایتی کھانوں میں ذائقہ بڑھاتے ہیں۔	Urdu (Standard)	South Asia	SACOR_02
Family members support each other during difficult times.	خاندان کے ممبر مشکل وقتوں میں ایک دوسرے کی مدد کرتے ہیں۔	Urdu (Standard)	South Asia	SACOR_06
Teachers shape young minds.	استاد نوجوان ذہنوں کو شکل دیتے ہیں۔	Urdu (Standard)	South Asia	SACOR_05
Train journeys offer scenic views.	ریل کے سفر مناظر کے نظارے پیش کرتے ہیں۔	Urdu (Standard)	South Asia	SACOR_08
Learning a new language requires practice.	نئی زبان سیکھنے کے لیے مشق کی ضرورت ہے۔	Urdu (Standard)	South Asia	SACOR_10
Storytelling preserves culture and knowledge.	کہانی سنانا ثقافت اور علم کو محفوظ رکھتا ہے۔	Urdu (Standard)	South Asia	SACOR_10
The river flows peacefully through the valley.	دریا وادی میں پرامن طریقے سے بہتا ہے۔	Urdu (Standard)	South Asia	SACOR_09
Smartphones have changed how people communicate.	اسمارٹ فونوں نے لوگوں کے رابطے کے طریقے کو تبدیل کر دیا ہے۔	Urdu (Standard)	South Asia	SACOR_05
Traditional music is important for our heritage.	روایتی موسیقی ہماری وراثت کے لیے اہم ہے۔	Urdu (Standard)	South Asia	SACOR_05
Respecting elders is an important value.	بزرگوں کا احترام ایک اہم قدر ہے۔	Urdu (Standard)	South Asia	SACOR_02
After finishing his work, he sat down.	اپنا کام مکمل کرنے کے بعد، وہ بیٹھ گیا۔	Urdu (Standard)	South Asia	SACOR_09
The wedding ceremony lasted three days.	شادی کی تقریب تین دن تک چلی۔	Urdu (Standard)	South Asia	SACOR_06
People travel long distances to visit religious sites.	لوگ مذہبی مقامات دیکھنے کے لیے لمبی دوریاں طے کرتے ہیں۔	Urdu (Standard)	South Asia	SACOR_02
Doctors recommend drinking plenty of water.	ڈاکٹر زیادہ پانی پینے کی صلاح دیتے ہیں۔	Urdu (Standard)	South Asia	SACOR_10
Children learn best when they are interested.	بچے بہترین سیکھتے ہیں جب وہ دلچسپی رکھتے ہیں۔	Urdu (Standard)	South Asia	SACOR_10
The market was crowded with people.	بازار لوگوں سے بھرا ہوا تھا۔	Urdu (Standard)	South Asia	SACOR_07
Doctors work long hours to treat patients.	ڈاکٹر مریضوں کا علاج کرنے کے لیے لمبے گھنٹے کام کرتے ہیں۔	Urdu (Standard)	South Asia	SACOR_09
People celebrate festivals with great joy.	لوگ بہت خوشی سے تہوار مناتے ہیں۔	Urdu (Standard)	South Asia	SACOR_04
The bus arrived late.	بس دیر سے پہنچی۔	Urdu (Standard)	South Asia	SACOR_03
Reading books improves vocabulary.	کتابیں پڑھنا ذخیرہ الفاظ بہتر بناتا ہے۔	Urdu (Standard)	South Asia	SACOR_08
Smartphones have changed how people communicate.	اسمارٹ فونوں نے لوگوں کے رابطے کے طریقے کو تبدیل کر دیا ہے۔	Urdu (Standard)	South Asia	SACOR_07
The internet connects people across continents.	انٹرنیٹ براعظموں میں لوگوں کو جوڑتا ہے۔	Urdu (Standard)	South Asia	SACOR_03
The forest is home to many wild animals.	جنگل بہت سے جنگلی جانوروں کا گھر ہے۔	Urdu (Standard)	South Asia	SACOR_09
Tea is served to guests as a gesture of hospitality.	مہمانوں کو مہمان نوازی کی نشانی کے طور پر چائے پیش کی جاتی ہے۔	Urdu (Standard)	South Asia	SACOR_10
I woke up early this morning.	میں آج صبح جلدی اٹھا۔	Urdu (Standard)	South Asia	SACOR_01
My grandmother told me stories.	میری دادی نے مجھے کہانیاں سنائیں۔	Urdu (Standard)	South Asia	SACOR_09
Birds were chirping in the trees.	پرندے درختوں میں چہچہا رہے تھے۔	Urdu (Standard)	South Asia	SACOR_03
Clear communication prevents misunderstandings.	صاف رابطہ غلط فہمیوں کو روکتا ہے۔	Urdu (Standard)	South Asia	SACOR_04
Elderly people share wisdom and stories.	بزرگ لوگ حکمت اور کہانیاں بانٹتے ہیں۔	Urdu (Standard)	South Asia	SACOR_08
Cricket is a popular sport.	کرکٹ ایک مقبول کھیل ہے۔	Urdu (Standard)	South Asia	SACOR_02
Storytelling preserves culture and knowledge.	کہانی سنانا ثقافت اور علم کو محفوظ رکھتا ہے۔	Urdu (Standard)	South Asia	SACOR_01
Online shopping has become popular.	آن لائن خریداری مقبول ہو گئی ہے۔	Urdu (Standard)	South Asia	SACOR_06
Regular exercise helps maintain good health.	منظم ورزش اچھی صحت برقرار رکھنے میں مدد کرتی ہے۔	Urdu (Standard)	South Asia	SACOR_10
Respecting elders is an important value.	بزرگوں کا احترام ایک اہم قدر ہے۔	Urdu (Standard)	South Asia	SACOR_07
Handicrafts showcase artistic traditions.	دستی کاریاں فنکارانہ روایات دکھاتی ہیں۔	Urdu (Standard)	South Asia	SACOR_01
Students gathered in the library.	طلباء لائبریری میں جمع ہوئے۔	Urdu (Standard)	South Asia	SACOR_03
People celebrate festivals with great joy.	لوگ بہت خوشی سے تہوار مناتے ہیں۔	Urdu (Standard)	South Asia	SACOR_04
Teachers shape young minds.	استاد نوجوان ذہنوں کو شکل دیتے ہیں۔	Urdu (Standard)	South Asia	SACOR_04
We decided to visit the old temple.	ہم نے پرانے مندر کا دورہ کرنے کا فیصلہ کیا۔	Urdu (Standard)	South Asia	SACOR_10
She walked slowly through the garden.	وہ باغ میں آہستہ آہستہ چلی۔	Urdu (Standard)	South Asia	SACOR_09
Eating fresh fruits provides essential vitamins.	تازہ پھل کھانا ضروری وٹامن فراہم کرتا ہے۔	Urdu (Standard)	South Asia	SACOR_01
Children learn best when they are interested.	بچے بہترین سیکھتے ہیں جب وہ دلچسپی رکھتے ہیں۔	Urdu (Standard)	South Asia	SACOR_05
Agriculture remains the primary source of income.	زراعت آمدنی کا بنیادی ذریعہ رہتی ہے۔	Urdu (Standard)	South Asia	SACOR_08
Traditional music is important for our heritage.	روایتی موسیقی ہماری وراثت کے لیے اہم ہے۔	Urdu (Standard)	South Asia	SACOR_04
Pollution in cities has become a serious problem.	شہروں میں آلودگی ایک سنجیدہ مسئلہ بن گئی ہے۔	Urdu (Standard)	South Asia	SACOR_03
Family members support each other during difficult times.	خاندان کے ممبر مشکل وقتوں میں ایک دوسرے کی مدد کرتے ہیں۔	Urdu (Standard)	South Asia	SACOR_08
Doctors recommend drinking plenty of water.	ڈاکٹر زیادہ پانی پینے کی صلاح دیتے ہیں۔	Urdu (Standard)	South Asia	SACOR_03
Education opens doors to opportunities.	تعلیم مواقع کے دروازے کھولتی ہے۔	Urdu (Standard)	South Asia	SACOR_03
Farmers planted rice in the flooded fields.	کسانوں نے پانی والے کھیتوں میں چاول بوئے۔	Urdu (Standard)	South Asia	SACOR_05
People travel long distances to visit religious sites.	لوگ مذہبی مقامات دیکھنے کے لیے لمبی دوریاں طے کرتے ہیں۔	Urdu (Standard)	South Asia	SACOR_04
The market was crowded with people.	بازار لوگوں سے بھرا ہوا تھا۔	Urdu (Standard)	South Asia	SACOR_08
Tourism brings revenue to regions with historical sites.	سیاحت تاریخی مقامات والے علاقوں میں آمدنی لاتی ہے۔	Urdu (Standard)	South Asia	SACOR_06
Digital payments have made transactions faster.	ڈیجیٹل ادائیگیوں نے معاملات تیز کر دیے ہیں۔	Urdu (Standard)	South Asia	SACOR_09
She received a scholarship to study medicine.	اسے طب کی تعلیم کے لیے اسکالرشپ ملی۔	Urdu (Standard)	South Asia	SACOR_02
Sports teach teamwork and discipline.	کھیل ٹیم ورک اور نظم و ضبط سکھاتے ہیں۔	Urdu (Standard)	South Asia	SACOR_02
The teacher explained the lesson patiently.	استاد نے صبر سے سبق سمجھایا۔	Urdu (Standard)	South Asia	SACOR_07
Spices add flavor to traditional dishes.	مصالحے روایتی کھانوں میں ذائقہ بڑھاتے ہیں۔	Urdu (Standard)	South Asia	SACOR_03
The river flows peacefully through the valley.	دریا وادی میں پرامن طریقے سے بہتا ہے۔	Urdu (Standard)	South Asia	SACOR_06
Children were playing cricket in the street.	بچے سڑک پر کرکٹ کھیل رہے تھے۔	Urdu (Standard)	South Asia	SACOR_10
Doctors work long hours to treat patients.	ڈاکٹر مریضوں کا علاج کرنے کے لیے لمبے گھنٹے کام کرتے ہیں۔	Urdu (Standard)	South Asia	SACOR_07
The professor wrote equations on the blackboard.	پروفیسر نے تختے پر مساوات لکھیں۔	Urdu (Standard)	South Asia	SACOR_10
The bus arrived late.	بس دیر سے پہنچی۔	Urdu (Standard)	South Asia	SACOR_08
Farmers wake up early to tend to crops.	کسان فصلوں کی دیکھ بھال کے لیے جلدی اٹھتے ہیں۔	Urdu (Standard)	South Asia	SACOR_02
She cooked delicious biryani for the family.	اس نے خاندان کے لیے مزیدار بریانی پکائی۔	Urdu (Standard)	South Asia	SACOR_09
Parents sacrifice their own needs for children.	والدین بچوں کے لیے اپنی ضرورتیں قربان کرتے ہیں۔	Urdu (Standard)	South Asia	SACOR_06
The school organized a science fair.	اسکول نے سائنس میلہ منظم کیا۔	Urdu (Standard)	South Asia	SACOR_02
After finishing his work, he sat down.	اپنا کام مکمل کرنے کے بعد، وہ بیٹھ گیا۔	Urdu (Standard)	South Asia	SACOR_02
Cooking together brings family members closer.	مل کر کھانا پکانا خاندان کے ممبروں کو قریب لاتا ہے۔	Urdu (Standard)	South Asia	SACOR_05
Small businesses create employment opportunities.	چھوٹے کاروبار روزگار کے مواقع پیدا کرتے ہیں۔	Urdu (Standard)	South Asia	SACOR_08
Train journeys offer scenic views.	ریل کے سفر مناظر کے نظارے پیش کرتے ہیں۔	Urdu (Standard)	South Asia	SACOR_08
Learning a new language requires practice.	نئی زبان سیکھنے کے لیے مشق کی ضرورت ہے۔	Urdu (Standard)	South Asia	SACOR_08
The wedding ceremony lasted three days.	شادی کی تقریب تین دن تک چلی۔	Urdu (Standard)	South Asia	SACOR_02
Traditional music is important for our heritage.	روایتی موسیقی ہماری وراثت کے لیے اہم ہے۔	Urdu (Standard)	South Asia	SACOR_07
The wedding ceremony lasted three days.	شادی کی تقریب تین دن تک چلی۔	Urdu (Standard)	South Asia	SACOR_04
Handicrafts showcase artistic traditions.	دستی کاریاں فنکارانہ روایات دکھاتی ہیں۔	Urdu (Standard)	South Asia	SACOR_02
Children learn best when they are interested.	بچے بہترین سیکھتے ہیں جب وہ دلچسپی رکھتے ہیں۔	Urdu (Standard)	South Asia	SACOR_06
Students gathered in the library.	طلباء لائبریری میں جمع ہوئے۔	Urdu (Standard)	South Asia	SACOR_10
Reading books improves vocabulary.	کتابیں پڑھنا ذخیرہ الفاظ بہتر بناتا ہے۔	Urdu (Standard)	South Asia	SACOR_04
We decided to visit the old temple.	ہم نے پرانے مندر کا دورہ کرنے کا فیصلہ کیا۔	Urdu (Standard)	South Asia	SACOR_09
Agriculture remains the primary source of income.	زراعت آمدنی کا بنیادی ذریعہ رہتی ہے۔	Urdu (Standard)	South Asia	SACOR_01
People travel long distances to visit religious sites.	لوگ مذہبی مقامات دیکھنے کے لیے لمبی دوریاں طے کرتے ہیں۔	Urdu (Standard)	South Asia	SACOR_10
The professor wrote equations on the blackboard.	پروفیسر نے تختے پر مساوات لکھیں۔	Urdu (Standard)	South Asia	SACOR_07
Doctors work long hours to treat patients.	ڈاکٹر مریضوں کا علاج کرنے کے لیے لمبے گھنٹے کام کرتے ہیں۔	Urdu (Standard)	South Asia	SACOR_03
Eating fresh fruits provides essential vitamins.	تازہ پھل کھانا ضروری وٹامن فراہم کرتا ہے۔	Urdu (Standard)	South Asia	SACOR_08
Cricket is a popular sport.	کرکٹ ایک مقبول کھیل ہے۔	Urdu (Standard)	South Asia	SACOR_09
The forest is home to many wild animals.	جنگل بہت سے جنگلی جانوروں کا گھر ہے۔	Urdu (Standard)	South Asia	SACOR_07
Learning a new language requires practice.	نئی زبان سیکھنے کے لیے مشق کی ضرورت ہے۔	Urdu (Standard)	South Asia	SACOR_02
Pollution in cities has become a serious problem.	شہروں میں آلودگی ایک سنجیدہ مسئلہ بن گئی ہے۔	Urdu (Standard)	South Asia	SACOR_02
Elderly people share wisdom and stories.	بزرگ لوگ حکمت اور کہانیاں بانٹتے ہیں۔	Urdu (Standard)	South Asia	SACOR_09
Teachers shape young minds.	استاد نوجوان ذہنوں کو شکل دیتے ہیں۔	Urdu (Standard)	South Asia	SACOR_10
The internet connects people across continents.	انٹرنیٹ براعظموں میں لوگوں کو جوڑتا ہے۔	Urdu (Standard)	South Asia	SACOR_02
Digital payments have made transactions faster.	ڈیجیٹل ادائیگیوں نے معاملات تیز کر دیے ہیں۔	Urdu (Standard)	South Asia	SACOR_10
Clear communication prevents misunderstandings.	صاف رابطہ غلط فہمیوں کو روکتا ہے۔	Urdu (Standard)	South Asia	SACOR_03
The teacher explained the lesson patiently.	استاد نے صبر سے سبق سمجھایا۔	Urdu (Standard)	South Asia	SACOR_09
People celebrate festivals with great joy.	لوگ بہت خوشی سے تہوار مناتے ہیں۔	Urdu (Standard)	South Asia	SACOR_04
Storytelling preserves culture and knowledge.	کہانی سنانا ثقافت اور علم کو محفوظ رکھتا ہے۔	Urdu (Standard)	South Asia	SACOR_05
Train journeys offer scenic views.	ریل کے سفر مناظر کے نظارے پیش کرتے ہیں۔	Urdu (Standard)	South Asia	SACOR_05
Regular exercise helps maintain good health.	منظم ورزش اچھی صحت برقرار رکھنے میں مدد کرتی ہے۔	Urdu (Standard)	South Asia	SACOR_01
After finishing his work, he sat down.	اپنا کام مکمل کرنے کے بعد، وہ بیٹھ گیا۔	Urdu (Standard)	South Asia	SACOR_03
Cooking together brings family members closer.	مل کر کھانا پکانا خاندان کے ممبروں کو قریب لاتا ہے۔	Urdu (Standard)	South Asia	SACOR_07
She walked slowly through the garden.	وہ باغ میں آہستہ آہستہ چلی۔	Urdu (Standard)	South Asia	SACOR_01
Doctors recommend drinking plenty of water.	ڈاکٹر زیادہ پانی پینے کی صلاح دیتے ہیں۔	Urdu (Standard)	South Asia	SACOR_09
Birds were chirping in the trees.	پرندے درختوں میں چہچہا رہے تھے۔	Urdu (Standard)	South Asia	SACOR_04
Respecting elders is an important value.	بزرگوں کا احترام ایک اہم قدر ہے۔	Urdu (Standard)	South Asia	SACOR_06
Family members support each other during difficult times.	خاندان کے ممبر مشکل وقتوں میں ایک دوسرے کی مدد کرتے ہیں۔	Urdu (Standard)	South Asia	SACOR_09
Children were playing cricket in the street.	بچے سڑک پر کرکٹ کھیل رہے تھے۔	Urdu (Standard)	South Asia	SACOR_09
Farmers wake up early to tend to crops.	کسان فصلوں کی دیکھ بھال کے لیے جلدی اٹھتے ہیں۔	Urdu (Standard)	South Asia	SACOR_10
Small businesses create employment opportunities.	چھوٹے کاروبار روزگار کے مواقع پیدا کرتے ہیں۔	Urdu (Standard)	South Asia	SACOR_08
Spices add flavor to traditional dishes.	مصالحے روایتی کھانوں میں ذائقہ بڑھاتے ہیں۔	Urdu (Standard)	South Asia	SACOR_05
Education opens doors to opportunities.	تعلیم مواقع کے دروازے کھولتی ہے۔	Urdu (Standard)	South Asia	SACOR_04
Online shopping has become popular.	آن لائن خریداری مقبول ہو گئی ہے۔	Urdu (Standard)	South Asia	SACOR_06
Farmers planted rice in the flooded fields.	کسانوں نے پانی والے کھیتوں میں چاول بوئے۔	Urdu (Standard)	South Asia	SACOR_05
The river flows peacefully through the valley.	دریا وادی میں پرامن طریقے سے بہتا ہے۔	Urdu (Standard)	South Asia	SACOR_01
I woke up early this morning.	میں آج صبح جلدی اٹھا۔	Urdu (Standard)	South Asia	SACOR_09
Smartphones have changed how people communicate.	اسمارٹ فونوں نے لوگوں کے رابطے کے طریقے کو تبدیل کر دیا ہے۔	Urdu (Standard)	South Asia	SACOR_06
The school organized a science fair.	اسکول نے سائنس میلہ منظم کیا۔	Urdu (Standard)	South Asia	SACOR_09
She received a scholarship to study medicine.	اسے طب کی تعلیم کے لیے اسکالرشپ ملی۔	Urdu (Standard)	South Asia	SACOR_05
My grandmother told me stories.	میری دادی نے مجھے کہانیاں سنائیں۔	Urdu (Standard)	South Asia	SACOR_03
The market was crowded with people.	بازار لوگوں سے بھرا ہوا تھا۔	Urdu (Standard)	South Asia	SACOR_01
She cooked delicious biryani for the family.	اس نے خاندان کے لیے مزیدار بریانی پکائی۔	Urdu (Standard)	South Asia	SACOR_05
Sports teach teamwork and discipline.	کھیل ٹیم ورک اور نظم و ضبط سکھاتے ہیں۔	Urdu (Standard)	South Asia	SACOR_10
The bus arrived late.	بس دیر سے پہنچی۔	Urdu (Standard)	South Asia	SACOR_06
Parents sacrifice their own needs for children.	والدین بچوں کے لیے اپنی ضرورتیں قربان کرتے ہیں۔	Urdu (Standard)	South Asia	SACOR_05
Tea is served to guests as a gesture of hospitality.	مہمانوں کو مہمان نوازی کی نشانی کے طور پر چائے پیش کی جاتی ہے۔	Urdu (Standard)	South Asia	SACOR_10
Tourism brings revenue to regions with historical sites.	سیاحت تاریخی مقامات والے علاقوں میں آمدنی لاتی ہے۔	Urdu (Standard)	South Asia	SACOR_03
Education opens doors to opportunities.	تعلیم مواقع کے دروازے کھولتی ہے۔	Urdu (Standard)	South Asia	SACOR_09
The market was crowded with people.	بازار لوگوں سے بھرا ہوا تھا۔	Urdu (Standard)	South Asia	SACOR_08
Clear communication prevents misunderstandings.	صاف رابطہ غلط فہمیوں کو روکتا ہے۔	Urdu (Standard)	South Asia	SACOR_07
Small businesses create employment opportunities.	چھوٹے کاروبار روزگار کے مواقع پیدا کرتے ہیں۔	Urdu (Standard)	South Asia	SACOR_08
Students gathered in the library.	طلباء لائبریری میں جمع ہوئے۔	Urdu (Standard)	South Asia	SACOR_06
Regular exercise helps maintain good health.	منظم ورزش اچھی صحت برقرار رکھنے میں مدد کرتی ہے۔	Urdu (Standard)	South Asia	SACOR_07
Smartphones have changed how people communicate.	اسمارٹ فونوں نے لوگوں کے رابطے کے طریقے کو تبدیل کر دیا ہے۔	Urdu (Standard)	South Asia	SACOR_08
Reading books improves vocabulary.	کتابیں پڑھنا ذخیرہ الفاظ بہتر بناتا ہے۔	Urdu (Standard)	South Asia	SACOR_06
Cooking together brings family members closer.	مل کر کھانا پکانا خاندان کے ممبروں کو قریب لاتا ہے۔	Urdu (Standard)	South Asia	SACOR_04
The school organized a science fair.	اسکول نے سائنس میلہ منظم کیا۔	Urdu (Standard)	South Asia	SACOR_09
Online shopping has become popular.	آن لائن خریداری مقبول ہو گئی ہے۔	Urdu (Standard)	South Asia	SACOR_07
She received a scholarship to study medicine.	اسے طب کی تعلیم کے لیے اسکالرشپ ملی۔	Urdu (Standard)	South Asia	SACOR_07
Agriculture remains the primary source of income.	زراعت آمدنی کا بنیادی ذریعہ رہتی ہے۔	Urdu (Standard)	South Asia	SACOR_09
The bus arrived late.	بس دیر سے پہنچی۔	Urdu (Standard)	South Asia	SACOR_09
The professor wrote equations on the blackboard.	پروفیسر نے تختے پر مساوات لکھیں۔	Urdu (Standard)	South Asia	SACOR_02
Storytelling preserves culture and knowledge.	کہانی سنانا ثقافت اور علم کو محفوظ رکھتا ہے۔	Urdu (Standard)	South Asia	SACOR_05
Cricket is a popular sport.	کرکٹ ایک مقبول کھیل ہے۔	Urdu (Standard)	South Asia	SACOR_06
Respecting elders is an important value.	بزرگوں کا احترام ایک اہم قدر ہے۔	Urdu (Standard)	South Asia	SACOR_04
People celebrate festivals with great joy.	لوگ بہت خوشی سے تہوار مناتے ہیں۔	Urdu (Standard)	South Asia	SACOR_10
Doctors recommend drinking plenty of water.	ڈاکٹر زیادہ پانی پینے کی صلاح دیتے ہیں۔	Urdu (Standard)	South Asia	SACOR_03
Tourism brings revenue to regions with historical sites.	سیاحت تاریخی مقامات والے علاقوں میں آمدنی لاتی ہے۔	Urdu (Standard)	South Asia	SACOR_05
Family members support each other during difficult times.	خاندان کے ممبر مشکل وقتوں میں ایک دوسرے کی مدد کرتے ہیں۔	Urdu (Standard)	South Asia	SACOR_02
The forest is home to many wild animals.	جنگل بہت سے جنگلی جانوروں کا گھر ہے۔	Urdu (Standard)	South Asia	SACOR_04
She cooked delicious biryani for the family.	اس نے خاندان کے لیے مزیدار بریانی پکائی۔	Urdu (Standard)	South Asia	SACOR_04
Train journeys offer scenic views.	ریل کے سفر مناظر کے نظارے پیش کرتے ہیں۔	Urdu (Standard)	South Asia	SACOR_08
Tea is served to guests as a gesture of hospitality.	مہمانوں کو مہمان نوازی کی نشانی کے طور پر چائے پیش کی جاتی ہے۔	Urdu (Standard)	South Asia	SACOR_04
Pollution in cities has become a serious problem.	شہروں میں آلودگی ایک سنجیدہ مسئلہ بن گئی ہے۔	Urdu (Standard)	South Asia	SACOR_04
Farmers wake up early to tend to crops.	کسان فصلوں کی دیکھ بھال کے لیے جلدی اٹھتے ہیں۔	Urdu (Standard)	South Asia	SACOR_03
I woke up early this morning.	میں آج صبح جلدی اٹھا۔	Urdu (Standard)	South Asia	SACOR_07
She walked slowly through the garden.	وہ باغ میں آہستہ آہستہ چلی۔	Urdu (Standard)	South Asia	SACOR_05
Eating fresh fruits provides essential vitamins.	تازہ پھل کھانا ضروری وٹامن فراہم کرتا ہے۔	Urdu (Standard)	South Asia	SACOR_01
After finishing his work, he sat down.	اپنا کام مکمل کرنے کے بعد، وہ بیٹھ گیا۔	Urdu (Standard)	South Asia	SACOR_09
The teacher explained the lesson patiently.	استاد نے صبر سے سبق سمجھایا۔	Urdu (Standard)	South Asia	SACOR_02
Farmers planted rice in the flooded fields.	کسانوں نے پانی والے کھیتوں میں چاول بوئے۔	Urdu (Standard)	South Asia	SACOR_10
We decided to visit the old temple.	ہم نے پرانے مندر کا دورہ کرنے کا فیصلہ کیا۔	Urdu (Standard)	South Asia	SACOR_05
Parents sacrifice their own needs for children.	والدین بچوں کے لیے اپنی ضرورتیں قربان کرتے ہیں۔	Urdu (Standard)	South Asia	SACOR_05
Traditional music is important for our heritage.	روایتی موسیقی ہماری وراثت کے لیے اہم ہے۔	Urdu (Standard)	South Asia	SACOR_05
Spices add flavor to traditional dishes.	مصالحے روایتی کھانوں میں ذائقہ بڑھاتے ہیں۔	Urdu (Standard)	South Asia	SACOR_09
Doctors work long hours to treat patients.	ڈاکٹر مریضوں کا علاج کرنے کے لیے لمبے گھنٹے کام کرتے ہیں۔	Urdu (Standard)	South Asia	SACOR_10
Elderly people share wisdom and stories.	بزرگ لوگ حکمت اور کہانیاں بانٹتے ہیں۔	Urdu (Standard)	South Asia	SACOR_01
Digital payments have made transactions faster.	ڈیجیٹل ادائیگیوں نے معاملات تیز کر دیے ہیں۔	Urdu (Standard)	South Asia	SACOR_03
The river flows peacefully through the valley.	دریا وادی میں پرامن طریقے سے بہتا ہے۔	Urdu (Standard)	South Asia	SACOR_01
Children were playing cricket in the street.	بچے سڑک پر کرکٹ کھیل رہے تھے۔	Urdu (Standard)	South Asia	SACOR_09
Birds were chirping in the trees.	پرندے درختوں میں چہچہا رہے تھے۔	Urdu (Standard)	South Asia	SACOR_05
My grandmother told me stories.	میری دادی نے مجھے کہانیاں سنائیں۔	Urdu (Standard)	South Asia	SACOR_03
The wedding ceremony lasted three days.	شادی کی تقریب تین دن تک چلی۔	Urdu (Standard)	South Asia	SACOR_08
People travel long distances to visit religious sites.	لوگ مذہبی مقامات دیکھنے کے لیے لمبی دوریاں طے کرتے ہیں۔	Urdu (Standard)	South Asia	SACOR_04
Learning a new language requires practice.	نئی زبان سیکھنے کے لیے مشق کی ضرورت ہے۔	Urdu (Standard)	South Asia	SACOR_06
Sports teach teamwork and discipline.	کھیل ٹیم ورک اور نظم و ضبط سکھاتے ہیں۔	Urdu (Standard)	South Asia	SACOR_10
The internet connects people across continents.	انٹرنیٹ براعظموں میں لوگوں کو جوڑتا ہے۔	Urdu (Standard)	South Asia	SACOR_10
Teachers shape young minds.	استاد نوجوان ذہنوں کو شکل دیتے ہیں۔	Urdu (Standard)	South Asia	SACOR_02
Handicrafts showcase artistic traditions.	دستی کاریاں فنکارانہ روایات دکھاتی ہیں۔	Urdu (Standard)	South Asia	SACOR_10
Children learn best when they are interested.	بچے بہترین سیکھتے ہیں جب وہ دلچسپی رکھتے ہیں۔	Urdu (Standard)	South Asia	SACOR_03
Cooking together brings family members closer.	مل کر کھانا پکانا خاندان کے ممبروں کو قریب لاتا ہے۔	Urdu (Standard)	South Asia	SACOR_02
The river flows peacefully through the valley.	دریا وادی میں پرامن طریقے سے بہتا ہے۔	Urdu (Standard)	South Asia	SACOR_06
The market was crowded with people.	بازار لوگوں سے بھرا ہوا تھا۔	Urdu (Standard)	South Asia	SACOR_08
Parents sacrifice their own needs for children.	والدین بچوں کے لیے اپنی ضرورتیں قربان کرتے ہیں۔	Urdu (Standard)	South Asia	SACOR_09
People celebrate festivals with great joy.	لوگ بہت خوشی سے تہوار مناتے ہیں۔	Urdu (Standard)	South Asia	SACOR_07
The teacher explained the lesson patiently.	استاد نے صبر سے سبق سمجھایا۔	Urdu (Standard)	South Asia	SACOR_05
Learning a new language requires practice.	نئی زبان سیکھنے کے لیے مشق کی ضرورت ہے۔	Urdu (Standard)	South Asia	SACOR_05
Train journeys offer scenic views.	ریل کے سفر مناظر کے نظارے پیش کرتے ہیں۔	Urdu (Standard)	South Asia	SACOR_09
Clear communication prevents misunderstandings.	صاف رابطہ غلط فہمیوں کو روکتا ہے۔	Urdu (Standard)	South Asia	SACOR_03
The forest is home to many wild animals.	جنگل بہت سے جنگلی جانوروں کا گھر ہے۔	Urdu (Standard)	South Asia	SACOR_10
Children were playing cricket in the street.	بچے سڑک پر کرکٹ کھیل رہے تھے۔	Urdu (Standard)	South Asia	SACOR_07
Farmers planted rice in the flooded fields.	کسانوں نے پانی والے کھیتوں میں چاول بوئے۔	Urdu (Standard)	South Asia	SACOR_02
Small businesses create employment opportunities.	چھوٹے کاروبار روزگار کے مواقع پیدا کرتے ہیں۔	Urdu (Standard)	South Asia	SACOR_03
Handicrafts showcase artistic traditions.	دستی کاریاں فنکارانہ روایات دکھاتی ہیں۔	Urdu (Standard)	South Asia	SACOR_01
The professor wrote equations on the blackboard.	پروفیسر نے تختے پر مساوات لکھیں۔	Urdu (Standard)	South Asia	SACOR_06
Pollution in cities has become a serious problem.	شہروں میں آلودگی ایک سنجیدہ مسئلہ بن گئی ہے۔	Urdu (Standard)	South Asia	SACOR_03
Traditional music is important for our heritage.	روایتی موسیقی ہماری وراثت کے لیے اہم ہے۔	Urdu (Standard)	South Asia	SACOR_09
Cricket is a popular sport.	کرکٹ ایک مقبول کھیل ہے۔	Urdu (Standard)	South Asia	SACOR_08
Reading books improves vocabulary.	کتابیں پڑھنا ذخیرہ الفاظ بہتر بناتا ہے۔	Urdu (Standard)	South Asia	SACOR_01
Elderly people share wisdom and stories.	بزرگ لوگ حکمت اور کہانیاں بانٹتے ہیں۔	Urdu (Standard)	South Asia	SACOR_01
Respecting elders is an important value.	بزرگوں کا احترام ایک اہم قدر ہے۔	Urdu (Standard)	South Asia	SACOR_02
The wedding ceremony lasted three days.	شادی کی تقریب تین دن تک چلی۔	Urdu (Standard)	South Asia	SACOR_10
Doctors recommend drinking plenty of water.	ڈاکٹر زیادہ پانی پینے کی صلاح دیتے ہیں۔	Urdu (Standard)	South Asia	SACOR_01
Online shopping has become popular.	آن لائن خریداری مقبول ہو گئی ہے۔	Urdu (Standard)	South Asia	SACOR_07
The internet connects people across continents.	انٹرنیٹ براعظموں میں لوگوں کو جوڑتا ہے۔	Urdu (Standard)	South Asia	SACOR_03
Farmers wake up early to tend to crops.	کسان فصلوں کی دیکھ بھال کے لیے جلدی اٹھتے ہیں۔	Urdu (Standard)	South Asia	SACOR_05
Teachers shape young minds.	استاد نوجوان ذہنوں کو شکل دیتے ہیں۔	Urdu (Standard)	South Asia	SACOR_07
Agriculture remains the primary source of income.	زراعت آمدنی کا بنیادی ذریعہ رہتی ہے۔	Urdu (Standard)	South Asia	SACOR_06
Storytelling preserves culture and knowledge.	کہانی سنانا ثقافت اور علم کو محفوظ رکھتا ہے۔	Urdu (Standard)	South Asia	SACOR_03
My grandmother told me stories.	میری دادی نے مجھے کہانیاں سنائیں۔	Urdu (Standard)	South Asia	SACOR_02
The bus arrived late.	بس دیر سے پہنچی۔	Urdu (Standard)	South Asia	SACOR_03
Tourism brings revenue to regions with historical sites.	سیاحت تاریخی مقامات والے علاقوں میں آمدنی لاتی ہے۔	Urdu (Standard)	South Asia	SACOR_03
Family members support each other during difficult times.	خاندان کے ممبر مشکل وقتوں میں ایک دوسرے کی مدد کرتے ہیں۔	Urdu (Standard)	South Asia	SACOR_06
The school organized a science fair.	اسکول نے سائنس میلہ منظم کیا۔	Urdu (Standard)	South Asia	SACOR_07
Regular exercise helps maintain good health.	منظم ورزش اچھی صحت برقرار رکھنے میں مدد کرتی ہے۔	Urdu (Standard)	South Asia	SACOR_03
I woke up early this morning.	میں آج صبح جلدی اٹھا۔	Urdu (Standard)	South Asia	SACOR_05
After finishing his work, he sat down.	اپنا کام مکمل کرنے کے بعد، وہ بیٹھ گیا۔	Urdu (Standard)	South Asia	SACOR_05
Education opens doors to opportunities.	تعلیم مواقع کے دروازے کھولتی ہے۔	Urdu (Standard)	South Asia	SACOR_04
People travel long distances to visit religious sites.	لوگ مذہبی مقامات دیکھنے کے لیے لمبی دوریاں طے کرتے ہیں۔	Urdu (Standard)	South Asia	SACOR_08
We decided to visit the old temple.	ہم نے پرانے مندر کا دورہ کرنے کا فیصلہ کیا۔	Urdu (Standard)	South Asia	SACOR_07
She walked slowly through the garden.	وہ باغ میں آہستہ آہستہ چلی۔	Urdu (Standard)	South Asia	SACOR_03
Children learn best when they are interested.	بچے بہترین سیکھتے ہیں جب وہ دلچسپی رکھتے ہیں۔	Urdu (Standard)	South Asia	SACOR_10
Eating fresh fruits provides essential vitamins.	تازہ پھل کھانا ضروری وٹامن فراہم کرتا ہے۔	Urdu (Standard)	South Asia	SACOR_03
Smartphones have changed how people communicate.	اسمارٹ فونوں نے لوگوں کے رابطے کے طریقے کو تبدیل کر دیا ہے۔	Urdu (Standard)	South Asia	SACOR_01
Birds were chirping in the trees.	پرندے درختوں میں چہچہا رہے تھے۔	Urdu (Standard)	South Asia	SACOR_07
Digital payments have made transactions faster.	ڈیجیٹل ادائیگیوں نے معاملات تیز کر دیے ہیں۔	Urdu (Standard)	South Asia	SACOR_07
Tea is served to guests as a gesture of hospitality.	مہمانوں کو مہمان نوازی کی نشانی کے طور پر چائے پیش کی جاتی ہے۔	Urdu (Standard)	South Asia	SACOR_06
Spices add flavor to traditional dishes.	مصالحے روایتی کھانوں میں ذائقہ بڑھاتے ہیں۔	Urdu (Standard)	South Asia	SACOR_05
Sports teach teamwork and discipline.	کھیل ٹیم ورک اور نظم و ضبط سکھاتے ہیں۔	Urdu (Standard)	South Asia	SACOR_06
Doctors work long hours to treat patients.	ڈاکٹر مریضوں کا علاج کرنے کے لیے لمبے گھنٹے کام کرتے ہیں۔	Urdu (Standard)	South Asia	SACOR_07
She cooked delicious biryani for the family.	اس نے خاندان کے لیے مزیدار بریانی پکائی۔	Urdu (Standard)	South Asia	SACOR_07
She received a scholarship to study medicine.	اسے طب کی تعلیم کے لیے اسکالرشپ ملی۔	Urdu (Standard)	South Asia	SACOR_08
Students gathered in the library.	طلباء لائبریری میں جمع ہوئے۔	Urdu (Standard)	South Asia	SACOR_01
The forest is home to many wild animals.	جنگل بہت سے جنگلی جانوروں کا گھر ہے۔	Urdu (Standard)	South Asia	SACOR_04
The wedding ceremony lasted three days.	شادی کی تقریب تین دن تک چلی۔	Urdu (Standard)	South Asia	SACOR_08
Teachers shape young minds.	استاد نوجوان ذہنوں کو شکل دیتے ہیں۔	Urdu (Standard)	South Asia	SACOR_01
Cricket is a popular sport.	کرکٹ ایک مقبول کھیل ہے۔	Urdu (Standard)	South Asia	SACOR_08
Tea is served to guests as a gesture of hospitality.	مہمانوں کو مہمان نوازی کی نشانی کے طور پر چائے پیش کی جاتی ہے۔	Urdu (Standard)	South Asia	SACOR_01
The internet connects people across continents.	انٹرنیٹ براعظموں میں لوگوں کو جوڑتا ہے۔	Urdu (Standard)	South Asia	SACOR_02
Storytelling preserves culture and knowledge.	کہانی سنانا ثقافت اور علم کو محفوظ رکھتا ہے۔	Urdu (Standard)	South Asia	SACOR_01
Regular exercise helps maintain good health.	منظم ورزش اچھی صحت برقرار رکھنے میں مدد کرتی ہے۔	Urdu (Standard)	South Asia	SACOR_10
Handicrafts showcase artistic traditions.	دستی کاریاں فنکارانہ روایات دکھاتی ہیں۔	Urdu (Standard)	South Asia	SACOR_06
The bus arrived late.	بس دیر سے پہنچی۔	Urdu (Standard)	South Asia	SACOR_06
Students gathered in the library.	طلباء لائبریری میں جمع ہوئے۔	Urdu (Standard)	South Asia	SACOR_08
Online shopping has become popular.	آن لائن خریداری مقبول ہو گئی ہے۔	Urdu (Standard)	South Asia	SACOR_06
After finishing his work, he sat down.	اپنا کام مکمل کرنے کے بعد، وہ بیٹھ گیا۔	Urdu (Standard)	South Asia	SACOR_04
Cooking together brings family members closer.	مل کر کھانا پکانا خاندان کے ممبروں کو قریب لاتا ہے۔	Urdu (Standard)	South Asia	SACOR_09
People travel long distances to visit religious sites.	لوگ مذہبی مقامات دیکھنے کے لیے لمبی دوریاں طے کرتے ہیں۔	Urdu (Standard)	South Asia	SACOR_09
Reading books improves vocabulary.	کتابیں پڑھنا ذخیرہ الفاظ بہتر بناتا ہے۔	Urdu (Standard)	South Asia	SACOR_03
Elderly people share wisdom and stories.	بزرگ لوگ حکمت اور کہانیاں بانٹتے ہیں۔	Urdu (Standard)	South Asia	SACOR_06
Farmers wake up early to tend to crops.	کسان فصلوں کی دیکھ بھال کے لیے جلدی اٹھتے ہیں۔	Urdu (Standard)	South Asia	SACOR_08
She received a scholarship to study medicine.	اسے طب کی تعلیم کے لیے اسکالرشپ ملی۔	Urdu (Standard)	South Asia	SACOR_09
Traditional music is important for our heritage.	روایتی موسیقی ہماری وراثت کے لیے اہم ہے۔	Urdu (Standard)	South Asia	SACOR_05
Eating fresh fruits provides essential vitamins.	تازہ پھل کھانا ضروری وٹامن فراہم کرتا ہے۔	Urdu (Standard)	South Asia	SACOR_04
Doctors recommend drinking plenty of water.	ڈاکٹر زیادہ پانی پینے کی صلاح دیتے ہیں۔	Urdu (Standard)	South Asia	SACOR_08
Small businesses create employment opportunities.	چھوٹے کاروبار روزگار کے مواقع پیدا کرتے ہیں۔	Urdu (Standard)	South Asia	SACOR_02
Education opens doors to opportunities.	تعلیم مواقع کے دروازے کھولتی ہے۔	Urdu (Standard)	South Asia	SACOR_02
The school organized a science fair.	اسکول نے سائنس میلہ منظم کیا۔	Urdu (Standard)	South Asia	SACOR_08
Parents sacrifice their own needs for children.	والدین بچوں کے لیے اپنی ضرورتیں قربان کرتے ہیں۔	Urdu (Standard)	South Asia	SACOR_02
Digital payments have made transactions faster.	ڈیجیٹل ادائیگیوں نے معاملات تیز کر دیے ہیں۔	Urdu (Standard)	South Asia	SACOR_09
Learning a new language requires practice.	نئی زبان سیکھنے کے لیے مشق کی ضرورت ہے۔	Urdu (Standard)	South Asia	SACOR_06
Clear communication prevents misunderstandings.	صاف رابطہ غلط فہمیوں کو روکتا ہے۔	Urdu (Standard)	South Asia	SACOR_07
Children were playing cricket in the street.	بچے سڑک پر کرکٹ کھیل رہے تھے۔	Urdu (Standard)	South Asia	SACOR_10
The teacher explained the lesson patiently.	استاد نے صبر سے سبق سمجھایا۔	Urdu (Standard)	South Asia	SACOR_02
People celebrate festivals with great joy.	لوگ بہت خوشی سے تہوار مناتے ہیں۔	Urdu (Standard)	South Asia	SACOR_02
Farmers planted rice in the flooded fields.	کسانوں نے پانی والے کھیتوں میں چاول بوئے۔	Urdu (Standard)	South Asia	SACOR_08
She walked slowly through the garden.	وہ باغ میں آہستہ آہستہ چلی۔	Urdu (Standard)	South Asia	SACOR_09
Pollution in cities has become a serious problem.	شہروں میں آلودگی ایک سنجیدہ مسئلہ بن گئی ہے۔	Urdu (Standard)	South Asia	SACOR_02
Train journeys offer scenic views.	ریل کے سفر مناظر کے نظارے پیش کرتے ہیں۔	Urdu (Standard)	South Asia	SACOR_09
Respecting elders is an important value.	بزرگوں کا احترام ایک اہم قدر ہے۔	Urdu (Standard)	South Asia	SACOR_09
She cooked delicious biryani for the family.	اس نے خاندان کے لیے مزیدار بریانی پکائی۔	Urdu (Standard)	South Asia	SACOR_08
The market was crowded with people.	بازار لوگوں سے بھرا ہوا تھا۔	Urdu (Standard)	South Asia	SACOR_06
Sports teach teamwork and discipline.	کھیل ٹیم ورک اور نظم و ضبط سکھاتے ہیں۔	Urdu (Standard)	South Asia	SACOR_09
Birds were chirping in the trees.	پرندے درختوں میں چہچہا رہے تھے۔	Urdu (Standard)	South Asia	SACOR_02
Doctors work long hours to treat patients.	ڈاکٹر مریضوں کا علاج کرنے کے لیے لمبے گھنٹے کام کرتے ہیں۔	Urdu (Standard)	South Asia	SACOR_06
The professor wrote equations on the blackboard.	پروفیسر نے تختے پر مساوات لکھیں۔	Urdu (Standard)	South Asia	SACOR_09
Agriculture remains the primary source of income.	زراعت آمدنی کا بنیادی ذریعہ رہتی ہے۔	Urdu (Standard)	South Asia	SACOR_10
Smartphones have changed how people communicate.	اسمارٹ فونوں نے لوگوں کے رابطے کے طریقے کو تبدیل کر دیا ہے۔	Urdu (Standard)	South Asia	SACOR_02
Tourism brings revenue to regions with historical sites.	سیاحت تاریخی مقامات والے علاقوں میں آمدنی لاتی ہے۔	Urdu (Standard)	South Asia	SACOR_09
Children learn best when they are interested.	بچے بہترین سیکھتے ہیں جب وہ دلچسپی رکھتے ہیں۔	Urdu (Standard)	South Asia	SACOR_07
Spices add flavor to traditional dishes.	مصالحے روایتی کھانوں میں ذائقہ بڑھاتے ہیں۔	Urdu (Standard)	South Asia	SACOR_03
The river flows peacefully through the valley.	دریا وادی میں پرامن طریقے سے بہتا ہے۔	Urdu (Standard)	South Asia	SACOR_04
I woke up early this morning.	میں آج صبح جلدی اٹھا۔	Urdu (Standard)	South Asia	SACOR_10
We decided to visit the old temple.	ہم نے پرانے مندر کا دورہ کرنے کا فیصلہ کیا۔	Urdu (Standard)	South Asia	SACOR_04
Family members support each other during difficult times.	خاندان کے ممبر مشکل وقتوں میں ایک دوسرے کی مدد کرتے ہیں۔	Urdu (Standard)	South Asia	SACOR_08
My grandmother told me stories.	میری دادی نے مجھے کہانیاں سنائیں۔	Urdu (Standard)	South Asia	SACOR_09
After finishing his work, he sat down.	اپنا کام مکمل کرنے کے بعد، وہ بیٹھ گیا۔	Urdu (Standard)	South Asia	SACOR_05
Elderly people share wisdom and stories.	بزرگ لوگ حکمت اور کہانیاں بانٹتے ہیں۔	Urdu (Standard)	South Asia	SACOR_01
Storytelling preserves culture and knowledge.	کہانی سنانا ثقافت اور علم کو محفوظ رکھتا ہے۔	Urdu (Standard)	South Asia	SACOR_09
She walked slowly through the garden.	وہ باغ میں آہستہ آہستہ چلی۔	Urdu (Standard)	South Asia	SACOR_08
Small businesses create employment opportunities.	چھوٹے کاروبار روزگار کے مواقع پیدا کرتے ہیں۔	Urdu (Standard)	South Asia	SACOR_02
The bus arrived late.	بس دیر سے پہنچی۔	Urdu (Standard)	South Asia	SACOR_10
Sports teach teamwork and discipline.	کھیل ٹیم ورک اور نظم و ضبط سکھاتے ہیں۔	Urdu (Standard)	South Asia	SACOR_06
Learning a new language requires practice.	نئی زبان سیکھنے کے لیے مشق کی ضرورت ہے۔	Urdu (Standard)	South Asia	SACOR_08
She received a scholarship to study medicine.	اسے طب کی تعلیم کے لیے اسکالرشپ ملی۔	Urdu (Standard)	South Asia	SACOR_02
Cooking together brings family members closer.	مل کر کھانا پکانا خاندان کے ممبروں کو قریب لاتا ہے۔	Urdu (Standard)	South Asia	SACOR_06
The teacher explained the lesson patiently.	استاد نے صبر سے سبق سمجھایا۔	Urdu (Standard)	South Asia	SACOR_07
The forest is home to many wild animals.	جنگل بہت سے جنگلی جانوروں کا گھر ہے۔	Urdu (Standard)	South Asia	SACOR_03
The wedding ceremony lasted three days.	شادی کی تقریب تین دن تک چلی۔	Urdu (Standard)	South Asia	SACOR_02
Smartphones have changed how people communicate.	اسمارٹ فونوں نے لوگوں کے رابطے کے طریقے کو تبدیل کر دیا ہے۔	Urdu (Standard)	South Asia	SACOR_01
The river flows peacefully through the valley.	دریا وادی میں پرامن طریقے سے بہتا ہے۔	Urdu (Standard)	South Asia	SACOR_01
Handicrafts showcase artistic traditions.	دستی کاریاں فنکارانہ روایات دکھاتی ہیں۔	Urdu (Standard)	South Asia	SACOR_01
Clear communication prevents misunderstandings.	صاف رابطہ غلط فہمیوں کو روکتا ہے۔	Urdu (Standard)	South Asia	SACOR_05
Parents sacrifice their own needs for children.	والدین بچوں کے لیے اپنی ضرورتیں قربان کرتے ہیں۔	Urdu (Standard)	South Asia	SACOR_08
I woke up early this morning.	میں آج صبح جلدی اٹھا۔	Urdu (Standard)	South Asia	SACOR_02
Farmers planted rice in the flooded fields.	کسانوں نے پانی والے کھیتوں میں چاول بوئے۔	Urdu (Standard)	South Asia	SACOR_10
Reading books improves vocabulary.	کتابیں پڑھنا ذخیرہ الفاظ بہتر بناتا ہے۔	Urdu (Standard)	South Asia	SACOR_05
Spices add flavor to traditional dishes.	مصالحے روایتی کھانوں میں ذائقہ بڑھاتے ہیں۔	Urdu (Standard)	South Asia	SACOR_01
Regular exercise helps maintain good health.	منظم ورزش اچھی صحت برقرار رکھنے میں مدد کرتی ہے۔	Urdu (Standard)	South Asia	SACOR_07
The internet connects people across continents.	انٹرنیٹ براعظموں میں لوگوں کو جوڑتا ہے۔	Urdu (Standard)	South Asia	SACOR_06
Students gathered in the library.	طلباء لائبریری میں جمع ہوئے۔	Urdu (Standard)	South Asia	SACOR_07
Tea is served to guests as a gesture of hospitality.	مہمانوں کو مہمان نوازی کی نشانی کے طور پر چائے پیش کی جاتی ہے۔	Urdu (Standard)	South Asia	SACOR_09
Education opens doors to opportunities.	تعلیم مواقع کے دروازے کھولتی ہے۔	Urdu (Standard)	South Asia	SACOR_06
Teachers shape young minds.	استاد نوجوان ذہنوں کو شکل دیتے ہیں۔	Urdu (Standard)	South Asia	SACOR_10
Children learn best when they are interested.	بچے بہترین سیکھتے ہیں جب وہ دلچسپی رکھتے ہیں۔	Urdu (Standard)	South Asia	SACOR_01
Online shopping has become popular.	آن لائن خریداری مقبول ہو گئی ہے۔	Urdu (Standard)	South Asia	SACOR_01
Family members support each other during difficult times.	خاندان کے ممبر مشکل وقتوں میں ایک دوسرے کی مدد کرتے ہیں۔	Urdu (Standard)	South Asia	SACOR_04
Agriculture remains the primary source of income.	زراعت آمدنی کا بنیادی ذریعہ رہتی ہے۔	Urdu (Standard)	South Asia	SACOR_08
People celebrate festivals with great joy.	لوگ بہت خوشی سے تہوار مناتے ہیں۔	Urdu (Standard)	South Asia	SACOR_01
Doctors work long hours to treat patients.	ڈاکٹر مریضوں کا علاج کرنے کے لیے لمبے گھنٹے کام کرتے ہیں۔	Urdu (Standard)	South Asia	SACOR_09
The school organized a science fair.	اسکول نے سائنس میلہ منظم کیا۔	Urdu (Standard)	South Asia	SACOR_07
The professor wrote equations on the blackboard.	پروفیسر نے تختے پر مساوات لکھیں۔	Urdu (Standard)	South Asia	SACOR_02
Pollution in cities has become a serious problem.	شہروں میں آلودگی ایک سنجیدہ مسئلہ بن گئی ہے۔	Urdu (Standard)	South Asia	SACOR_05
She cooked delicious biryani for the family.	اس نے خاندان کے لیے مزیدار بریانی پکائی۔	Urdu (Standard)	South Asia	SACOR_07
Eating fresh fruits provides essential vitamins.	تازہ پھل کھانا ضروری وٹامن فراہم کرتا ہے۔	Urdu (Standard)	South Asia	SACOR_04
The market was crowded with people.	بازار لوگوں سے بھرا ہوا تھا۔	Urdu (Standard)	South Asia	SACOR_10
People travel long distances to visit religious sites.	لوگ مذہبی مقامات دیکھنے کے لیے لمبی دوریاں طے کرتے ہیں۔	Urdu (Standard)	South Asia	SACOR_02
My grandmother told me stories.	میری دادی نے مجھے کہانیاں سنائیں۔	Urdu (Standard)	South Asia	SACOR_01
Birds were chirping in the trees.	پرندے درختوں میں چہچہا رہے تھے۔	Urdu (Standard)	South Asia	SACOR_03
Farmers wake up early to tend to crops.	کسان فصلوں کی دیکھ بھال کے لیے جلدی اٹھتے ہیں۔	Urdu (Standard)	South Asia	SACOR_08
Children were playing cricket in the street.	بچے سڑک پر کرکٹ کھیل رہے تھے۔	Urdu (Standard)	South Asia	SACOR_05
We decided to visit the old temple.	ہم نے پرانے مندر کا دورہ کرنے کا فیصلہ کیا۔	Urdu (Standard)	South Asia	SACOR_03
Respecting elders is an important value.	بزرگوں کا احترام ایک اہم قدر ہے۔	Urdu (Standard)	South Asia	SACOR_04
Doctors recommend drinking plenty of water.	ڈاکٹر زیادہ پانی پینے کی صلاح دیتے ہیں۔	Urdu (Standard)	South Asia	SACOR_08
Train journeys offer scenic views.	ریل کے سفر مناظر کے نظارے پیش کرتے ہیں۔	Urdu (Standard)	South Asia	SACOR_09
Traditional music is important for our heritage.	روایتی موسیقی ہماری وراثت کے لیے اہم ہے۔	Urdu (Standard)	South Asia	SACOR_04
Digital payments have made transactions faster.	ڈیجیٹل ادائیگیوں نے معاملات تیز کر دیے ہیں۔	Urdu (Standard)	South Asia	SACOR_08
Tourism brings revenue to regions with historical sites.	سیاحت تاریخی مقامات والے علاقوں میں آمدنی لاتی ہے۔	Urdu (Standard)	South Asia	SACOR_07
Cricket is a popular sport.	کرکٹ ایک مقبول کھیل ہے۔	Urdu (Standard)	South Asia	SACOR_03
My grandmother told me stories.	میری دادی نے مجھے کہانیاں سنائیں۔	Urdu (Standard)	South Asia	SACOR_04
Storytelling preserves culture and knowledge.	کہانی سنانا ثقافت اور علم کو محفوظ رکھتا ہے۔	Urdu (Standard)	South Asia	SACOR_02
Elderly people share wisdom and stories.	بزرگ لوگ حکمت اور کہانیاں بانٹتے ہیں۔	Urdu (Standard)	South Asia	SACOR_05
The internet connects people across continents.	انٹرنیٹ براعظموں میں لوگوں کو جوڑتا ہے۔	Urdu (Standard)	South Asia	SACOR_08
Birds were chirping in the trees.	پرندے درختوں میں چہچہا رہے تھے۔	Urdu (Standard)	South Asia	SACOR_01
Farmers planted rice in the flooded fields.	کسانوں نے پانی والے کھیتوں میں چاول بوئے۔	Urdu (Standard)	South Asia	SACOR_02
People travel long distances to visit religious sites.	لوگ مذہبی مقامات دیکھنے کے لیے لمبی دوریاں طے کرتے ہیں۔	Urdu (Standard)	South Asia	SACOR_03
Children learn best when they are interested.	بچے بہترین سیکھتے ہیں جب وہ دلچسپی رکھتے ہیں۔	Urdu (Standard)	South Asia	SACOR_07
The wedding ceremony lasted three days.	شادی کی تقریب تین دن تک چلی۔	Urdu (Standard)	South Asia	SACOR_01
Regular exercise helps maintain good health.	منظم ورزش اچھی صحت برقرار رکھنے میں مدد کرتی ہے۔	Urdu (Standard)	South Asia	SACOR_06
Learning a new language requires practice.	نئی زبان سیکھنے کے لیے مشق کی ضرورت ہے۔	Urdu (Standard)	South Asia	SACOR_07
The professor wrote equations on the blackboard.	پروفیسر نے تختے پر مساوات لکھیں۔	Urdu (Standard)	South Asia	SACOR_03
Pollution in cities has become a serious problem.	شہروں میں آلودگی ایک سنجیدہ مسئلہ بن گئی ہے۔	Urdu (Standard)	South Asia	SACOR_10
Respecting elders is an important value.	بزرگوں کا احترام ایک اہم قدر ہے۔	Urdu (Standard)	South Asia	SACOR_03
Farmers wake up early to tend to crops.	کسان فصلوں کی دیکھ بھال کے لیے جلدی اٹھتے ہیں۔	Urdu (Standard)	South Asia	SACOR_07
She walked slowly through the garden.	وہ باغ میں آہستہ آہستہ چلی۔	Urdu (Standard)	South Asia	SACOR_07
Tea is served to guests as a gesture of hospitality.	مہمانوں کو مہمان نوازی کی نشانی کے طور پر چائے پیش کی جاتی ہے۔	Urdu (Standard)	South Asia	SACOR_10
Spices add flavor to traditional dishes.	مصالحے روایتی کھانوں میں ذائقہ بڑھاتے ہیں۔	Urdu (Standard)	South Asia	SACOR_03
Education opens doors to opportunities.	تعلیم مواقع کے دروازے کھولتی ہے۔	Urdu (Standard)	South Asia	SACOR_04
Digital payments have made transactions faster.	ڈیجیٹل ادائیگیوں نے معاملات تیز کر دیے ہیں۔	Urdu (Standard)	South Asia	SACOR_07
The teacher explained the lesson patiently.	استاد نے صبر سے سبق سمجھایا۔	Urdu (Standard)	South Asia	SACOR_03
Family members support each other during difficult times.	خاندان کے ممبر مشکل وقتوں میں ایک دوسرے کی مدد کرتے ہیں۔	Urdu (Standard)	South Asia	SACOR_01
Agriculture remains the primary source of income.	زراعت آمدنی کا بنیادی ذریعہ رہتی ہے۔	Urdu (Standard)	South Asia	SACOR_02
After finishing his work, he sat down.	اپنا کام مکمل کرنے کے بعد، وہ بیٹھ گیا۔	Urdu (Standard)	South Asia	SACOR_04
Train journeys offer scenic views.	ریل کے سفر مناظر کے نظارے پیش کرتے ہیں۔	Urdu (Standard)	South Asia	SACOR_05
She cooked delicious biryani for the family.	اس نے خاندان کے لیے مزیدار بریانی پکائی۔	Urdu (Standard)	South Asia	SACOR_03
Tourism brings revenue to regions with historical sites.	سیاحت تاریخی مقامات والے علاقوں میں آمدنی لاتی ہے۔	Urdu (Standard)	South Asia	SACOR_02
Cricket is a popular sport.	کرکٹ ایک مقبول کھیل ہے۔	Urdu (Standard)	South Asia	SACOR_05
Traditional music is important for our heritage.	روایتی موسیقی ہماری وراثت کے لیے اہم ہے۔	Urdu (Standard)	South Asia	SACOR_09
Handicrafts showcase artistic traditions.	دستی کاریاں فنکارانہ روایات دکھاتی ہیں۔	Urdu (Standard)	South Asia	SACOR_08
Clear communication prevents misunderstandings.	صاف رابطہ غلط فہمیوں کو روکتا ہے۔	Urdu (Standard)	South Asia	SACOR_07
Students gathered in the library.	طلباء لائبریری میں جمع ہوئے۔	Urdu (Standard)	South Asia	SACOR_04
She received a scholarship to study medicine.	اسے طب کی تعلیم کے لیے اسکالرشپ ملی۔	Urdu (Standard)	South Asia	SACOR_01
People celebrate festivals with great joy.	لوگ بہت خوشی سے تہوار مناتے ہیں۔	Urdu (Standard)	South Asia	SACOR_03
Doctors work long hours to treat patients.	ڈاکٹر مریضوں کا علاج کرنے کے لیے لمبے گھنٹے کام کرتے ہیں۔	Urdu (Standard)	South Asia	SACOR_10
The forest is home to many wild animals.	جنگل بہت سے جنگلی جانوروں کا گھر ہے۔	Urdu (Standard)	South Asia	SACOR_09
Parents sacrifice their own needs for children.	والدین بچوں کے لیے اپنی ضرورتیں قربان کرتے ہیں۔	Urdu (Standard)	South Asia	SACOR_07
Doctors recommend drinking plenty of water.	ڈاکٹر زیادہ پانی پینے کی صلاح دیتے ہیں۔	Urdu (Standard)	South Asia	SACOR_03
Small businesses create employment opportunities.	چھوٹے کاروبار روزگار کے مواقع پیدا کرتے ہیں۔	Urdu (Standard)	South Asia	SACOR_09
Smartphones have changed how people communicate.	اسمارٹ فونوں نے لوگوں کے رابطے کے طریقے کو تبدیل کر دیا ہے۔	Urdu (Standard)	South Asia	SACOR_02
Eating fresh fruits provides essential vitamins.	تازہ پھل کھانا ضروری وٹامن فراہم کرتا ہے۔	Urdu (Standard)	South Asia	SACOR_02
The market was crowded with people.	بازار لوگوں سے بھرا ہوا تھا۔	Urdu (Standard)	South Asia	SACOR_09
The school organized a science fair.	اسکول نے سائنس میلہ منظم کیا۔	Urdu (Standard)	South Asia	SACOR_01
Sports teach teamwork and discipline.	کھیل ٹیم ورک اور نظم و ضبط سکھاتے ہیں۔	Urdu (Standard)	South Asia	SACOR_04
The river flows peacefully through the valley.	دریا وادی میں پرامن طریقے سے بہتا ہے۔	Urdu (Standard)	South Asia	SACOR_02
Children were playing cricket in the street.	بچے سڑک پر کرکٹ کھیل رہے تھے۔	Urdu (Standard)	South Asia	SACOR_10
The bus arrived late.	بس دیر سے پہنچی۔	Urdu (Standard)	South Asia	SACOR_07
Reading books improves vocabulary.	کتابیں پڑھنا ذخیرہ الفاظ بہتر بناتا ہے۔	Urdu (Standard)	South Asia	SACOR_09
I woke up early this morning.	میں آج صبح جلدی اٹھا۔	Urdu (Standard)	South Asia	SACOR_09
Teachers shape young minds.	استاد نوجوان ذہنوں کو شکل دیتے ہیں۔	Urdu (Standard)	South Asia	SACOR_06
Online shopping has become popular.	آن لائن خریداری مقبول ہو گئی ہے۔	Urdu (Standard)	South Asia	SACOR_04
We decided to visit the old temple.	ہم نے پرانے مندر کا دورہ کرنے کا فیصلہ کیا۔	Urdu (Standard)	South Asia	SACOR_06
Cooking together brings family members closer.	مل کر کھانا پکانا خاندان کے ممبروں کو قریب لاتا ہے۔	Urdu (Standard)	South Asia	SACOR_10
The school organized a science fair.	اسکول نے سائنس میلہ منظم کیا۔	Urdu (Standard)	South Asia	SACOR_02
Parents sacrifice their own needs for children.	والدین بچوں کے لیے اپنی ضرورتیں قربان کرتے ہیں۔	Urdu (Standard)	South Asia	SACOR_04
Sports teach teamwork and discipline.	کھیل ٹیم ورک اور نظم و ضبط سکھاتے ہیں۔	Urdu (Standard)	South Asia	SACOR_06
Small businesses create employment opportunities.	چھوٹے کاروبار روزگار کے مواقع پیدا کرتے ہیں۔	Urdu (Standard)	South Asia	SACOR_09
I woke up early this morning.	میں آج صبح جلدی اٹھا۔	Urdu (Standard)	South Asia	SACOR_03
Teachers shape young minds.	استاد نوجوان ذہنوں کو شکل دیتے ہیں۔	Urdu (Standard)	South Asia	SACOR_07
Storytelling preserves culture and knowledge.	کہانی سنانا ثقافت اور علم کو محفوظ رکھتا ہے۔	Urdu (Standard)	South Asia	SACOR_04
The forest is home to many wild animals.	جنگل بہت سے جنگلی جانوروں کا گھر ہے۔	Urdu (Standard)	South Asia	SACOR_08
She received a scholarship to study medicine.	اسے طب کی تعلیم کے لیے اسکالرشپ ملی۔	Urdu (Standard)	South Asia	SACOR_05
Digital payments have made transactions faster.	ڈیجیٹل ادائیگیوں نے معاملات تیز کر دیے ہیں۔	Urdu (Standard)	South Asia	SACOR_08
Education opens doors to opportunities.	تعلیم مواقع کے دروازے کھولتی ہے۔	Urdu (Standard)	South Asia	SACOR_09
Children learn best when they are interested.	بچے بہترین سیکھتے ہیں جب وہ دلچسپی رکھتے ہیں۔	Urdu (Standard)	South Asia	SACOR_09
Agriculture remains the primary source of income.	زراعت آمدنی کا بنیادی ذریعہ رہتی ہے۔	Urdu (Standard)	South Asia	SACOR_09
Train journeys offer scenic views.	ریل کے سفر مناظر کے نظارے پیش کرتے ہیں۔	Urdu (Standard)	South Asia	SACOR_03
Smartphones have changed how people communicate.	اسمارٹ فونوں نے لوگوں کے رابطے کے طریقے کو تبدیل کر دیا ہے۔	Urdu (Standard)	South Asia	SACOR_05
Cricket is a popular sport.	کرکٹ ایک مقبول کھیل ہے۔	Urdu (Standard)	South Asia	SACOR_06
People travel long distances to visit religious sites.	لوگ مذہبی مقامات دیکھنے کے لیے لمبی دوریاں طے کرتے ہیں۔	Urdu (Standard)	South Asia	SACOR_10
My grandmother told me stories.	میری دادی نے مجھے کہانیاں سنائیں۔	Urdu (Standard)	South Asia	SACOR_02
Tourism brings revenue to regions with historical sites.	سیاحت تاریخی مقامات والے علاقوں میں آمدنی لاتی ہے۔	Urdu (Standard)	South Asia	SACOR_10
Doctors recommend drinking plenty of water.	ڈاکٹر زیادہ پانی پینے کی صلاح دیتے ہیں۔	Urdu (Standard)	South Asia	SACOR_09
Farmers planted rice in the flooded fields.	کسانوں نے پانی والے کھیتوں میں چاول بوئے۔	Urdu (Standard)	South Asia	SACOR_08
Doctors work long hours to treat patients.	ڈاکٹر مریضوں کا علاج کرنے کے لیے لمبے گھنٹے کام کرتے ہیں۔	Urdu (Standard)	South Asia	SACOR_09
The river flows peacefully through the valley.	دریا وادی میں پرامن طریقے سے بہتا ہے۔	Urdu (Standard)	South Asia	SACOR_02
Tea is served to guests as a gesture of hospitality.	مہمانوں کو مہمان نوازی کی نشانی کے طور پر چائے پیش کی جاتی ہے۔	Urdu (Standard)	South Asia	SACOR_04
Pollution in cities has become a serious problem.	شہروں میں آلودگی ایک سنجیدہ مسئلہ بن گئی ہے۔	Urdu (Standard)	South Asia	SACOR_04
Farmers wake up early to tend to crops.	کسان فصلوں کی دیکھ بھال کے لیے جلدی اٹھتے ہیں۔	Urdu (Standard)	South Asia	SACOR_10
The bus arrived late.	بس دیر سے پہنچی۔	Urdu (Standard)	South Asia	SACOR_02
Elderly people share wisdom and stories.	بزرگ لوگ حکمت اور کہانیاں بانٹتے ہیں۔	Urdu (Standard)	South Asia	SACOR_08
Family members support each other during difficult times.	خاندان کے ممبر مشکل وقتوں میں ایک دوسرے کی مدد کرتے ہیں۔	Urdu (Standard)	South Asia	SACOR_03
After finishing his work, he sat down.	اپنا کام مکمل کرنے کے بعد، وہ بیٹھ گیا۔	Urdu (Standard)	South Asia	SACOR_04
She cooked delicious biryani for the family.	اس نے خاندان کے لیے مزیدار بریانی پکائی۔	Urdu (Standard)	South Asia	SACOR_03
Respecting elders is an important value.	بزرگوں کا احترام ایک اہم قدر ہے۔	Urdu (Standard)	South Asia	SACOR_09
People celebrate festivals with great joy.	لوگ بہت خوشی سے تہوار مناتے ہیں۔	Urdu (Standard)	South Asia	SACOR_09
The teacher explained the lesson patiently.	استاد نے صبر سے سبق سمجھایا۔	Urdu (Standard)	South Asia	SACOR_03
Reading books improves vocabulary.	کتابیں پڑھنا ذخیرہ الفاظ بہتر بناتا ہے۔	Urdu (Standard)	South Asia	SACOR_04
She walked slowly through the garden.	وہ باغ میں آہستہ آہستہ چلی۔	Urdu (Standard)	South Asia	SACOR_10
The wedding ceremony lasted three days.	شادی کی تقریب تین دن تک چلی۔	Urdu (Standard)	South Asia	SACOR_03
Spices add flavor to traditional dishes.	مصالحے روایتی کھانوں میں ذائقہ بڑھاتے ہیں۔	Urdu (Standard)	South Asia	SACOR_08
Students gathered in the library.	طلباء لائبریری میں جمع ہوئے۔	Urdu (Standard)	South Asia	SACOR_06
Learning a new language requires practice.	نئی زبان سیکھنے کے لیے مشق کی ضرورت ہے۔	Urdu (Standard)	South Asia	SACOR_05
Eating fresh fruits provides essential vitamins.	تازہ پھل کھانا ضروری وٹامن فراہم کرتا ہے۔	Urdu (Standard)	South Asia	SACOR_02
Regular exercise helps maintain good health.	منظم ورزش اچھی صحت برقرار رکھنے میں مدد کرتی ہے۔	Urdu (Standard)	South Asia	SACOR_04
Children were playing cricket in the street.	بچے سڑک پر کرکٹ کھیل رہے تھے۔	Urdu (Standard)	South Asia	SACOR_09
Online shopping has become popular.	آن لائن خریداری مقبول ہو گئی ہے۔	Urdu (Standard)	South Asia	SACOR_08
Traditional music is important for our heritage.	روایتی موسیقی ہماری وراثت کے لیے اہم ہے۔	Urdu (Standard)	South Asia	SACOR_01
We decided to visit the old temple.	ہم نے پرانے مندر کا دورہ کرنے کا فیصلہ کیا۔	Urdu (Standard)	South Asia	SACOR_06
Cooking together brings family members closer.	مل کر کھانا پکانا خاندان کے ممبروں کو قریب لاتا ہے۔	Urdu (Standard)	South Asia	SACOR_06
Birds were chirping in the trees.	پرندے درختوں میں چہچہا رہے تھے۔	Urdu (Standard)	South Asia	SACOR_05
The internet connects people across continents.	انٹرنیٹ براعظموں میں لوگوں کو جوڑتا ہے۔	Urdu (Standard)	South Asia	SACOR_05
The professor wrote equations on the blackboard.	پروفیسر نے تختے پر مساوات لکھیں۔	Urdu (Standard)	South Asia	SACOR_01
Handicrafts showcase artistic traditions.	دستی کاریاں فنکارانہ روایات دکھاتی ہیں۔	Urdu (Standard)	South Asia	SACOR_06
The market was crowded with people.	بازار لوگوں سے بھرا ہوا تھا۔	Urdu (Standard)	South Asia	SACOR_05
Clear communication prevents misunderstandings.	صاف رابطہ غلط فہمیوں کو روکتا ہے۔	Urdu (Standard)	South Asia	SACOR_08
My grandmother told me stories.	میری دادی نے مجھے کہانیاں سنائیں۔	Urdu (Standard)	South Asia	SACOR_06
Children were playing cricket in the street.	بچے سڑک پر کرکٹ کھیل رہے تھے۔	Urdu (Standard)	South Asia	SACOR_06
Smartphones have changed how people communicate.	اسمارٹ فونوں نے لوگوں کے رابطے کے طریقے کو تبدیل کر دیا ہے۔	Urdu (Standard)	South Asia	SACOR_04
Agriculture remains the primary source of income.	زراعت آمدنی کا بنیادی ذریعہ رہتی ہے۔	Urdu (Standard)	South Asia	SACOR_03
Doctors recommend drinking plenty of water.	ڈاکٹر زیادہ پانی پینے کی صلاح دیتے ہیں۔	Urdu (Standard)	South Asia	SACOR_05
The market was crowded with people.	بازار لوگوں سے بھرا ہوا تھا۔	Urdu (Standard)	South Asia	SACOR_02
Students gathered in the library.	طلباء لائبریری میں جمع ہوئے۔	Urdu (Standard)	South Asia	SACOR_04
Tourism brings revenue to regions with historical sites.	سیاحت تاریخی مقامات والے علاقوں میں آمدنی لاتی ہے۔	Urdu (Standard)	South Asia	SACOR_07
Respecting elders is an important value.	بزرگوں کا احترام ایک اہم قدر ہے۔	Urdu (Standard)	South Asia	SACOR_10
The wedding ceremony lasted three days.	شادی کی تقریب تین دن تک چلی۔	Urdu (Standard)	South Asia	SACOR_01
Reading books improves vocabulary.	کتابیں پڑھنا ذخیرہ الفاظ بہتر بناتا ہے۔	Urdu (Standard)	South Asia	SACOR_08
Parents sacrifice their own needs for children.	والدین بچوں کے لیے اپنی ضرورتیں قربان کرتے ہیں۔	Urdu (Standard)	South Asia	SACOR_01
Digital payments have made transactions faster.	ڈیجیٹل ادائیگیوں نے معاملات تیز کر دیے ہیں۔	Urdu (Standard)	South Asia	SACOR_03
The school organized a science fair.	اسکول نے سائنس میلہ منظم کیا۔	Urdu (Standard)	South Asia	SACOR_05
The professor wrote equations on the blackboard.	پروفیسر نے تختے پر مساوات لکھیں۔	Urdu (Standard)	South Asia	SACOR_10
Learning a new language requires practice.	نئی زبان سیکھنے کے لیے مشق کی ضرورت ہے۔	Urdu (Standard)	South Asia	SACOR_10
Online shopping has become popular.	آن لائن خریداری مقبول ہو گئی ہے۔	Urdu (Standard)	South Asia	SACOR_02
Doctors work long hours to treat patients.	ڈاکٹر مریضوں کا علاج کرنے کے لیے لمبے گھنٹے کام کرتے ہیں۔	Urdu (Standard)	South Asia	SACOR_05
The internet connects people across continents.	انٹرنیٹ براعظموں میں لوگوں کو جوڑتا ہے۔	Urdu (Standard)	South Asia	SACOR_02
Family members support each other during difficult times.	خاندان کے ممبر مشکل وقتوں میں ایک دوسرے کی مدد کرتے ہیں۔	Urdu (Standard)	South Asia	SACOR_01
Eating fresh fruits provides essential vitamins.	تازہ پھل کھانا ضروری وٹامن فراہم کرتا ہے۔	Urdu (Standard)	South Asia	SACOR_08
The teacher explained the lesson patiently.	استاد نے صبر سے سبق سمجھایا۔	Urdu (Standard)	South Asia	SACOR_02
She received a scholarship to study medicine.	اسے طب کی تعلیم کے لیے اسکالرشپ ملی۔	Urdu (Standard)	South Asia	SACOR_08
Cricket is a popular sport.	کرکٹ ایک مقبول کھیل ہے۔	Urdu (Standard)	South Asia	SACOR_09
Elderly people share wisdom and stories.	بزرگ لوگ حکمت اور کہانیاں بانٹتے ہیں۔	Urdu (Standard)	South Asia	SACOR_08
Teachers shape young minds.	استاد نوجوان ذہنوں کو شکل دیتے ہیں۔	Urdu (Standard)	South Asia	SACOR_09
People celebrate festivals with great joy.	لوگ بہت خوشی سے تہوار مناتے ہیں۔	Urdu (Standard)	South Asia	SACOR_10
Farmers planted rice in the flooded fields.	کسانوں نے پانی والے کھیتوں میں چاول بوئے۔	Urdu (Standard)	South Asia	SACOR_07
The river flows peacefully through the valley.	دریا وادی میں پرامن طریقے سے بہتا ہے۔	Urdu (Standard)	South Asia	SACOR_08
Spices add flavor to traditional dishes.	مصالحے روایتی کھانوں میں ذائقہ بڑھاتے ہیں۔	Urdu (Standard)	South Asia	SACOR_06
Birds were chirping in the trees.	پرندے درختوں میں چہچہا رہے تھے۔	Urdu (Standard)	South Asia	SACOR_04
Education opens doors to opportunities.	تعلیم مواقع کے دروازے کھولتی ہے۔	Urdu (Standard)	South Asia	SACOR_07
Storytelling preserves culture and knowledge.	کہانی سنانا ثقافت اور علم کو محفوظ رکھتا ہے۔	Urdu (Standard)	South Asia	SACOR_01
Tea is served to guests as a gesture of hospitality.	مہمانوں کو مہمان نوازی کی نشانی کے طور پر چائے پیش کی جاتی ہے۔	Urdu (Standard)	South Asia	SACOR_01
She cooked delicious biryani for the family.	اس نے خاندان کے لیے مزیدار بریانی پکائی۔	Urdu (Standard)	South Asia	SACOR_05
The bus arrived late.	بس دیر سے پہنچی۔	Urdu (Standard)	South Asia	SACOR_06
Handicrafts showcase artistic traditions.	دستی کاریاں فنکارانہ روایات دکھاتی ہیں۔	Urdu (Standard)	South Asia	SACOR_05
I woke up early this morning.	میں آج صبح جلدی اٹھا۔	Urdu (Standard)	South Asia	SACOR_06
Farmers wake up early to tend to crops.	کسان فصلوں کی دیکھ بھال کے لیے جلدی اٹھتے ہیں۔	Urdu (Standard)	South Asia	SACOR_08
Children learn best when they are interested.	بچے بہترین سیکھتے ہیں جب وہ دلچسپی رکھتے ہیں۔	Urdu (Standard)	South Asia	SACOR_10
Pollution in cities has become a serious problem.	شہروں میں آلودگی ایک سنجیدہ مسئلہ بن گئی ہے۔	Urdu (Standard)	South Asia	SACOR_05
Train journeys offer scenic views.	ریل کے سفر مناظر کے نظارے پیش کرتے ہیں۔	Urdu (Standard)	South Asia	SACOR_03
Sports teach teamwork and discipline.	کھیل ٹیم ورک اور نظم و ضبط سکھاتے ہیں۔	Urdu (Standard)	South Asia	SACOR_08
Traditional music is important for our heritage.	روایتی موسیقی ہماری وراثت کے لیے اہم ہے۔	Urdu (Standard)	South Asia	SACOR_06
After finishing his work, he sat down.	اپنا کام مکمل کرنے کے بعد، وہ بیٹھ گیا۔	Urdu (Standard)	South Asia	SACOR_04
Regular exercise helps maintain good health.	منظم ورزش اچھی صحت برقرار رکھنے میں مدد کرتی ہے۔	Urdu (Standard)	South Asia	SACOR_08
We decided to visit the old temple.	ہم نے پرانے مندر کا دورہ کرنے کا فیصلہ کیا۔	Urdu (Standard)	South Asia	SACOR_04
Small businesses create employment opportunities.	چھوٹے کاروبار روزگار کے مواقع پیدا کرتے ہیں۔	Urdu (Standard)	South Asia	SACOR_08
The forest is home to many wild animals.	جنگل بہت سے جنگلی جانوروں کا گھر ہے۔	Urdu (Standard)	South Asia	SACOR_04
People travel long distances to visit religious sites.	لوگ مذہبی مقامات دیکھنے کے لیے لمبی دوریاں طے کرتے ہیں۔	Urdu (Standard)	South Asia	SACOR_03
Clear communication prevents misunderstandings.	صاف رابطہ غلط فہمیوں کو روکتا ہے۔	Urdu (Standard)	South Asia	SACOR_07
Cooking together brings family members closer.	مل کر کھانا پکانا خاندان کے ممبروں کو قریب لاتا ہے۔	Urdu (Standard)	South Asia	SACOR_10
She walked slowly through the garden.	وہ باغ میں آہستہ آہستہ چلی۔	Urdu (Standard)	South Asia	SACOR_06
She walked slowly through the garden.	وہ باغ میں آہستہ آہستہ چلی۔	Urdu (Standard)	South Asia	SACOR_04
The forest is home to many wild animals.	جنگل بہت سے جنگلی جانوروں کا گھر ہے۔	Urdu (Standard)	South Asia	SACOR_08
Cricket is a popular sport.	کرکٹ ایک مقبول کھیل ہے۔	Urdu (Standard)	South Asia	SACOR_03
Tourism brings revenue to regions with historical sites.	سیاحت تاریخی مقامات والے علاقوں میں آمدنی لاتی ہے۔	Urdu (Standard)	South Asia	SACOR_05
Eating fresh fruits provides essential vitamins.	تازہ پھل کھانا ضروری وٹامن فراہم کرتا ہے۔	Urdu (Standard)	South Asia	SACOR_05
Children learn best when they are interested.	بچے بہترین سیکھتے ہیں جب وہ دلچسپی رکھتے ہیں۔	Urdu (Standard)	South Asia	SACOR_05
Teachers shape young minds.	استاد نوجوان ذہنوں کو شکل دیتے ہیں۔	Urdu (Standard)	South Asia	SACOR_10
Students gathered in the library.	طلباء لائبریری میں جمع ہوئے۔	Urdu (Standard)	South Asia	SACOR_08
Elderly people share wisdom and stories.	بزرگ لوگ حکمت اور کہانیاں بانٹتے ہیں۔	Urdu (Standard)	South Asia	SACOR_02
The teacher explained the lesson patiently.	استاد نے صبر سے سبق سمجھایا۔	Urdu (Standard)	South Asia	SACOR_03
The internet connects people across continents.	انٹرنیٹ براعظموں میں لوگوں کو جوڑتا ہے۔	Urdu (Standard)	South Asia	SACOR_03
Regular exercise helps maintain good health.	منظم ورزش اچھی صحت برقرار رکھنے میں مدد کرتی ہے۔	Urdu (Standard)	South Asia	SACOR_07
People travel long distances to visit religious sites.	لوگ مذہبی مقامات دیکھنے کے لیے لمبی دوریاں طے کرتے ہیں۔	Urdu (Standard)	South Asia	SACOR_10
The river flows peacefully through the valley.	دریا وادی میں پرامن طریقے سے بہتا ہے۔	Urdu (Standard)	South Asia	SACOR_06
I woke up early this morning.	میں آج صبح جلدی اٹھا۔	Urdu (Standard)	South Asia	SACOR_02
People celebrate festivals with great joy.	لوگ بہت خوشی سے تہوار مناتے ہیں۔	Urdu (Standard)	South Asia	SACOR_05
After finishing his work, he sat down.	اپنا کام مکمل کرنے کے بعد، وہ بیٹھ گیا۔	Urdu (Standard)	South Asia	SACOR_04
Reading books improves vocabulary.	کتابیں پڑھنا ذخیرہ الفاظ بہتر بناتا ہے۔	Urdu (Standard)	South Asia	SACOR_07
She received a scholarship to study medicine.	اسے طب کی تعلیم کے لیے اسکالرشپ ملی۔	Urdu (Standard)	South Asia	SACOR_10
Pollution in cities has become a serious problem.	شہروں میں آلودگی ایک سنجیدہ مسئلہ بن گئی ہے۔	Urdu (Standard)	South Asia	SACOR_03
Handicrafts showcase artistic traditions.	دستی کاریاں فنکارانہ روایات دکھاتی ہیں۔	Urdu (Standard)	South Asia	SACOR_01
Small businesses create employment opportunities.	چھوٹے کاروبار روزگار کے مواقع پیدا کرتے ہیں۔	Urdu (Standard)	South Asia	SACOR_01
The market was crowded with people.	بازار لوگوں سے بھرا ہوا تھا۔	Urdu (Standard)	South Asia	SACOR_10
We decided to visit the old temple.	ہم نے پرانے مندر کا دورہ کرنے کا فیصلہ کیا۔	Urdu (Standard)	South Asia	SACOR_02
Sports teach teamwork and discipline.	کھیل ٹیم ورک اور نظم و ضبط سکھاتے ہیں۔	Urdu (Standard)	South Asia	SACOR_03
Online shopping has become popular.	آن لائن خریداری مقبول ہو گئی ہے۔	Urdu (Standard)	South Asia	SACOR_06
Spices add flavor to traditional dishes.	مصالحے روایتی کھانوں میں ذائقہ بڑھاتے ہیں۔	Urdu (Standard)	South Asia	SACOR_09
The bus arrived late.	بس دیر سے پہنچی۔	Urdu (Standard)	South Asia	SACOR_06
Children were playing cricket in the street.	بچے سڑک پر کرکٹ کھیل رہے تھے۔	Urdu (Standard)	South Asia	SACOR_04
Farmers wake up early to tend to crops.	کسان فصلوں کی دیکھ بھال کے لیے جلدی اٹھتے ہیں۔	Urdu (Standard)	South Asia	SACOR_05
Cooking together brings family members closer.	مل کر کھانا پکانا خاندان کے ممبروں کو قریب لاتا ہے۔	Urdu (Standard)	South Asia	SACOR_01
Respecting elders is an important value.	بزرگوں کا احترام ایک اہم قدر ہے۔	Urdu (Standard)	South Asia	SACOR_03
Clear communication prevents misunderstandings.	صاف رابطہ غلط فہمیوں کو روکتا ہے۔	Urdu (Standard)	South Asia	SACOR_10
Parents sacrifice their own needs for children.	والدین بچوں کے لیے اپنی ضرورتیں قربان کرتے ہیں۔	Urdu (Standard)	South Asia	SACOR_08
Farmers planted rice in the flooded fields.	کسانوں نے پانی والے کھیتوں میں چاول بوئے۔	Urdu (Standard)	South Asia	SACOR_01
The wedding ceremony lasted three days.	شادی کی تقریب تین دن تک چلی۔	Urdu (Standard)	South Asia	SACOR_09
Education opens doors to opportunities.	تعلیم مواقع کے دروازے کھولتی ہے۔	Urdu (Standard)	South Asia	SACOR_10
The professor wrote equations on the blackboard.	پروفیسر نے تختے پر مساوات لکھیں۔	Urdu (Standard)	South Asia	SACOR_06
The school organized a science fair.	اسکول نے سائنس میلہ منظم کیا۔	Urdu (Standard)	South Asia	SACOR_04
My grandmother told me stories.	میری دادی نے مجھے کہانیاں سنائیں۔	Urdu (Standard)	South Asia	SACOR_09
Storytelling preserves culture and knowledge.	کہانی سنانا ثقافت اور علم کو محفوظ رکھتا ہے۔	Urdu (Standard)	South Asia	SACOR_10
Family members support each other during difficult times.	خاندان کے ممبر مشکل وقتوں میں ایک دوسرے کی مدد کرتے ہیں۔	Urdu (Standard)	South Asia	SACOR_08
Smartphones have changed how people communicate.	اسمارٹ فونوں نے لوگوں کے رابطے کے طریقے کو تبدیل کر دیا ہے۔	Urdu (Standard)	South Asia	SACOR_01
She cooked delicious biryani for the family.	اس نے خاندان کے لیے مزیدار بریانی پکائی۔	Urdu (Standard)	South Asia	SACOR_07
Agriculture remains the primary source of income.	زراعت آمدنی کا بنیادی ذریعہ رہتی ہے۔	Urdu (Standard)	South Asia	SACOR_05
Doctors work long hours to treat patients.	ڈاکٹر مریضوں کا علاج کرنے کے لیے لمبے گھنٹے کام کرتے ہیں۔	Urdu (Standard)	South Asia	SACOR_01
Tea is served to guests as a gesture of hospitality.	مہمانوں کو مہمان نوازی کی نشانی کے طور پر چائے پیش کی جاتی ہے۔	Urdu (Standard)	South Asia	SACOR_02
Digital payments have made transactions faster.	ڈیجیٹل ادائیگیوں نے معاملات تیز کر دیے ہیں۔	Urdu (Standard)	South Asia	SACOR_04
Birds were chirping in the trees.	پرندے درختوں میں چہچہا رہے تھے۔	Urdu (Standard)	South Asia	SACOR_08
Train journeys offer scenic views.	ریل کے سفر مناظر کے نظارے پیش کرتے ہیں۔	Urdu (Standard)	South Asia	SACOR_05
Doctors recommend drinking plenty of water.	ڈاکٹر زیادہ پانی پینے کی صلاح دیتے ہیں۔	Urdu (Standard)	South Asia	SACOR_09
Learning a new language requires practice.	نئی زبان سیکھنے کے لیے مشق کی ضرورت ہے۔	Urdu (Standard)	South Asia	SACOR_10
Traditional music is important for our heritage.	روایتی موسیقی ہماری وراثت کے لیے اہم ہے۔	Urdu (Standard)	South Asia	SACOR_07
After finishing his work, he sat down.	اپنا کام مکمل کرنے کے بعد، وہ بیٹھ گیا۔	Urdu (Standard)	South Asia	SACOR_08
She cooked delicious biryani for the family.	اس نے خاندان کے لیے مزیدار بریانی پکائی۔	Urdu (Standard)	South Asia	SACOR_09
She walked slowly through the garden.	وہ باغ میں آہستہ آہستہ چلی۔	Urdu (Standard)	South Asia	SACOR_03
Reading books improves vocabulary.	کتابیں پڑھنا ذخیرہ الفاظ بہتر بناتا ہے۔	Urdu (Standard)	South Asia	SACOR_07
Sports teach teamwork and discipline.	کھیل ٹیم ورک اور نظم و ضبط سکھاتے ہیں۔	Urdu (Standard)	South Asia	SACOR_04
Education opens doors to opportunities.	تعلیم مواقع کے دروازے کھولتی ہے۔	Urdu (Standard)	South Asia	SACOR_08
Teachers shape young minds.	استاد نوجوان ذہنوں کو شکل دیتے ہیں۔	Urdu (Standard)	South Asia	SACOR_07
People travel long distances to visit religious sites.	لوگ مذہبی مقامات دیکھنے کے لیے لمبی دوریاں طے کرتے ہیں۔	Urdu (Standard)	South Asia	SACOR_10
Doctors recommend drinking plenty of water.	ڈاکٹر زیادہ پانی پینے کی صلاح دیتے ہیں۔	Urdu (Standard)	South Asia	SACOR_03
Elderly people share wisdom and stories.	بزرگ لوگ حکمت اور کہانیاں بانٹتے ہیں۔	Urdu (Standard)	South Asia	SACOR_05
Online shopping has become popular.	آن لائن خریداری مقبول ہو گئی ہے۔	Urdu (Standard)	South Asia	SACOR_07
Respecting elders is an important value.	بزرگوں کا احترام ایک اہم قدر ہے۔	Urdu (Standard)	South Asia	SACOR_02
Spices add flavor to traditional dishes.	مصالحے روایتی کھانوں میں ذائقہ بڑھاتے ہیں۔	Urdu (Standard)	South Asia	SACOR_01
Cricket is a popular sport.	کرکٹ ایک مقبول کھیل ہے۔	Urdu (Standard)	South Asia	SACOR_06
The school organized a science fair.	اسکول نے سائنس میلہ منظم کیا۔	Urdu (Standard)	South Asia	SACOR_10
The river flows peacefully through the valley.	دریا وادی میں پرامن طریقے سے بہتا ہے۔	Urdu (Standard)	South Asia	SACOR_10
Parents sacrifice their own needs for children.	والدین بچوں کے لیے اپنی ضرورتیں قربان کرتے ہیں۔	Urdu (Standard)	South Asia	SACOR_04
Small businesses create employment opportunities.	چھوٹے کاروبار روزگار کے مواقع پیدا کرتے ہیں۔	Urdu (Standard)	South Asia	SACOR_02
Students gathered in the library.	طلباء لائبریری میں جمع ہوئے۔	Urdu (Standard)	South Asia	SACOR_09
My grandmother told me stories.	میری دادی نے مجھے کہانیاں سنائیں۔	Urdu (Standard)	South Asia	SACOR_01
Pollution in cities has become a serious problem.	شہروں میں آلودگی ایک سنجیدہ مسئلہ بن گئی ہے۔	Urdu (Standard)	South Asia	SACOR_05
The market was crowded with people.	بازار لوگوں سے بھرا ہوا تھا۔	Urdu (Standard)	South Asia	SACOR_05
Farmers wake up early to tend to crops.	کسان فصلوں کی دیکھ بھال کے لیے جلدی اٹھتے ہیں۔	Urdu (Standard)	South Asia	SACOR_08
Eating fresh fruits provides essential vitamins.	تازہ پھل کھانا ضروری وٹامن فراہم کرتا ہے۔	Urdu (Standard)	South Asia	SACOR_10
I woke up early this morning.	میں آج صبح جلدی اٹھا۔	Urdu (Standard)	South Asia	SACOR_05
Regular exercise helps maintain good health.	منظم ورزش اچھی صحت برقرار رکھنے میں مدد کرتی ہے۔	Urdu (Standard)	South Asia	SACOR_01
Smartphones have changed how people communicate.	اسمارٹ فونوں نے لوگوں کے رابطے کے طریقے کو تبدیل کر دیا ہے۔	Urdu (Standard)	South Asia	SACOR_06
The forest is home to many wild animals.	جنگل بہت سے جنگلی جانوروں کا گھر ہے۔	Urdu (Standard)	South Asia	SACOR_01
We decided to visit the old temple.	ہم نے پرانے مندر کا دورہ کرنے کا فیصلہ کیا۔	Urdu (Standard)	South Asia	SACOR_06
The wedding ceremony lasted three days.	شادی کی تقریب تین دن تک چلی۔	Urdu (Standard)	South Asia	SACOR_02
Children were playing cricket in the street.	بچے سڑک پر کرکٹ کھیل رہے تھے۔	Urdu (Standard)	South Asia	SACOR_06
People celebrate festivals with great joy.	لوگ بہت خوشی سے تہوار مناتے ہیں۔	Urdu (Standard)	South Asia	SACOR_10
The bus arrived late.	بس دیر سے پہنچی۔	Urdu (Standard)	South Asia	SACOR_05
Tourism brings revenue to regions with historical sites.	سیاحت تاریخی مقامات والے علاقوں میں آمدنی لاتی ہے۔	Urdu (Standard)	South Asia	SACOR_10
Digital payments have made transactions faster.	ڈیجیٹل ادائیگیوں نے معاملات تیز کر دیے ہیں۔	Urdu (Standard)	South Asia	SACOR_01
Tea is served to guests as a gesture of hospitality.	مہمانوں کو مہمان نوازی کی نشانی کے طور پر چائے پیش کی جاتی ہے۔	Urdu (Standard)	South Asia	SACOR_07
Train journeys offer scenic views.	ریل کے سفر مناظر کے نظارے پیش کرتے ہیں۔	Urdu (Standard)	South Asia	SACOR_01
Farmers planted rice in the flooded fields.	کسانوں نے پانی والے کھیتوں میں چاول بوئے۔	Urdu (Standard)	South Asia	SACOR_04
The internet connects people across continents.	انٹرنیٹ براعظموں میں لوگوں کو جوڑتا ہے۔	Urdu (Standard)	South Asia	SACOR_06
Storytelling preserves culture and knowledge.	کہانی سنانا ثقافت اور علم کو محفوظ رکھتا ہے۔	Urdu (Standard)	South Asia	SACOR_07
She received a scholarship to study medicine.	اسے طب کی تعلیم کے لیے اسکالرشپ ملی۔	Urdu (Standard)	South Asia	SACOR_03
Cooking together brings family members closer.	مل کر کھانا پکانا خاندان کے ممبروں کو قریب لاتا ہے۔	Urdu (Standard)	South Asia	SACOR_08
Traditional music is important for our heritage.	روایتی موسیقی ہماری وراثت کے لیے اہم ہے۔	Urdu (Standard)	South Asia	SACOR_01
The teacher explained the lesson patiently.	استاد نے صبر سے سبق سمجھایا۔	Urdu (Standard)	South Asia	SACOR_07
The professor wrote equations on the blackboard.	پروفیسر نے تختے پر مساوات لکھیں۔	Urdu (Standard)	South Asia	SACOR_02
Learning a new language requires practice.	نئی زبان سیکھنے کے لیے مشق کی ضرورت ہے۔	Urdu (Standard)	South Asia	SACOR_01
Handicrafts showcase artistic traditions.	دستی کاریاں فنکارانہ روایات دکھاتی ہیں۔	Urdu (Standard)	South Asia	SACOR_06
Agriculture remains the primary source of income.	زراعت آمدنی کا بنیادی ذریعہ رہتی ہے۔	Urdu (Standard)	South Asia	SACOR_01
Doctors work long hours to treat patients.	ڈاکٹر مریضوں کا علاج کرنے کے لیے لمبے گھنٹے کام کرتے ہیں۔	Urdu (Standard)	South Asia	SACOR_01
Family members support each other during difficult times.	خاندان کے ممبر مشکل وقتوں میں ایک دوسرے کی مدد کرتے ہیں۔	Urdu (Standard)	South Asia	SACOR_10
Birds were chirping in the trees.	پرندے درختوں میں چہچہا رہے تھے۔	Urdu (Standard)	South Asia	SACOR_02
Children learn best when they are interested.	بچے بہترین سیکھتے ہیں جب وہ دلچسپی رکھتے ہیں۔	Urdu (Standard)	South Asia	SACOR_08
Clear communication prevents misunderstandings.	صاف رابطہ غلط فہمیوں کو روکتا ہے۔	Urdu (Standard)	South Asia	SACOR_02
The internet connects people across continents.	انٹرنیٹ براعظموں میں لوگوں کو جوڑتا ہے۔	Urdu (Standard)	South Asia	SACOR_10
The market was crowded with people.	بازار لوگوں سے بھرا ہوا تھا۔	Urdu (Standard)	South Asia	SACOR_06
Smartphones have changed how people communicate.	اسمارٹ فونوں نے لوگوں کے رابطے کے طریقے کو تبدیل کر دیا ہے۔	Urdu (Standard)	South Asia	SACOR_04
The wedding ceremony lasted three days.	شادی کی تقریب تین دن تک چلی۔	Urdu (Standard)	South Asia	SACOR_08
The forest is home to many wild animals.	جنگل بہت سے جنگلی جانوروں کا گھر ہے۔	Urdu (Standard)	South Asia	SACOR_03
Elderly people share wisdom and stories.	بزرگ لوگ حکمت اور کہانیاں بانٹتے ہیں۔	Urdu (Standard)	South Asia	SACOR_09
Farmers planted rice in the flooded fields.	کسانوں نے پانی والے کھیتوں میں چاول بوئے۔	Urdu (Standard)	South Asia	SACOR_02
Storytelling preserves culture and knowledge.	کہانی سنانا ثقافت اور علم کو محفوظ رکھتا ہے۔	Urdu (Standard)	South Asia	SACOR_08
Teachers shape young minds.	استاد نوجوان ذہنوں کو شکل دیتے ہیں۔	Urdu (Standard)	South Asia	SACOR_08
People travel long distances to visit religious sites.	لوگ مذہبی مقامات دیکھنے کے لیے لمبی دوریاں طے کرتے ہیں۔	Urdu (Standard)	South Asia	SACOR_05
Children were playing cricket in the street.	بچے سڑک پر کرکٹ کھیل رہے تھے۔	Urdu (Standard)	South Asia	SACOR_01
The school organized a science fair.	اسکول نے سائنس میلہ منظم کیا۔	Urdu (Standard)	South Asia	SACOR_09
The teacher explained the lesson patiently.	استاد نے صبر سے سبق سمجھایا۔	Urdu (Standard)	South Asia	SACOR_10
Train journeys offer scenic views.	ریل کے سفر مناظر کے نظارے پیش کرتے ہیں۔	Urdu (Standard)	South Asia	SACOR_09
Agriculture remains the primary source of income.	زراعت آمدنی کا بنیادی ذریعہ رہتی ہے۔	Urdu (Standard)	South Asia	SACOR_09
Online shopping has become popular.	آن لائن خریداری مقبول ہو گئی ہے۔	Urdu (Standard)	South Asia	SACOR_05
Parents sacrifice their own needs for children.	والدین بچوں کے لیے اپنی ضرورتیں قربان کرتے ہیں۔	Urdu (Standard)	South Asia	SACOR_08
Doctors work long hours to treat patients.	ڈاکٹر مریضوں کا علاج کرنے کے لیے لمبے گھنٹے کام کرتے ہیں۔	Urdu (Standard)	South Asia	SACOR_10
Children learn best when they are interested.	بچے بہترین سیکھتے ہیں جب وہ دلچسپی رکھتے ہیں۔	Urdu (Standard)	South Asia	SACOR_08
People celebrate festivals with great joy.	لوگ بہت خوشی سے تہوار مناتے ہیں۔	Urdu (Standard)	South Asia	SACOR_06
Clear communication prevents misunderstandings.	صاف رابطہ غلط فہمیوں کو روکتا ہے۔	Urdu (Standard)	South Asia	SACOR_04
Regular exercise helps maintain good health.	منظم ورزش اچھی صحت برقرار رکھنے میں مدد کرتی ہے۔	Urdu (Standard)	South Asia	SACOR_02
Learning a new language requires practice.	نئی زبان سیکھنے کے لیے مشق کی ضرورت ہے۔	Urdu (Standard)	South Asia	SACOR_02
Cricket is a popular sport.	کرکٹ ایک مقبول کھیل ہے۔	Urdu (Standard)	South Asia	SACOR_06
She cooked delicious biryani for the family.	اس نے خاندان کے لیے مزیدار بریانی پکائی۔	Urdu (Standard)	South Asia	SACOR_05
Tea is served to guests as a gesture of hospitality.	مہمانوں کو مہمان نوازی کی نشانی کے طور پر چائے پیش کی جاتی ہے۔	Urdu (Standard)	South Asia	SACOR_06
Respecting elders is an important value.	بزرگوں کا احترام ایک اہم قدر ہے۔	Urdu (Standard)	South Asia	SACOR_02
Education opens doors to opportunities.	تعلیم مواقع کے دروازے کھولتی ہے۔	Urdu (Standard)	South Asia	SACOR_07
Family members support each other during difficult times.	خاندان کے ممبر مشکل وقتوں میں ایک دوسرے کی مدد کرتے ہیں۔	Urdu (Standard)	South Asia	SACOR_05
My grandmother told me stories.	میری دادی نے مجھے کہانیاں سنائیں۔	Urdu (Standard)	South Asia	SACOR_04
The river flows peacefully through the valley.	دریا وادی میں پرامن طریقے سے بہتا ہے۔	Urdu (Standard)	South Asia	SACOR_04
Doctors recommend drinking plenty of water.	ڈاکٹر زیادہ پانی پینے کی صلاح دیتے ہیں۔	Urdu (Standard)	South Asia	SACOR_10
After finishing his work, he sat down.	اپنا کام مکمل کرنے کے بعد، وہ بیٹھ گیا۔	Urdu (Standard)	South Asia	SACOR_09
The professor wrote equations on the blackboard.	پروفیسر نے تختے پر مساوات لکھیں۔	Urdu (Standard)	South Asia	SACOR_03
Birds were chirping in the trees.	پرندے درختوں میں چہچہا رہے تھے۔	Urdu (Standard)	South Asia	SACOR_09
Handicrafts showcase artistic traditions.	دستی کاریاں فنکارانہ روایات دکھاتی ہیں۔	Urdu (Standard)	South Asia	SACOR_09
Students gathered in the library.	طلباء لائبریری میں جمع ہوئے۔	Urdu (Standard)	South Asia	SACOR_04
She walked slowly through the garden.	وہ باغ میں آہستہ آہستہ چلی۔	Urdu (Standard)	South Asia	SACOR_07
Small businesses create employment opportunities.	چھوٹے کاروبار روزگار کے مواقع پیدا کرتے ہیں۔	Urdu (Standard)	South Asia	SACOR_08
We decided to visit the old temple.	ہم نے پرانے مندر کا دورہ کرنے کا فیصلہ کیا۔	Urdu (Standard)	South Asia	SACOR_01
Pollution in cities has become a serious problem.	شہروں میں آلودگی ایک سنجیدہ مسئلہ بن گئی ہے۔	Urdu (Standard)	South Asia	SACOR_01
She received a scholarship to study medicine.	اسے طب کی تعلیم کے لیے اسکالرشپ ملی۔	Urdu (Standard)	South Asia	SACOR_10
The bus arrived late.	بس دیر سے پہنچی۔	Urdu (Standard)	South Asia	SACOR_08
Reading books improves vocabulary.	کتابیں پڑھنا ذخیرہ الفاظ بہتر بناتا ہے۔	Urdu (Standard)	South Asia	SACOR_05
Sports teach teamwork and discipline.	کھیل ٹیم ورک اور نظم و ضبط سکھاتے ہیں۔	Urdu (Standard)	South Asia	SACOR_02
Farmers wake up early to tend to crops.	کسان فصلوں کی دیکھ بھال کے لیے جلدی اٹھتے ہیں۔	Urdu (Standard)	South Asia	SACOR_09
Spices add flavor to traditional dishes.	مصالحے روایتی کھانوں میں ذائقہ بڑھاتے ہیں۔	Urdu (Standard)	South Asia	SACOR_09
Traditional music is important for our heritage.	روایتی موسیقی ہماری وراثت کے لیے اہم ہے۔	Urdu (Standard)	South Asia	SACOR_07
Digital payments have made transactions faster.	ڈیجیٹل ادائیگیوں نے معاملات تیز کر دیے ہیں۔	Urdu (Standard)	South Asia	SACOR_09
Tourism brings revenue to regions with historical sites.	سیاحت تاریخی مقامات والے علاقوں میں آمدنی لاتی ہے۔	Urdu (Standard)	South Asia	SACOR_03
Eating fresh fruits provides essential vitamins.	تازہ پھل کھانا ضروری وٹامن فراہم کرتا ہے۔	Urdu (Standard)	South Asia	SACOR_09
Cooking together brings family members closer.	مل کر کھانا پکانا خاندان کے ممبروں کو قریب لاتا ہے۔	Urdu (Standard)	South Asia	SACOR_08
I woke up early this morning.	میں آج صبح جلدی اٹھا۔	Urdu (Standard)	South Asia	SACOR_06
The internet connects people across continents.	انٹرنیٹ براعظموں میں لوگوں کو جوڑتا ہے۔	Urdu (Standard)	South Asia	SACOR_08
Birds were chirping in the trees.	پرندے درختوں میں چہچہا رہے تھے۔	Urdu (Standard)	South Asia	SACOR_02
Respecting elders is an important value.	بزرگوں کا احترام ایک اہم قدر ہے۔	Urdu (Standard)	South Asia	SACOR_10
Doctors recommend drinking plenty of water.	ڈاکٹر زیادہ پانی پینے کی صلاح دیتے ہیں۔	Urdu (Standard)	South Asia	SACOR_09
She walked slowly through the garden.	وہ باغ میں آہستہ آہستہ چلی۔	Urdu (Standard)	South Asia	SACOR_09
We decided to visit the old temple.	ہم نے پرانے مندر کا دورہ کرنے کا فیصلہ کیا۔	Urdu (Standard)	South Asia	SACOR_08
The professor wrote equations on the blackboard.	پروفیسر نے تختے پر مساوات لکھیں۔	Urdu (Standard)	South Asia	SACOR_03
Tea is served to guests as a gesture of hospitality.	مہمانوں کو مہمان نوازی کی نشانی کے طور پر چائے پیش کی جاتی ہے۔	Urdu (Standard)	South Asia	SACOR_04
The school organized a science fair.	اسکول نے سائنس میلہ منظم کیا۔	Urdu (Standard)	South Asia	SACOR_01
Tourism brings revenue to regions with historical sites.	سیاحت تاریخی مقامات والے علاقوں میں آمدنی لاتی ہے۔	Urdu (Standard)	South Asia	SACOR_08
Cooking together brings family members closer.	مل کر کھانا پکانا خاندان کے ممبروں کو قریب لاتا ہے۔	Urdu (Standard)	South Asia	SACOR_06
Students gathered in the library.	طلباء لائبریری میں جمع ہوئے۔	Urdu (Standard)	South Asia	SACOR_06
Teachers shape young minds.	استاد نوجوان ذہنوں کو شکل دیتے ہیں۔	Urdu (Standard)	South Asia	SACOR_08
The wedding ceremony lasted three days.	شادی کی تقریب تین دن تک چلی۔	Urdu (Standard)	South Asia	SACOR_09
Cricket is a popular sport.	کرکٹ ایک مقبول کھیل ہے۔	Urdu (Standard)	South Asia	SACOR_07
The market was crowded with people.	بازار لوگوں سے بھرا ہوا تھا۔	Urdu (Standard)	South Asia	SACOR_02
People travel long distances to visit religious sites.	لوگ مذہبی مقامات دیکھنے کے لیے لمبی دوریاں طے کرتے ہیں۔	Urdu (Standard)	South Asia	SACOR_07
Handicrafts showcase artistic traditions.	دستی کاریاں فنکارانہ روایات دکھاتی ہیں۔	Urdu (Standard)	South Asia	SACOR_06
Elderly people share wisdom and stories.	بزرگ لوگ حکمت اور کہانیاں بانٹتے ہیں۔	Urdu (Standard)	South Asia	SACOR_09
My grandmother told me stories.	میری دادی نے مجھے کہانیاں سنائیں۔	Urdu (Standard)	South Asia	SACOR_05
Farmers wake up early to tend to crops.	کسان فصلوں کی دیکھ بھال کے لیے جلدی اٹھتے ہیں۔	Urdu (Standard)	South Asia	SACOR_02
Farmers planted rice in the flooded fields.	کسانوں نے پانی والے کھیتوں میں چاول بوئے۔	Urdu (Standard)	South Asia	SACOR_04
The bus arrived late.	بس دیر سے پہنچی۔	Urdu (Standard)	South Asia	SACOR_01
Children were playing cricket in the street.	بچے سڑک پر کرکٹ کھیل رہے تھے۔	Urdu (Standard)	South Asia	SACOR_01
The teacher explained the lesson patiently.	استاد نے صبر سے سبق سمجھایا۔	Urdu (Standard)	South Asia	SACOR_10
Children learn best when they are interested.	بچے بہترین سیکھتے ہیں جب وہ دلچسپی رکھتے ہیں۔	Urdu (Standard)	South Asia	SACOR_04
The forest is home to many wild animals.	جنگل بہت سے جنگلی جانوروں کا گھر ہے۔	Urdu (Standard)	South Asia	SACOR_03
Smartphones have changed how people communicate.	اسمارٹ فونوں نے لوگوں کے رابطے کے طریقے کو تبدیل کر دیا ہے۔	Urdu (Standard)	South Asia	SACOR_03
Family members support each other during difficult times.	خاندان کے ممبر مشکل وقتوں میں ایک دوسرے کی مدد کرتے ہیں۔	Urdu (Standard)	South Asia	SACOR_01
Digital payments have made transactions faster.	ڈیجیٹل ادائیگیوں نے معاملات تیز کر دیے ہیں۔	Urdu (Standard)	South Asia	SACOR_07
Eating fresh fruits provides essential vitamins.	تازہ پھل کھانا ضروری وٹامن فراہم کرتا ہے۔	Urdu (Standard)	South Asia	SACOR_05
Online shopping has become popular.	آن لائن خریداری مقبول ہو گئی ہے۔	Urdu (Standard)	South Asia	SACOR_07
People celebrate festivals with great joy.	لوگ بہت خوشی سے تہوار مناتے ہیں۔	Urdu (Standard)	South Asia	SACOR_03
She cooked delicious biryani for the family.	اس نے خاندان کے لیے مزیدار بریانی پکائی۔	Urdu (Standard)	South Asia	SACOR_01
Regular exercise helps maintain good health.	منظم ورزش اچھی صحت برقرار رکھنے میں مدد کرتی ہے۔	Urdu (Standard)	South Asia	SACOR_07
Spices add flavor to traditional dishes.	مصالحے روایتی کھانوں میں ذائقہ بڑھاتے ہیں۔	Urdu (Standard)	South Asia	SACOR_07
Agriculture remains the primary source of income.	زراعت آمدنی کا بنیادی ذریعہ رہتی ہے۔	Urdu (Standard)	South Asia	SACOR_08
Traditional music is important for our heritage.	روایتی موسیقی ہماری وراثت کے لیے اہم ہے۔	Urdu (Standard)	South Asia	SACOR_03
After finishing his work, he sat down.	اپنا کام مکمل کرنے کے بعد، وہ بیٹھ گیا۔	Urdu (Standard)	South Asia	SACOR_10
Small businesses create employment opportunities.	چھوٹے کاروبار روزگار کے مواقع پیدا کرتے ہیں۔	Urdu (Standard)	South Asia	SACOR_09
Education opens doors to opportunities.	تعلیم مواقع کے دروازے کھولتی ہے۔	Urdu (Standard)	South Asia	SACOR_04
Parents sacrifice their own needs for children.	والدین بچوں کے لیے اپنی ضرورتیں قربان کرتے ہیں۔	Urdu (Standard)	South Asia	SACOR_07
Clear communication prevents misunderstandings.	صاف رابطہ غلط فہمیوں کو روکتا ہے۔	Urdu (Standard)	South Asia	SACOR_02
Doctors work long hours to treat patients.	ڈاکٹر مریضوں کا علاج کرنے کے لیے لمبے گھنٹے کام کرتے ہیں۔	Urdu (Standard)	South Asia	SACOR_10
The river flows peacefully through the valley.	دریا وادی میں پرامن طریقے سے بہتا ہے۔	Urdu (Standard)	South Asia	SACOR_05
Storytelling preserves culture and knowledge.	کہانی سنانا ثقافت اور علم کو محفوظ رکھتا ہے۔	Urdu (Standard)	South Asia	SACOR_02
She received a scholarship to study medicine.	اسے طب کی تعلیم کے لیے اسکالرشپ ملی۔	Urdu (Standard)	South Asia	SACOR_01
Learning a new language requires practice.	نئی زبان سیکھنے کے لیے مشق کی ضرورت ہے۔	Urdu (Standard)	South Asia	SACOR_03
Train journeys offer scenic views.	ریل کے سفر مناظر کے نظارے پیش کرتے ہیں۔	Urdu (Standard)	South Asia	SACOR_09
Pollution in cities has become a serious problem.	شہروں میں آلودگی ایک سنجیدہ مسئلہ بن گئی ہے۔	Urdu (Standard)	South Asia	SACOR_03
Reading books improves vocabulary.	کتابیں پڑھنا ذخیرہ الفاظ بہتر بناتا ہے۔	Urdu (Standard)	South Asia	SACOR_10
Sports teach teamwork and discipline.	کھیل ٹیم ورک اور نظم و ضبط سکھاتے ہیں۔	Urdu (Standard)	South Asia	SACOR_07
I woke up early this morning.	میں آج صبح جلدی اٹھا۔	Urdu (Standard)	South Asia	SACOR_04
Digital payments have made transactions faster.	ڈیجیٹل ادائیگیوں نے معاملات تیز کر دیے ہیں۔	Urdu (Standard)	South Asia	SACOR_09
People celebrate festivals with great joy.	لوگ بہت خوشی سے تہوار مناتے ہیں۔	Urdu (Standard)	South Asia	SACOR_01
Storytelling preserves culture and knowledge.	کہانی سنانا ثقافت اور علم کو محفوظ رکھتا ہے۔	Urdu (Standard)	South Asia	SACOR_03
The teacher explained the lesson patiently.	استاد نے صبر سے سبق سمجھایا۔	Urdu (Standard)	South Asia	SACOR_07
The professor wrote equations on the blackboard.	پروفیسر نے تختے پر مساوات لکھیں۔	Urdu (Standard)	South Asia	SACOR_05
Clear communication prevents misunderstandings.	صاف رابطہ غلط فہمیوں کو روکتا ہے۔	Urdu (Standard)	South Asia	SACOR_10
Small businesses create employment opportunities.	چھوٹے کاروبار روزگار کے مواقع پیدا کرتے ہیں۔	Urdu (Standard)	South Asia	SACOR_03
Eating fresh fruits provides essential vitamins.	تازہ پھل کھانا ضروری وٹامن فراہم کرتا ہے۔	Urdu (Standard)	South Asia	SACOR_09
Respecting elders is an important value.	بزرگوں کا احترام ایک اہم قدر ہے۔	Urdu (Standard)	South Asia	SACOR_01
The bus arrived late.	بس دیر سے پہنچی۔	Urdu (Standard)	South Asia	SACOR_04
Children learn best when they are interested.	بچے بہترین سیکھتے ہیں جب وہ دلچسپی رکھتے ہیں۔	Urdu (Standard)	South Asia	SACOR_02
We decided to visit the old temple.	ہم نے پرانے مندر کا دورہ کرنے کا فیصلہ کیا۔	Urdu (Standard)	South Asia	SACOR_06
She cooked delicious biryani for the family.	اس نے خاندان کے لیے مزیدار بریانی پکائی۔	Urdu (Standard)	South Asia	SACOR_02
The market was crowded with people.	بازار لوگوں سے بھرا ہوا تھا۔	Urdu (Standard)	South Asia	SACOR_03
Teachers shape young minds.	استاد نوجوان ذہنوں کو شکل دیتے ہیں۔	Urdu (Standard)	South Asia	SACOR_03
Parents sacrifice their own needs for children.	والدین بچوں کے لیے اپنی ضرورتیں قربان کرتے ہیں۔	Urdu (Standard)	South Asia	SACOR_07
Train journeys offer scenic views.	ریل کے سفر مناظر کے نظارے پیش کرتے ہیں۔	Urdu (Standard)	South Asia	SACOR_06
She walked slowly through the garden.	وہ باغ میں آہستہ آہستہ چلی۔	Urdu (Standard)	South Asia	SACOR_09
Learning a new language requires practice.	نئی زبان سیکھنے کے لیے مشق کی ضرورت ہے۔	Urdu (Standard)	South Asia	SACOR_02
Family members support each other during difficult times.	خاندان کے ممبر مشکل وقتوں میں ایک دوسرے کی مدد کرتے ہیں۔	Urdu (Standard)	South Asia	SACOR_08
Cooking together brings family members closer.	مل کر کھانا پکانا خاندان کے ممبروں کو قریب لاتا ہے۔	Urdu (Standard)	South Asia	SACOR_08
Sports teach teamwork and discipline.	کھیل ٹیم ورک اور نظم و ضبط سکھاتے ہیں۔	Urdu (Standard)	South Asia	SACOR_03
Farmers planted rice in the flooded fields.	کسانوں نے پانی والے کھیتوں میں چاول بوئے۔	Urdu (Standard)	South Asia	SACOR_10
Smartphones have changed how people communicate.	اسمارٹ فونوں نے لوگوں کے رابطے کے طریقے کو تبدیل کر دیا ہے۔	Urdu (Standard)	South Asia	SACOR_03
Farmers wake up early to tend to crops.	کسان فصلوں کی دیکھ بھال کے لیے جلدی اٹھتے ہیں۔	Urdu (Standard)	South Asia	SACOR_06
Education opens doors to opportunities.	تعلیم مواقع کے دروازے کھولتی ہے۔	Urdu (Standard)	South Asia	SACOR_08
After finishing his work, he sat down.	اپنا کام مکمل کرنے کے بعد، وہ بیٹھ گیا۔	Urdu (Standard)	South Asia	SACOR_09
Doctors work long hours to treat patients.	ڈاکٹر مریضوں کا علاج کرنے کے لیے لمبے گھنٹے کام کرتے ہیں۔	Urdu (Standard)	South Asia	SACOR_04
Cricket is a popular sport.	کرکٹ ایک مقبول کھیل ہے۔	Urdu (Standard)	South Asia	SACOR_07
The wedding ceremony lasted three days.	شادی کی تقریب تین دن تک چلی۔	Urdu (Standard)	South Asia	SACOR_04
I woke up early this morning.	میں آج صبح جلدی اٹھا۔	Urdu (Standard)	South Asia	SACOR_07
Pollution in cities has become a serious problem.	شہروں میں آلودگی ایک سنجیدہ مسئلہ بن گئی ہے۔	Urdu (Standard)	South Asia	SACOR_09
Tourism brings revenue to regions with historical sites.	سیاحت تاریخی مقامات والے علاقوں میں آمدنی لاتی ہے۔	Urdu (Standard)	South Asia	SACOR_02
Online shopping has become popular.	آن لائن خریداری مقبول ہو گئی ہے۔	Urdu (Standard)	South Asia	SACOR_03
Tea is served to guests as a gesture of hospitality.	مہمانوں کو مہمان نوازی کی نشانی کے طور پر چائے پیش کی جاتی ہے۔	Urdu (Standard)	South Asia	SACOR_04
Spices add flavor to traditional dishes.	مصالحے روایتی کھانوں میں ذائقہ بڑھاتے ہیں۔	Urdu (Standard)	South Asia	SACOR_01
People travel long distances to visit religious sites.	لوگ مذہبی مقامات دیکھنے کے لیے لمبی دوریاں طے کرتے ہیں۔	Urdu (Standard)	South Asia	SACOR_06
The forest is home to many wild animals.	جنگل بہت سے جنگلی جانوروں کا گھر ہے۔	Urdu (Standard)	South Asia	SACOR_04
Children were playing cricket in the street.	بچے سڑک پر کرکٹ کھیل رہے تھے۔	Urdu (Standard)	South Asia	SACOR_03
She received a scholarship to study medicine.	اسے طب کی تعلیم کے لیے اسکالرشپ ملی۔	Urdu (Standard)	South Asia	SACOR_06
The river flows peacefully through the valley.	دریا وادی میں پرامن طریقے سے بہتا ہے۔	Urdu (Standard)	South Asia	SACOR_03
Birds were chirping in the trees.	پرندے درختوں میں چہچہا رہے تھے۔	Urdu (Standard)	South Asia	SACOR_07
Regular exercise helps maintain good health.	منظم ورزش اچھی صحت برقرار رکھنے میں مدد کرتی ہے۔	Urdu (Standard)	South Asia	SACOR_01
Reading books improves vocabulary.	کتابیں پڑھنا ذخیرہ الفاظ بہتر بناتا ہے۔	Urdu (Standard)	South Asia	SACOR_01
The school organized a science fair.	اسکول نے سائنس میلہ منظم کیا۔	Urdu (Standard)	South Asia	SACOR_02
Elderly people share wisdom and stories.	بزرگ لوگ حکمت اور کہانیاں بانٹتے ہیں۔	Urdu (Standard)	South Asia	SACOR_02
My grandmother told me stories.	میری دادی نے مجھے کہانیاں سنائیں۔	Urdu (Standard)	South Asia	SACOR_09
Students gathered in the library.	طلباء لائبریری میں جمع ہوئے۔	Urdu (Standard)	South Asia	SACOR_02
Handicrafts showcase artistic traditions.	دستی کاریاں فنکارانہ روایات دکھاتی ہیں۔	Urdu (Standard)	South Asia	SACOR_03
Doctors recommend drinking plenty of water.	ڈاکٹر زیادہ پانی پینے کی صلاح دیتے ہیں۔	Urdu (Standard)	South Asia	SACOR_04
The internet connects people across continents.	انٹرنیٹ براعظموں میں لوگوں کو جوڑتا ہے۔	Urdu (Standard)	South Asia	SACOR_01
Agriculture remains the primary source of income.	زراعت آمدنی کا بنیادی ذریعہ رہتی ہے۔	Urdu (Standard)	South Asia	SACOR_08
Traditional music is important for our heritage.	روایتی موسیقی ہماری وراثت کے لیے اہم ہے۔	Urdu (Standard)	South Asia	SACOR_04
Cricket is a popular sport.	کرکٹ ایک مقبول کھیل ہے۔	Urdu (Standard)	South Asia	SACOR_09
Reading books improves vocabulary.	کتابیں پڑھنا ذخیرہ الفاظ بہتر بناتا ہے۔	Urdu (Standard)	South Asia	SACOR_09
Agriculture remains the primary source of income.	زراعت آمدنی کا بنیادی ذریعہ رہتی ہے۔	Urdu (Standard)	South Asia	SACOR_09
Traditional music is important for our heritage.	روایتی موسیقی ہماری وراثت کے لیے اہم ہے۔	Urdu (Standard)	South Asia	SACOR_01
Education opens doors to opportunities.	تعلیم مواقع کے دروازے کھولتی ہے۔	Urdu (Standard)	South Asia	SACOR_02
The teacher explained the lesson patiently.	استاد نے صبر سے سبق سمجھایا۔	Urdu (Standard)	South Asia	SACOR_03
People travel long distances to visit religious sites.	لوگ مذہبی مقامات دیکھنے کے لیے لمبی دوریاں طے کرتے ہیں۔	Urdu (Standard)	South Asia	SACOR_03
The wedding ceremony lasted three days.	شادی کی تقریب تین دن تک چلی۔	Urdu (Standard)	South Asia	SACOR_02
Regular exercise helps maintain good health.	منظم ورزش اچھی صحت برقرار رکھنے میں مدد کرتی ہے۔	Urdu (Standard)	South Asia	SACOR_03
Small businesses create employment opportunities.	چھوٹے کاروبار روزگار کے مواقع پیدا کرتے ہیں۔	Urdu (Standard)	South Asia	SACOR_05
Sports teach teamwork and discipline.	کھیل ٹیم ورک اور نظم و ضبط سکھاتے ہیں۔	Urdu (Standard)	South Asia	SACOR_04
She walked slowly through the garden.	وہ باغ میں آہستہ آہستہ چلی۔	Urdu (Standard)	South Asia	SACOR_07
Farmers planted rice in the flooded fields.	کسانوں نے پانی والے کھیتوں میں چاول بوئے۔	Urdu (Standard)	South Asia	SACOR_06
Farmers wake up early to tend to crops.	کسان فصلوں کی دیکھ بھال کے لیے جلدی اٹھتے ہیں۔	Urdu (Standard)	South Asia	SACOR_03
Online shopping has become popular.	آن لائن خریداری مقبول ہو گئی ہے۔	Urdu (Standard)	South Asia	SACOR_02
Parents sacrifice their own needs for children.	والدین بچوں کے لیے اپنی ضرورتیں قربان کرتے ہیں۔	Urdu (Standard)	South Asia	SACOR_01
Tourism brings revenue to regions with historical sites.	سیاحت تاریخی مقامات والے علاقوں میں آمدنی لاتی ہے۔	Urdu (Standard)	South Asia	SACOR_02
Tea is served to guests as a gesture of hospitality.	مہمانوں کو مہمان نوازی کی نشانی کے طور پر چائے پیش کی جاتی ہے۔	Urdu (Standard)	South Asia	SACOR_01
We decided to visit the old temple.	ہم نے پرانے مندر کا دورہ کرنے کا فیصلہ کیا۔	Urdu (Standard)	South Asia	SACOR_08
I woke up early this morning.	میں آج صبح جلدی اٹھا۔	Urdu (Standard)	South Asia	SACOR_05
Cooking together brings family members closer.	مل کر کھانا پکانا خاندان کے ممبروں کو قریب لاتا ہے۔	Urdu (Standard)	South Asia	SACOR_06
Family members support each other during difficult times.	خاندان کے ممبر مشکل وقتوں میں ایک دوسرے کی مدد کرتے ہیں۔	Urdu (Standard)	South Asia	SACOR_03
The internet connects people across continents.	انٹرنیٹ براعظموں میں لوگوں کو جوڑتا ہے۔	Urdu (Standard)	South Asia	SACOR_01
After finishing his work, he sat down.	اپنا کام مکمل کرنے کے بعد، وہ بیٹھ گیا۔	Urdu (Standard)	South Asia	SACOR_06
The bus arrived late.	بس دیر سے پہنچی۔	Urdu (Standard)	South Asia	SACOR_01
Train journeys offer scenic views.	ریل کے سفر مناظر کے نظارے پیش کرتے ہیں۔	Urdu (Standard)	South Asia	SACOR_01
Digital payments have made transactions faster.	ڈیجیٹل ادائیگیوں نے معاملات تیز کر دیے ہیں۔	Urdu (Standard)	South Asia	SACOR_10
The market was crowded with people.	بازار لوگوں سے بھرا ہوا تھا۔	Urdu (Standard)	South Asia	SACOR_10
Children learn best when they are interested.	بچے بہترین سیکھتے ہیں جب وہ دلچسپی رکھتے ہیں۔	Urdu (Standard)	South Asia	SACOR_02
My grandmother told me stories.	میری دادی نے مجھے کہانیاں سنائیں۔	Urdu (Standard)	South Asia	SACOR_02
Storytelling preserves culture and knowledge.	کہانی سنانا ثقافت اور علم کو محفوظ رکھتا ہے۔	Urdu (Standard)	South Asia	SACOR_10
Teachers shape young minds.	استاد نوجوان ذہنوں کو شکل دیتے ہیں۔	Urdu (Standard)	South Asia	SACOR_08
Clear communication prevents misunderstandings.	صاف رابطہ غلط فہمیوں کو روکتا ہے۔	Urdu (Standard)	South Asia	SACOR_02
Learning a new language requires practice.	نئی زبان سیکھنے کے لیے مشق کی ضرورت ہے۔	Urdu (Standard)	South Asia	SACOR_06
Students gathered in the library.	طلباء لائبریری میں جمع ہوئے۔	Urdu (Standard)	South Asia	SACOR_09
Spices add flavor to traditional dishes.	مصالحے روایتی کھانوں میں ذائقہ بڑھاتے ہیں۔	Urdu (Standard)	South Asia	SACOR_01
Children were playing cricket in the street.	بچے سڑک پر کرکٹ کھیل رہے تھے۔	Urdu (Standard)	South Asia	SACOR_09
The professor wrote equations on the blackboard.	پروفیسر نے تختے پر مساوات لکھیں۔	Urdu (Standard)	South Asia	SACOR_06
Smartphones have changed how people communicate.	اسمارٹ فونوں نے لوگوں کے رابطے کے طریقے کو تبدیل کر دیا ہے۔	Urdu (Standard)	South Asia	SACOR_02
Doctors work long hours to treat patients.	ڈاکٹر مریضوں کا علاج کرنے کے لیے لمبے گھنٹے کام کرتے ہیں۔	Urdu (Standard)	South Asia	SACOR_02
Respecting elders is an important value.	بزرگوں کا احترام ایک اہم قدر ہے۔	Urdu (Standard)	South Asia	SACOR_02
The school organized a science fair.	اسکول نے سائنس میلہ منظم کیا۔	Urdu (Standard)	South Asia	SACOR_06
Elderly people share wisdom and stories.	بزرگ لوگ حکمت اور کہانیاں بانٹتے ہیں۔	Urdu (Standard)	South Asia	SACOR_01
Eating fresh fruits provides essential vitamins.	تازہ پھل کھانا ضروری وٹامن فراہم کرتا ہے۔	Urdu (Standard)	South Asia	SACOR_05
Handicrafts showcase artistic traditions.	دستی کاریاں فنکارانہ روایات دکھاتی ہیں۔	Urdu (Standard)	South Asia	SACOR_02
Birds were chirping in the trees.	پرندے درختوں میں چہچہا رہے تھے۔	Urdu (Standard)	South Asia	SACOR_03
Doctors recommend drinking plenty of water.	ڈاکٹر زیادہ پانی پینے کی صلاح دیتے ہیں۔	Urdu (Standard)	South Asia	SACOR_03
She cooked delicious biryani for the family.	اس نے خاندان کے لیے مزیدار بریانی پکائی۔	Urdu (Standard)	South Asia	SACOR_06
The river flows peacefully through the valley.	دریا وادی میں پرامن طریقے سے بہتا ہے۔	Urdu (Standard)	South Asia	SACOR_01
The forest is home to many wild animals.	جنگل بہت سے جنگلی جانوروں کا گھر ہے۔	Urdu (Standard)	South Asia	SACOR_02
Pollution in cities has become a serious problem.	شہروں میں آلودگی ایک سنجیدہ مسئلہ بن گئی ہے۔	Urdu (Standard)	South Asia	SACOR_02
She received a scholarship to study medicine.	اسے طب کی تعلیم کے لیے اسکالرشپ ملی۔	Urdu (Standard)	South Asia	SACOR_03
People celebrate festivals with great joy.	لوگ بہت خوشی سے تہوار مناتے ہیں۔	Urdu (Standard)	South Asia	SACOR_09
Smartphones have changed how people communicate.	اسمارٹ فونوں نے لوگوں کے رابطے کے طریقے کو تبدیل کر دیا ہے۔	Urdu (Standard)	South Asia	SACOR_08
Teachers shape young minds.	استاد نوجوان ذہنوں کو شکل دیتے ہیں۔	Urdu (Standard)	South Asia	SACOR_06
I woke up early this morning.	میں آج صبح جلدی اٹھا۔	Urdu (Standard)	South Asia	SACOR_01
The internet connects people across continents.	انٹرنیٹ براعظموں میں لوگوں کو جوڑتا ہے۔	Urdu (Standard)	South Asia	SACOR_09
The river flows peacefully through the valley.	دریا وادی میں پرامن طریقے سے بہتا ہے۔	Urdu (Standard)	South Asia	SACOR_03
Students gathered in the library.	طلباء لائبریری میں جمع ہوئے۔	Urdu (Standard)	South Asia	SACOR_07
Small businesses create employment opportunities.	چھوٹے کاروبار روزگار کے مواقع پیدا کرتے ہیں۔	Urdu (Standard)	South Asia	SACOR_08
Tourism brings revenue to regions with historical sites.	سیاحت تاریخی مقامات والے علاقوں میں آمدنی لاتی ہے۔	Urdu (Standard)	South Asia	SACOR_01
After finishing his work, he sat down.	اپنا کام مکمل کرنے کے بعد، وہ بیٹھ گیا۔	Urdu (Standard)	South Asia	SACOR_04
Elderly people share wisdom and stories.	بزرگ لوگ حکمت اور کہانیاں بانٹتے ہیں۔	Urdu (Standard)	South Asia	SACOR_10
Cooking together brings family members closer.	مل کر کھانا پکانا خاندان کے ممبروں کو قریب لاتا ہے۔	Urdu (Standard)	South Asia	SACOR_01
Learning a new language requires practice.	نئی زبان سیکھنے کے لیے مشق کی ضرورت ہے۔	Urdu (Standard)	South Asia	SACOR_10
Children were playing cricket in the street.	بچے سڑک پر کرکٹ کھیل رہے تھے۔	Urdu (Standard)	South Asia	SACOR_08
Birds were chirping in the trees.	پرندے درختوں میں چہچہا رہے تھے۔	Urdu (Standard)	South Asia	SACOR_04
Clear communication prevents misunderstandings.	صاف رابطہ غلط فہمیوں کو روکتا ہے۔	Urdu (Standard)	South Asia	SACOR_09
The wedding ceremony lasted three days.	شادی کی تقریب تین دن تک چلی۔	Urdu (Standard)	South Asia	SACOR_01
Traditional music is important for our heritage.	روایتی موسیقی ہماری وراثت کے لیے اہم ہے۔	Urdu (Standard)	South Asia	SACOR_08
Agriculture remains the primary source of income.	زراعت آمدنی کا بنیادی ذریعہ رہتی ہے۔	Urdu (Standard)	South Asia	SACOR_10
The school organized a science fair.	اسکول نے سائنس میلہ منظم کیا۔	Urdu (Standard)	South Asia	SACOR_10
Train journeys offer scenic views.	ریل کے سفر مناظر کے نظارے پیش کرتے ہیں۔	Urdu (Standard)	South Asia	SACOR_02
She cooked delicious biryani for the family.	اس نے خاندان کے لیے مزیدار بریانی پکائی۔	Urdu (Standard)	South Asia	SACOR_05
My grandmother told me stories.	میری دادی نے مجھے کہانیاں سنائیں۔	Urdu (Standard)	South Asia	SACOR_10
The teacher explained the lesson patiently.	استاد نے صبر سے سبق سمجھایا۔	Urdu (Standard)	South Asia	SACOR_04
Handicrafts showcase artistic traditions.	دستی کاریاں فنکارانہ روایات دکھاتی ہیں۔	Urdu (Standard)	South Asia	SACOR_08
People celebrate festivals with great joy.	لوگ بہت خوشی سے تہوار مناتے ہیں۔	Urdu (Standard)	South Asia	SACOR_02
People travel long distances to visit religious sites.	لوگ مذہبی مقامات دیکھنے کے لیے لمبی دوریاں طے کرتے ہیں۔	Urdu (Standard)	South Asia	SACOR_10
Family members support each other during difficult times.	خاندان کے ممبر مشکل وقتوں میں ایک دوسرے کی مدد کرتے ہیں۔	Urdu (Standard)	South Asia	SACOR_02
Storytelling preserves culture and knowledge.	کہانی سنانا ثقافت اور علم کو محفوظ رکھتا ہے۔	Urdu (Standard)	South Asia	SACOR_01
Respecting elders is an important value.	بزرگوں کا احترام ایک اہم قدر ہے۔	Urdu (Standard)	South Asia	SACOR_05
The bus arrived late.	بس دیر سے پہنچی۔	Urdu (Standard)	South Asia	SACOR_06
The forest is home to many wild animals.	جنگل بہت سے جنگلی جانوروں کا گھر ہے۔	Urdu (Standard)	South Asia	SACOR_02
Sports teach teamwork and discipline.	کھیل ٹیم ورک اور نظم و ضبط سکھاتے ہیں۔	Urdu (Standard)	South Asia	SACOR_05
She walked slowly through the garden.	وہ باغ میں آہستہ آہستہ چلی۔	Urdu (Standard)	South Asia	SACOR_02
Cricket is a popular sport.	کرکٹ ایک مقبول کھیل ہے۔	Urdu (Standard)	South Asia	SACOR_05
Digital payments have made transactions faster.	ڈیجیٹل ادائیگیوں نے معاملات تیز کر دیے ہیں۔	Urdu (Standard)	South Asia	SACOR_07
She received a scholarship to study medicine.	اسے طب کی تعلیم کے لیے اسکالرشپ ملی۔	Urdu (Standard)	South Asia	SACOR_09
Online shopping has become popular.	آن لائن خریداری مقبول ہو گئی ہے۔	Urdu (Standard)	South Asia	SACOR_09
The professor wrote equations on the blackboard.	پروفیسر نے تختے پر مساوات لکھیں۔	Urdu (Standard)	South Asia	SACOR_02
Parents sacrifice their own needs for children.	والدین بچوں کے لیے اپنی ضرورتیں قربان کرتے ہیں۔	Urdu (Standard)	South Asia	SACOR_08
Eating fresh fruits provides essential vitamins.	تازہ پھل کھانا ضروری وٹامن فراہم کرتا ہے۔	Urdu (Standard)	South Asia	SACOR_06
Children learn best when they are interested.	بچے بہترین سیکھتے ہیں جب وہ دلچسپی رکھتے ہیں۔	Urdu (Standard)	South Asia	SACOR_07
Reading books improves vocabulary.	کتابیں پڑھنا ذخیرہ الفاظ بہتر بناتا ہے۔	Urdu (Standard)	South Asia	SACOR_02
We decided to visit the old temple.	ہم نے پرانے مندر کا دورہ کرنے کا فیصلہ کیا۔	Urdu (Standard)	South Asia	SACOR_01
Tea is served to guests as a gesture of hospitality.	مہمانوں کو مہمان نوازی کی نشانی کے طور پر چائے پیش کی جاتی ہے۔	Urdu (Standard)	South Asia	SACOR_10
Farmers planted rice in the flooded fields.	کسانوں نے پانی والے کھیتوں میں چاول بوئے۔	Urdu (Standard)	South Asia	SACOR_06
The market was crowded with people.	بازار لوگوں سے بھرا ہوا تھا۔	Urdu (Standard)	South Asia	SACOR_09
Farmers wake up early to tend to crops.	کسان فصلوں کی دیکھ بھال کے لیے جلدی اٹھتے ہیں۔	Urdu (Standard)	South Asia	SACOR_04
Doctors recommend drinking plenty of water.	ڈاکٹر زیادہ پانی پینے کی صلاح دیتے ہیں۔	Urdu (Standard)	South Asia	SACOR_05
Doctors work long hours to treat patients.	ڈاکٹر مریضوں کا علاج کرنے کے لیے لمبے گھنٹے کام کرتے ہیں۔	Urdu (Standard)	South Asia	SACOR_09
Education opens doors to opportunities.	تعلیم مواقع کے دروازے کھولتی ہے۔	Urdu (Standard)	South Asia	SACOR_04
Spices add flavor to traditional dishes.	مصالحے روایتی کھانوں میں ذائقہ بڑھاتے ہیں۔	Urdu (Standard)	South Asia	SACOR_06
Pollution in cities has become a serious problem.	شہروں میں آلودگی ایک سنجیدہ مسئلہ بن گئی ہے۔	Urdu (Standard)	South Asia	SACOR_10
Regular exercise helps maintain good health.	منظم ورزش اچھی صحت برقرار رکھنے میں مدد کرتی ہے۔	Urdu (Standard)	South Asia	SACOR_02
She received a scholarship to study medicine.	اسے طب کی تعلیم کے لیے اسکالرشپ ملی۔	Urdu (Standard)	South Asia	SACOR_03
Children learn best when they are interested.	بچے بہترین سیکھتے ہیں جب وہ دلچسپی رکھتے ہیں۔	Urdu (Standard)	South Asia	SACOR_08
She cooked delicious biryani for the family.	اس نے خاندان کے لیے مزیدار بریانی پکائی۔	Urdu (Standard)	South Asia	SACOR_06
The market was crowded with people.	بازار لوگوں سے بھرا ہوا تھا۔	Urdu (Standard)	South Asia	SACOR_04
Elderly people share wisdom and stories.	بزرگ لوگ حکمت اور کہانیاں بانٹتے ہیں۔	Urdu (Standard)	South Asia	SACOR_07
Regular exercise helps maintain good health.	منظم ورزش اچھی صحت برقرار رکھنے میں مدد کرتی ہے۔	Urdu (Standard)	South Asia	SACOR_03
Traditional music is important for our heritage.	روایتی موسیقی ہماری وراثت کے لیے اہم ہے۔	Urdu (Standard)	South Asia	SACOR_05
Students gathered in the library.	طلباء لائبریری میں جمع ہوئے۔	Urdu (Standard)	South Asia	SACOR_08
Doctors work long hours to treat patients.	ڈاکٹر مریضوں کا علاج کرنے کے لیے لمبے گھنٹے کام کرتے ہیں۔	Urdu (Standard)	South Asia	SACOR_10
We decided to visit the old temple.	ہم نے پرانے مندر کا دورہ کرنے کا فیصلہ کیا۔	Urdu (Standard)	South Asia	SACOR_10
Eating fresh fruits provides essential vitamins.	تازہ پھل کھانا ضروری وٹامن فراہم کرتا ہے۔	Urdu (Standard)	South Asia	SACOR_01
Cooking together brings family members closer.	مل کر کھانا پکانا خاندان کے ممبروں کو قریب لاتا ہے۔	Urdu (Standard)	South Asia	SACOR_06
She walked slowly through the garden.	وہ باغ میں آہستہ آہستہ چلی۔	Urdu (Standard)	South Asia	SACOR_03
Train journeys offer scenic views.	ریل کے سفر مناظر کے نظارے پیش کرتے ہیں۔	Urdu (Standard)	South Asia	SACOR_04
Handicrafts showcase artistic traditions.	دستی کاریاں فنکارانہ روایات دکھاتی ہیں۔	Urdu (Standard)	South Asia	SACOR_04
I woke up early this morning.	میں آج صبح جلدی اٹھا۔	Urdu (Standard)	South Asia	SACOR_05
Teachers shape young minds.	استاد نوجوان ذہنوں کو شکل دیتے ہیں۔	Urdu (Standard)	South Asia	SACOR_08
Digital payments have made transactions faster.	ڈیجیٹل ادائیگیوں نے معاملات تیز کر دیے ہیں۔	Urdu (Standard)	South Asia	SACOR_06
Doctors recommend drinking plenty of water.	ڈاکٹر زیادہ پانی پینے کی صلاح دیتے ہیں۔	Urdu (Standard)	South Asia	SACOR_01
Family members support each other during difficult times.	خاندان کے ممبر مشکل وقتوں میں ایک دوسرے کی مدد کرتے ہیں۔	Urdu (Standard)	South Asia	SACOR_10
Education opens doors to opportunities.	تعلیم مواقع کے دروازے کھولتی ہے۔	Urdu (Standard)	South Asia	SACOR_02
Online shopping has become popular.	آن لائن خریداری مقبول ہو گئی ہے۔	Urdu (Standard)	South Asia	SACOR_08
The professor wrote equations on the blackboard.	پروفیسر نے تختے پر مساوات لکھیں۔	Urdu (Standard)	South Asia	SACOR_09
Agriculture remains the primary source of income.	زراعت آمدنی کا بنیادی ذریعہ رہتی ہے۔	Urdu (Standard)	South Asia	SACOR_04
The school organized a science fair.	اسکول نے سائنس میلہ منظم کیا۔	Urdu (Standard)	South Asia	SACOR_06
Birds were chirping in the trees.	پرندے درختوں میں چہچہا رہے تھے۔	Urdu (Standard)	South Asia	SACOR_07
The teacher explained the lesson patiently.	استاد نے صبر سے سبق سمجھایا۔	Urdu (Standard)	South Asia	SACOR_04
Sports teach teamwork and discipline.	کھیل ٹیم ورک اور نظم و ضبط سکھاتے ہیں۔	Urdu (Standard)	South Asia	SACOR_07
The forest is home to many wild animals.	جنگل بہت سے جنگلی جانوروں کا گھر ہے۔	Urdu (Standard)	South Asia	SACOR_05
People celebrate festivals with great joy.	لوگ بہت خوشی سے تہوار مناتے ہیں۔	Urdu (Standard)	South Asia	SACOR_01
My grandmother told me stories.	میری دادی نے مجھے کہانیاں سنائیں۔	Urdu (Standard)	South Asia	SACOR_06
The bus arrived late.	بس دیر سے پہنچی۔	Urdu (Standard)	South Asia	SACOR_09
Tea is served to guests as a gesture of hospitality.	مہمانوں کو مہمان نوازی کی نشانی کے طور پر چائے پیش کی جاتی ہے۔	Urdu (Standard)	South Asia	SACOR_06
Smartphones have changed how people communicate.	اسمارٹ فونوں نے لوگوں کے رابطے کے طریقے کو تبدیل کر دیا ہے۔	Urdu (Standard)	South Asia	SACOR_09
Children were playing cricket in the street.	بچے سڑک پر کرکٹ کھیل رہے تھے۔	Urdu (Standard)	South Asia	SACOR_09
Parents sacrifice their own needs for children.	والدین بچوں کے لیے اپنی ضرورتیں قربان کرتے ہیں۔	Urdu (Standard)	South Asia	SACOR_02
Tourism brings revenue to regions with historical sites.	سیاحت تاریخی مقامات والے علاقوں میں آمدنی لاتی ہے۔	Urdu (Standard)	South Asia	SACOR_02
The internet connects people across continents.	انٹرنیٹ براعظموں میں لوگوں کو جوڑتا ہے۔	Urdu (Standard)	South Asia	SACOR_09
Storytelling preserves culture and knowledge.	کہانی سنانا ثقافت اور علم کو محفوظ رکھتا ہے۔	Urdu (Standard)	South Asia	SACOR_06
Spices add flavor to traditional dishes.	مصالحے روایتی کھانوں میں ذائقہ بڑھاتے ہیں۔	Urdu (Standard)	South Asia	SACOR_06
Reading books improves vocabulary.	کتابیں پڑھنا ذخیرہ الفاظ بہتر بناتا ہے۔	Urdu (Standard)	South Asia	SACOR_08
After finishing his work, he sat down.	اپنا کام مکمل کرنے کے بعد، وہ بیٹھ گیا۔	Urdu (Standard)	South Asia	SACOR_08
Small businesses create employment opportunities.	چھوٹے کاروبار روزگار کے مواقع پیدا کرتے ہیں۔	Urdu (Standard)	South Asia	SACOR_02
Respecting elders is an important value.	بزرگوں کا احترام ایک اہم قدر ہے۔	Urdu (Standard)	South Asia	SACOR_08
The river flows peacefully through the valley.	دریا وادی میں پرامن طریقے سے بہتا ہے۔	Urdu (Standard)	South Asia	SACOR_01
Learning a new language requires practice.	نئی زبان سیکھنے کے لیے مشق کی ضرورت ہے۔	Urdu (Standard)	South Asia	SACOR_08
The wedding ceremony lasted three days.	شادی کی تقریب تین دن تک چلی۔	Urdu (Standard)	South Asia	SACOR_08
People travel long distances to visit religious sites.	لوگ مذہبی مقامات دیکھنے کے لیے لمبی دوریاں طے کرتے ہیں۔	Urdu (Standard)	South Asia	SACOR_06
Farmers wake up early to tend to crops.	کسان فصلوں کی دیکھ بھال کے لیے جلدی اٹھتے ہیں۔	Urdu (Standard)	South Asia	SACOR_08
Pollution in cities has become a serious problem.	شہروں میں آلودگی ایک سنجیدہ مسئلہ بن گئی ہے۔	Urdu (Standard)	South Asia	SACOR_07
Clear communication prevents misunderstandings.	صاف رابطہ غلط فہمیوں کو روکتا ہے۔	Urdu (Standard)	South Asia	SACOR_07
Farmers planted rice in the flooded fields.	کسانوں نے پانی والے کھیتوں میں چاول بوئے۔	Urdu (Standard)	South Asia	SACOR_03
Cricket is a popular sport.	کرکٹ ایک مقبول کھیل ہے۔	Urdu (Standard)	South Asia	SACOR_08
Spices add flavor to traditional dishes.	مصالحے روایتی کھانوں میں ذائقہ بڑھاتے ہیں۔	Urdu (Standard)	South Asia	SACOR_02
Pollution in cities has become a serious problem.	شہروں میں آلودگی ایک سنجیدہ مسئلہ بن گئی ہے۔	Urdu (Standard)	South Asia	SACOR_01
Regular exercise helps maintain good health.	منظم ورزش اچھی صحت برقرار رکھنے میں مدد کرتی ہے۔	Urdu (Standard)	South Asia	SACOR_07
Smartphones have changed how people communicate.	اسمارٹ فونوں نے لوگوں کے رابطے کے طریقے کو تبدیل کر دیا ہے۔	Urdu (Standard)	South Asia	SACOR_02
The internet connects people across continents.	انٹرنیٹ براعظموں میں لوگوں کو جوڑتا ہے۔	Urdu (Standard)	South Asia	SACOR_01
Train journeys offer scenic views.	ریل کے سفر مناظر کے نظارے پیش کرتے ہیں۔	Urdu (Standard)	South Asia	SACOR_05
The school organized a science fair.	اسکول نے سائنس میلہ منظم کیا۔	Urdu (Standard)	South Asia	SACOR_03
She cooked delicious biryani for the family.	اس نے خاندان کے لیے مزیدار بریانی پکائی۔	Urdu (Standard)	South Asia	SACOR_01
Farmers wake up early to tend to crops.	کسان فصلوں کی دیکھ بھال کے لیے جلدی اٹھتے ہیں۔	Urdu (Standard)	South Asia	SACOR_04
Small businesses create employment opportunities.	چھوٹے کاروبار روزگار کے مواقع پیدا کرتے ہیں۔	Urdu (Standard)	South Asia	SACOR_01
Family members support each other during difficult times.	خاندان کے ممبر مشکل وقتوں میں ایک دوسرے کی مدد کرتے ہیں۔	Urdu (Standard)	South Asia	SACOR_08
The forest is home to many wild animals.	جنگل بہت سے جنگلی جانوروں کا گھر ہے۔	Urdu (Standard)	South Asia	SACOR_04
Agriculture remains the primary source of income.	زراعت آمدنی کا بنیادی ذریعہ رہتی ہے۔	Urdu (Standard)	South Asia	SACOR_06
Doctors recommend drinking plenty of water.	ڈاکٹر زیادہ پانی پینے کی صلاح دیتے ہیں۔	Urdu (Standard)	South Asia	SACOR_04
Cooking together brings family members closer.	مل کر کھانا پکانا خاندان کے ممبروں کو قریب لاتا ہے۔	Urdu (Standard)	South Asia	SACOR_09
She walked slowly through the garden.	وہ باغ میں آہستہ آہستہ چلی۔	Urdu (Standard)	South Asia	SACOR_07
Parents sacrifice their own needs for children.	والدین بچوں کے لیے اپنی ضرورتیں قربان کرتے ہیں۔	Urdu (Standard)	South Asia	SACOR_09
My grandmother told me stories.	میری دادی نے مجھے کہانیاں سنائیں۔	Urdu (Standard)	South Asia	SACOR_03
People celebrate festivals with great joy.	لوگ بہت خوشی سے تہوار مناتے ہیں۔	Urdu (Standard)	South Asia	SACOR_09
Tea is served to guests as a gesture of hospitality.	مہمانوں کو مہمان نوازی کی نشانی کے طور پر چائے پیش کی جاتی ہے۔	Urdu (Standard)	South Asia	SACOR_02
Education opens doors to opportunities.	تعلیم مواقع کے دروازے کھولتی ہے۔	Urdu (Standard)	South Asia	SACOR_06
We decided to visit the old temple.	ہم نے پرانے مندر کا دورہ کرنے کا فیصلہ کیا۔	Urdu (Standard)	South Asia	SACOR_10
The bus arrived late.	بس دیر سے پہنچی۔	Urdu (Standard)	South Asia	SACOR_08
I woke up early this morning.	میں آج صبح جلدی اٹھا۔	Urdu (Standard)	South Asia	SACOR_09
Tourism brings revenue to regions with historical sites.	سیاحت تاریخی مقامات والے علاقوں میں آمدنی لاتی ہے۔	Urdu (Standard)	South Asia	SACOR_01
Reading books improves vocabulary.	کتابیں پڑھنا ذخیرہ الفاظ بہتر بناتا ہے۔	Urdu (Standard)	South Asia	SACOR_01
Students gathered in the library.	طلباء لائبریری میں جمع ہوئے۔	Urdu (Standard)	South Asia	SACOR_08
Birds were chirping in the trees.	پرندے درختوں میں چہچہا رہے تھے۔	Urdu (Standard)	South Asia	SACOR_09
The market was crowded with people.	بازار لوگوں سے بھرا ہوا تھا۔	Urdu (Standard)	South Asia	SACOR_07
Clear communication prevents misunderstandings.	صاف رابطہ غلط فہمیوں کو روکتا ہے۔	Urdu (Standard)	South Asia	SACOR_02
Farmers planted rice in the flooded fields.	کسانوں نے پانی والے کھیتوں میں چاول بوئے۔	Urdu (Standard)	South Asia	SACOR_07
Eating fresh fruits provides essential vitamins.	تازہ پھل کھانا ضروری وٹامن فراہم کرتا ہے۔	Urdu (Standard)	South Asia	SACOR_10
Respecting elders is an important value.	بزرگوں کا احترام ایک اہم قدر ہے۔	Urdu (Standard)	South Asia	SACOR_01
Children were playing cricket in the street.	بچے سڑک پر کرکٹ کھیل رہے تھے۔	Urdu (Standard)	South Asia	SACOR_01
Children learn best when they are interested.	بچے بہترین سیکھتے ہیں جب وہ دلچسپی رکھتے ہیں۔	Urdu (Standard)	South Asia	SACOR_09
The wedding ceremony lasted three days.	شادی کی تقریب تین دن تک چلی۔	Urdu (Standard)	South Asia	SACOR_06
Teachers shape young minds.	استاد نوجوان ذہنوں کو شکل دیتے ہیں۔	Urdu (Standard)	South Asia	SACOR_04
The teacher explained the lesson patiently.	استاد نے صبر سے سبق سمجھایا۔	Urdu (Standard)	South Asia	SACOR_05
The professor wrote equations on the blackboard.	پروفیسر نے تختے پر مساوات لکھیں۔	Urdu (Standard)	South Asia	SACOR_08
After finishing his work, he sat down.	اپنا کام مکمل کرنے کے بعد، وہ بیٹھ گیا۔	Urdu (Standard)	South Asia	SACOR_06
Storytelling preserves culture and knowledge.	کہانی سنانا ثقافت اور علم کو محفوظ رکھتا ہے۔	Urdu (Standard)	South Asia	SACOR_06
Doctors work long hours to treat patients.	ڈاکٹر مریضوں کا علاج کرنے کے لیے لمبے گھنٹے کام کرتے ہیں۔	Urdu (Standard)	South Asia	SACOR_01
Traditional music is important for our heritage.	روایتی موسیقی ہماری وراثت کے لیے اہم ہے۔	Urdu (Standard)	South Asia	SACOR_08
Sports teach teamwork and discipline.	کھیل ٹیم ورک اور نظم و ضبط سکھاتے ہیں۔	Urdu (Standard)	South Asia	SACOR_05
The river flows peacefully through the valley.	دریا وادی میں پرامن طریقے سے بہتا ہے۔	Urdu (Standard)	South Asia	SACOR_09
Elderly people share wisdom and stories.	بزرگ لوگ حکمت اور کہانیاں بانٹتے ہیں۔	Urdu (Standard)	South Asia	SACOR_02
Cricket is a popular sport.	کرکٹ ایک مقبول کھیل ہے۔	Urdu (Standard)	South Asia	SACOR_05
People travel long distances to visit religious sites.	لوگ مذہبی مقامات دیکھنے کے لیے لمبی دوریاں طے کرتے ہیں۔	Urdu (Standard)	South Asia	SACOR_05
Online shopping has become popular.	آن لائن خریداری مقبول ہو گئی ہے۔	Urdu (Standard)	South Asia	SACOR_05
She received a scholarship to study medicine.	اسے طب کی تعلیم کے لیے اسکالرشپ ملی۔	Urdu (Standard)	South Asia	SACOR_04
Learning a new language requires practice.	نئی زبان سیکھنے کے لیے مشق کی ضرورت ہے۔	Urdu (Standard)	South Asia	SACOR_10
Handicrafts showcase artistic traditions.	دستی کاریاں فنکارانہ روایات دکھاتی ہیں۔	Urdu (Standard)	South Asia	SACOR_05
Digital payments have made transactions faster.	ڈیجیٹل ادائیگیوں نے معاملات تیز کر دیے ہیں۔	Urdu (Standard)	South Asia	SACOR_05
The bus arrived late.	بس دیر سے پہنچی۔	Urdu (Standard)	South Asia	SACOR_07
Reading books improves vocabulary.	کتابیں پڑھنا ذخیرہ الفاظ بہتر بناتا ہے۔	Urdu (Standard)	South Asia	SACOR_10
Online shopping has become popular.	آن لائن خریداری مقبول ہو گئی ہے۔	Urdu (Standard)	South Asia	SACOR_03
Agriculture remains the primary source of income.	زراعت آمدنی کا بنیادی ذریعہ رہتی ہے۔	Urdu (Standard)	South Asia	SACOR_07
Storytelling preserves culture and knowledge.	کہانی سنانا ثقافت اور علم کو محفوظ رکھتا ہے۔	Urdu (Standard)	South Asia	SACOR_07
Traditional music is important for our heritage.	روایتی موسیقی ہماری وراثت کے لیے اہم ہے۔	Urdu (Standard)	South Asia	SACOR_03
The river flows peacefully through the valley.	دریا وادی میں پرامن طریقے سے بہتا ہے۔	Urdu (Standard)	South Asia	SACOR_07
Clear communication prevents misunderstandings.	صاف رابطہ غلط فہمیوں کو روکتا ہے۔	Urdu (Standard)	South Asia	SACOR_04
Doctors work long hours to treat patients.	ڈاکٹر مریضوں کا علاج کرنے کے لیے لمبے گھنٹے کام کرتے ہیں۔	Urdu (Standard)	South Asia	SACOR_10
People celebrate festivals with great joy.	لوگ بہت خوشی سے تہوار مناتے ہیں۔	Urdu (Standard)	South Asia	SACOR_06
Doctors recommend drinking plenty of water.	ڈاکٹر زیادہ پانی پینے کی صلاح دیتے ہیں۔	Urdu (Standard)	South Asia	SACOR_02
Cooking together brings family members closer.	مل کر کھانا پکانا خاندان کے ممبروں کو قریب لاتا ہے۔	Urdu (Standard)	South Asia	SACOR_10
Elderly people share wisdom and stories.	بزرگ لوگ حکمت اور کہانیاں بانٹتے ہیں۔	Urdu (Standard)	South Asia	SACOR_09
Sports teach teamwork and discipline.	کھیل ٹیم ورک اور نظم و ضبط سکھاتے ہیں۔	Urdu (Standard)	South Asia	SACOR_02
Smartphones have changed how people communicate.	اسمارٹ فونوں نے لوگوں کے رابطے کے طریقے کو تبدیل کر دیا ہے۔	Urdu (Standard)	South Asia	SACOR_04
My grandmother told me stories.	میری دادی نے مجھے کہانیاں سنائیں۔	Urdu (Standard)	South Asia	SACOR_09
Cricket is a popular sport.	کرکٹ ایک مقبول کھیل ہے۔	Urdu (Standard)	South Asia	SACOR_04
The forest is home to many wild animals.	جنگل بہت سے جنگلی جانوروں کا گھر ہے۔	Urdu (Standard)	South Asia	SACOR_04
Children were playing cricket in the street.	بچے سڑک پر کرکٹ کھیل رہے تھے۔	Urdu (Standard)	South Asia	SACOR_05
We decided to visit the old temple.	ہم نے پرانے مندر کا دورہ کرنے کا فیصلہ کیا۔	Urdu (Standard)	South Asia	SACOR_10
Learning a new language requires practice.	نئی زبان سیکھنے کے لیے مشق کی ضرورت ہے۔	Urdu (Standard)	South Asia	SACOR_05
Spices add flavor to traditional dishes.	مصالحے روایتی کھانوں میں ذائقہ بڑھاتے ہیں۔	Urdu (Standard)	South Asia	SACOR_02
Pollution in cities has become a serious problem.	شہروں میں آلودگی ایک سنجیدہ مسئلہ بن گئی ہے۔	Urdu (Standard)	South Asia	SACOR_06
Handicrafts showcase artistic traditions.	دستی کاریاں فنکارانہ روایات دکھاتی ہیں۔	Urdu (Standard)	South Asia	SACOR_06
After finishing his work, he sat down.	اپنا کام مکمل کرنے کے بعد، وہ بیٹھ گیا۔	Urdu (Standard)	South Asia	SACOR_03
The professor wrote equations on the blackboard.	پروفیسر نے تختے پر مساوات لکھیں۔	Urdu (Standard)	South Asia	SACOR_10
Farmers wake up early to tend to crops.	کسان فصلوں کی دیکھ بھال کے لیے جلدی اٹھتے ہیں۔	Urdu (Standard)	South Asia	SACOR_10
Tea is served to guests as a gesture of hospitality.	مہمانوں کو مہمان نوازی کی نشانی کے طور پر چائے پیش کی جاتی ہے۔	Urdu (Standard)	South Asia	SACOR_03
Family members support each other during difficult times.	خاندان کے ممبر مشکل وقتوں میں ایک دوسرے کی مدد کرتے ہیں۔	Urdu (Standard)	South Asia	SACOR_08
Respecting elders is an important value.	بزرگوں کا احترام ایک اہم قدر ہے۔	Urdu (Standard)	South Asia	SACOR_08
People travel long distances to visit religious sites.	لوگ مذہبی مقامات دیکھنے کے لیے لمبی دوریاں طے کرتے ہیں۔	Urdu (Standard)	South Asia	SACOR_08
Train journeys offer scenic views.	ریل کے سفر مناظر کے نظارے پیش کرتے ہیں۔	Urdu (Standard)	South Asia	SACOR_08
Teachers shape young minds.	استاد نوجوان ذہنوں کو شکل دیتے ہیں۔	Urdu (Standard)	South Asia	SACOR_02
Parents sacrifice their own needs for children.	والدین بچوں کے لیے اپنی ضرورتیں قربان کرتے ہیں۔	Urdu (Standard)	South Asia	SACOR_04
Small businesses create employment opportunities.	چھوٹے کاروبار روزگار کے مواقع پیدا کرتے ہیں۔	Urdu (Standard)	South Asia	SACOR_06
The school organized a science fair.	اسکول نے سائنس میلہ منظم کیا۔	Urdu (Standard)	South Asia	SACOR_09
I woke up early this morning.	میں آج صبح جلدی اٹھا۔	Urdu (Standard)	South Asia	SACOR_10
Education opens doors to opportunities.	تعلیم مواقع کے دروازے کھولتی ہے۔	Urdu (Standard)	South Asia	SACOR_10
The internet connects people across continents.	انٹرنیٹ براعظموں میں لوگوں کو جوڑتا ہے۔	Urdu (Standard)	South Asia	SACOR_07
Tourism brings revenue to regions with historical sites.	سیاحت تاریخی مقامات والے علاقوں میں آمدنی لاتی ہے۔	Urdu (Standard)	South Asia	SACOR_02
Regular exercise helps maintain good health.	منظم ورزش اچھی صحت برقرار رکھنے میں مدد کرتی ہے۔	Urdu (Standard)	South Asia	SACOR_07
Students gathered in the library.	طلباء لائبریری میں جمع ہوئے۔	Urdu (Standard)	South Asia	SACOR_01
She walked slowly through the garden.	وہ باغ میں آہستہ آہستہ چلی۔	Urdu (Standard)	South Asia	SACOR_01
Birds were chirping in the trees.	پرندے درختوں میں چہچہا رہے تھے۔	Urdu (Standard)	South Asia	SACOR_02
Children learn best when they are interested.	بچے بہترین سیکھتے ہیں جب وہ دلچسپی رکھتے ہیں۔	Urdu (Standard)	South Asia	SACOR_04
Eating fresh fruits provides essential vitamins.	تازہ پھل کھانا ضروری وٹامن فراہم کرتا ہے۔	Urdu (Standard)	South Asia	SACOR_02
The market was crowded with people.	بازار لوگوں سے بھرا ہوا تھا۔	Urdu (Standard)	South Asia	SACOR_02
The wedding ceremony lasted three days.	شادی کی تقریب تین دن تک چلی۔	Urdu (Standard)	South Asia	SACOR_04
The teacher explained the lesson patiently.	استاد نے صبر سے سبق سمجھایا۔	Urdu (Standard)	South Asia	SACOR_08
She cooked delicious biryani for the family.	اس نے خاندان کے لیے مزیدار بریانی پکائی۔	Urdu (Standard)	South Asia	SACOR_09
Farmers planted rice in the flooded fields.	کسانوں نے پانی والے کھیتوں میں چاول بوئے۔	Urdu (Standard)	South Asia	SACOR_08
She received a scholarship to study medicine.	اسے طب کی تعلیم کے لیے اسکالرشپ ملی۔	Urdu (Standard)	South Asia	SACOR_02
Digital payments have made transactions faster.	ڈیجیٹل ادائیگیوں نے معاملات تیز کر دیے ہیں۔	Urdu (Standard)	South Asia	SACOR_09
Agriculture remains the primary source of income.	زراعت آمدنی کا بنیادی ذریعہ رہتی ہے۔	Urdu (Standard)	South Asia	SACOR_08
People travel long distances to visit religious sites.	لوگ مذہبی مقامات دیکھنے کے لیے لمبی دوریاں طے کرتے ہیں۔	Urdu (Standard)	South Asia	SACOR_10
Respecting elders is an important value.	بزرگوں کا احترام ایک اہم قدر ہے۔	Urdu (Standard)	South Asia	SACOR_08
Regular exercise helps maintain good health.	منظم ورزش اچھی صحت برقرار رکھنے میں مدد کرتی ہے۔	Urdu (Standard)	South Asia	SACOR_09
The market was crowded with people.	بازار لوگوں سے بھرا ہوا تھا۔	Urdu (Standard)	South Asia	SACOR_10
The wedding ceremony lasted three days.	شادی کی تقریب تین دن تک چلی۔	Urdu (Standard)	South Asia	SACOR_03
Farmers wake up early to tend to crops.	کسان فصلوں کی دیکھ بھال کے لیے جلدی اٹھتے ہیں۔	Urdu (Standard)	South Asia	SACOR_10
Parents sacrifice their own needs for children.	والدین بچوں کے لیے اپنی ضرورتیں قربان کرتے ہیں۔	Urdu (Standard)	South Asia	SACOR_04
Children learn best when they are interested.	بچے بہترین سیکھتے ہیں جب وہ دلچسپی رکھتے ہیں۔	Urdu (Standard)	South Asia	SACOR_01
Tea is served to guests as a gesture of hospitality.	مہمانوں کو مہمان نوازی کی نشانی کے طور پر چائے پیش کی جاتی ہے۔	Urdu (Standard)	South Asia	SACOR_10
Farmers planted rice in the flooded fields.	کسانوں نے پانی والے کھیتوں میں چاول بوئے۔	Urdu (Standard)	South Asia	SACOR_01
Eating fresh fruits provides essential vitamins.	تازہ پھل کھانا ضروری وٹامن فراہم کرتا ہے۔	Urdu (Standard)	South Asia	SACOR_08
The forest is home to many wild animals.	جنگل بہت سے جنگلی جانوروں کا گھر ہے۔	Urdu (Standard)	South Asia	SACOR_08
She walked slowly through the garden.	وہ باغ میں آہستہ آہستہ چلی۔	Urdu (Standard)	South Asia	SACOR_03
The teacher explained the lesson patiently.	استاد نے صبر سے سبق سمجھایا۔	Urdu (Standard)	South Asia	SACOR_06
Doctors recommend drinking plenty of water.	ڈاکٹر زیادہ پانی پینے کی صلاح دیتے ہیں۔	Urdu (Standard)	South Asia	SACOR_09
Small businesses create employment opportunities.	چھوٹے کاروبار روزگار کے مواقع پیدا کرتے ہیں۔	Urdu (Standard)	South Asia	SACOR_05
The school organized a science fair.	اسکول نے سائنس میلہ منظم کیا۔	Urdu (Standard)	South Asia	SACOR_01
Children were playing cricket in the street.	بچے سڑک پر کرکٹ کھیل رہے تھے۔	Urdu (Standard)	South Asia	SACOR_01
Family members support each other during difficult times.	خاندان کے ممبر مشکل وقتوں میں ایک دوسرے کی مدد کرتے ہیں۔	Urdu (Standard)	South Asia	SACOR_10
The river flows peacefully through the valley.	دریا وادی میں پرامن طریقے سے بہتا ہے۔	Urdu (Standard)	South Asia	SACOR_01
Learning a new language requires practice.	نئی زبان سیکھنے کے لیے مشق کی ضرورت ہے۔	Urdu (Standard)	South Asia	SACOR_07
Train journeys offer scenic views.	ریل کے سفر مناظر کے نظارے پیش کرتے ہیں۔	Urdu (Standard)	South Asia	SACOR_03
Storytelling preserves culture and knowledge.	کہانی سنانا ثقافت اور علم کو محفوظ رکھتا ہے۔	Urdu (Standard)	South Asia	SACOR_06
Cooking together brings family members closer.	مل کر کھانا پکانا خاندان کے ممبروں کو قریب لاتا ہے۔	Urdu (Standard)	South Asia	SACOR_01
Students gathered in the library.	طلباء لائبریری میں جمع ہوئے۔	Urdu (Standard)	South Asia	SACOR_10
The bus arrived late.	بس دیر سے پہنچی۔	Urdu (Standard)	South Asia	SACOR_05
Teachers shape young minds.	استاد نوجوان ذہنوں کو شکل دیتے ہیں۔	Urdu (Standard)	South Asia	SACOR_07
I woke up early this morning.	میں آج صبح جلدی اٹھا۔	Urdu (Standard)	South Asia	SACOR_07
Cricket is a popular sport.	کرکٹ ایک مقبول کھیل ہے۔	Urdu (Standard)	South Asia	SACOR_07
Traditional music is important for our heritage.	روایتی موسیقی ہماری وراثت کے لیے اہم ہے۔	Urdu (Standard)	South Asia	SACOR_01
Online shopping has become popular.	آن لائن خریداری مقبول ہو گئی ہے۔	Urdu (Standard)	South Asia	SACOR_06
Digital payments have made transactions faster.	ڈیجیٹل ادائیگیوں نے معاملات تیز کر دیے ہیں۔	Urdu (Standard)	South Asia	SACOR_01
Reading books improves vocabulary.	کتابیں پڑھنا ذخیرہ الفاظ بہتر بناتا ہے۔	Urdu (Standard)	South Asia	SACOR_07
Birds were chirping in the trees.	پرندے درختوں میں چہچہا رہے تھے۔	Urdu (Standard)	South Asia	SACOR_09
Clear communication prevents misunderstandings.	صاف رابطہ غلط فہمیوں کو روکتا ہے۔	Urdu (Standard)	South Asia	SACOR_10
Education opens doors to opportunities.	تعلیم مواقع کے دروازے کھولتی ہے۔	Urdu (Standard)	South Asia	SACOR_01
Sports teach teamwork and discipline.	کھیل ٹیم ورک اور نظم و ضبط سکھاتے ہیں۔	Urdu (Standard)	South Asia	SACOR_03
Pollution in cities has become a serious problem.	شہروں میں آلودگی ایک سنجیدہ مسئلہ بن گئی ہے۔	Urdu (Standard)	South Asia	SACOR_06
Doctors work long hours to treat patients.	ڈاکٹر مریضوں کا علاج کرنے کے لیے لمبے گھنٹے کام کرتے ہیں۔	Urdu (Standard)	South Asia	SACOR_06
The internet connects people across continents.	انٹرنیٹ براعظموں میں لوگوں کو جوڑتا ہے۔	Urdu (Standard)	South Asia	SACOR_03
Spices add flavor to traditional dishes.	مصالحے روایتی کھانوں میں ذائقہ بڑھاتے ہیں۔	Urdu (Standard)	South Asia	SACOR_09
After finishing his work, he sat down.	اپنا کام مکمل کرنے کے بعد، وہ بیٹھ گیا۔	Urdu (Standard)	South Asia	SACOR_09
She cooked delicious biryani for the family.	اس نے خاندان کے لیے مزیدار بریانی پکائی۔	Urdu (Standard)	South Asia	SACOR_10
The professor wrote equations on the blackboard.	پروفیسر نے تختے پر مساوات لکھیں۔	Urdu (Standard)	South Asia	SACOR_08
She received a scholarship to study medicine.	اسے طب کی تعلیم کے لیے اسکالرشپ ملی۔	Urdu (Standard)	South Asia	SACOR_04
Smartphones have changed how people communicate.	اسمارٹ فونوں نے لوگوں کے رابطے کے طریقے کو تبدیل کر دیا ہے۔	Urdu (Standard)	South Asia	SACOR_08
People celebrate festivals with great joy.	لوگ بہت خوشی سے تہوار مناتے ہیں۔	Urdu (Standard)	South Asia	SACOR_09
Elderly people share wisdom and stories.	بزرگ لوگ حکمت اور کہانیاں بانٹتے ہیں۔	Urdu (Standard)	South Asia	SACOR_05
We decided to visit the old temple.	ہم نے پرانے مندر کا دورہ کرنے کا فیصلہ کیا۔	Urdu (Standard)	South Asia	SACOR_01
Tourism brings revenue to regions with historical sites.	سیاحت تاریخی مقامات والے علاقوں میں آمدنی لاتی ہے۔	Urdu (Standard)	South Asia	SACOR_08
My grandmother told me stories.	میری دادی نے مجھے کہانیاں سنائیں۔	Urdu (Standard)	South Asia	SACOR_01
Handicrafts showcase artistic traditions.	دستی کاریاں فنکارانہ روایات دکھاتی ہیں۔	Urdu (Standard)	South Asia	SACOR_05
The market was crowded with people.	بازار لوگوں سے بھرا ہوا تھا۔	Urdu (Standard)	South Asia	SACOR_02
Doctors work long hours to treat patients.	ڈاکٹر مریضوں کا علاج کرنے کے لیے لمبے گھنٹے کام کرتے ہیں۔	Urdu (Standard)	South Asia	SACOR_10
Parents sacrifice their own needs for children.	والدین بچوں کے لیے اپنی ضرورتیں قربان کرتے ہیں۔	Urdu (Standard)	South Asia	SACOR_01
People travel long distances to visit religious sites.	لوگ مذہبی مقامات دیکھنے کے لیے لمبی دوریاں طے کرتے ہیں۔	Urdu (Standard)	South Asia	SACOR_03
The bus arrived late.	بس دیر سے پہنچی۔	Urdu (Standard)	South Asia	SACOR_05
Clear communication prevents misunderstandings.	صاف رابطہ غلط فہمیوں کو روکتا ہے۔	Urdu (Standard)	South Asia	SACOR_02
She walked slowly through the garden.	وہ باغ میں آہستہ آہستہ چلی۔	Urdu (Standard)	South Asia	SACOR_07
Birds were chirping in the trees.	پرندے درختوں میں چہچہا رہے تھے۔	Urdu (Standard)	South Asia	SACOR_02
Cooking together brings family members closer.	مل کر کھانا پکانا خاندان کے ممبروں کو قریب لاتا ہے۔	Urdu (Standard)	South Asia	SACOR_08
She cooked delicious biryani for the family.	اس نے خاندان کے لیے مزیدار بریانی پکائی۔	Urdu (Standard)	South Asia	SACOR_08
Farmers wake up early to tend to crops.	کسان فصلوں کی دیکھ بھال کے لیے جلدی اٹھتے ہیں۔	Urdu (Standard)	South Asia	SACOR_03
Pollution in cities has become a serious problem.	شہروں میں آلودگی ایک سنجیدہ مسئلہ بن گئی ہے۔	Urdu (Standard)	South Asia	SACOR_04
We decided to visit the old temple.	ہم نے پرانے مندر کا دورہ کرنے کا فیصلہ کیا۔	Urdu (Standard)	South Asia	SACOR_08
I woke up early this morning.	میں آج صبح جلدی اٹھا۔	Urdu (Standard)	South Asia	SACOR_10
The forest is home to many wild animals.	جنگل بہت سے جنگلی جانوروں کا گھر ہے۔	Urdu (Standard)	South Asia	SACOR_08
Handicrafts showcase artistic traditions.	دستی کاریاں فنکارانہ روایات دکھاتی ہیں۔	Urdu (Standard)	South Asia	SACOR_04
Students gathered in the library.	طلباء لائبریری میں جمع ہوئے۔	Urdu (Standard)	South Asia	SACOR_01
After finishing his work, he sat down.	اپنا کام مکمل کرنے کے بعد، وہ بیٹھ گیا۔	Urdu (Standard)	South Asia	SACOR_10
Agriculture remains the primary source of income.	زراعت آمدنی کا بنیادی ذریعہ رہتی ہے۔	Urdu (Standard)	South Asia	SACOR_01
Children learn best when they are interested.	بچے بہترین سیکھتے ہیں جب وہ دلچسپی رکھتے ہیں۔	Urdu (Standard)	South Asia	SACOR_06
Reading books improves vocabulary.	کتابیں پڑھنا ذخیرہ الفاظ بہتر بناتا ہے۔	Urdu (Standard)	South Asia	SACOR_04
The river flows peacefully through the valley.	دریا وادی میں پرامن طریقے سے بہتا ہے۔	Urdu (Standard)	South Asia	SACOR_04
Farmers planted rice in the flooded fields.	کسانوں نے پانی والے کھیتوں میں چاول بوئے۔	Urdu (Standard)	South Asia	SACOR_01
The wedding ceremony lasted three days.	شادی کی تقریب تین دن تک چلی۔	Urdu (Standard)	South Asia	SACOR_02
Doctors recommend drinking plenty of water.	ڈاکٹر زیادہ پانی پینے کی صلاح دیتے ہیں۔	Urdu (Standard)	South Asia	SACOR_10
Learning a new language requires practice.	نئی زبان سیکھنے کے لیے مشق کی ضرورت ہے۔	Urdu (Standard)	South Asia	SACOR_03
Family members support each other during difficult times.	خاندان کے ممبر مشکل وقتوں میں ایک دوسرے کی مدد کرتے ہیں۔	Urdu (Standard)	South Asia	SACOR_06
Children were playing cricket in the street.	بچے سڑک پر کرکٹ کھیل رہے تھے۔	Urdu (Standard)	South Asia	SACOR_02
People celebrate festivals with great joy.	لوگ بہت خوشی سے تہوار مناتے ہیں۔	Urdu (Standard)	South Asia	SACOR_09
Smartphones have changed how people communicate.	اسمارٹ فونوں نے لوگوں کے رابطے کے طریقے کو تبدیل کر دیا ہے۔	Urdu (Standard)	South Asia	SACOR_07
Education opens doors to opportunities.	تعلیم مواقع کے دروازے کھولتی ہے۔	Urdu (Standard)	South Asia	SACOR_05
The internet connects people across continents.	انٹرنیٹ براعظموں میں لوگوں کو جوڑتا ہے۔	Urdu (Standard)	South Asia	SACOR_08
Spices add flavor to traditional dishes.	مصالحے روایتی کھانوں میں ذائقہ بڑھاتے ہیں۔	Urdu (Standard)	South Asia	SACOR_01
The teacher explained the lesson patiently.	استاد نے صبر سے سبق سمجھایا۔	Urdu (Standard)	South Asia	SACOR_05
Tea is served to guests as a gesture of hospitality.	مہمانوں کو مہمان نوازی کی نشانی کے طور پر چائے پیش کی جاتی ہے۔	Urdu (Standard)	South Asia	SACOR_09
Sports teach teamwork and discipline.	کھیل ٹیم ورک اور نظم و ضبط سکھاتے ہیں۔	Urdu (Standard)	South Asia	SACOR_06
She received a scholarship to study medicine.	اسے طب کی تعلیم کے لیے اسکالرشپ ملی۔	Urdu (Standard)	South Asia	SACOR_06
Elderly people share wisdom and stories.	بزرگ لوگ حکمت اور کہانیاں بانٹتے ہیں۔	Urdu (Standard)	South Asia	SACOR_01
Traditional music is important for our heritage.	روایتی موسیقی ہماری وراثت کے لیے اہم ہے۔	Urdu (Standard)	South Asia	SACOR_03
Teachers shape young minds.	استاد نوجوان ذہنوں کو شکل دیتے ہیں۔	Urdu (Standard)	South Asia	SACOR_04
Digital payments have made transactions faster.	ڈیجیٹل ادائیگیوں نے معاملات تیز کر دیے ہیں۔	Urdu (Standard)	South Asia	SACOR_02
Regular exercise helps maintain good health.	منظم ورزش اچھی صحت برقرار رکھنے میں مدد کرتی ہے۔	Urdu (Standard)	South Asia	SACOR_04
Online shopping has become popular.	آن لائن خریداری مقبول ہو گئی ہے۔	Urdu (Standard)	South Asia	SACOR_08
My grandmother told me stories.	میری دادی نے مجھے کہانیاں سنائیں۔	Urdu (Standard)	South Asia	SACOR_05
Storytelling preserves culture and knowledge.	کہانی سنانا ثقافت اور علم کو محفوظ رکھتا ہے۔	Urdu (Standard)	South Asia	SACOR_05
Small businesses create employment opportunities.	چھوٹے کاروبار روزگار کے مواقع پیدا کرتے ہیں۔	Urdu (Standard)	South Asia	SACOR_08
Respecting elders is an important value.	بزرگوں کا احترام ایک اہم قدر ہے۔	Urdu (Standard)	South Asia	SACOR_02
Cricket is a popular sport.	کرکٹ ایک مقبول کھیل ہے۔	Urdu (Standard)	South Asia	SACOR_06
Train journeys offer scenic views.	ریل کے سفر مناظر کے نظارے پیش کرتے ہیں۔	Urdu (Standard)	South Asia	SACOR_07
The school organized a science fair.	اسکول نے سائنس میلہ منظم کیا۔	Urdu (Standard)	South Asia	SACOR_06
The professor wrote equations on the blackboard.	پروفیسر نے تختے پر مساوات لکھیں۔	Urdu (Standard)	South Asia	SACOR_01
Eating fresh fruits provides essential vitamins.	تازہ پھل کھانا ضروری وٹامن فراہم کرتا ہے۔	Urdu (Standard)	South Asia	SACOR_04
Tourism brings revenue to regions with historical sites.	سیاحت تاریخی مقامات والے علاقوں میں آمدنی لاتی ہے۔	Urdu (Standard)	South Asia	SACOR_08
Online shopping has become popular.	آن لائن خریداری مقبول ہو گئی ہے۔	Urdu (Standard)	South Asia	SACOR_02
The market was crowded with people.	بازار لوگوں سے بھرا ہوا تھا۔	Urdu (Standard)	South Asia	SACOR_06
My grandmother told me stories.	میری دادی نے مجھے کہانیاں سنائیں۔	Urdu (Standard)	South Asia	SACOR_01
Regular exercise helps maintain good health.	منظم ورزش اچھی صحت برقرار رکھنے میں مدد کرتی ہے۔	Urdu (Standard)	South Asia	SACOR_01
Pollution in cities has become a serious problem.	شہروں میں آلودگی ایک سنجیدہ مسئلہ بن گئی ہے۔	Urdu (Standard)	South Asia	SACOR_08
Agriculture remains the primary source of income.	زراعت آمدنی کا بنیادی ذریعہ رہتی ہے۔	Urdu (Standard)	South Asia	SACOR_05
The forest is home to many wild animals.	جنگل بہت سے جنگلی جانوروں کا گھر ہے۔	Urdu (Standard)	South Asia	SACOR_09
We decided to visit the old temple.	ہم نے پرانے مندر کا دورہ کرنے کا فیصلہ کیا۔	Urdu (Standard)	South Asia	SACOR_09
Train journeys offer scenic views.	ریل کے سفر مناظر کے نظارے پیش کرتے ہیں۔	Urdu (Standard)	South Asia	SACOR_04
Farmers wake up early to tend to crops.	کسان فصلوں کی دیکھ بھال کے لیے جلدی اٹھتے ہیں۔	Urdu (Standard)	South Asia	SACOR_09
I woke up early this morning.	میں آج صبح جلدی اٹھا۔	Urdu (Standard)	South Asia	SACOR_03
Cricket is a popular sport.	کرکٹ ایک مقبول کھیل ہے۔	Urdu (Standard)	South Asia	SACOR_07
Children were playing cricket in the street.	بچے سڑک پر کرکٹ کھیل رہے تھے۔	Urdu (Standard)	South Asia	SACOR_09
Teachers shape young minds.	استاد نوجوان ذہنوں کو شکل دیتے ہیں۔	Urdu (Standard)	South Asia	SACOR_03
Small businesses create employment opportunities.	چھوٹے کاروبار روزگار کے مواقع پیدا کرتے ہیں۔	Urdu (Standard)	South Asia	SACOR_01
The professor wrote equations on the blackboard.	پروفیسر نے تختے پر مساوات لکھیں۔	Urdu (Standard)	South Asia	SACOR_02
Birds were chirping in the trees.	پرندے درختوں میں چہچہا رہے تھے۔	Urdu (Standard)	South Asia	SACOR_03
Clear communication prevents misunderstandings.	صاف رابطہ غلط فہمیوں کو روکتا ہے۔	Urdu (Standard)	South Asia	SACOR_01
Doctors work long hours to treat patients.	ڈاکٹر مریضوں کا علاج کرنے کے لیے لمبے گھنٹے کام کرتے ہیں۔	Urdu (Standard)	South Asia	SACOR_03
Handicrafts showcase artistic traditions.	دستی کاریاں فنکارانہ روایات دکھاتی ہیں۔	Urdu (Standard)	South Asia	SACOR_02
Family members support each other during difficult times.	خاندان کے ممبر مشکل وقتوں میں ایک دوسرے کی مدد کرتے ہیں۔	Urdu (Standard)	South Asia	SACOR_06
Spices add flavor to traditional dishes.	مصالحے روایتی کھانوں میں ذائقہ بڑھاتے ہیں۔	Urdu (Standard)	South Asia	SACOR_03
Children learn best when they are interested.	بچے بہترین سیکھتے ہیں جب وہ دلچسپی رکھتے ہیں۔	Urdu (Standard)	South Asia	SACOR_07
Traditional music is important for our heritage.	روایتی موسیقی ہماری وراثت کے لیے اہم ہے۔	Urdu (Standard)	South Asia	SACOR_03
The school organized a science fair.	اسکول نے سائنس میلہ منظم کیا۔	Urdu (Standard)	South Asia	SACOR_01
Digital payments have made transactions faster.	ڈیجیٹل ادائیگیوں نے معاملات تیز کر دیے ہیں۔	Urdu (Standard)	South Asia	SACOR_08
Farmers planted rice in the flooded fields.	کسانوں نے پانی والے کھیتوں میں چاول بوئے۔	Urdu (Standard)	South Asia	SACOR_07
After finishing his work, he sat down.	اپنا کام مکمل کرنے کے بعد، وہ بیٹھ گیا۔	Urdu (Standard)	South Asia	SACOR_08
Learning a new language requires practice.	نئی زبان سیکھنے کے لیے مشق کی ضرورت ہے۔	Urdu (Standard)	South Asia	SACOR_10
Eating fresh fruits provides essential vitamins.	تازہ پھل کھانا ضروری وٹامن فراہم کرتا ہے۔	Urdu (Standard)	South Asia	SACOR_06
Education opens doors to opportunities.	تعلیم مواقع کے دروازے کھولتی ہے۔	Urdu (Standard)	South Asia	SACOR_08
Respecting elders is an important value.	بزرگوں کا احترام ایک اہم قدر ہے۔	Urdu (Standard)	South Asia	SACOR_06
The bus arrived late.	بس دیر سے پہنچی۔	Urdu (Standard)	South Asia	SACOR_08
Sports teach teamwork and discipline.	کھیل ٹیم ورک اور نظم و ضبط سکھاتے ہیں۔	Urdu (Standard)	South Asia	SACOR_02
Doctors recommend drinking plenty of water.	ڈاکٹر زیادہ پانی پینے کی صلاح دیتے ہیں۔	Urdu (Standard)	South Asia	SACOR_09
She walked slowly through the garden.	وہ باغ میں آہستہ آہستہ چلی۔	Urdu (Standard)	South Asia	SACOR_07
She cooked delicious biryani for the family.	اس نے خاندان کے لیے مزیدار بریانی پکائی۔	Urdu (Standard)	South Asia	SACOR_10
Elderly people share wisdom and stories.	بزرگ لوگ حکمت اور کہانیاں بانٹتے ہیں۔	Urdu (Standard)	South Asia	SACOR_08
People celebrate festivals with great joy.	لوگ بہت خوشی سے تہوار مناتے ہیں۔	Urdu (Standard)	South Asia	SACOR_03
The teacher explained the lesson patiently.	استاد نے صبر سے سبق سمجھایا۔	Urdu (Standard)	South Asia	SACOR_06
The wedding ceremony lasted three days.	شادی کی تقریب تین دن تک چلی۔	Urdu (Standard)	South Asia	SACOR_01
She received a scholarship to study medicine.	اسے طب کی تعلیم کے لیے اسکالرشپ ملی۔	Urdu (Standard)	South Asia	SACOR_01
People travel long distances to visit religious sites.	لوگ مذہبی مقامات دیکھنے کے لیے لمبی دوریاں طے کرتے ہیں۔	Urdu (Standard)	South Asia	SACOR_07
Students gathered in the library.	طلباء لائبریری میں جمع ہوئے۔	Urdu (Standard)	South Asia	SACOR_10
Tourism brings revenue to regions with historical sites.	سیاحت تاریخی مقامات والے علاقوں میں آمدنی لاتی ہے۔	Urdu (Standard)	South Asia	SACOR_08
Cooking together brings family members closer.	مل کر کھانا پکانا خاندان کے ممبروں کو قریب لاتا ہے۔	Urdu (Standard)	South Asia	SACOR_04
The internet connects people across continents.	انٹرنیٹ براعظموں میں لوگوں کو جوڑتا ہے۔	Urdu (Standard)	South Asia	SACOR_07
Reading books improves vocabulary.	کتابیں پڑھنا ذخیرہ الفاظ بہتر بناتا ہے۔	Urdu (Standard)	South Asia	SACOR_06
Tea is served to guests as a gesture of hospitality.	مہمانوں کو مہمان نوازی کی نشانی کے طور پر چائے پیش کی جاتی ہے۔	Urdu (Standard)	South Asia	SACOR_09
Storytelling preserves culture and knowledge.	کہانی سنانا ثقافت اور علم کو محفوظ رکھتا ہے۔	Urdu (Standard)	South Asia	SACOR_08
Smartphones have changed how people communicate.	اسمارٹ فونوں نے لوگوں کے رابطے کے طریقے کو تبدیل کر دیا ہے۔	Urdu (Standard)	South Asia	SACOR_10
The river flows peacefully through the valley.	دریا وادی میں پرامن طریقے سے بہتا ہے۔	Urdu (Standard)	South Asia	SACOR_05
Parents sacrifice their own needs for children.	والدین بچوں کے لیے اپنی ضرورتیں قربان کرتے ہیں۔	Urdu (Standard)	South Asia	SACOR_10
Storytelling preserves culture and knowledge.	کہانی سنانا ثقافت اور علم کو محفوظ رکھتا ہے۔	Urdu (Standard)	South Asia	SACOR_03
Birds were chirping in the trees.	پرندے درختوں میں چہچہا رہے تھے۔	Urdu (Standard)	South Asia	SACOR_04
Respecting elders is an important value.	بزرگوں کا احترام ایک اہم قدر ہے۔	Urdu (Standard)	South Asia	SACOR_02
Sports teach teamwork and discipline.	کھیل ٹیم ورک اور نظم و ضبط سکھاتے ہیں۔	Urdu (Standard)	South Asia	SACOR_06
The river flows peacefully through the valley.	دریا وادی میں پرامن طریقے سے بہتا ہے۔	Urdu (Standard)	South Asia	SACOR_02
Eating fresh fruits provides essential vitamins.	تازہ پھل کھانا ضروری وٹامن فراہم کرتا ہے۔	Urdu (Standard)	South Asia	SACOR_02
People travel long distances to visit religious sites.	لوگ مذہبی مقامات دیکھنے کے لیے لمبی دوریاں طے کرتے ہیں۔	Urdu (Standard)	South Asia	SACOR_01
The forest is home to many wild animals.	جنگل بہت سے جنگلی جانوروں کا گھر ہے۔	Urdu (Standard)	South Asia	SACOR_09
Children learn best when they are interested.	بچے بہترین سیکھتے ہیں جب وہ دلچسپی رکھتے ہیں۔	Urdu (Standard)	South Asia	SACOR_02
Students gathered in the library.	طلباء لائبریری میں جمع ہوئے۔	Urdu (Standard)	South Asia	SACOR_08
Elderly people share wisdom and stories.	بزرگ لوگ حکمت اور کہانیاں بانٹتے ہیں۔	Urdu (Standard)	South Asia	SACOR_09
Traditional music is important for our heritage.	روایتی موسیقی ہماری وراثت کے لیے اہم ہے۔	Urdu (Standard)	South Asia	SACOR_04
Smartphones have changed how people communicate.	اسمارٹ فونوں نے لوگوں کے رابطے کے طریقے کو تبدیل کر دیا ہے۔	Urdu (Standard)	South Asia	SACOR_02
Spices add flavor to traditional dishes.	مصالحے روایتی کھانوں میں ذائقہ بڑھاتے ہیں۔	Urdu (Standard)	South Asia	SACOR_04
Farmers wake up early to tend to crops.	کسان فصلوں کی دیکھ بھال کے لیے جلدی اٹھتے ہیں۔	Urdu (Standard)	South Asia	SACOR_06
Tea is served to guests as a gesture of hospitality.	مہمانوں کو مہمان نوازی کی نشانی کے طور پر چائے پیش کی جاتی ہے۔	Urdu (Standard)	South Asia	SACOR_08
Small businesses create employment opportunities.	چھوٹے کاروبار روزگار کے مواقع پیدا کرتے ہیں۔	Urdu (Standard)	South Asia	SACOR_02
Education opens doors to opportunities.	تعلیم مواقع کے دروازے کھولتی ہے۔	Urdu (Standard)	South Asia	SACOR_10
Handicrafts showcase artistic traditions.	دستی کاریاں فنکارانہ روایات دکھاتی ہیں۔	Urdu (Standard)	South Asia	SACOR_01
The market was crowded with people.	بازار لوگوں سے بھرا ہوا تھا۔	Urdu (Standard)	South Asia	SACOR_10
Family members support each other during difficult times.	خاندان کے ممبر مشکل وقتوں میں ایک دوسرے کی مدد کرتے ہیں۔	Urdu (Standard)	South Asia	SACOR_04
People celebrate festivals with great joy.	لوگ بہت خوشی سے تہوار مناتے ہیں۔	Urdu (Standard)	South Asia	SACOR_07
Parents sacrifice their own needs for children.	والدین بچوں کے لیے اپنی ضرورتیں قربان کرتے ہیں۔	Urdu (Standard)	South Asia	SACOR_07
She walked slowly through the garden.	وہ باغ میں آہستہ آہستہ چلی۔	Urdu (Standard)	South Asia	SACOR_02
Pollution in cities has become a serious problem.	شہروں میں آلودگی ایک سنجیدہ مسئلہ بن گئی ہے۔	Urdu (Standard)	South Asia	SACOR_08
The school organized a science fair.	اسکول نے سائنس میلہ منظم کیا۔	Urdu (Standard)	South Asia	SACOR_07
The professor wrote equations on the blackboard.	پروفیسر نے تختے پر مساوات لکھیں۔	Urdu (Standard)	South Asia	SACOR_06
We decided to visit the old temple.	ہم نے پرانے مندر کا دورہ کرنے کا فیصلہ کیا۔	Urdu (Standard)	South Asia	SACOR_09
Reading books improves vocabulary.	کتابیں پڑھنا ذخیرہ الفاظ بہتر بناتا ہے۔	Urdu (Standard)	South Asia	SACOR_09
Cooking together brings family members closer.	مل کر کھانا پکانا خاندان کے ممبروں کو قریب لاتا ہے۔	Urdu (Standard)	South Asia	SACOR_02
Clear communication prevents misunderstandings.	صاف رابطہ غلط فہمیوں کو روکتا ہے۔	Urdu (Standard)	South Asia	SACOR_09
The wedding ceremony lasted three days.	شادی کی تقریب تین دن تک چلی۔	Urdu (Standard)	South Asia	SACOR_09
Teachers shape young minds.	استاد نوجوان ذہنوں کو شکل دیتے ہیں۔	Urdu (Standard)	South Asia	SACOR_04
Doctors work long hours to treat patients.	ڈاکٹر مریضوں کا علاج کرنے کے لیے لمبے گھنٹے کام کرتے ہیں۔	Urdu (Standard)	South Asia	SACOR_08
Digital payments have made transactions faster.	ڈیجیٹل ادائیگیوں نے معاملات تیز کر دیے ہیں۔	Urdu (Standard)	South Asia	SACOR_07
Tourism brings revenue to regions with historical sites.	سیاحت تاریخی مقامات والے علاقوں میں آمدنی لاتی ہے۔	Urdu (Standard)	South Asia	SACOR_01
Online shopping has become popular.	آن لائن خریداری مقبول ہو گئی ہے۔	Urdu (Standard)	South Asia	SACOR_07
I woke up early this morning.	میں آج صبح جلدی اٹھا۔	Urdu (Standard)	South Asia	SACOR_02
The bus arrived late.	بس دیر سے پہنچی۔	Urdu (Standard)	South Asia	SACOR_08
Doctors recommend drinking plenty of water.	ڈاکٹر زیادہ پانی پینے کی صلاح دیتے ہیں۔	Urdu (Standard)	South Asia	SACOR_02
She cooked delicious biryani for the family.	اس نے خاندان کے لیے مزیدار بریانی پکائی۔	Urdu (Standard)	South Asia	SACOR_03
Farmers planted rice in the flooded fields.	کسانوں نے پانی والے کھیتوں میں چاول بوئے۔	Urdu (Standard)	South Asia	SACOR_06
The internet connects people across continents.	انٹرنیٹ براعظموں میں لوگوں کو جوڑتا ہے۔	Urdu (Standard)	South Asia	SACOR_06
My grandmother told me stories.	میری دادی نے مجھے کہانیاں سنائیں۔	Urdu (Standard)	South Asia	SACOR_01
The teacher explained the lesson patiently.	استاد نے صبر سے سبق سمجھایا۔	Urdu (Standard)	South Asia	SACOR_08
Children were playing cricket in the street.	بچے سڑک پر کرکٹ کھیل رہے تھے۔	Urdu (Standard)	South Asia	SACOR_06
Agriculture remains the primary source of income.	زراعت آمدنی کا بنیادی ذریعہ رہتی ہے۔	Urdu (Standard)	South Asia	SACOR_09
Cricket is a popular sport.	کرکٹ ایک مقبول کھیل ہے۔	Urdu (Standard)	South Asia	SACOR_05
She received a scholarship to study medicine.	اسے طب کی تعلیم کے لیے اسکالرشپ ملی۔	Urdu (Standard)	South Asia	SACOR_10
Regular exercise helps maintain good health.	منظم ورزش اچھی صحت برقرار رکھنے میں مدد کرتی ہے۔	Urdu (Standard)	South Asia	SACOR_04
Learning a new language requires practice.	نئی زبان سیکھنے کے لیے مشق کی ضرورت ہے۔	Urdu (Standard)	South Asia	SACOR_10
Train journeys offer scenic views.	ریل کے سفر مناظر کے نظارے پیش کرتے ہیں۔	Urdu (Standard)	South Asia	SACOR_02
After finishing his work, he sat down.	اپنا کام مکمل کرنے کے بعد، وہ بیٹھ گیا۔	Urdu (Standard)	South Asia	SACOR_08
The internet connects people across continents.	انٹرنیٹ براعظموں میں لوگوں کو جوڑتا ہے۔	Urdu (Standard)	South Asia	SACOR_09
The teacher explained the lesson patiently.	استاد نے صبر سے سبق سمجھایا۔	Urdu (Standard)	South Asia	SACOR_03
Cricket is a popular sport.	کرکٹ ایک مقبول کھیل ہے۔	Urdu (Standard)	South Asia	SACOR_07
Smartphones have changed how people communicate.	اسمارٹ فونوں نے لوگوں کے رابطے کے طریقے کو تبدیل کر دیا ہے۔	Urdu (Standard)	South Asia	SACOR_05
Education opens doors to opportunities.	تعلیم مواقع کے دروازے کھولتی ہے۔	Urdu (Standard)	South Asia	SACOR_01
Tourism brings revenue to regions with historical sites.	سیاحت تاریخی مقامات والے علاقوں میں آمدنی لاتی ہے۔	Urdu (Standard)	South Asia	SACOR_09
The market was crowded with people.	بازار لوگوں سے بھرا ہوا تھا۔	Urdu (Standard)	South Asia	SACOR_04
Students gathered in the library.	طلباء لائبریری میں جمع ہوئے۔	Urdu (Standard)	South Asia	SACOR_05
People celebrate festivals with great joy.	لوگ بہت خوشی سے تہوار مناتے ہیں۔	Urdu (Standard)	South Asia	SACOR_05
My grandmother told me stories.	میری دادی نے مجھے کہانیاں سنائیں۔	Urdu (Standard)	South Asia	SACOR_05
Regular exercise helps maintain good health.	منظم ورزش اچھی صحت برقرار رکھنے میں مدد کرتی ہے۔	Urdu (Standard)	South Asia	SACOR_04
After finishing his work, he sat down.	اپنا کام مکمل کرنے کے بعد، وہ بیٹھ گیا۔	Urdu (Standard)	South Asia	SACOR_05
Sports teach teamwork and discipline.	کھیل ٹیم ورک اور نظم و ضبط سکھاتے ہیں۔	Urdu (Standard)	South Asia	SACOR_01
Children learn best when they are interested.	بچے بہترین سیکھتے ہیں جب وہ دلچسپی رکھتے ہیں۔	Urdu (Standard)	South Asia	SACOR_03
She cooked delicious biryani for the family.	اس نے خاندان کے لیے مزیدار بریانی پکائی۔	Urdu (Standard)	South Asia	SACOR_09
Doctors work long hours to treat patients.	ڈاکٹر مریضوں کا علاج کرنے کے لیے لمبے گھنٹے کام کرتے ہیں۔	Urdu (Standard)	South Asia	SACOR_09
Storytelling preserves culture and knowledge.	کہانی سنانا ثقافت اور علم کو محفوظ رکھتا ہے۔	Urdu (Standard)	South Asia	SACOR_06
She received a scholarship to study medicine.	اسے طب کی تعلیم کے لیے اسکالرشپ ملی۔	Urdu (Standard)	South Asia	SACOR_06
She walked slowly through the garden.	وہ باغ میں آہستہ آہستہ چلی۔	Urdu (Standard)	South Asia	SACOR_10
Cooking together brings family members closer.	مل کر کھانا پکانا خاندان کے ممبروں کو قریب لاتا ہے۔	Urdu (Standard)	South Asia	SACOR_10
Respecting elders is an important value.	بزرگوں کا احترام ایک اہم قدر ہے۔	Urdu (Standard)	South Asia	SACOR_02
Clear communication prevents misunderstandings.	صاف رابطہ غلط فہمیوں کو روکتا ہے۔	Urdu (Standard)	South Asia	SACOR_01
Parents sacrifice their own needs for children.	والدین بچوں کے لیے اپنی ضرورتیں قربان کرتے ہیں۔	Urdu (Standard)	South Asia	SACOR_09
Spices add flavor to traditional dishes.	مصالحے روایتی کھانوں میں ذائقہ بڑھاتے ہیں۔	Urdu (Standard)	South Asia	SACOR_08
The river flows peacefully through the valley.	دریا وادی میں پرامن طریقے سے بہتا ہے۔	Urdu (Standard)	South Asia	SACOR_08
Family members support each other during difficult times.	خاندان کے ممبر مشکل وقتوں میں ایک دوسرے کی مدد کرتے ہیں۔	Urdu (Standard)	South Asia	SACOR_02
I woke up early this morning.	میں آج صبح جلدی اٹھا۔	Urdu (Standard)	South Asia	SACOR_08
The bus arrived late.	بس دیر سے پہنچی۔	Urdu (Standard)	South Asia	SACOR_06
Reading books improves vocabulary.	کتابیں پڑھنا ذخیرہ الفاظ بہتر بناتا ہے۔	Urdu (Standard)	South Asia	SACOR_07
Farmers wake up early to tend to crops.	کسان فصلوں کی دیکھ بھال کے لیے جلدی اٹھتے ہیں۔	Urdu (Standard)	South Asia	SACOR_07
The forest is home to many wild animals.	جنگل بہت سے جنگلی جانوروں کا گھر ہے۔	Urdu (Standard)	South Asia	SACOR_04
Teachers shape young minds.	استاد نوجوان ذہنوں کو شکل دیتے ہیں۔	Urdu (Standard)	South Asia	SACOR_06
Tea is served to guests as a gesture of hospitality.	مہمانوں کو مہمان نوازی کی نشانی کے طور پر چائے پیش کی جاتی ہے۔	Urdu (Standard)	South Asia	SACOR_08
Agriculture remains the primary source of income.	زراعت آمدنی کا بنیادی ذریعہ رہتی ہے۔	Urdu (Standard)	South Asia	SACOR_10
Learning a new language requires practice.	نئی زبان سیکھنے کے لیے مشق کی ضرورت ہے۔	Urdu (Standard)	South Asia	SACOR_01
Eating fresh fruits provides essential vitamins.	تازہ پھل کھانا ضروری وٹامن فراہم کرتا ہے۔	Urdu (Standard)	South Asia	SACOR_04
Doctors recommend drinking plenty of water.	ڈاکٹر زیادہ پانی پینے کی صلاح دیتے ہیں۔	Urdu (Standard)	South Asia	SACOR_09
The school organized a science fair.	اسکول نے سائنس میلہ منظم کیا۔	Urdu (Standard)	South Asia	SACOR_02
Birds were chirping in the trees.	پرندے درختوں میں چہچہا رہے تھے۔	Urdu (Standard)	South Asia	SACOR_09
Children were playing cricket in the street.	بچے سڑک پر کرکٹ کھیل رہے تھے۔	Urdu (Standard)	South Asia	SACOR_07
Digital payments have made transactions faster.	ڈیجیٹل ادائیگیوں نے معاملات تیز کر دیے ہیں۔	Urdu (Standard)	South Asia	SACOR_09
Pollution in cities has become a serious problem.	شہروں میں آلودگی ایک سنجیدہ مسئلہ بن گئی ہے۔	Urdu (Standard)	South Asia	SACOR_04
Train journeys offer scenic views.	ریل کے سفر مناظر کے نظارے پیش کرتے ہیں۔	Urdu (Standard)	South Asia	SACOR_03
The professor wrote equations on the blackboard.	پروفیسر نے تختے پر مساوات لکھیں۔	Urdu (Standard)	South Asia	SACOR_01
Elderly people share wisdom and stories.	بزرگ لوگ حکمت اور کہانیاں بانٹتے ہیں۔	Urdu (Standard)	South Asia	SACOR_01
The wedding ceremony lasted three days.	شادی کی تقریب تین دن تک چلی۔	Urdu (Standard)	South Asia	SACOR_08
Handicrafts showcase artistic traditions.	دستی کاریاں فنکارانہ روایات دکھاتی ہیں۔	Urdu (Standard)	South Asia	SACOR_04
Small businesses create employment opportunities.	چھوٹے کاروبار روزگار کے مواقع پیدا کرتے ہیں۔	Urdu (Standard)	South Asia	SACOR_09
Traditional music is important for our heritage.	روایتی موسیقی ہماری وراثت کے لیے اہم ہے۔	Urdu (Standard)	South Asia	SACOR_07
People travel long distances to visit religious sites.	لوگ مذہبی مقامات دیکھنے کے لیے لمبی دوریاں طے کرتے ہیں۔	Urdu (Standard)	South Asia	SACOR_06
Online shopping has become popular.	آن لائن خریداری مقبول ہو گئی ہے۔	Urdu (Standard)	South Asia	SACOR_05
We decided to visit the old temple.	ہم نے پرانے مندر کا دورہ کرنے کا فیصلہ کیا۔	Urdu (Standard)	South Asia	SACOR_04
Farmers planted rice in the flooded fields.	کسانوں نے پانی والے کھیتوں میں چاول بوئے۔	Urdu (Standard)	South Asia	SACOR_08
The river flows peacefully through the valley.	دریا وادی میں پرامن طریقے سے بہتا ہے۔	Urdu (Standard)	South Asia	SACOR_01
Digital payments have made transactions faster.	ڈیجیٹل ادائیگیوں نے معاملات تیز کر دیے ہیں۔	Urdu (Standard)	South Asia	SACOR_02
Spices add flavor to traditional dishes.	مصالحے روایتی کھانوں میں ذائقہ بڑھاتے ہیں۔	Urdu (Standard)	South Asia	SACOR_02
Train journeys offer scenic views.	ریل کے سفر مناظر کے نظارے پیش کرتے ہیں۔	Urdu (Standard)	South Asia	SACOR_03
Traditional music is important for our heritage.	روایتی موسیقی ہماری وراثت کے لیے اہم ہے۔	Urdu (Standard)	South Asia	SACOR_07
The forest is home to many wild animals.	جنگل بہت سے جنگلی جانوروں کا گھر ہے۔	Urdu (Standard)	South Asia	SACOR_10
We decided to visit the old temple.	ہم نے پرانے مندر کا دورہ کرنے کا فیصلہ کیا۔	Urdu (Standard)	South Asia	SACOR_10
People travel long distances to visit religious sites.	لوگ مذہبی مقامات دیکھنے کے لیے لمبی دوریاں طے کرتے ہیں۔	Urdu (Standard)	South Asia	SACOR_03
The professor wrote equations on the blackboard.	پروفیسر نے تختے پر مساوات لکھیں۔	Urdu (Standard)	South Asia	SACOR_09
Smartphones have changed how people communicate.	اسمارٹ فونوں نے لوگوں کے رابطے کے طریقے کو تبدیل کر دیا ہے۔	Urdu (Standard)	South Asia	SACOR_10
Cricket is a popular sport.	کرکٹ ایک مقبول کھیل ہے۔	Urdu (Standard)	South Asia	SACOR_08
Small businesses create employment opportunities.	چھوٹے کاروبار روزگار کے مواقع پیدا کرتے ہیں۔	Urdu (Standard)	South Asia	SACOR_03
Respecting elders is an important value.	بزرگوں کا احترام ایک اہم قدر ہے۔	Urdu (Standard)	South Asia	SACOR_03
Students gathered in the library.	طلباء لائبریری میں جمع ہوئے۔	Urdu (Standard)	South Asia	SACOR_05
The teacher explained the lesson patiently.	استاد نے صبر سے سبق سمجھایا۔	Urdu (Standard)	South Asia	SACOR_10
Learning a new language requires practice.	نئی زبان سیکھنے کے لیے مشق کی ضرورت ہے۔	Urdu (Standard)	South Asia	SACOR_08
Tea is served to guests as a gesture of hospitality.	مہمانوں کو مہمان نوازی کی نشانی کے طور پر چائے پیش کی جاتی ہے۔	Urdu (Standard)	South Asia	SACOR_07
The wedding ceremony lasted three days.	شادی کی تقریب تین دن تک چلی۔	Urdu (Standard)	South Asia	SACOR_02
She received a scholarship to study medicine.	اسے طب کی تعلیم کے لیے اسکالرشپ ملی۔	Urdu (Standard)	South Asia	SACOR_10
She walked slowly through the garden.	وہ باغ میں آہستہ آہستہ چلی۔	Urdu (Standard)	South Asia	SACOR_04
I woke up early this morning.	میں آج صبح جلدی اٹھا۔	Urdu (Standard)	South Asia	SACOR_05
Family members support each other during difficult times.	خاندان کے ممبر مشکل وقتوں میں ایک دوسرے کی مدد کرتے ہیں۔	Urdu (Standard)	South Asia	SACOR_09
Clear communication prevents misunderstandings.	صاف رابطہ غلط فہمیوں کو روکتا ہے۔	Urdu (Standard)	South Asia	SACOR_08
Doctors recommend drinking plenty of water.	ڈاکٹر زیادہ پانی پینے کی صلاح دیتے ہیں۔	Urdu (Standard)	South Asia	SACOR_08
Eating fresh fruits provides essential vitamins.	تازہ پھل کھانا ضروری وٹامن فراہم کرتا ہے۔	Urdu (Standard)	South Asia	SACOR_07
Children learn best when they are interested.	بچے بہترین سیکھتے ہیں جب وہ دلچسپی رکھتے ہیں۔	Urdu (Standard)	South Asia	SACOR_01
Storytelling preserves culture and knowledge.	کہانی سنانا ثقافت اور علم کو محفوظ رکھتا ہے۔	Urdu (Standard)	South Asia	SACOR_02
Cooking together brings family members closer.	مل کر کھانا پکانا خاندان کے ممبروں کو قریب لاتا ہے۔	Urdu (Standard)	South Asia	SACOR_04
Agriculture remains the primary source of income.	زراعت آمدنی کا بنیادی ذریعہ رہتی ہے۔	Urdu (Standard)	South Asia	SACOR_02
The school organized a science fair.	اسکول نے سائنس میلہ منظم کیا۔	Urdu (Standard)	South Asia	SACOR_01
Pollution in cities has become a serious problem.	شہروں میں آلودگی ایک سنجیدہ مسئلہ بن گئی ہے۔	Urdu (Standard)	South Asia	SACOR_10
My grandmother told me stories.	میری دادی نے مجھے کہانیاں سنائیں۔	Urdu (Standard)	South Asia	SACOR_09
Regular exercise helps maintain good health.	منظم ورزش اچھی صحت برقرار رکھنے میں مدد کرتی ہے۔	Urdu (Standard)	South Asia	SACOR_07
After finishing his work, he sat down.	اپنا کام مکمل کرنے کے بعد، وہ بیٹھ گیا۔	Urdu (Standard)	South Asia	SACOR_03
Online shopping has become popular.	آن لائن خریداری مقبول ہو گئی ہے۔	Urdu (Standard)	South Asia	SACOR_05
Reading books improves vocabulary.	کتابیں پڑھنا ذخیرہ الفاظ بہتر بناتا ہے۔	Urdu (Standard)	South Asia	SACOR_06
Farmers wake up early to tend to crops.	کسان فصلوں کی دیکھ بھال کے لیے جلدی اٹھتے ہیں۔	Urdu (Standard)	South Asia	SACOR_04
Elderly people share wisdom and stories.	بزرگ لوگ حکمت اور کہانیاں بانٹتے ہیں۔	Urdu (Standard)	South Asia	SACOR_02
Tourism brings revenue to regions with historical sites.	سیاحت تاریخی مقامات والے علاقوں میں آمدنی لاتی ہے۔	Urdu (Standard)	South Asia	SACOR_02
Teachers shape young minds.	استاد نوجوان ذہنوں کو شکل دیتے ہیں۔	Urdu (Standard)	South Asia	SACOR_06
Sports teach teamwork and discipline.	کھیل ٹیم ورک اور نظم و ضبط سکھاتے ہیں۔	Urdu (Standard)	South Asia	SACOR_08
People celebrate festivals with great joy.	لوگ بہت خوشی سے تہوار مناتے ہیں۔	Urdu (Standard)	South Asia	SACOR_02
Education opens doors to opportunities.	تعلیم مواقع کے دروازے کھولتی ہے۔	Urdu (Standard)	South Asia	SACOR_09
Handicrafts showcase artistic traditions.	دستی کاریاں فنکارانہ روایات دکھاتی ہیں۔	Urdu (Standard)	South Asia	SACOR_03
The bus arrived late.	بس دیر سے پہنچی۔	Urdu (Standard)	South Asia	SACOR_07
Parents sacrifice their own needs for children.	والدین بچوں کے لیے اپنی ضرورتیں قربان کرتے ہیں۔	Urdu (Standard)	South Asia	SACOR_06
Children were playing cricket in the street.	بچے سڑک پر کرکٹ کھیل رہے تھے۔	Urdu (Standard)	South Asia	SACOR_03
She cooked delicious biryani for the family.	اس نے خاندان کے لیے مزیدار بریانی پکائی۔	Urdu (Standard)	South Asia	SACOR_03
The internet connects people across continents.	انٹرنیٹ براعظموں میں لوگوں کو جوڑتا ہے۔	Urdu (Standard)	South Asia	SACOR_08
Birds were chirping in the trees.	پرندے درختوں میں چہچہا رہے تھے۔	Urdu (Standard)	South Asia	SACOR_02
Farmers planted rice in the flooded fields.	کسانوں نے پانی والے کھیتوں میں چاول بوئے۔	Urdu (Standard)	South Asia	SACOR_01
Doctors work long hours to treat patients.	ڈاکٹر مریضوں کا علاج کرنے کے لیے لمبے گھنٹے کام کرتے ہیں۔	Urdu (Standard)	South Asia	SACOR_07
The market was crowded with people.	بازار لوگوں سے بھرا ہوا تھا۔	Urdu (Standard)	South Asia	SACOR_09
Handicrafts showcase artistic traditions.	دستی کاریاں فنکارانہ روایات دکھاتی ہیں۔	Urdu (Standard)	South Asia	SACOR_05
Pollution in cities has become a serious problem.	شہروں میں آلودگی ایک سنجیدہ مسئلہ بن گئی ہے۔	Urdu (Standard)	South Asia	SACOR_07
Digital payments have made transactions faster.	ڈیجیٹل ادائیگیوں نے معاملات تیز کر دیے ہیں۔	Urdu (Standard)	South Asia	SACOR_07
The school organized a science fair.	اسکول نے سائنس میلہ منظم کیا۔	Urdu (Standard)	South Asia	SACOR_07
Smartphones have changed how people communicate.	اسمارٹ فونوں نے لوگوں کے رابطے کے طریقے کو تبدیل کر دیا ہے۔	Urdu (Standard)	South Asia	SACOR_06
My grandmother told me stories.	میری دادی نے مجھے کہانیاں سنائیں۔	Urdu (Standard)	South Asia	SACOR_07
Education opens doors to opportunities.	تعلیم مواقع کے دروازے کھولتی ہے۔	Urdu (Standard)	South Asia	SACOR_06
Doctors recommend drinking plenty of water.	ڈاکٹر زیادہ پانی پینے کی صلاح دیتے ہیں۔	Urdu (Standard)	South Asia	SACOR_09
Cooking together brings family members closer.	مل کر کھانا پکانا خاندان کے ممبروں کو قریب لاتا ہے۔	Urdu (Standard)	South Asia	SACOR_05
Tea is served to guests as a gesture of hospitality.	مہمانوں کو مہمان نوازی کی نشانی کے طور پر چائے پیش کی جاتی ہے۔	Urdu (Standard)	South Asia	SACOR_01
After finishing his work, he sat down.	اپنا کام مکمل کرنے کے بعد، وہ بیٹھ گیا۔	Urdu (Standard)	South Asia	SACOR_05
Eating fresh fruits provides essential vitamins.	تازہ پھل کھانا ضروری وٹامن فراہم کرتا ہے۔	Urdu (Standard)	South Asia	SACOR_03
She received a scholarship to study medicine.	اسے طب کی تعلیم کے لیے اسکالرشپ ملی۔	Urdu (Standard)	South Asia	SACOR_10
Parents sacrifice their own needs for children.	والدین بچوں کے لیے اپنی ضرورتیں قربان کرتے ہیں۔	Urdu (Standard)	South Asia	SACOR_02
Cricket is a popular sport.	کرکٹ ایک مقبول کھیل ہے۔	Urdu (Standard)	South Asia	SACOR_01
We decided to visit the old temple.	ہم نے پرانے مندر کا دورہ کرنے کا فیصلہ کیا۔	Urdu (Standard)	South Asia	SACOR_04
Agriculture remains the primary source of income.	زراعت آمدنی کا بنیادی ذریعہ رہتی ہے۔	Urdu (Standard)	South Asia	SACOR_08
People celebrate festivals with great joy.	لوگ بہت خوشی سے تہوار مناتے ہیں۔	Urdu (Standard)	South Asia	SACOR_05
Storytelling preserves culture and knowledge.	کہانی سنانا ثقافت اور علم کو محفوظ رکھتا ہے۔	Urdu (Standard)	South Asia	SACOR_10
Learning a new language requires practice.	نئی زبان سیکھنے کے لیے مشق کی ضرورت ہے۔	Urdu (Standard)	South Asia	SACOR_08
Tourism brings revenue to regions with historical sites.	سیاحت تاریخی مقامات والے علاقوں میں آمدنی لاتی ہے۔	Urdu (Standard)	South Asia	SACOR_04
Small businesses create employment opportunities.	چھوٹے کاروبار روزگار کے مواقع پیدا کرتے ہیں۔	Urdu (Standard)	South Asia	SACOR_07
She walked slowly through the garden.	وہ باغ میں آہستہ آہستہ چلی۔	Urdu (Standard)	South Asia	SACOR_05
Children were playing cricket in the street.	بچے سڑک پر کرکٹ کھیل رہے تھے۔	Urdu (Standard)	South Asia	SACOR_06
Online shopping has become popular.	آن لائن خریداری مقبول ہو گئی ہے۔	Urdu (Standard)	South Asia	SACOR_07
The river flows peacefully through the valley.	دریا وادی میں پرامن طریقے سے بہتا ہے۔	Urdu (Standard)	South Asia	SACOR_08
I woke up early this morning.	میں آج صبح جلدی اٹھا۔	Urdu (Standard)	South Asia	SACOR_02
The internet connects people across continents.	انٹرنیٹ براعظموں میں لوگوں کو جوڑتا ہے۔	Urdu (Standard)	South Asia	SACOR_03
Teachers shape young minds.	استاد نوجوان ذہنوں کو شکل دیتے ہیں۔	Urdu (Standard)	South Asia	SACOR_02
Elderly people share wisdom and stories.	بزرگ لوگ حکمت اور کہانیاں بانٹتے ہیں۔	Urdu (Standard)	South Asia	SACOR_03
Sports teach teamwork and discipline.	کھیل ٹیم ورک اور نظم و ضبط سکھاتے ہیں۔	Urdu (Standard)	South Asia	SACOR_05
Traditional music is important for our heritage.	روایتی موسیقی ہماری وراثت کے لیے اہم ہے۔	Urdu (Standard)	South Asia	SACOR_10
Respecting elders is an important value.	بزرگوں کا احترام ایک اہم قدر ہے۔	Urdu (Standard)	South Asia	SACOR_09
People travel long distances to visit religious sites.	لوگ مذہبی مقامات دیکھنے کے لیے لمبی دوریاں طے کرتے ہیں۔	Urdu (Standard)	South Asia	SACOR_08
Train journeys offer scenic views.	ریل کے سفر مناظر کے نظارے پیش کرتے ہیں۔	Urdu (Standard)	South Asia	SACOR_07
Spices add flavor to traditional dishes.	مصالحے روایتی کھانوں میں ذائقہ بڑھاتے ہیں۔	Urdu (Standard)	South Asia	SACOR_05
Doctors work long hours to treat patients.	ڈاکٹر مریضوں کا علاج کرنے کے لیے لمبے گھنٹے کام کرتے ہیں۔	Urdu (Standard)	South Asia	SACOR_02
The wedding ceremony lasted three days.	شادی کی تقریب تین دن تک چلی۔	Urdu (Standard)	South Asia	SACOR_06
Farmers wake up early to tend to crops.	کسان فصلوں کی دیکھ بھال کے لیے جلدی اٹھتے ہیں۔	Urdu (Standard)	South Asia	SACOR_06
Reading books improves vocabulary.	کتابیں پڑھنا ذخیرہ الفاظ بہتر بناتا ہے۔	Urdu (Standard)	South Asia	SACOR_08
Clear communication prevents misunderstandings.	صاف رابطہ غلط فہمیوں کو روکتا ہے۔	Urdu (Standard)	South Asia	SACOR_03
The teacher explained the lesson patiently.	استاد نے صبر سے سبق سمجھایا۔	Urdu (Standard)	South Asia	SACOR_02
Birds were chirping in the trees.	پرندے درختوں میں چہچہا رہے تھے۔	Urdu (Standard)	South Asia	SACOR_04
Family members support each other during difficult times.	خاندان کے ممبر مشکل وقتوں میں ایک دوسرے کی مدد کرتے ہیں۔	Urdu (Standard)	South Asia	SACOR_02
The market was crowded with people.	بازار لوگوں سے بھرا ہوا تھا۔	Urdu (Standard)	South Asia	SACOR_10
She cooked delicious biryani for the family.	اس نے خاندان کے لیے مزیدار بریانی پکائی۔	Urdu (Standard)	South Asia	SACOR_02
The professor wrote equations on the blackboard.	پروفیسر نے تختے پر مساوات لکھیں۔	Urdu (Standard)	South Asia	SACOR_04
Farmers planted rice in the flooded fields.	کسانوں نے پانی والے کھیتوں میں چاول بوئے۔	Urdu (Standard)	South Asia	SACOR_10
The forest is home to many wild animals.	جنگل بہت سے جنگلی جانوروں کا گھر ہے۔	Urdu (Standard)	South Asia	SACOR_07
Children learn best when they are interested.	بچے بہترین سیکھتے ہیں جب وہ دلچسپی رکھتے ہیں۔	Urdu (Standard)	South Asia	SACOR_09
The bus arrived late.	بس دیر سے پہنچی۔	Urdu (Standard)	South Asia	SACOR_04
Students gathered in the library.	طلباء لائبریری میں جمع ہوئے۔	Urdu (Standard)	South Asia	SACOR_10
Regular exercise helps maintain good health.	منظم ورزش اچھی صحت برقرار رکھنے میں مدد کرتی ہے۔	Urdu (Standard)	South Asia	SACOR_01
Farmers wake up early to tend to crops.	کسان فصلوں کی دیکھ بھال کے لیے جلدی اٹھتے ہیں۔	Urdu (Standard)	South Asia	SACOR_03
Respecting elders is an important value.	بزرگوں کا احترام ایک اہم قدر ہے۔	Urdu (Standard)	South Asia	SACOR_09
Handicrafts showcase artistic traditions.	دستی کاریاں فنکارانہ روایات دکھاتی ہیں۔	Urdu (Standard)	South Asia	SACOR_03
People celebrate festivals with great joy.	لوگ بہت خوشی سے تہوار مناتے ہیں۔	Urdu (Standard)	South Asia	SACOR_10
The forest is home to many wild animals.	جنگل بہت سے جنگلی جانوروں کا گھر ہے۔	Urdu (Standard)	South Asia	SACOR_08
Students gathered in the library.	طلباء لائبریری میں جمع ہوئے۔	Urdu (Standard)	South Asia	SACOR_07
Doctors recommend drinking plenty of water.	ڈاکٹر زیادہ پانی پینے کی صلاح دیتے ہیں۔	Urdu (Standard)	South Asia	SACOR_08
My grandmother told me stories.	میری دادی نے مجھے کہانیاں سنائیں۔	Urdu (Standard)	South Asia	SACOR_03
Education opens doors to opportunities.	تعلیم مواقع کے دروازے کھولتی ہے۔	Urdu (Standard)	South Asia	SACOR_03
Pollution in cities has become a serious problem.	شہروں میں آلودگی ایک سنجیدہ مسئلہ بن گئی ہے۔	Urdu (Standard)	South Asia	SACOR_01
The internet connects people across continents.	انٹرنیٹ براعظموں میں لوگوں کو جوڑتا ہے۔	Urdu (Standard)	South Asia	SACOR_08
Children learn best when they are interested.	بچے بہترین سیکھتے ہیں جب وہ دلچسپی رکھتے ہیں۔	Urdu (Standard)	South Asia	SACOR_02
She walked slowly through the garden.	وہ باغ میں آہستہ آہستہ چلی۔	Urdu (Standard)	South Asia	SACOR_02
Clear communication prevents misunderstandings.	صاف رابطہ غلط فہمیوں کو روکتا ہے۔	Urdu (Standard)	South Asia	SACOR_04
The bus arrived late.	بس دیر سے پہنچی۔	Urdu (Standard)	South Asia	SACOR_06
Cricket is a popular sport.	کرکٹ ایک مقبول کھیل ہے۔	Urdu (Standard)	South Asia	SACOR_01
The school organized a science fair.	اسکول نے سائنس میلہ منظم کیا۔	Urdu (Standard)	South Asia	SACOR_04
Eating fresh fruits provides essential vitamins.	تازہ پھل کھانا ضروری وٹامن فراہم کرتا ہے۔	Urdu (Standard)	South Asia	SACOR_04
Sports teach teamwork and discipline.	کھیل ٹیم ورک اور نظم و ضبط سکھاتے ہیں۔	Urdu (Standard)	South Asia	SACOR_07
She received a scholarship to study medicine.	اسے طب کی تعلیم کے لیے اسکالرشپ ملی۔	Urdu (Standard)	South Asia	SACOR_07
Cooking together brings family members closer.	مل کر کھانا پکانا خاندان کے ممبروں کو قریب لاتا ہے۔	Urdu (Standard)	South Asia	SACOR_09
Birds were chirping in the trees.	پرندے درختوں میں چہچہا رہے تھے۔	Urdu (Standard)	South Asia	SACOR_10
Small businesses create employment opportunities.	چھوٹے کاروبار روزگار کے مواقع پیدا کرتے ہیں۔	Urdu (Standard)	South Asia	SACOR_05
Smartphones have changed how people communicate.	اسمارٹ فونوں نے لوگوں کے رابطے کے طریقے کو تبدیل کر دیا ہے۔	Urdu (Standard)	South Asia	SACOR_10
Teachers shape young minds.	استاد نوجوان ذہنوں کو شکل دیتے ہیں۔	Urdu (Standard)	South Asia	SACOR_05
Doctors work long hours to treat patients.	ڈاکٹر مریضوں کا علاج کرنے کے لیے لمبے گھنٹے کام کرتے ہیں۔	Urdu (Standard)	South Asia	SACOR_10
Reading books improves vocabulary.	کتابیں پڑھنا ذخیرہ الفاظ بہتر بناتا ہے۔	Urdu (Standard)	South Asia	SACOR_03
We decided to visit the old temple.	ہم نے پرانے مندر کا دورہ کرنے کا فیصلہ کیا۔	Urdu (Standard)	South Asia	SACOR_08
People travel long distances to visit religious sites.	لوگ مذہبی مقامات دیکھنے کے لیے لمبی دوریاں طے کرتے ہیں۔	Urdu (Standard)	South Asia	SACOR_09
After finishing his work, he sat down.	اپنا کام مکمل کرنے کے بعد، وہ بیٹھ گیا۔	Urdu (Standard)	South Asia	SACOR_04
Tea is served to guests as a gesture of hospitality.	مہمانوں کو مہمان نوازی کی نشانی کے طور پر چائے پیش کی جاتی ہے۔	Urdu (Standard)	South Asia	SACOR_07
Agriculture remains the primary source of income.	زراعت آمدنی کا بنیادی ذریعہ رہتی ہے۔	Urdu (Standard)	South Asia	SACOR_08
The wedding ceremony lasted three days.	شادی کی تقریب تین دن تک چلی۔	Urdu (Standard)	South Asia	SACOR_08
I woke up early this morning.	میں آج صبح جلدی اٹھا۔	Urdu (Standard)	South Asia	SACOR_05
Tourism brings revenue to regions with historical sites.	سیاحت تاریخی مقامات والے علاقوں میں آمدنی لاتی ہے۔	Urdu (Standard)	South Asia	SACOR_05
The river flows peacefully through the valley.	دریا وادی میں پرامن طریقے سے بہتا ہے۔	Urdu (Standard)	South Asia	SACOR_08
The teacher explained the lesson patiently.	استاد نے صبر سے سبق سمجھایا۔	Urdu (Standard)	South Asia	SACOR_04
Learning a new language requires practice.	نئی زبان سیکھنے کے لیے مشق کی ضرورت ہے۔	Urdu (Standard)	South Asia	SACOR_03
Children were playing cricket in the street.	بچے سڑک پر کرکٹ کھیل رہے تھے۔	Urdu (Standard)	South Asia	SACOR_05
Train journeys offer scenic views.	ریل کے سفر مناظر کے نظارے پیش کرتے ہیں۔	Urdu (Standard)	South Asia	SACOR_06
Digital payments have made transactions faster.	ڈیجیٹل ادائیگیوں نے معاملات تیز کر دیے ہیں۔	Urdu (Standard)	South Asia	SACOR_08
Traditional music is important for our heritage.	روایتی موسیقی ہماری وراثت کے لیے اہم ہے۔	Urdu (Standard)	South Asia	SACOR_02
Online shopping has become popular.	آن لائن خریداری مقبول ہو گئی ہے۔	Urdu (Standard)	South Asia	SACOR_10
Parents sacrifice their own needs for children.	والدین بچوں کے لیے اپنی ضرورتیں قربان کرتے ہیں۔	Urdu (Standard)	South Asia	SACOR_06
Regular exercise helps maintain good health.	منظم ورزش اچھی صحت برقرار رکھنے میں مدد کرتی ہے۔	Urdu (Standard)	South Asia	SACOR_06
She cooked delicious biryani for the family.	اس نے خاندان کے لیے مزیدار بریانی پکائی۔	Urdu (Standard)	South Asia	SACOR_05
Elderly people share wisdom and stories.	بزرگ لوگ حکمت اور کہانیاں بانٹتے ہیں۔	Urdu (Standard)	South Asia	SACOR_10
The professor wrote equations on the blackboard.	پروفیسر نے تختے پر مساوات لکھیں۔	Urdu (Standard)	South Asia	SACOR_07
Spices add flavor to traditional dishes.	مصالحے روایتی کھانوں میں ذائقہ بڑھاتے ہیں۔	Urdu (Standard)	South Asia	SACOR_09
Storytelling preserves culture and knowledge.	کہانی سنانا ثقافت اور علم کو محفوظ رکھتا ہے۔	Urdu (Standard)	South Asia	SACOR_05
The market was crowded with people.	بازار لوگوں سے بھرا ہوا تھا۔	Urdu (Standard)	South Asia	SACOR_08
Farmers planted rice in the flooded fields.	کسانوں نے پانی والے کھیتوں میں چاول بوئے۔	Urdu (Standard)	South Asia	SACOR_03
Family members support each other during difficult times.	خاندان کے ممبر مشکل وقتوں میں ایک دوسرے کی مدد کرتے ہیں۔	Urdu (Standard)	South Asia	SACOR_08
The professor wrote equations on the blackboard.	پروفیسر نے تختے پر مساوات لکھیں۔	Urdu (Standard)	South Asia	SACOR_07
Tourism brings revenue to regions with historical sites.	سیاحت تاریخی مقامات والے علاقوں میں آمدنی لاتی ہے۔	Urdu (Standard)	South Asia	SACOR_01
The river flows peacefully through the valley.	دریا وادی میں پرامن طریقے سے بہتا ہے۔	Urdu (Standard)	South Asia	SACOR_05
Elderly people share wisdom and stories.	بزرگ لوگ حکمت اور کہانیاں بانٹتے ہیں۔	Urdu (Standard)	South Asia	SACOR_02
Smartphones have changed how people communicate.	اسمارٹ فونوں نے لوگوں کے رابطے کے طریقے کو تبدیل کر دیا ہے۔	Urdu (Standard)	South Asia	SACOR_03
The school organized a science fair.	اسکول نے سائنس میلہ منظم کیا۔	Urdu (Standard)	South Asia	SACOR_09
My grandmother told me stories.	میری دادی نے مجھے کہانیاں سنائیں۔	Urdu (Standard)	South Asia	SACOR_02
Farmers wake up early to tend to crops.	کسان فصلوں کی دیکھ بھال کے لیے جلدی اٹھتے ہیں۔	Urdu (Standard)	South Asia	SACOR_08
Agriculture remains the primary source of income.	زراعت آمدنی کا بنیادی ذریعہ رہتی ہے۔	Urdu (Standard)	South Asia	SACOR_08
The wedding ceremony lasted three days.	شادی کی تقریب تین دن تک چلی۔	Urdu (Standard)	South Asia	SACOR_02
After finishing his work, he sat down.	اپنا کام مکمل کرنے کے بعد، وہ بیٹھ گیا۔	Urdu (Standard)	South Asia	SACOR_08
Family members support each other during difficult times.	خاندان کے ممبر مشکل وقتوں میں ایک دوسرے کی مدد کرتے ہیں۔	Urdu (Standard)	South Asia	SACOR_02
Train journeys offer scenic views.	ریل کے سفر مناظر کے نظارے پیش کرتے ہیں۔	Urdu (Standard)	South Asia	SACOR_07
I woke up early this morning.	میں آج صبح جلدی اٹھا۔	Urdu (Standard)	South Asia	SACOR_10
Doctors work long hours to treat patients.	ڈاکٹر مریضوں کا علاج کرنے کے لیے لمبے گھنٹے کام کرتے ہیں۔	Urdu (Standard)	South Asia	SACOR_10
Storytelling preserves culture and knowledge.	کہانی سنانا ثقافت اور علم کو محفوظ رکھتا ہے۔	Urdu (Standard)	South Asia	SACOR_05
We decided to visit the old temple.	ہم نے پرانے مندر کا دورہ کرنے کا فیصلہ کیا۔	Urdu (Standard)	South Asia	SACOR_05
The bus arrived late.	بس دیر سے پہنچی۔	Urdu (Standard)	South Asia	SACOR_05
Clear communication prevents misunderstandings.	صاف رابطہ غلط فہمیوں کو روکتا ہے۔	Urdu (Standard)	South Asia	SACOR_03
People travel long distances to visit religious sites.	لوگ مذہبی مقامات دیکھنے کے لیے لمبی دوریاں طے کرتے ہیں۔	Urdu (Standard)	South Asia	SACOR_09
Birds were chirping in the trees.	پرندے درختوں میں چہچہا رہے تھے۔	Urdu (Standard)	South Asia	SACOR_04
Cricket is a popular sport.	کرکٹ ایک مقبول کھیل ہے۔	Urdu (Standard)	South Asia	SACOR_10
Pollution in cities has become a serious problem.	شہروں میں آلودگی ایک سنجیدہ مسئلہ بن گئی ہے۔	Urdu (Standard)	South Asia	SACOR_07
Digital payments have made transactions faster.	ڈیجیٹل ادائیگیوں نے معاملات تیز کر دیے ہیں۔	Urdu (Standard)	South Asia	SACOR_04
Respecting elders is an important value.	بزرگوں کا احترام ایک اہم قدر ہے۔	Urdu (Standard)	South Asia	SACOR_03
Children learn best when they are interested.	بچے بہترین سیکھتے ہیں جب وہ دلچسپی رکھتے ہیں۔	Urdu (Standard)	South Asia	SACOR_05
Traditional music is important for our heritage.	روایتی موسیقی ہماری وراثت کے لیے اہم ہے۔	Urdu (Standard)	South Asia	SACOR_08
Education opens doors to opportunities.	تعلیم مواقع کے دروازے کھولتی ہے۔	Urdu (Standard)	South Asia	SACOR_01
The forest is home to many wild animals.	جنگل بہت سے جنگلی جانوروں کا گھر ہے۔	Urdu (Standard)	South Asia	SACOR_01
Small businesses create employment opportunities.	چھوٹے کاروبار روزگار کے مواقع پیدا کرتے ہیں۔	Urdu (Standard)	South Asia	SACOR_05
Students gathered in the library.	طلباء لائبریری میں جمع ہوئے۔	Urdu (Standard)	South Asia	SACOR_03
She walked slowly through the garden.	وہ باغ میں آہستہ آہستہ چلی۔	Urdu (Standard)	South Asia	SACOR_10
Online shopping has become popular.	آن لائن خریداری مقبول ہو گئی ہے۔	Urdu (Standard)	South Asia	SACOR_06
Spices add flavor to traditional dishes.	مصالحے روایتی کھانوں میں ذائقہ بڑھاتے ہیں۔	Urdu (Standard)	South Asia	SACOR_06
She cooked delicious biryani for the family.	اس نے خاندان کے لیے مزیدار بریانی پکائی۔	Urdu (Standard)	South Asia	SACOR_05
The teacher explained the lesson patiently.	استاد نے صبر سے سبق سمجھایا۔	Urdu (Standard)	South Asia	SACOR_08
Learning a new language requires practice.	نئی زبان سیکھنے کے لیے مشق کی ضرورت ہے۔	Urdu (Standard)	South Asia	SACOR_02
The market was crowded with people.	بازار لوگوں سے بھرا ہوا تھا۔	Urdu (Standard)	South Asia	SACOR_03
Tea is served to guests as a gesture of hospitality.	مہمانوں کو مہمان نوازی کی نشانی کے طور پر چائے پیش کی جاتی ہے۔	Urdu (Standard)	South Asia	SACOR_01
Farmers planted rice in the flooded fields.	کسانوں نے پانی والے کھیتوں میں چاول بوئے۔	Urdu (Standard)	South Asia	SACOR_01
Regular exercise helps maintain good health.	منظم ورزش اچھی صحت برقرار رکھنے میں مدد کرتی ہے۔	Urdu (Standard)	South Asia	SACOR_08
The internet connects people across continents.	انٹرنیٹ براعظموں میں لوگوں کو جوڑتا ہے۔	Urdu (Standard)	South Asia	SACOR_04
Eating fresh fruits provides essential vitamins.	تازہ پھل کھانا ضروری وٹامن فراہم کرتا ہے۔	Urdu (Standard)	South Asia	SACOR_02
Teachers shape young minds.	استاد نوجوان ذہنوں کو شکل دیتے ہیں۔	Urdu (Standard)	South Asia	SACOR_07
People celebrate festivals with great joy.	لوگ بہت خوشی سے تہوار مناتے ہیں۔	Urdu (Standard)	South Asia	SACOR_09
Children were playing cricket in the street.	بچے سڑک پر کرکٹ کھیل رہے تھے۔	Urdu (Standard)	South Asia	SACOR_01
Parents sacrifice their own needs for children.	والدین بچوں کے لیے اپنی ضرورتیں قربان کرتے ہیں۔	Urdu (Standard)	South Asia	SACOR_09
Doctors recommend drinking plenty of water.	ڈاکٹر زیادہ پانی پینے کی صلاح دیتے ہیں۔	Urdu (Standard)	South Asia	SACOR_01
Sports teach teamwork and discipline.	کھیل ٹیم ورک اور نظم و ضبط سکھاتے ہیں۔	Urdu (Standard)	South Asia	SACOR_07
Reading books improves vocabulary.	کتابیں پڑھنا ذخیرہ الفاظ بہتر بناتا ہے۔	Urdu (Standard)	South Asia	SACOR_09
Handicrafts showcase artistic traditions.	دستی کاریاں فنکارانہ روایات دکھاتی ہیں۔	Urdu (Standard)	South Asia	SACOR_03
Cooking together brings family members closer.	مل کر کھانا پکانا خاندان کے ممبروں کو قریب لاتا ہے۔	Urdu (Standard)	South Asia	SACOR_05
She received a scholarship to study medicine.	اسے طب کی تعلیم کے لیے اسکالرشپ ملی۔	Urdu (Standard)	South Asia	SACOR_03
Eating fresh fruits provides essential vitamins.	تازہ پھل کھانا ضروری وٹامن فراہم کرتا ہے۔	Urdu (Standard)	South Asia	SACOR_04
Farmers planted rice in the flooded fields.	کسانوں نے پانی والے کھیتوں میں چاول بوئے۔	Urdu (Standard)	South Asia	SACOR_10
The wedding ceremony lasted three days.	شادی کی تقریب تین دن تک چلی۔	Urdu (Standard)	South Asia	SACOR_10
Farmers wake up early to tend to crops.	کسان فصلوں کی دیکھ بھال کے لیے جلدی اٹھتے ہیں۔	Urdu (Standard)	South Asia	SACOR_08
Smartphones have changed how people communicate.	اسمارٹ فونوں نے لوگوں کے رابطے کے طریقے کو تبدیل کر دیا ہے۔	Urdu (Standard)	South Asia	SACOR_08
Children were playing cricket in the street.	بچے سڑک پر کرکٹ کھیل رہے تھے۔	Urdu (Standard)	South Asia	SACOR_07
The river flows peacefully through the valley.	دریا وادی میں پرامن طریقے سے بہتا ہے۔	Urdu (Standard)	South Asia	SACOR_08
Sports teach teamwork and discipline.	کھیل ٹیم ورک اور نظم و ضبط سکھاتے ہیں۔	Urdu (Standard)	South Asia	SACOR_06
Digital payments have made transactions faster.	ڈیجیٹل ادائیگیوں نے معاملات تیز کر دیے ہیں۔	Urdu (Standard)	South Asia	SACOR_04
Online shopping has become popular.	آن لائن خریداری مقبول ہو گئی ہے۔	Urdu (Standard)	South Asia	SACOR_03
The forest is home to many wild animals.	جنگل بہت سے جنگلی جانوروں کا گھر ہے۔	Urdu (Standard)	South Asia	SACOR_10
My grandmother told me stories.	میری دادی نے مجھے کہانیاں سنائیں۔	Urdu (Standard)	South Asia	SACOR_10
Small businesses create employment opportunities.	چھوٹے کاروبار روزگار کے مواقع پیدا کرتے ہیں۔	Urdu (Standard)	South Asia	SACOR_10
The market was crowded with people.	بازار لوگوں سے بھرا ہوا تھا۔	Urdu (Standard)	South Asia	SACOR_09
She received a scholarship to study medicine.	اسے طب کی تعلیم کے لیے اسکالرشپ ملی۔	Urdu (Standard)	South Asia	SACOR_04
Handicrafts showcase artistic traditions.	دستی کاریاں فنکارانہ روایات دکھاتی ہیں۔	Urdu (Standard)	South Asia	SACOR_10
Doctors recommend drinking plenty of water.	ڈاکٹر زیادہ پانی پینے کی صلاح دیتے ہیں۔	Urdu (Standard)	South Asia	SACOR_02
Traditional music is important for our heritage.	روایتی موسیقی ہماری وراثت کے لیے اہم ہے۔	Urdu (Standard)	South Asia	SACOR_09
Regular exercise helps maintain good health.	منظم ورزش اچھی صحت برقرار رکھنے میں مدد کرتی ہے۔	Urdu (Standard)	South Asia	SACOR_08
Tourism brings revenue to regions with historical sites.	سیاحت تاریخی مقامات والے علاقوں میں آمدنی لاتی ہے۔	Urdu (Standard)	South Asia	SACOR_06
Children learn best when they are interested.	بچے بہترین سیکھتے ہیں جب وہ دلچسپی رکھتے ہیں۔	Urdu (Standard)	South Asia	SACOR_10
The internet connects people across continents.	انٹرنیٹ براعظموں میں لوگوں کو جوڑتا ہے۔	Urdu (Standard)	South Asia	SACOR_10
Agriculture remains the primary source of income.	زراعت آمدنی کا بنیادی ذریعہ رہتی ہے۔	Urdu (Standard)	South Asia	SACOR_01
Train journeys offer scenic views.	ریل کے سفر مناظر کے نظارے پیش کرتے ہیں۔	Urdu (Standard)	South Asia	SACOR_06
The teacher explained the lesson patiently.	استاد نے صبر سے سبق سمجھایا۔	Urdu (Standard)	South Asia	SACOR_09
Teachers shape young minds.	استاد نوجوان ذہنوں کو شکل دیتے ہیں۔	Urdu (Standard)	South Asia	SACOR_09
Pollution in cities has become a serious problem.	شہروں میں آلودگی ایک سنجیدہ مسئلہ بن گئی ہے۔	Urdu (Standard)	South Asia	SACOR_05
We decided to visit the old temple.	ہم نے پرانے مندر کا دورہ کرنے کا فیصلہ کیا۔	Urdu (Standard)	South Asia	SACOR_02
Clear communication prevents misunderstandings.	صاف رابطہ غلط فہمیوں کو روکتا ہے۔	Urdu (Standard)	South Asia	SACOR_10
Education opens doors to opportunities.	تعلیم مواقع کے دروازے کھولتی ہے۔	Urdu (Standard)	South Asia	SACOR_05
The professor wrote equations on the blackboard.	پروفیسر نے تختے پر مساوات لکھیں۔	Urdu (Standard)	South Asia	SACOR_09
People celebrate festivals with great joy.	لوگ بہت خوشی سے تہوار مناتے ہیں۔	Urdu (Standard)	South Asia	SACOR_03
She walked slowly through the garden.	وہ باغ میں آہستہ آہستہ چلی۔	Urdu (Standard)	South Asia	SACOR_05
Family members support each other during difficult times.	خاندان کے ممبر مشکل وقتوں میں ایک دوسرے کی مدد کرتے ہیں۔	Urdu (Standard)	South Asia	SACOR_07
She cooked delicious biryani for the family.	اس نے خاندان کے لیے مزیدار بریانی پکائی۔	Urdu (Standard)	South Asia	SACOR_05
The school organized a science fair.	اسکول نے سائنس میلہ منظم کیا۔	Urdu (Standard)	South Asia	SACOR_02
The bus arrived late.	بس دیر سے پہنچی۔	Urdu (Standard)	South Asia	SACOR_02
Reading books improves vocabulary.	کتابیں پڑھنا ذخیرہ الفاظ بہتر بناتا ہے۔	Urdu (Standard)	South Asia	SACOR_09
I woke up early this morning.	میں آج صبح جلدی اٹھا۔	Urdu (Standard)	South Asia	SACOR_09
After finishing his work, he sat down.	اپنا کام مکمل کرنے کے بعد، وہ بیٹھ گیا۔	Urdu (Standard)	South Asia	SACOR_01
Storytelling preserves culture and knowledge.	کہانی سنانا ثقافت اور علم کو محفوظ رکھتا ہے۔	Urdu (Standard)	South Asia	SACOR_04
Respecting elders is an important value.	بزرگوں کا احترام ایک اہم قدر ہے۔	Urdu (Standard)	South Asia	SACOR_05
Birds were chirping in the trees.	پرندے درختوں میں چہچہا رہے تھے۔	Urdu (Standard)	South Asia	SACOR_07
Parents sacrifice their own needs for children.	والدین بچوں کے لیے اپنی ضرورتیں قربان کرتے ہیں۔	Urdu (Standard)	South Asia	SACOR_08
Cricket is a popular sport.	کرکٹ ایک مقبول کھیل ہے۔	Urdu (Standard)	South Asia	SACOR_01
Tea is served to guests as a gesture of hospitality.	مہمانوں کو مہمان نوازی کی نشانی کے طور پر چائے پیش کی جاتی ہے۔	Urdu (Standard)	South Asia	SACOR_01
Doctors work long hours to treat patients.	ڈاکٹر مریضوں کا علاج کرنے کے لیے لمبے گھنٹے کام کرتے ہیں۔	Urdu (Standard)	South Asia	SACOR_07
Elderly people share wisdom and stories.	بزرگ لوگ حکمت اور کہانیاں بانٹتے ہیں۔	Urdu (Standard)	South Asia	SACOR_02
People travel long distances to visit religious sites.	لوگ مذہبی مقامات دیکھنے کے لیے لمبی دوریاں طے کرتے ہیں۔	Urdu (Standard)	South Asia	SACOR_07
Spices add flavor to traditional dishes.	مصالحے روایتی کھانوں میں ذائقہ بڑھاتے ہیں۔	Urdu (Standard)	South Asia	SACOR_10
Students gathered in the library.	طلباء لائبریری میں جمع ہوئے۔	Urdu (Standard)	South Asia	SACOR_04
Learning a new language requires practice.	نئی زبان سیکھنے کے لیے مشق کی ضرورت ہے۔	Urdu (Standard)	South Asia	SACOR_09
Cooking together brings family members closer.	مل کر کھانا پکانا خاندان کے ممبروں کو قریب لاتا ہے۔	Urdu (Standard)	South Asia	SACOR_05
Regular exercise helps maintain good health.	منظم ورزش اچھی صحت برقرار رکھنے میں مدد کرتی ہے۔	Urdu (Standard)	South Asia	SACOR_08
Cooking together brings family members closer.	مل کر کھانا پکانا خاندان کے ممبروں کو قریب لاتا ہے۔	Urdu (Standard)	South Asia	SACOR_04
Sports teach teamwork and discipline.	کھیل ٹیم ورک اور نظم و ضبط سکھاتے ہیں۔	Urdu (Standard)	South Asia	SACOR_09
Spices add flavor to traditional dishes.	مصالحے روایتی کھانوں میں ذائقہ بڑھاتے ہیں۔	Urdu (Standard)	South Asia	SACOR_02
The river flows peacefully through the valley.	دریا وادی میں پرامن طریقے سے بہتا ہے۔	Urdu (Standard)	South Asia	SACOR_01
Birds were chirping in the trees.	پرندے درختوں میں چہچہا رہے تھے۔	Urdu (Standard)	South Asia	SACOR_07
Small businesses create employment opportunities.	چھوٹے کاروبار روزگار کے مواقع پیدا کرتے ہیں۔	Urdu (Standard)	South Asia	SACOR_04
Traditional music is important for our heritage.	روایتی موسیقی ہماری وراثت کے لیے اہم ہے۔	Urdu (Standard)	South Asia	SACOR_08
I woke up early this morning.	میں آج صبح جلدی اٹھا۔	Urdu (Standard)	South Asia	SACOR_01
Clear communication prevents misunderstandings.	صاف رابطہ غلط فہمیوں کو روکتا ہے۔	Urdu (Standard)	South Asia	SACOR_08
Children learn best when they are interested.	بچے بہترین سیکھتے ہیں جب وہ دلچسپی رکھتے ہیں۔	Urdu (Standard)	South Asia	SACOR_03
Eating fresh fruits provides essential vitamins.	تازہ پھل کھانا ضروری وٹامن فراہم کرتا ہے۔	Urdu (Standard)	South Asia	SACOR_02
She walked slowly through the garden.	وہ باغ میں آہستہ آہستہ چلی۔	Urdu (Standard)	South Asia	SACOR_09
Handicrafts showcase artistic traditions.	دستی کاریاں فنکارانہ روایات دکھاتی ہیں۔	Urdu (Standard)	South Asia	SACOR_06
The school organized a science fair.	اسکول نے سائنس میلہ منظم کیا۔	Urdu (Standard)	South Asia	SACOR_01
Children were playing cricket in the street.	بچے سڑک پر کرکٹ کھیل رہے تھے۔	Urdu (Standard)	South Asia	SACOR_09
Agriculture remains the primary source of income.	زراعت آمدنی کا بنیادی ذریعہ رہتی ہے۔	Urdu (Standard)	South Asia	SACOR_03
Doctors recommend drinking plenty of water.	ڈاکٹر زیادہ پانی پینے کی صلاح دیتے ہیں۔	Urdu (Standard)	South Asia	SACOR_03
Tea is served to guests as a gesture of hospitality.	مہمانوں کو مہمان نوازی کی نشانی کے طور پر چائے پیش کی جاتی ہے۔	Urdu (Standard)	South Asia	SACOR_07
Doctors work long hours to treat patients.	ڈاکٹر مریضوں کا علاج کرنے کے لیے لمبے گھنٹے کام کرتے ہیں۔	Urdu (Standard)	South Asia	SACOR_02
Teachers shape young minds.	استاد نوجوان ذہنوں کو شکل دیتے ہیں۔	Urdu (Standard)	South Asia	SACOR_07
Smartphones have changed how people communicate.	اسمارٹ فونوں نے لوگوں کے رابطے کے طریقے کو تبدیل کر دیا ہے۔	Urdu (Standard)	South Asia	SACOR_04
People celebrate festivals with great joy.	لوگ بہت خوشی سے تہوار مناتے ہیں۔	Urdu (Standard)	South Asia	SACOR_05
Farmers wake up early to tend to crops.	کسان فصلوں کی دیکھ بھال کے لیے جلدی اٹھتے ہیں۔	Urdu (Standard)	South Asia	SACOR_01
Pollution in cities has become a serious problem.	شہروں میں آلودگی ایک سنجیدہ مسئلہ بن گئی ہے۔	Urdu (Standard)	South Asia	SACOR_06
Farmers planted rice in the flooded fields.	کسانوں نے پانی والے کھیتوں میں چاول بوئے۔	Urdu (Standard)	South Asia	SACOR_05
Students gathered in the library.	طلباء لائبریری میں جمع ہوئے۔	Urdu (Standard)	South Asia	SACOR_07
Digital payments have made transactions faster.	ڈیجیٹل ادائیگیوں نے معاملات تیز کر دیے ہیں۔	Urdu (Standard)	South Asia	SACOR_05
The market was crowded with people.	بازار لوگوں سے بھرا ہوا تھا۔	Urdu (Standard)	South Asia	SACOR_10
The bus arrived late.	بس دیر سے پہنچی۔	Urdu (Standard)	South Asia	SACOR_09
Parents sacrifice their own needs for children.	والدین بچوں کے لیے اپنی ضرورتیں قربان کرتے ہیں۔	Urdu (Standard)	South Asia	SACOR_06
Tourism brings revenue to regions with historical sites.	سیاحت تاریخی مقامات والے علاقوں میں آمدنی لاتی ہے۔	Urdu (Standard)	South Asia	SACOR_10
The wedding ceremony lasted three days.	شادی کی تقریب تین دن تک چلی۔	Urdu (Standard)	South Asia	SACOR_01
Online shopping has become popular.	آن لائن خریداری مقبول ہو گئی ہے۔	Urdu (Standard)	South Asia	SACOR_02
Cricket is a popular sport.	کرکٹ ایک مقبول کھیل ہے۔	Urdu (Standard)	South Asia	SACOR_08
Family members support each other during difficult times.	خاندان کے ممبر مشکل وقتوں میں ایک دوسرے کی مدد کرتے ہیں۔	Urdu (Standard)	South Asia	SACOR_06
People travel long distances to visit religious sites.	لوگ مذہبی مقامات دیکھنے کے لیے لمبی دوریاں طے کرتے ہیں۔	Urdu (Standard)	South Asia	SACOR_03
After finishing his work, he sat down.	اپنا کام مکمل کرنے کے بعد، وہ بیٹھ گیا۔	Urdu (Standard)	South Asia	SACOR_05
She cooked delicious biryani for the family.	اس نے خاندان کے لیے مزیدار بریانی پکائی۔	Urdu (Standard)	South Asia	SACOR_01
She received a scholarship to study medicine.	اسے طب کی تعلیم کے لیے اسکالرشپ ملی۔	Urdu (Standard)	South Asia	SACOR_01
Education opens doors to opportunities.	تعلیم مواقع کے دروازے کھولتی ہے۔	Urdu (Standard)	South Asia	SACOR_02
The professor wrote equations on the blackboard.	پروفیسر نے تختے پر مساوات لکھیں۔	Urdu (Standard)	South Asia	SACOR_08
Storytelling preserves culture and knowledge.	کہانی سنانا ثقافت اور علم کو محفوظ رکھتا ہے۔	Urdu (Standard)	South Asia	SACOR_06
